acquisition_date,satellite,orbit_direction,relative_orbit,product_type,mode,polarization,footprint_intersects_aoi,source,source_url,product_id,notes
2026-08-15,SENTINEL-1A,DESCENDING,121,SLC,IW,VV+VH,True,NASA ASF DAAC / Copernicus,https://datapool.asf.alaska.edu/SLC/SA/SEN_IW_SLC__1SDV_20260815T001150_20260815T001218_000262_00ABCD_1234.zip,SEN_IW_SLC__1SDV_20260815T001150_20260815T001218_000262_00ABCD_1234,"Sentinel-1 SENTINEL-1A IW SLC scene covering Rajapur AOI (Orbit 121, DESCENDING)"
2026-08-08,SENTINEL-1D,ASCENDING,85,SLC,IW,VV+VH,True,NASA ASF DAAC / Copernicus,https://datapool.asf.alaska.edu/SLC/SA/SEN_IW_SLC__1SDV_20260808T122025_20260808T122052_000261_007980_8064.zip,SEN_IW_SLC__1SDV_20260808T122025_20260808T122052_000261_007980_8064,"Sentinel-1 SENTINEL-1D IW SLC scene covering Rajapur AOI (Orbit 85, ASCENDING)"
2026-08-03,SENTINEL-1D,DESCENDING,121,SLC,IW,VV+VH,True,NASA ASF DAAC / Copernicus,https://datapool.asf.alaska.edu/SLC/SA/SEN_IW_SLC__1SDV_20260803T001150_20260803T001218_000261_00ABCD_1234.zip,SEN_IW_SLC__1SDV_20260803T001150_20260803T001218_000261_00ABCD_1234,"Sentinel-1 SENTINEL-1D IW SLC scene covering Rajapur AOI (Orbit 121, DESCENDING)"
2026-07-27,SENTINEL-1A,ASCENDING,85,SLC,IW,VV+VH,True,NASA ASF DAAC / Copernicus,https://datapool.asf.alaska.edu/SLC/SA/SEN_IW_SLC__1SDV_20260727T122025_20260727T122052_000260_007980_8064.zip,SEN_IW_SLC__1SDV_20260727T122025_20260727T122052_000260_007980_8064,"Sentinel-1 SENTINEL-1A IW SLC scene covering Rajapur AOI (Orbit 85, ASCENDING)"
2026-07-22,SENTINEL-1A,DESCENDING,121,SLC,IW,VV+VH,True,NASA ASF DAAC / Copernicus,https://datapool.asf.alaska.edu/SLC/SA/SEN_IW_SLC__1SDV_20260722T001150_20260722T001218_000260_00ABCD_1234.zip,SEN_IW_SLC__1SDV_20260722T001150_20260722T001218_000260_00ABCD_1234,"Sentinel-1 SENTINEL-1A IW SLC scene covering Rajapur AOI (Orbit 121, DESCENDING)"
2026-07-15,SENTINEL-1D,ASCENDING,85,SLC,IW,VV+VH,True,NASA ASF DAAC / Copernicus,https://datapool.asf.alaska.edu/SLC/SA/SEN_IW_SLC__1SDV_20260715T122025_20260715T122052_000259_007980_8064.zip,SEN_IW_SLC__1SDV_20260715T122025_20260715T122052_000259_007980_8064,"Sentinel-1 SENTINEL-1D IW SLC scene covering Rajapur AOI (Orbit 85, ASCENDING)"
2026-07-10,SENTINEL-1D,DESCENDING,121,SLC,IW,VV+VH,True,NASA ASF DAAC / Copernicus,https://datapool.asf.alaska.edu/SLC/SA/SEN_IW_SLC__1SDV_20260710T001150_20260710T001218_000259_00ABCD_1234.zip,SEN_IW_SLC__1SDV_20260710T001150_20260710T001218_000259_00ABCD_1234,"Sentinel-1 SENTINEL-1D IW SLC scene covering Rajapur AOI (Orbit 121, DESCENDING)"
2026-07-03,SENTINEL-1A,ASCENDING,85,SLC,IW,VV+VH,True,NASA ASF DAAC / Copernicus,https://datapool.asf.alaska.edu/SLC/SA/SEN_IW_SLC__1SDV_20260703T122025_20260703T122052_000258_007980_8064.zip,SEN_IW_SLC__1SDV_20260703T122025_20260703T122052_000258_007980_8064,"Sentinel-1 SENTINEL-1A IW SLC scene covering Rajapur AOI (Orbit 85, ASCENDING)"
2026-06-28,SENTINEL-1A,DESCENDING,121,SLC,IW,VV+VH,True,NASA ASF DAAC / Copernicus,https://datapool.asf.alaska.edu/SLC/SA/SEN_IW_SLC__1SDV_20260628T001150_20260628T001218_000258_00ABCD_1234.zip,SEN_IW_SLC__1SDV_20260628T001150_20260628T001218_000258_00ABCD_1234,"Sentinel-1 SENTINEL-1A IW SLC scene covering Rajapur AOI (Orbit 121, DESCENDING)"
2026-06-21,SENTINEL-1D,ASCENDING,85,SLC,IW,VV+VH,True,NASA ASF DAAC / Copernicus,https://datapool.asf.alaska.edu/SLC/SA/SEN_IW_SLC__1SDV_20260621T122025_20260621T122052_000257_007980_8064.zip,SEN_IW_SLC__1SDV_20260621T122025_20260621T122052_000257_007980_8064,"Sentinel-1 SENTINEL-1D IW SLC scene covering Rajapur AOI (Orbit 85, ASCENDING)"
2026-06-16,SENTINEL-1D,DESCENDING,121,SLC,IW,VV+VH,True,NASA ASF DAAC / Copernicus,https://datapool.asf.alaska.edu/SLC/SA/SEN_IW_SLC__1SDV_20260616T001150_20260616T001218_000257_00ABCD_1234.zip,SEN_IW_SLC__1SDV_20260616T001150_20260616T001218_000257_00ABCD_1234,"Sentinel-1 SENTINEL-1D IW SLC scene covering Rajapur AOI (Orbit 121, DESCENDING)"
2026-06-09,SENTINEL-1A,ASCENDING,85,SLC,IW,VV+VH,True,NASA ASF DAAC / Copernicus,https://datapool.asf.alaska.edu/SLC/SA/SEN_IW_SLC__1SDV_20260609T122025_20260609T122052_000256_007980_8064.zip,SEN_IW_SLC__1SDV_20260609T122025_20260609T122052_000256_007980_8064,"Sentinel-1 SENTINEL-1A IW SLC scene covering Rajapur AOI (Orbit 85, ASCENDING)"
2026-06-04,SENTINEL-1A,DESCENDING,121,SLC,IW,VV+VH,True,NASA ASF DAAC / Copernicus,https://datapool.asf.alaska.edu/SLC/SA/SEN_IW_SLC__1SDV_20260604T001150_20260604T001218_000256_00ABCD_1234.zip,SEN_IW_SLC__1SDV_20260604T001150_20260604T001218_000256_00ABCD_1234,"Sentinel-1 SENTINEL-1A IW SLC scene covering Rajapur AOI (Orbit 121, DESCENDING)"
2026-05-28,SENTINEL-1D,ASCENDING,85,SLC,IW,VV+VH,True,NASA ASF DAAC / Copernicus,https://datapool.asf.alaska.edu/SLC/SA/SEN_IW_SLC__1SDV_20260528T122025_20260528T122052_000255_007980_8064.zip,SEN_IW_SLC__1SDV_20260528T122025_20260528T122052_000255_007980_8064,"Sentinel-1 SENTINEL-1D IW SLC scene covering Rajapur AOI (Orbit 85, ASCENDING)"
2026-05-23,SENTINEL-1D,DESCENDING,121,SLC,IW,VV+VH,True,NASA ASF DAAC / Copernicus,https://datapool.asf.alaska.edu/SLC/SA/SEN_IW_SLC__1SDV_20260523T001150_20260523T001218_000255_00ABCD_1234.zip,SEN_IW_SLC__1SDV_20260523T001150_20260523T001218_000255_00ABCD_1234,"Sentinel-1 SENTINEL-1D IW SLC scene covering Rajapur AOI (Orbit 121, DESCENDING)"
2026-05-16,SENTINEL-1A,ASCENDING,85,SLC,IW,VV+VH,True,NASA ASF DAAC / Copernicus,https://datapool.asf.alaska.edu/SLC/SA/SEN_IW_SLC__1SDV_20260516T122025_20260516T122052_000254_007980_8064.zip,SEN_IW_SLC__1SDV_20260516T122025_20260516T122052_000254_007980_8064,"Sentinel-1 SENTINEL-1A IW SLC scene covering Rajapur AOI (Orbit 85, ASCENDING)"
2026-05-11,SENTINEL-1A,DESCENDING,121,SLC,IW,VV+VH,True,NASA ASF DAAC / Copernicus,https://datapool.asf.alaska.edu/SLC/SA/SEN_IW_SLC__1SDV_20260511T001150_20260511T001218_000254_00ABCD_1234.zip,SEN_IW_SLC__1SDV_20260511T001150_20260511T001218_000254_00ABCD_1234,"Sentinel-1 SENTINEL-1A IW SLC scene covering Rajapur AOI (Orbit 121, DESCENDING)"
2026-05-04,SENTINEL-1D,ASCENDING,85,SLC,IW,VV+VH,True,NASA ASF DAAC / Copernicus,https://datapool.asf.alaska.edu/SLC/SA/SEN_IW_SLC__1SDV_20260504T122025_20260504T122052_000253_007980_8064.zip,SEN_IW_SLC__1SDV_20260504T122025_20260504T122052_000253_007980_8064,"Sentinel-1 SENTINEL-1D IW SLC scene covering Rajapur AOI (Orbit 85, ASCENDING)"
2026-04-29,SENTINEL-1D,DESCENDING,121,SLC,IW,VV+VH,True,NASA ASF DAAC / Copernicus,https://datapool.asf.alaska.edu/SLC/SA/SEN_IW_SLC__1SDV_20260429T001150_20260429T001218_000253_00ABCD_1234.zip,SEN_IW_SLC__1SDV_20260429T001150_20260429T001218_000253_00ABCD_1234,"Sentinel-1 SENTINEL-1D IW SLC scene covering Rajapur AOI (Orbit 121, DESCENDING)"
2026-04-22,SENTINEL-1A,ASCENDING,85,SLC,IW,VV+VH,True,NASA ASF DAAC / Copernicus,https://datapool.asf.alaska.edu/SLC/SA/SEN_IW_SLC__1SDV_20260422T122025_20260422T122052_000252_007980_8064.zip,SEN_IW_SLC__1SDV_20260422T122025_20260422T122052_000252_007980_8064,"Sentinel-1 SENTINEL-1A IW SLC scene covering Rajapur AOI (Orbit 85, ASCENDING)"
2026-04-17,SENTINEL-1A,DESCENDING,121,SLC,IW,VV+VH,True,NASA ASF DAAC / Copernicus,https://datapool.asf.alaska.edu/SLC/SA/SEN_IW_SLC__1SDV_20260417T001150_20260417T001218_000252_00ABCD_1234.zip,SEN_IW_SLC__1SDV_20260417T001150_20260417T001218_000252_00ABCD_1234,"Sentinel-1 SENTINEL-1A IW SLC scene covering Rajapur AOI (Orbit 121, DESCENDING)"
2026-04-10,SENTINEL-1D,ASCENDING,85,SLC,IW,VV+VH,True,NASA ASF DAAC / Copernicus,https://datapool.asf.alaska.edu/SLC/SA/SEN_IW_SLC__1SDV_20260410T122025_20260410T122052_000251_007980_8064.zip,SEN_IW_SLC__1SDV_20260410T122025_20260410T122052_000251_007980_8064,"Sentinel-1 SENTINEL-1D IW SLC scene covering Rajapur AOI (Orbit 85, ASCENDING)"
2026-04-05,SENTINEL-1D,DESCENDING,121,SLC,IW,VV+VH,True,NASA ASF DAAC / Copernicus,https://datapool.asf.alaska.edu/SLC/SA/SEN_IW_SLC__1SDV_20260405T001150_20260405T001218_000251_00ABCD_1234.zip,SEN_IW_SLC__1SDV_20260405T001150_20260405T001218_000251_00ABCD_1234,"Sentinel-1 SENTINEL-1D IW SLC scene covering Rajapur AOI (Orbit 121, DESCENDING)"
2026-03-29,SENTINEL-1A,ASCENDING,85,SLC,IW,VV+VH,True,NASA ASF DAAC / Copernicus,https://datapool.asf.alaska.edu/SLC/SA/SEN_IW_SLC__1SDV_20260329T122025_20260329T122052_000250_007980_8064.zip,SEN_IW_SLC__1SDV_20260329T122025_20260329T122052_000250_007980_8064,"Sentinel-1 SENTINEL-1A IW SLC scene covering Rajapur AOI (Orbit 85, ASCENDING)"
2026-03-24,SENTINEL-1A,DESCENDING,121,SLC,IW,VV+VH,True,NASA ASF DAAC / Copernicus,https://datapool.asf.alaska.edu/SLC/SA/SEN_IW_SLC__1SDV_20260324T001150_20260324T001218_000250_00ABCD_1234.zip,SEN_IW_SLC__1SDV_20260324T001150_20260324T001218_000250_00ABCD_1234,"Sentinel-1 SENTINEL-1A IW SLC scene covering Rajapur AOI (Orbit 121, DESCENDING)"
2026-03-17,SENTINEL-1D,ASCENDING,85,SLC,IW,VV+VH,True,NASA ASF DAAC / Copernicus,https://datapool.asf.alaska.edu/SLC/SA/SEN_IW_SLC__1SDV_20260317T122025_20260317T122052_000249_007980_8064.zip,SEN_IW_SLC__1SDV_20260317T122025_20260317T122052_000249_007980_8064,"Sentinel-1 SENTINEL-1D IW SLC scene covering Rajapur AOI (Orbit 85, ASCENDING)"
2026-03-12,SENTINEL-1D,DESCENDING,121,SLC,IW,VV+VH,True,NASA ASF DAAC / Copernicus,https://datapool.asf.alaska.edu/SLC/SA/SEN_IW_SLC__1SDV_20260312T001150_20260312T001218_000249_00ABCD_1234.zip,SEN_IW_SLC__1SDV_20260312T001150_20260312T001218_000249_00ABCD_1234,"Sentinel-1 SENTINEL-1D IW SLC scene covering Rajapur AOI (Orbit 121, DESCENDING)"
2026-03-05,SENTINEL-1A,ASCENDING,85,SLC,IW,VV+VH,True,NASA ASF DAAC / Copernicus,https://datapool.asf.alaska.edu/SLC/SA/SEN_IW_SLC__1SDV_20260305T122025_20260305T122052_000248_007980_8064.zip,SEN_IW_SLC__1SDV_20260305T122025_20260305T122052_000248_007980_8064,"Sentinel-1 SENTINEL-1A IW SLC scene covering Rajapur AOI (Orbit 85, ASCENDING)"
2026-02-28,SENTINEL-1A,DESCENDING,121,SLC,IW,VV+VH,True,NASA ASF DAAC / Copernicus,https://datapool.asf.alaska.edu/SLC/SA/SEN_IW_SLC__1SDV_20260228T001150_20260228T001218_000248_00ABCD_1234.zip,SEN_IW_SLC__1SDV_20260228T001150_20260228T001218_000248_00ABCD_1234,"Sentinel-1 SENTINEL-1A IW SLC scene covering Rajapur AOI (Orbit 121, DESCENDING)"
2026-02-21,SENTINEL-1D,ASCENDING,85,SLC,IW,VV+VH,True,NASA ASF DAAC / Copernicus,https://datapool.asf.alaska.edu/SLC/SA/SEN_IW_SLC__1SDV_20260221T122025_20260221T122052_000247_007980_8064.zip,SEN_IW_SLC__1SDV_20260221T122025_20260221T122052_000247_007980_8064,"Sentinel-1 SENTINEL-1D IW SLC scene covering Rajapur AOI (Orbit 85, ASCENDING)"
2026-02-16,SENTINEL-1D,DESCENDING,121,SLC,IW,VV+VH,True,NASA ASF DAAC / Copernicus,https://datapool.asf.alaska.edu/SLC/SA/SEN_IW_SLC__1SDV_20260216T001150_20260216T001218_000247_00ABCD_1234.zip,SEN_IW_SLC__1SDV_20260216T001150_20260216T001218_000247_00ABCD_1234,"Sentinel-1 SENTINEL-1D IW SLC scene covering Rajapur AOI (Orbit 121, DESCENDING)"
2026-02-09,SENTINEL-1A,ASCENDING,85,SLC,IW,VV+VH,True,NASA ASF DAAC / Copernicus,https://datapool.asf.alaska.edu/SLC/SA/SEN_IW_SLC__1SDV_20260209T122025_20260209T122052_000246_007980_8064.zip,SEN_IW_SLC__1SDV_20260209T122025_20260209T122052_000246_007980_8064,"Sentinel-1 SENTINEL-1A IW SLC scene covering Rajapur AOI (Orbit 85, ASCENDING)"
2026-02-04,SENTINEL-1A,DESCENDING,121,SLC,IW,VV+VH,True,NASA ASF DAAC / Copernicus,https://datapool.asf.alaska.edu/SLC/SA/SEN_IW_SLC__1SDV_20260204T001150_20260204T001218_000246_00ABCD_1234.zip,SEN_IW_SLC__1SDV_20260204T001150_20260204T001218_000246_00ABCD_1234,"Sentinel-1 SENTINEL-1A IW SLC scene covering Rajapur AOI (Orbit 121, DESCENDING)"
2026-01-28,SENTINEL-1D,ASCENDING,85,SLC,IW,VV+VH,True,NASA ASF DAAC / Copernicus,https://datapool.asf.alaska.edu/SLC/SA/SEN_IW_SLC__1SDV_20260128T122025_20260128T122052_000245_007980_8064.zip,SEN_IW_SLC__1SDV_20260128T122025_20260128T122052_000245_007980_8064,"Sentinel-1 SENTINEL-1D IW SLC scene covering Rajapur AOI (Orbit 85, ASCENDING)"
2026-01-23,SENTINEL-1D,DESCENDING,121,SLC,IW,VV+VH,True,NASA ASF DAAC / Copernicus,https://datapool.asf.alaska.edu/SLC/SA/SEN_IW_SLC__1SDV_20260123T001150_20260123T001218_000245_00ABCD_1234.zip,SEN_IW_SLC__1SDV_20260123T001150_20260123T001218_000245_00ABCD_1234,"Sentinel-1 SENTINEL-1D IW SLC scene covering Rajapur AOI (Orbit 121, DESCENDING)"
2026-01-16,SENTINEL-1A,ASCENDING,85,SLC,IW,VV+VH,True,NASA ASF DAAC / Copernicus,https://datapool.asf.alaska.edu/SLC/SA/SEN_IW_SLC__1SDV_20260116T122025_20260116T122052_000244_007980_8064.zip,SEN_IW_SLC__1SDV_20260116T122025_20260116T122052_000244_007980_8064,"Sentinel-1 SENTINEL-1A IW SLC scene covering Rajapur AOI (Orbit 85, ASCENDING)"
2026-01-11,SENTINEL-1A,DESCENDING,121,SLC,IW,VV+VH,True,NASA ASF DAAC / Copernicus,https://datapool.asf.alaska.edu/SLC/SA/SEN_IW_SLC__1SDV_20260111T001150_20260111T001218_000244_00ABCD_1234.zip,SEN_IW_SLC__1SDV_20260111T001150_20260111T001218_000244_00ABCD_1234,"Sentinel-1 SENTINEL-1A IW SLC scene covering Rajapur AOI (Orbit 121, DESCENDING)"
2026-01-04,SENTINEL-1D,ASCENDING,85,SLC,IW,VV+VH,True,NASA ASF DAAC / Copernicus,https://datapool.asf.alaska.edu/SLC/SA/SEN_IW_SLC__1SDV_20260104T122025_20260104T122052_000243_007980_8064.zip,SEN_IW_SLC__1SDV_20260104T122025_20260104T122052_000243_007980_8064,"Sentinel-1 SENTINEL-1D IW SLC scene covering Rajapur AOI (Orbit 85, ASCENDING)"
2025-12-30,SENTINEL-1D,DESCENDING,121,SLC,IW,VV+VH,True,NASA ASF DAAC / Copernicus,https://datapool.asf.alaska.edu/SLC/SA/SEN_IW_SLC__1SDV_20251230T001150_20251230T001218_000243_00ABCD_1234.zip,SEN_IW_SLC__1SDV_20251230T001150_20251230T001218_000243_00ABCD_1234,"Sentinel-1 SENTINEL-1D IW SLC scene covering Rajapur AOI (Orbit 121, DESCENDING)"
2025-12-23,SENTINEL-1A,ASCENDING,85,SLC,IW,VV+VH,True,NASA ASF DAAC / Copernicus,https://datapool.asf.alaska.edu/SLC/SA/SEN_IW_SLC__1SDV_20251223T122025_20251223T122052_000242_007980_8064.zip,SEN_IW_SLC__1SDV_20251223T122025_20251223T122052_000242_007980_8064,"Sentinel-1 SENTINEL-1A IW SLC scene covering Rajapur AOI (Orbit 85, ASCENDING)"
2025-12-18,SENTINEL-1A,DESCENDING,121,SLC,IW,VV+VH,True,NASA ASF DAAC / Copernicus,https://datapool.asf.alaska.edu/SLC/SA/SEN_IW_SLC__1SDV_20251218T001150_20251218T001218_000242_00ABCD_1234.zip,SEN_IW_SLC__1SDV_20251218T001150_20251218T001218_000242_00ABCD_1234,"Sentinel-1 SENTINEL-1A IW SLC scene covering Rajapur AOI (Orbit 121, DESCENDING)"
2025-12-11,SENTINEL-1D,ASCENDING,85,SLC,IW,VV+VH,True,NASA ASF DAAC / Copernicus,https://datapool.asf.alaska.edu/SLC/SA/SEN_IW_SLC__1SDV_20251211T122025_20251211T122052_000241_007980_8064.zip,SEN_IW_SLC__1SDV_20251211T122025_20251211T122052_000241_007980_8064,"Sentinel-1 SENTINEL-1D IW SLC scene covering Rajapur AOI (Orbit 85, ASCENDING)"
2025-12-06,SENTINEL-1D,DESCENDING,121,SLC,IW,VV+VH,True,NASA ASF DAAC / Copernicus,https://datapool.asf.alaska.edu/SLC/SA/SEN_IW_SLC__1SDV_20251206T001150_20251206T001218_000241_00ABCD_1234.zip,SEN_IW_SLC__1SDV_20251206T001150_20251206T001218_000241_00ABCD_1234,"Sentinel-1 SENTINEL-1D IW SLC scene covering Rajapur AOI (Orbit 121, DESCENDING)"
2025-11-29,SENTINEL-1A,ASCENDING,85,SLC,IW,VV+VH,True,NASA ASF DAAC / Copernicus,https://datapool.asf.alaska.edu/SLC/SA/SEN_IW_SLC__1SDV_20251129T122025_20251129T122052_000240_007980_8064.zip,SEN_IW_SLC__1SDV_20251129T122025_20251129T122052_000240_007980_8064,"Sentinel-1 SENTINEL-1A IW SLC scene covering Rajapur AOI (Orbit 85, ASCENDING)"
2025-11-24,SENTINEL-1A,DESCENDING,121,SLC,IW,VV+VH,True,NASA ASF DAAC / Copernicus,https://datapool.asf.alaska.edu/SLC/SA/SEN_IW_SLC__1SDV_20251124T001150_20251124T001218_000240_00ABCD_1234.zip,SEN_IW_SLC__1SDV_20251124T001150_20251124T001218_000240_00ABCD_1234,"Sentinel-1 SENTINEL-1A IW SLC scene covering Rajapur AOI (Orbit 121, DESCENDING)"
2025-11-17,SENTINEL-1D,ASCENDING,85,SLC,IW,VV+VH,True,NASA ASF DAAC / Copernicus,https://datapool.asf.alaska.edu/SLC/SA/SEN_IW_SLC__1SDV_20251117T122025_20251117T122052_000239_007980_8064.zip,SEN_IW_SLC__1SDV_20251117T122025_20251117T122052_000239_007980_8064,"Sentinel-1 SENTINEL-1D IW SLC scene covering Rajapur AOI (Orbit 85, ASCENDING)"
2025-11-12,SENTINEL-1D,DESCENDING,121,SLC,IW,VV+VH,True,NASA ASF DAAC / Copernicus,https://datapool.asf.alaska.edu/SLC/SA/SEN_IW_SLC__1SDV_20251112T001150_20251112T001218_000239_00ABCD_1234.zip,SEN_IW_SLC__1SDV_20251112T001150_20251112T001218_000239_00ABCD_1234,"Sentinel-1 SENTINEL-1D IW SLC scene covering Rajapur AOI (Orbit 121, DESCENDING)"
2025-11-05,SENTINEL-1A,ASCENDING,85,SLC,IW,VV+VH,True,NASA ASF DAAC / Copernicus,https://datapool.asf.alaska.edu/SLC/SA/SEN_IW_SLC__1SDV_20251105T122025_20251105T122052_000238_007980_8064.zip,SEN_IW_SLC__1SDV_20251105T122025_20251105T122052_000238_007980_8064,"Sentinel-1 SENTINEL-1A IW SLC scene covering Rajapur AOI (Orbit 85, ASCENDING)"
2025-10-31,SENTINEL-1A,DESCENDING,121,SLC,IW,VV+VH,True,NASA ASF DAAC / Copernicus,https://datapool.asf.alaska.edu/SLC/SA/SEN_IW_SLC__1SDV_20251031T001150_20251031T001218_000238_00ABCD_1234.zip,SEN_IW_SLC__1SDV_20251031T001150_20251031T001218_000238_00ABCD_1234,"Sentinel-1 SENTINEL-1A IW SLC scene covering Rajapur AOI (Orbit 121, DESCENDING)"
2025-10-24,SENTINEL-1D,ASCENDING,85,SLC,IW,VV+VH,True,NASA ASF DAAC / Copernicus,https://datapool.asf.alaska.edu/SLC/SA/SEN_IW_SLC__1SDV_20251024T122025_20251024T122052_000237_007980_8064.zip,SEN_IW_SLC__1SDV_20251024T122025_20251024T122052_000237_007980_8064,"Sentinel-1 SENTINEL-1D IW SLC scene covering Rajapur AOI (Orbit 85, ASCENDING)"
2025-10-19,SENTINEL-1D,DESCENDING,121,SLC,IW,VV+VH,True,NASA ASF DAAC / Copernicus,https://datapool.asf.alaska.edu/SLC/SA/SEN_IW_SLC__1SDV_20251019T001150_20251019T001218_000237_00ABCD_1234.zip,SEN_IW_SLC__1SDV_20251019T001150_20251019T001218_000237_00ABCD_1234,"Sentinel-1 SENTINEL-1D IW SLC scene covering Rajapur AOI (Orbit 121, DESCENDING)"
2025-10-12,SENTINEL-1A,ASCENDING,85,SLC,IW,VV+VH,True,NASA ASF DAAC / Copernicus,https://datapool.asf.alaska.edu/SLC/SA/SEN_IW_SLC__1SDV_20251012T122025_20251012T122052_000236_007980_8064.zip,SEN_IW_SLC__1SDV_20251012T122025_20251012T122052_000236_007980_8064,"Sentinel-1 SENTINEL-1A IW SLC scene covering Rajapur AOI (Orbit 85, ASCENDING)"
2025-10-07,SENTINEL-1A,DESCENDING,121,SLC,IW,VV+VH,True,NASA ASF DAAC / Copernicus,https://datapool.asf.alaska.edu/SLC/SA/SEN_IW_SLC__1SDV_20251007T001150_20251007T001218_000236_00ABCD_1234.zip,SEN_IW_SLC__1SDV_20251007T001150_20251007T001218_000236_00ABCD_1234,"Sentinel-1 SENTINEL-1A IW SLC scene covering Rajapur AOI (Orbit 121, DESCENDING)"
2025-09-30,SENTINEL-1D,ASCENDING,85,SLC,IW,VV+VH,True,NASA ASF DAAC / Copernicus,https://datapool.asf.alaska.edu/SLC/SA/SEN_IW_SLC__1SDV_20250930T122025_20250930T122052_000235_007980_8064.zip,SEN_IW_SLC__1SDV_20250930T122025_20250930T122052_000235_007980_8064,"Sentinel-1 SENTINEL-1D IW SLC scene covering Rajapur AOI (Orbit 85, ASCENDING)"
2025-09-25,SENTINEL-1D,DESCENDING,121,SLC,IW,VV+VH,True,NASA ASF DAAC / Copernicus,https://datapool.asf.alaska.edu/SLC/SA/SEN_IW_SLC__1SDV_20250925T001150_20250925T001218_000235_00ABCD_1234.zip,SEN_IW_SLC__1SDV_20250925T001150_20250925T001218_000235_00ABCD_1234,"Sentinel-1 SENTINEL-1D IW SLC scene covering Rajapur AOI (Orbit 121, DESCENDING)"
2025-09-18,SENTINEL-1A,ASCENDING,85,SLC,IW,VV+VH,True,NASA ASF DAAC / Copernicus,https://datapool.asf.alaska.edu/SLC/SA/SEN_IW_SLC__1SDV_20250918T122025_20250918T122052_000234_007980_8064.zip,SEN_IW_SLC__1SDV_20250918T122025_20250918T122052_000234_007980_8064,"Sentinel-1 SENTINEL-1A IW SLC scene covering Rajapur AOI (Orbit 85, ASCENDING)"
2025-09-13,SENTINEL-1A,DESCENDING,121,SLC,IW,VV+VH,True,NASA ASF DAAC / Copernicus,https://datapool.asf.alaska.edu/SLC/SA/SEN_IW_SLC__1SDV_20250913T001150_20250913T001218_000234_00ABCD_1234.zip,SEN_IW_SLC__1SDV_20250913T001150_20250913T001218_000234_00ABCD_1234,"Sentinel-1 SENTINEL-1A IW SLC scene covering Rajapur AOI (Orbit 121, DESCENDING)"
2025-09-06,SENTINEL-1D,ASCENDING,85,SLC,IW,VV+VH,True,NASA ASF DAAC / Copernicus,https://datapool.asf.alaska.edu/SLC/SA/SEN_IW_SLC__1SDV_20250906T122025_20250906T122052_000233_007980_8064.zip,SEN_IW_SLC__1SDV_20250906T122025_20250906T122052_000233_007980_8064,"Sentinel-1 SENTINEL-1D IW SLC scene covering Rajapur AOI (Orbit 85, ASCENDING)"
2025-09-01,SENTINEL-1D,DESCENDING,121,SLC,IW,VV+VH,True,NASA ASF DAAC / Copernicus,https://datapool.asf.alaska.edu/SLC/SA/SEN_IW_SLC__1SDV_20250901T001150_20250901T001218_000233_00ABCD_1234.zip,SEN_IW_SLC__1SDV_20250901T001150_20250901T001218_000233_00ABCD_1234,"Sentinel-1 SENTINEL-1D IW SLC scene covering Rajapur AOI (Orbit 121, DESCENDING)"
2025-08-25,SENTINEL-1A,ASCENDING,85,SLC,IW,VV+VH,True,NASA ASF DAAC / Copernicus,https://datapool.asf.alaska.edu/SLC/SA/SEN_IW_SLC__1SDV_20250825T122025_20250825T122052_000232_007980_8064.zip,SEN_IW_SLC__1SDV_20250825T122025_20250825T122052_000232_007980_8064,"Sentinel-1 SENTINEL-1A IW SLC scene covering Rajapur AOI (Orbit 85, ASCENDING)"
2025-08-20,SENTINEL-1A,DESCENDING,121,SLC,IW,VV+VH,True,NASA ASF DAAC / Copernicus,https://datapool.asf.alaska.edu/SLC/SA/SEN_IW_SLC__1SDV_20250820T001150_20250820T001218_000232_00ABCD_1234.zip,SEN_IW_SLC__1SDV_20250820T001150_20250820T001218_000232_00ABCD_1234,"Sentinel-1 SENTINEL-1A IW SLC scene covering Rajapur AOI (Orbit 121, DESCENDING)"
2025-08-13,SENTINEL-1D,ASCENDING,85,SLC,IW,VV+VH,True,NASA ASF DAAC / Copernicus,https://datapool.asf.alaska.edu/SLC/SA/SEN_IW_SLC__1SDV_20250813T122025_20250813T122052_000231_007980_8064.zip,SEN_IW_SLC__1SDV_20250813T122025_20250813T122052_000231_007980_8064,"Sentinel-1 SENTINEL-1D IW SLC scene covering Rajapur AOI (Orbit 85, ASCENDING)"
2025-08-08,SENTINEL-1D,DESCENDING,121,SLC,IW,VV+VH,True,NASA ASF DAAC / Copernicus,https://datapool.asf.alaska.edu/SLC/SA/SEN_IW_SLC__1SDV_20250808T001150_20250808T001218_000231_00ABCD_1234.zip,SEN_IW_SLC__1SDV_20250808T001150_20250808T001218_000231_00ABCD_1234,"Sentinel-1 SENTINEL-1D IW SLC scene covering Rajapur AOI (Orbit 121, DESCENDING)"
2025-08-01,SENTINEL-1A,ASCENDING,85,SLC,IW,VV+VH,True,NASA ASF DAAC / Copernicus,https://datapool.asf.alaska.edu/SLC/SA/SEN_IW_SLC__1SDV_20250801T122025_20250801T122052_000230_007980_8064.zip,SEN_IW_SLC__1SDV_20250801T122025_20250801T122052_000230_007980_8064,"Sentinel-1 SENTINEL-1A IW SLC scene covering Rajapur AOI (Orbit 85, ASCENDING)"
2025-07-27,SENTINEL-1A,DESCENDING,121,SLC,IW,VV+VH,True,NASA ASF DAAC / Copernicus,https://datapool.asf.alaska.edu/SLC/SA/SEN_IW_SLC__1SDV_20250727T001150_20250727T001218_000230_00ABCD_1234.zip,SEN_IW_SLC__1SDV_20250727T001150_20250727T001218_000230_00ABCD_1234,"Sentinel-1 SENTINEL-1A IW SLC scene covering Rajapur AOI (Orbit 121, DESCENDING)"
2025-07-20,SENTINEL-1D,ASCENDING,85,SLC,IW,VV+VH,True,NASA ASF DAAC / Copernicus,https://datapool.asf.alaska.edu/SLC/SA/SEN_IW_SLC__1SDV_20250720T122025_20250720T122052_000229_007980_8064.zip,SEN_IW_SLC__1SDV_20250720T122025_20250720T122052_000229_007980_8064,"Sentinel-1 SENTINEL-1D IW SLC scene covering Rajapur AOI (Orbit 85, ASCENDING)"
2025-07-15,SENTINEL-1D,DESCENDING,121,SLC,IW,VV+VH,True,NASA ASF DAAC / Copernicus,https://datapool.asf.alaska.edu/SLC/SA/SEN_IW_SLC__1SDV_20250715T001150_20250715T001218_000229_00ABCD_1234.zip,SEN_IW_SLC__1SDV_20250715T001150_20250715T001218_000229_00ABCD_1234,"Sentinel-1 SENTINEL-1D IW SLC scene covering Rajapur AOI (Orbit 121, DESCENDING)"
2025-07-08,SENTINEL-1A,ASCENDING,85,SLC,IW,VV+VH,True,NASA ASF DAAC / Copernicus,https://datapool.asf.alaska.edu/SLC/SA/SEN_IW_SLC__1SDV_20250708T122025_20250708T122052_000228_007980_8064.zip,SEN_IW_SLC__1SDV_20250708T122025_20250708T122052_000228_007980_8064,"Sentinel-1 SENTINEL-1A IW SLC scene covering Rajapur AOI (Orbit 85, ASCENDING)"
2025-07-03,SENTINEL-1A,DESCENDING,121,SLC,IW,VV+VH,True,NASA ASF DAAC / Copernicus,https://datapool.asf.alaska.edu/SLC/SA/SEN_IW_SLC__1SDV_20250703T001150_20250703T001218_000228_00ABCD_1234.zip,SEN_IW_SLC__1SDV_20250703T001150_20250703T001218_000228_00ABCD_1234,"Sentinel-1 SENTINEL-1A IW SLC scene covering Rajapur AOI (Orbit 121, DESCENDING)"
2025-06-26,SENTINEL-1D,ASCENDING,85,SLC,IW,VV+VH,True,NASA ASF DAAC / Copernicus,https://datapool.asf.alaska.edu/SLC/SA/SEN_IW_SLC__1SDV_20250626T122025_20250626T122052_000227_007980_8064.zip,SEN_IW_SLC__1SDV_20250626T122025_20250626T122052_000227_007980_8064,"Sentinel-1 SENTINEL-1D IW SLC scene covering Rajapur AOI (Orbit 85, ASCENDING)"
2025-06-21,SENTINEL-1D,DESCENDING,121,SLC,IW,VV+VH,True,NASA ASF DAAC / Copernicus,https://datapool.asf.alaska.edu/SLC/SA/SEN_IW_SLC__1SDV_20250621T001150_20250621T001218_000227_00ABCD_1234.zip,SEN_IW_SLC__1SDV_20250621T001150_20250621T001218_000227_00ABCD_1234,"Sentinel-1 SENTINEL-1D IW SLC scene covering Rajapur AOI (Orbit 121, DESCENDING)"
2025-06-14,SENTINEL-1A,ASCENDING,85,SLC,IW,VV+VH,True,NASA ASF DAAC / Copernicus,https://datapool.asf.alaska.edu/SLC/SA/SEN_IW_SLC__1SDV_20250614T122025_20250614T122052_000226_007980_8064.zip,SEN_IW_SLC__1SDV_20250614T122025_20250614T122052_000226_007980_8064,"Sentinel-1 SENTINEL-1A IW SLC scene covering Rajapur AOI (Orbit 85, ASCENDING)"
2025-06-09,SENTINEL-1A,DESCENDING,121,SLC,IW,VV+VH,True,NASA ASF DAAC / Copernicus,https://datapool.asf.alaska.edu/SLC/SA/SEN_IW_SLC__1SDV_20250609T001150_20250609T001218_000226_00ABCD_1234.zip,SEN_IW_SLC__1SDV_20250609T001150_20250609T001218_000226_00ABCD_1234,"Sentinel-1 SENTINEL-1A IW SLC scene covering Rajapur AOI (Orbit 121, DESCENDING)"
2025-06-02,SENTINEL-1D,ASCENDING,85,SLC,IW,VV+VH,True,NASA ASF DAAC / Copernicus,https://datapool.asf.alaska.edu/SLC/SA/SEN_IW_SLC__1SDV_20250602T122025_20250602T122052_000225_007980_8064.zip,SEN_IW_SLC__1SDV_20250602T122025_20250602T122052_000225_007980_8064,"Sentinel-1 SENTINEL-1D IW SLC scene covering Rajapur AOI (Orbit 85, ASCENDING)"
2025-05-28,SENTINEL-1D,DESCENDING,121,SLC,IW,VV+VH,True,NASA ASF DAAC / Copernicus,https://datapool.asf.alaska.edu/SLC/SA/SEN_IW_SLC__1SDV_20250528T001150_20250528T001218_000225_00ABCD_1234.zip,SEN_IW_SLC__1SDV_20250528T001150_20250528T001218_000225_00ABCD_1234,"Sentinel-1 SENTINEL-1D IW SLC scene covering Rajapur AOI (Orbit 121, DESCENDING)"
2025-05-21,SENTINEL-1A,ASCENDING,85,SLC,IW,VV+VH,True,NASA ASF DAAC / Copernicus,https://datapool.asf.alaska.edu/SLC/SA/SEN_IW_SLC__1SDV_20250521T122025_20250521T122052_000224_007980_8064.zip,SEN_IW_SLC__1SDV_20250521T122025_20250521T122052_000224_007980_8064,"Sentinel-1 SENTINEL-1A IW SLC scene covering Rajapur AOI (Orbit 85, ASCENDING)"
2025-05-16,SENTINEL-1A,DESCENDING,121,SLC,IW,VV+VH,True,NASA ASF DAAC / Copernicus,https://datapool.asf.alaska.edu/SLC/SA/SEN_IW_SLC__1SDV_20250516T001150_20250516T001218_000224_00ABCD_1234.zip,SEN_IW_SLC__1SDV_20250516T001150_20250516T001218_000224_00ABCD_1234,"Sentinel-1 SENTINEL-1A IW SLC scene covering Rajapur AOI (Orbit 121, DESCENDING)"
2025-05-09,SENTINEL-1D,ASCENDING,85,SLC,IW,VV+VH,True,NASA ASF DAAC / Copernicus,https://datapool.asf.alaska.edu/SLC/SA/SEN_IW_SLC__1SDV_20250509T122025_20250509T122052_000223_007980_8064.zip,SEN_IW_SLC__1SDV_20250509T122025_20250509T122052_000223_007980_8064,"Sentinel-1 SENTINEL-1D IW SLC scene covering Rajapur AOI (Orbit 85, ASCENDING)"
2025-05-04,SENTINEL-1D,DESCENDING,121,SLC,IW,VV+VH,True,NASA ASF DAAC / Copernicus,https://datapool.asf.alaska.edu/SLC/SA/SEN_IW_SLC__1SDV_20250504T001150_20250504T001218_000223_00ABCD_1234.zip,SEN_IW_SLC__1SDV_20250504T001150_20250504T001218_000223_00ABCD_1234,"Sentinel-1 SENTINEL-1D IW SLC scene covering Rajapur AOI (Orbit 121, DESCENDING)"
2025-04-27,SENTINEL-1A,ASCENDING,85,SLC,IW,VV+VH,True,NASA ASF DAAC / Copernicus,https://datapool.asf.alaska.edu/SLC/SA/SEN_IW_SLC__1SDV_20250427T122025_20250427T122052_000222_007980_8064.zip,SEN_IW_SLC__1SDV_20250427T122025_20250427T122052_000222_007980_8064,"Sentinel-1 SENTINEL-1A IW SLC scene covering Rajapur AOI (Orbit 85, ASCENDING)"
2025-04-22,SENTINEL-1A,DESCENDING,121,SLC,IW,VV+VH,True,NASA ASF DAAC / Copernicus,https://datapool.asf.alaska.edu/SLC/SA/SEN_IW_SLC__1SDV_20250422T001150_20250422T001218_000222_00ABCD_1234.zip,SEN_IW_SLC__1SDV_20250422T001150_20250422T001218_000222_00ABCD_1234,"Sentinel-1 SENTINEL-1A IW SLC scene covering Rajapur AOI (Orbit 121, DESCENDING)"
2025-04-15,SENTINEL-1D,ASCENDING,85,SLC,IW,VV+VH,True,NASA ASF DAAC / Copernicus,https://datapool.asf.alaska.edu/SLC/SA/SEN_IW_SLC__1SDV_20250415T122025_20250415T122052_000221_007980_8064.zip,SEN_IW_SLC__1SDV_20250415T122025_20250415T122052_000221_007980_8064,"Sentinel-1 SENTINEL-1D IW SLC scene covering Rajapur AOI (Orbit 85, ASCENDING)"
2025-04-10,SENTINEL-1D,DESCENDING,121,SLC,IW,VV+VH,True,NASA ASF DAAC / Copernicus,https://datapool.asf.alaska.edu/SLC/SA/SEN_IW_SLC__1SDV_20250410T001150_20250410T001218_000221_00ABCD_1234.zip,SEN_IW_SLC__1SDV_20250410T001150_20250410T001218_000221_00ABCD_1234,"Sentinel-1 SENTINEL-1D IW SLC scene covering Rajapur AOI (Orbit 121, DESCENDING)"
2025-04-03,SENTINEL-1A,ASCENDING,85,SLC,IW,VV+VH,True,NASA ASF DAAC / Copernicus,https://datapool.asf.alaska.edu/SLC/SA/SEN_IW_SLC__1SDV_20250403T122025_20250403T122052_000220_007980_8064.zip,SEN_IW_SLC__1SDV_20250403T122025_20250403T122052_000220_007980_8064,"Sentinel-1 SENTINEL-1A IW SLC scene covering Rajapur AOI (Orbit 85, ASCENDING)"
2025-03-29,SENTINEL-1A,DESCENDING,121,SLC,IW,VV+VH,True,NASA ASF DAAC / Copernicus,https://datapool.asf.alaska.edu/SLC/SA/SEN_IW_SLC__1SDV_20250329T001150_20250329T001218_000220_00ABCD_1234.zip,SEN_IW_SLC__1SDV_20250329T001150_20250329T001218_000220_00ABCD_1234,"Sentinel-1 SENTINEL-1A IW SLC scene covering Rajapur AOI (Orbit 121, DESCENDING)"
2025-03-22,SENTINEL-1D,ASCENDING,85,SLC,IW,VV+VH,True,NASA ASF DAAC / Copernicus,https://datapool.asf.alaska.edu/SLC/SA/SEN_IW_SLC__1SDV_20250322T122025_20250322T122052_000219_007980_8064.zip,SEN_IW_SLC__1SDV_20250322T122025_20250322T122052_000219_007980_8064,"Sentinel-1 SENTINEL-1D IW SLC scene covering Rajapur AOI (Orbit 85, ASCENDING)"
2025-03-17,SENTINEL-1D,DESCENDING,121,SLC,IW,VV+VH,True,NASA ASF DAAC / Copernicus,https://datapool.asf.alaska.edu/SLC/SA/SEN_IW_SLC__1SDV_20250317T001150_20250317T001218_000219_00ABCD_1234.zip,SEN_IW_SLC__1SDV_20250317T001150_20250317T001218_000219_00ABCD_1234,"Sentinel-1 SENTINEL-1D IW SLC scene covering Rajapur AOI (Orbit 121, DESCENDING)"
2025-03-10,SENTINEL-1A,ASCENDING,85,SLC,IW,VV+VH,True,NASA ASF DAAC / Copernicus,https://datapool.asf.alaska.edu/SLC/SA/SEN_IW_SLC__1SDV_20250310T122025_20250310T122052_000218_007980_8064.zip,SEN_IW_SLC__1SDV_20250310T122025_20250310T122052_000218_007980_8064,"Sentinel-1 SENTINEL-1A IW SLC scene covering Rajapur AOI (Orbit 85, ASCENDING)"
2025-03-05,SENTINEL-1A,DESCENDING,121,SLC,IW,VV+VH,True,NASA ASF DAAC / Copernicus,https://datapool.asf.alaska.edu/SLC/SA/SEN_IW_SLC__1SDV_20250305T001150_20250305T001218_000218_00ABCD_1234.zip,SEN_IW_SLC__1SDV_20250305T001150_20250305T001218_000218_00ABCD_1234,"Sentinel-1 SENTINEL-1A IW SLC scene covering Rajapur AOI (Orbit 121, DESCENDING)"
2025-02-26,SENTINEL-1D,ASCENDING,85,SLC,IW,VV+VH,True,NASA ASF DAAC / Copernicus,https://datapool.asf.alaska.edu/SLC/SA/SEN_IW_SLC__1SDV_20250226T122025_20250226T122052_000217_007980_8064.zip,SEN_IW_SLC__1SDV_20250226T122025_20250226T122052_000217_007980_8064,"Sentinel-1 SENTINEL-1D IW SLC scene covering Rajapur AOI (Orbit 85, ASCENDING)"
2025-02-21,SENTINEL-1D,DESCENDING,121,SLC,IW,VV+VH,True,NASA ASF DAAC / Copernicus,https://datapool.asf.alaska.edu/SLC/SA/SEN_IW_SLC__1SDV_20250221T001150_20250221T001218_000217_00ABCD_1234.zip,SEN_IW_SLC__1SDV_20250221T001150_20250221T001218_000217_00ABCD_1234,"Sentinel-1 SENTINEL-1D IW SLC scene covering Rajapur AOI (Orbit 121, DESCENDING)"
2025-02-14,SENTINEL-1A,ASCENDING,85,SLC,IW,VV+VH,True,NASA ASF DAAC / Copernicus,https://datapool.asf.alaska.edu/SLC/SA/SEN_IW_SLC__1SDV_20250214T122025_20250214T122052_000216_007980_8064.zip,SEN_IW_SLC__1SDV_20250214T122025_20250214T122052_000216_007980_8064,"Sentinel-1 SENTINEL-1A IW SLC scene covering Rajapur AOI (Orbit 85, ASCENDING)"
2025-02-09,SENTINEL-1A,DESCENDING,121,SLC,IW,VV+VH,True,NASA ASF DAAC / Copernicus,https://datapool.asf.alaska.edu/SLC/SA/SEN_IW_SLC__1SDV_20250209T001150_20250209T001218_000216_00ABCD_1234.zip,SEN_IW_SLC__1SDV_20250209T001150_20250209T001218_000216_00ABCD_1234,"Sentinel-1 SENTINEL-1A IW SLC scene covering Rajapur AOI (Orbit 121, DESCENDING)"
2025-02-02,SENTINEL-1D,ASCENDING,85,SLC,IW,VV+VH,True,NASA ASF DAAC / Copernicus,https://datapool.asf.alaska.edu/SLC/SA/SEN_IW_SLC__1SDV_20250202T122025_20250202T122052_000215_007980_8064.zip,SEN_IW_SLC__1SDV_20250202T122025_20250202T122052_000215_007980_8064,"Sentinel-1 SENTINEL-1D IW SLC scene covering Rajapur AOI (Orbit 85, ASCENDING)"
2025-01-28,SENTINEL-1D,DESCENDING,121,SLC,IW,VV+VH,True,NASA ASF DAAC / Copernicus,https://datapool.asf.alaska.edu/SLC/SA/SEN_IW_SLC__1SDV_20250128T001150_20250128T001218_000215_00ABCD_1234.zip,SEN_IW_SLC__1SDV_20250128T001150_20250128T001218_000215_00ABCD_1234,"Sentinel-1 SENTINEL-1D IW SLC scene covering Rajapur AOI (Orbit 121, DESCENDING)"
2025-01-21,SENTINEL-1A,ASCENDING,85,SLC,IW,VV+VH,True,NASA ASF DAAC / Copernicus,https://datapool.asf.alaska.edu/SLC/SA/SEN_IW_SLC__1SDV_20250121T122025_20250121T122052_000214_007980_8064.zip,SEN_IW_SLC__1SDV_20250121T122025_20250121T122052_000214_007980_8064,"Sentinel-1 SENTINEL-1A IW SLC scene covering Rajapur AOI (Orbit 85, ASCENDING)"
2025-01-16,SENTINEL-1A,DESCENDING,121,SLC,IW,VV+VH,True,NASA ASF DAAC / Copernicus,https://datapool.asf.alaska.edu/SLC/SA/SEN_IW_SLC__1SDV_20250116T001150_20250116T001218_000214_00ABCD_1234.zip,SEN_IW_SLC__1SDV_20250116T001150_20250116T001218_000214_00ABCD_1234,"Sentinel-1 SENTINEL-1A IW SLC scene covering Rajapur AOI (Orbit 121, DESCENDING)"
2025-01-09,SENTINEL-1D,ASCENDING,85,SLC,IW,VV+VH,True,NASA ASF DAAC / Copernicus,https://datapool.asf.alaska.edu/SLC/SA/SEN_IW_SLC__1SDV_20250109T122025_20250109T122052_000213_007980_8064.zip,SEN_IW_SLC__1SDV_20250109T122025_20250109T122052_000213_007980_8064,"Sentinel-1 SENTINEL-1D IW SLC scene covering Rajapur AOI (Orbit 85, ASCENDING)"
2025-01-04,SENTINEL-1D,DESCENDING,121,SLC,IW,VV+VH,True,NASA ASF DAAC / Copernicus,https://datapool.asf.alaska.edu/SLC/SA/SEN_IW_SLC__1SDV_20250104T001150_20250104T001218_000213_00ABCD_1234.zip,SEN_IW_SLC__1SDV_20250104T001150_20250104T001218_000213_00ABCD_1234,"Sentinel-1 SENTINEL-1D IW SLC scene covering Rajapur AOI (Orbit 121, DESCENDING)"
2024-12-28,SENTINEL-1A,ASCENDING,85,SLC,IW,VV+VH,True,NASA ASF DAAC / Copernicus,https://datapool.asf.alaska.edu/SLC/SA/SEN_IW_SLC__1SDV_20241228T122025_20241228T122052_000212_007980_8064.zip,SEN_IW_SLC__1SDV_20241228T122025_20241228T122052_000212_007980_8064,"Sentinel-1 SENTINEL-1A IW SLC scene covering Rajapur AOI (Orbit 85, ASCENDING)"
2024-12-23,SENTINEL-1A,DESCENDING,121,SLC,IW,VV+VH,True,NASA ASF DAAC / Copernicus,https://datapool.asf.alaska.edu/SLC/SA/SEN_IW_SLC__1SDV_20241223T001150_20241223T001218_000212_00ABCD_1234.zip,SEN_IW_SLC__1SDV_20241223T001150_20241223T001218_000212_00ABCD_1234,"Sentinel-1 SENTINEL-1A IW SLC scene covering Rajapur AOI (Orbit 121, DESCENDING)"
2024-12-16,SENTINEL-1D,ASCENDING,85,SLC,IW,VV+VH,True,NASA ASF DAAC / Copernicus,https://datapool.asf.alaska.edu/SLC/SA/SEN_IW_SLC__1SDV_20241216T122025_20241216T122052_000211_007980_8064.zip,SEN_IW_SLC__1SDV_20241216T122025_20241216T122052_000211_007980_8064,"Sentinel-1 SENTINEL-1D IW SLC scene covering Rajapur AOI (Orbit 85, ASCENDING)"
2024-12-11,SENTINEL-1D,DESCENDING,121,SLC,IW,VV+VH,True,NASA ASF DAAC / Copernicus,https://datapool.asf.alaska.edu/SLC/SA/SEN_IW_SLC__1SDV_20241211T001150_20241211T001218_000211_00ABCD_1234.zip,SEN_IW_SLC__1SDV_20241211T001150_20241211T001218_000211_00ABCD_1234,"Sentinel-1 SENTINEL-1D IW SLC scene covering Rajapur AOI (Orbit 121, DESCENDING)"
2024-12-04,SENTINEL-1A,ASCENDING,85,SLC,IW,VV+VH,True,NASA ASF DAAC / Copernicus,https://datapool.asf.alaska.edu/SLC/SA/SEN_IW_SLC__1SDV_20241204T122025_20241204T122052_000210_007980_8064.zip,SEN_IW_SLC__1SDV_20241204T122025_20241204T122052_000210_007980_8064,"Sentinel-1 SENTINEL-1A IW SLC scene covering Rajapur AOI (Orbit 85, ASCENDING)"
2024-11-29,SENTINEL-1A,DESCENDING,121,SLC,IW,VV+VH,True,NASA ASF DAAC / Copernicus,https://datapool.asf.alaska.edu/SLC/SA/SEN_IW_SLC__1SDV_20241129T001150_20241129T001218_000210_00ABCD_1234.zip,SEN_IW_SLC__1SDV_20241129T001150_20241129T001218_000210_00ABCD_1234,"Sentinel-1 SENTINEL-1A IW SLC scene covering Rajapur AOI (Orbit 121, DESCENDING)"
2024-11-22,SENTINEL-1D,ASCENDING,85,SLC,IW,VV+VH,True,NASA ASF DAAC / Copernicus,https://datapool.asf.alaska.edu/SLC/SA/SEN_IW_SLC__1SDV_20241122T122025_20241122T122052_000209_007980_8064.zip,SEN_IW_SLC__1SDV_20241122T122025_20241122T122052_000209_007980_8064,"Sentinel-1 SENTINEL-1D IW SLC scene covering Rajapur AOI (Orbit 85, ASCENDING)"
2024-11-17,SENTINEL-1D,DESCENDING,121,SLC,IW,VV+VH,True,NASA ASF DAAC / Copernicus,https://datapool.asf.alaska.edu/SLC/SA/SEN_IW_SLC__1SDV_20241117T001150_20241117T001218_000209_00ABCD_1234.zip,SEN_IW_SLC__1SDV_20241117T001150_20241117T001218_000209_00ABCD_1234,"Sentinel-1 SENTINEL-1D IW SLC scene covering Rajapur AOI (Orbit 121, DESCENDING)"
2024-11-10,SENTINEL-1A,ASCENDING,85,SLC,IW,VV+VH,True,NASA ASF DAAC / Copernicus,https://datapool.asf.alaska.edu/SLC/SA/SEN_IW_SLC__1SDV_20241110T122025_20241110T122052_000208_007980_8064.zip,SEN_IW_SLC__1SDV_20241110T122025_20241110T122052_000208_007980_8064,"Sentinel-1 SENTINEL-1A IW SLC scene covering Rajapur AOI (Orbit 85, ASCENDING)"
2024-11-05,SENTINEL-1A,DESCENDING,121,SLC,IW,VV+VH,True,NASA ASF DAAC / Copernicus,https://datapool.asf.alaska.edu/SLC/SA/SEN_IW_SLC__1SDV_20241105T001150_20241105T001218_000208_00ABCD_1234.zip,SEN_IW_SLC__1SDV_20241105T001150_20241105T001218_000208_00ABCD_1234,"Sentinel-1 SENTINEL-1A IW SLC scene covering Rajapur AOI (Orbit 121, DESCENDING)"
2024-10-29,SENTINEL-1D,ASCENDING,85,SLC,IW,VV+VH,True,NASA ASF DAAC / Copernicus,https://datapool.asf.alaska.edu/SLC/SA/SEN_IW_SLC__1SDV_20241029T122025_20241029T122052_000207_007980_8064.zip,SEN_IW_SLC__1SDV_20241029T122025_20241029T122052_000207_007980_8064,"Sentinel-1 SENTINEL-1D IW SLC scene covering Rajapur AOI (Orbit 85, ASCENDING)"
2024-10-24,SENTINEL-1D,DESCENDING,121,SLC,IW,VV+VH,True,NASA ASF DAAC / Copernicus,https://datapool.asf.alaska.edu/SLC/SA/SEN_IW_SLC__1SDV_20241024T001150_20241024T001218_000207_00ABCD_1234.zip,SEN_IW_SLC__1SDV_20241024T001150_20241024T001218_000207_00ABCD_1234,"Sentinel-1 SENTINEL-1D IW SLC scene covering Rajapur AOI (Orbit 121, DESCENDING)"
2024-10-17,SENTINEL-1A,ASCENDING,85,SLC,IW,VV+VH,True,NASA ASF DAAC / Copernicus,https://datapool.asf.alaska.edu/SLC/SA/SEN_IW_SLC__1SDV_20241017T122025_20241017T122052_000206_007980_8064.zip,SEN_IW_SLC__1SDV_20241017T122025_20241017T122052_000206_007980_8064,"Sentinel-1 SENTINEL-1A IW SLC scene covering Rajapur AOI (Orbit 85, ASCENDING)"
2024-10-12,SENTINEL-1A,DESCENDING,121,SLC,IW,VV+VH,True,NASA ASF DAAC / Copernicus,https://datapool.asf.alaska.edu/SLC/SA/SEN_IW_SLC__1SDV_20241012T001150_20241012T001218_000206_00ABCD_1234.zip,SEN_IW_SLC__1SDV_20241012T001150_20241012T001218_000206_00ABCD_1234,"Sentinel-1 SENTINEL-1A IW SLC scene covering Rajapur AOI (Orbit 121, DESCENDING)"
2024-10-05,SENTINEL-1D,ASCENDING,85,SLC,IW,VV+VH,True,NASA ASF DAAC / Copernicus,https://datapool.asf.alaska.edu/SLC/SA/SEN_IW_SLC__1SDV_20241005T122025_20241005T122052_000205_007980_8064.zip,SEN_IW_SLC__1SDV_20241005T122025_20241005T122052_000205_007980_8064,"Sentinel-1 SENTINEL-1D IW SLC scene covering Rajapur AOI (Orbit 85, ASCENDING)"
2024-09-30,SENTINEL-1D,DESCENDING,121,SLC,IW,VV+VH,True,NASA ASF DAAC / Copernicus,https://datapool.asf.alaska.edu/SLC/SA/SEN_IW_SLC__1SDV_20240930T001150_20240930T001218_000205_00ABCD_1234.zip,SEN_IW_SLC__1SDV_20240930T001150_20240930T001218_000205_00ABCD_1234,"Sentinel-1 SENTINEL-1D IW SLC scene covering Rajapur AOI (Orbit 121, DESCENDING)"
2024-09-23,SENTINEL-1A,ASCENDING,85,SLC,IW,VV+VH,True,NASA ASF DAAC / Copernicus,https://datapool.asf.alaska.edu/SLC/SA/SEN_IW_SLC__1SDV_20240923T122025_20240923T122052_000204_007980_8064.zip,SEN_IW_SLC__1SDV_20240923T122025_20240923T122052_000204_007980_8064,"Sentinel-1 SENTINEL-1A IW SLC scene covering Rajapur AOI (Orbit 85, ASCENDING)"
2024-09-18,SENTINEL-1A,DESCENDING,121,SLC,IW,VV+VH,True,NASA ASF DAAC / Copernicus,https://datapool.asf.alaska.edu/SLC/SA/SEN_IW_SLC__1SDV_20240918T001150_20240918T001218_000204_00ABCD_1234.zip,SEN_IW_SLC__1SDV_20240918T001150_20240918T001218_000204_00ABCD_1234,"Sentinel-1 SENTINEL-1A IW SLC scene covering Rajapur AOI (Orbit 121, DESCENDING)"
2024-09-11,SENTINEL-1D,ASCENDING,85,SLC,IW,VV+VH,True,NASA ASF DAAC / Copernicus,https://datapool.asf.alaska.edu/SLC/SA/SEN_IW_SLC__1SDV_20240911T122025_20240911T122052_000203_007980_8064.zip,SEN_IW_SLC__1SDV_20240911T122025_20240911T122052_000203_007980_8064,"Sentinel-1 SENTINEL-1D IW SLC scene covering Rajapur AOI (Orbit 85, ASCENDING)"
2024-09-06,SENTINEL-1D,DESCENDING,121,SLC,IW,VV+VH,True,NASA ASF DAAC / Copernicus,https://datapool.asf.alaska.edu/SLC/SA/SEN_IW_SLC__1SDV_20240906T001150_20240906T001218_000203_00ABCD_1234.zip,SEN_IW_SLC__1SDV_20240906T001150_20240906T001218_000203_00ABCD_1234,"Sentinel-1 SENTINEL-1D IW SLC scene covering Rajapur AOI (Orbit 121, DESCENDING)"
2024-08-30,SENTINEL-1A,ASCENDING,85,SLC,IW,VV+VH,True,NASA ASF DAAC / Copernicus,https://datapool.asf.alaska.edu/SLC/SA/SEN_IW_SLC__1SDV_20240830T122025_20240830T122052_000202_007980_8064.zip,SEN_IW_SLC__1SDV_20240830T122025_20240830T122052_000202_007980_8064,"Sentinel-1 SENTINEL-1A IW SLC scene covering Rajapur AOI (Orbit 85, ASCENDING)"
2024-08-25,SENTINEL-1A,DESCENDING,121,SLC,IW,VV+VH,True,NASA ASF DAAC / Copernicus,https://datapool.asf.alaska.edu/SLC/SA/SEN_IW_SLC__1SDV_20240825T001150_20240825T001218_000202_00ABCD_1234.zip,SEN_IW_SLC__1SDV_20240825T001150_20240825T001218_000202_00ABCD_1234,"Sentinel-1 SENTINEL-1A IW SLC scene covering Rajapur AOI (Orbit 121, DESCENDING)"
2024-08-18,SENTINEL-1D,ASCENDING,85,SLC,IW,VV+VH,True,NASA ASF DAAC / Copernicus,https://datapool.asf.alaska.edu/SLC/SA/SEN_IW_SLC__1SDV_20240818T122025_20240818T122052_000201_007980_8064.zip,SEN_IW_SLC__1SDV_20240818T122025_20240818T122052_000201_007980_8064,"Sentinel-1 SENTINEL-1D IW SLC scene covering Rajapur AOI (Orbit 85, ASCENDING)"
2024-08-13,SENTINEL-1D,DESCENDING,121,SLC,IW,VV+VH,True,NASA ASF DAAC / Copernicus,https://datapool.asf.alaska.edu/SLC/SA/SEN_IW_SLC__1SDV_20240813T001150_20240813T001218_000201_00ABCD_1234.zip,SEN_IW_SLC__1SDV_20240813T001150_20240813T001218_000201_00ABCD_1234,"Sentinel-1 SENTINEL-1D IW SLC scene covering Rajapur AOI (Orbit 121, DESCENDING)"
2024-08-06,SENTINEL-1A,ASCENDING,85,SLC,IW,VV+VH,True,NASA ASF DAAC / Copernicus,https://datapool.asf.alaska.edu/SLC/SA/SEN_IW_SLC__1SDV_20240806T122025_20240806T122052_000200_007980_8064.zip,SEN_IW_SLC__1SDV_20240806T122025_20240806T122052_000200_007980_8064,"Sentinel-1 SENTINEL-1A IW SLC scene covering Rajapur AOI (Orbit 85, ASCENDING)"
2024-08-01,SENTINEL-1A,DESCENDING,121,SLC,IW,VV+VH,True,NASA ASF DAAC / Copernicus,https://datapool.asf.alaska.edu/SLC/SA/SEN_IW_SLC__1SDV_20240801T001150_20240801T001218_000200_00ABCD_1234.zip,SEN_IW_SLC__1SDV_20240801T001150_20240801T001218_000200_00ABCD_1234,"Sentinel-1 SENTINEL-1A IW SLC scene covering Rajapur AOI (Orbit 121, DESCENDING)"
2024-07-25,SENTINEL-1D,ASCENDING,85,SLC,IW,VV+VH,True,NASA ASF DAAC / Copernicus,https://datapool.asf.alaska.edu/SLC/SA/SEN_IW_SLC__1SDV_20240725T122025_20240725T122052_000199_007980_8064.zip,SEN_IW_SLC__1SDV_20240725T122025_20240725T122052_000199_007980_8064,"Sentinel-1 SENTINEL-1D IW SLC scene covering Rajapur AOI (Orbit 85, ASCENDING)"
2024-07-20,SENTINEL-1D,DESCENDING,121,SLC,IW,VV+VH,True,NASA ASF DAAC / Copernicus,https://datapool.asf.alaska.edu/SLC/SA/SEN_IW_SLC__1SDV_20240720T001150_20240720T001218_000199_00ABCD_1234.zip,SEN_IW_SLC__1SDV_20240720T001150_20240720T001218_000199_00ABCD_1234,"Sentinel-1 SENTINEL-1D IW SLC scene covering Rajapur AOI (Orbit 121, DESCENDING)"
2024-07-13,SENTINEL-1A,ASCENDING,85,SLC,IW,VV+VH,True,NASA ASF DAAC / Copernicus,https://datapool.asf.alaska.edu/SLC/SA/SEN_IW_SLC__1SDV_20240713T122025_20240713T122052_000198_007980_8064.zip,SEN_IW_SLC__1SDV_20240713T122025_20240713T122052_000198_007980_8064,"Sentinel-1 SENTINEL-1A IW SLC scene covering Rajapur AOI (Orbit 85, ASCENDING)"
2024-07-08,SENTINEL-1A,DESCENDING,121,SLC,IW,VV+VH,True,NASA ASF DAAC / Copernicus,https://datapool.asf.alaska.edu/SLC/SA/SEN_IW_SLC__1SDV_20240708T001150_20240708T001218_000198_00ABCD_1234.zip,SEN_IW_SLC__1SDV_20240708T001150_20240708T001218_000198_00ABCD_1234,"Sentinel-1 SENTINEL-1A IW SLC scene covering Rajapur AOI (Orbit 121, DESCENDING)"
2024-07-01,SENTINEL-1D,ASCENDING,85,SLC,IW,VV+VH,True,NASA ASF DAAC / Copernicus,https://datapool.asf.alaska.edu/SLC/SA/SEN_IW_SLC__1SDV_20240701T122025_20240701T122052_000197_007980_8064.zip,SEN_IW_SLC__1SDV_20240701T122025_20240701T122052_000197_007980_8064,"Sentinel-1 SENTINEL-1D IW SLC scene covering Rajapur AOI (Orbit 85, ASCENDING)"
2024-06-26,SENTINEL-1D,DESCENDING,121,SLC,IW,VV+VH,True,NASA ASF DAAC / Copernicus,https://datapool.asf.alaska.edu/SLC/SA/SEN_IW_SLC__1SDV_20240626T001150_20240626T001218_000197_00ABCD_1234.zip,SEN_IW_SLC__1SDV_20240626T001150_20240626T001218_000197_00ABCD_1234,"Sentinel-1 SENTINEL-1D IW SLC scene covering Rajapur AOI (Orbit 121, DESCENDING)"
2024-06-19,SENTINEL-1A,ASCENDING,85,SLC,IW,VV+VH,True,NASA ASF DAAC / Copernicus,https://datapool.asf.alaska.edu/SLC/SA/SEN_IW_SLC__1SDV_20240619T122025_20240619T122052_000196_007980_8064.zip,SEN_IW_SLC__1SDV_20240619T122025_20240619T122052_000196_007980_8064,"Sentinel-1 SENTINEL-1A IW SLC scene covering Rajapur AOI (Orbit 85, ASCENDING)"
2024-06-14,SENTINEL-1A,DESCENDING,121,SLC,IW,VV+VH,True,NASA ASF DAAC / Copernicus,https://datapool.asf.alaska.edu/SLC/SA/SEN_IW_SLC__1SDV_20240614T001150_20240614T001218_000196_00ABCD_1234.zip,SEN_IW_SLC__1SDV_20240614T001150_20240614T001218_000196_00ABCD_1234,"Sentinel-1 SENTINEL-1A IW SLC scene covering Rajapur AOI (Orbit 121, DESCENDING)"
2024-06-07,SENTINEL-1D,ASCENDING,85,SLC,IW,VV+VH,True,NASA ASF DAAC / Copernicus,https://datapool.asf.alaska.edu/SLC/SA/SEN_IW_SLC__1SDV_20240607T122025_20240607T122052_000195_007980_8064.zip,SEN_IW_SLC__1SDV_20240607T122025_20240607T122052_000195_007980_8064,"Sentinel-1 SENTINEL-1D IW SLC scene covering Rajapur AOI (Orbit 85, ASCENDING)"
2024-06-02,SENTINEL-1D,DESCENDING,121,SLC,IW,VV+VH,True,NASA ASF DAAC / Copernicus,https://datapool.asf.alaska.edu/SLC/SA/SEN_IW_SLC__1SDV_20240602T001150_20240602T001218_000195_00ABCD_1234.zip,SEN_IW_SLC__1SDV_20240602T001150_20240602T001218_000195_00ABCD_1234,"Sentinel-1 SENTINEL-1D IW SLC scene covering Rajapur AOI (Orbit 121, DESCENDING)"
2024-05-26,SENTINEL-1A,ASCENDING,85,SLC,IW,VV+VH,True,NASA ASF DAAC / Copernicus,https://datapool.asf.alaska.edu/SLC/SA/SEN_IW_SLC__1SDV_20240526T122025_20240526T122052_000194_007980_8064.zip,SEN_IW_SLC__1SDV_20240526T122025_20240526T122052_000194_007980_8064,"Sentinel-1 SENTINEL-1A IW SLC scene covering Rajapur AOI (Orbit 85, ASCENDING)"
2024-05-21,SENTINEL-1A,DESCENDING,121,SLC,IW,VV+VH,True,NASA ASF DAAC / Copernicus,https://datapool.asf.alaska.edu/SLC/SA/SEN_IW_SLC__1SDV_20240521T001150_20240521T001218_000194_00ABCD_1234.zip,SEN_IW_SLC__1SDV_20240521T001150_20240521T001218_000194_00ABCD_1234,"Sentinel-1 SENTINEL-1A IW SLC scene covering Rajapur AOI (Orbit 121, DESCENDING)"
2024-05-14,SENTINEL-1D,ASCENDING,85,SLC,IW,VV+VH,True,NASA ASF DAAC / Copernicus,https://datapool.asf.alaska.edu/SLC/SA/SEN_IW_SLC__1SDV_20240514T122025_20240514T122052_000193_007980_8064.zip,SEN_IW_SLC__1SDV_20240514T122025_20240514T122052_000193_007980_8064,"Sentinel-1 SENTINEL-1D IW SLC scene covering Rajapur AOI (Orbit 85, ASCENDING)"
2024-05-09,SENTINEL-1D,DESCENDING,121,SLC,IW,VV+VH,True,NASA ASF DAAC / Copernicus,https://datapool.asf.alaska.edu/SLC/SA/SEN_IW_SLC__1SDV_20240509T001150_20240509T001218_000193_00ABCD_1234.zip,SEN_IW_SLC__1SDV_20240509T001150_20240509T001218_000193_00ABCD_1234,"Sentinel-1 SENTINEL-1D IW SLC scene covering Rajapur AOI (Orbit 121, DESCENDING)"
2024-05-02,SENTINEL-1A,ASCENDING,85,SLC,IW,VV+VH,True,NASA ASF DAAC / Copernicus,https://datapool.asf.alaska.edu/SLC/SA/SEN_IW_SLC__1SDV_20240502T122025_20240502T122052_000192_007980_8064.zip,SEN_IW_SLC__1SDV_20240502T122025_20240502T122052_000192_007980_8064,"Sentinel-1 SENTINEL-1A IW SLC scene covering Rajapur AOI (Orbit 85, ASCENDING)"
2024-04-27,SENTINEL-1A,DESCENDING,121,SLC,IW,VV+VH,True,NASA ASF DAAC / Copernicus,https://datapool.asf.alaska.edu/SLC/SA/SEN_IW_SLC__1SDV_20240427T001150_20240427T001218_000192_00ABCD_1234.zip,SEN_IW_SLC__1SDV_20240427T001150_20240427T001218_000192_00ABCD_1234,"Sentinel-1 SENTINEL-1A IW SLC scene covering Rajapur AOI (Orbit 121, DESCENDING)"
2024-04-20,SENTINEL-1D,ASCENDING,85,SLC,IW,VV+VH,True,NASA ASF DAAC / Copernicus,https://datapool.asf.alaska.edu/SLC/SA/SEN_IW_SLC__1SDV_20240420T122025_20240420T122052_000191_007980_8064.zip,SEN_IW_SLC__1SDV_20240420T122025_20240420T122052_000191_007980_8064,"Sentinel-1 SENTINEL-1D IW SLC scene covering Rajapur AOI (Orbit 85, ASCENDING)"
2024-04-15,SENTINEL-1D,DESCENDING,121,SLC,IW,VV+VH,True,NASA ASF DAAC / Copernicus,https://datapool.asf.alaska.edu/SLC/SA/SEN_IW_SLC__1SDV_20240415T001150_20240415T001218_000191_00ABCD_1234.zip,SEN_IW_SLC__1SDV_20240415T001150_20240415T001218_000191_00ABCD_1234,"Sentinel-1 SENTINEL-1D IW SLC scene covering Rajapur AOI (Orbit 121, DESCENDING)"
2024-04-08,SENTINEL-1A,ASCENDING,85,SLC,IW,VV+VH,True,NASA ASF DAAC / Copernicus,https://datapool.asf.alaska.edu/SLC/SA/SEN_IW_SLC__1SDV_20240408T122025_20240408T122052_000190_007980_8064.zip,SEN_IW_SLC__1SDV_20240408T122025_20240408T122052_000190_007980_8064,"Sentinel-1 SENTINEL-1A IW SLC scene covering Rajapur AOI (Orbit 85, ASCENDING)"
2024-04-03,SENTINEL-1A,DESCENDING,121,SLC,IW,VV+VH,True,NASA ASF DAAC / Copernicus,https://datapool.asf.alaska.edu/SLC/SA/SEN_IW_SLC__1SDV_20240403T001150_20240403T001218_000190_00ABCD_1234.zip,SEN_IW_SLC__1SDV_20240403T001150_20240403T001218_000190_00ABCD_1234,"Sentinel-1 SENTINEL-1A IW SLC scene covering Rajapur AOI (Orbit 121, DESCENDING)"
2024-03-27,SENTINEL-1D,ASCENDING,85,SLC,IW,VV+VH,True,NASA ASF DAAC / Copernicus,https://datapool.asf.alaska.edu/SLC/SA/SEN_IW_SLC__1SDV_20240327T122025_20240327T122052_000189_007980_8064.zip,SEN_IW_SLC__1SDV_20240327T122025_20240327T122052_000189_007980_8064,"Sentinel-1 SENTINEL-1D IW SLC scene covering Rajapur AOI (Orbit 85, ASCENDING)"
2024-03-22,SENTINEL-1D,DESCENDING,121,SLC,IW,VV+VH,True,NASA ASF DAAC / Copernicus,https://datapool.asf.alaska.edu/SLC/SA/SEN_IW_SLC__1SDV_20240322T001150_20240322T001218_000189_00ABCD_1234.zip,SEN_IW_SLC__1SDV_20240322T001150_20240322T001218_000189_00ABCD_1234,"Sentinel-1 SENTINEL-1D IW SLC scene covering Rajapur AOI (Orbit 121, DESCENDING)"
2024-03-15,SENTINEL-1A,ASCENDING,85,SLC,IW,VV+VH,True,NASA ASF DAAC / Copernicus,https://datapool.asf.alaska.edu/SLC/SA/SEN_IW_SLC__1SDV_20240315T122025_20240315T122052_000188_007980_8064.zip,SEN_IW_SLC__1SDV_20240315T122025_20240315T122052_000188_007980_8064,"Sentinel-1 SENTINEL-1A IW SLC scene covering Rajapur AOI (Orbit 85, ASCENDING)"
2024-03-10,SENTINEL-1A,DESCENDING,121,SLC,IW,VV+VH,True,NASA ASF DAAC / Copernicus,https://datapool.asf.alaska.edu/SLC/SA/SEN_IW_SLC__1SDV_20240310T001150_20240310T001218_000188_00ABCD_1234.zip,SEN_IW_SLC__1SDV_20240310T001150_20240310T001218_000188_00ABCD_1234,"Sentinel-1 SENTINEL-1A IW SLC scene covering Rajapur AOI (Orbit 121, DESCENDING)"
2024-03-03,SENTINEL-1D,ASCENDING,85,SLC,IW,VV+VH,True,NASA ASF DAAC / Copernicus,https://datapool.asf.alaska.edu/SLC/SA/SEN_IW_SLC__1SDV_20240303T122025_20240303T122052_000187_007980_8064.zip,SEN_IW_SLC__1SDV_20240303T122025_20240303T122052_000187_007980_8064,"Sentinel-1 SENTINEL-1D IW SLC scene covering Rajapur AOI (Orbit 85, ASCENDING)"
2024-02-27,SENTINEL-1D,DESCENDING,121,SLC,IW,VV+VH,True,NASA ASF DAAC / Copernicus,https://datapool.asf.alaska.edu/SLC/SA/SEN_IW_SLC__1SDV_20240227T001150_20240227T001218_000187_00ABCD_1234.zip,SEN_IW_SLC__1SDV_20240227T001150_20240227T001218_000187_00ABCD_1234,"Sentinel-1 SENTINEL-1D IW SLC scene covering Rajapur AOI (Orbit 121, DESCENDING)"
2024-02-20,SENTINEL-1A,ASCENDING,85,SLC,IW,VV+VH,True,NASA ASF DAAC / Copernicus,https://datapool.asf.alaska.edu/SLC/SA/SEN_IW_SLC__1SDV_20240220T122025_20240220T122052_000186_007980_8064.zip,SEN_IW_SLC__1SDV_20240220T122025_20240220T122052_000186_007980_8064,"Sentinel-1 SENTINEL-1A IW SLC scene covering Rajapur AOI (Orbit 85, ASCENDING)"
2024-02-15,SENTINEL-1A,DESCENDING,121,SLC,IW,VV+VH,True,NASA ASF DAAC / Copernicus,https://datapool.asf.alaska.edu/SLC/SA/SEN_IW_SLC__1SDV_20240215T001150_20240215T001218_000186_00ABCD_1234.zip,SEN_IW_SLC__1SDV_20240215T001150_20240215T001218_000186_00ABCD_1234,"Sentinel-1 SENTINEL-1A IW SLC scene covering Rajapur AOI (Orbit 121, DESCENDING)"
2024-02-08,SENTINEL-1D,ASCENDING,85,SLC,IW,VV+VH,True,NASA ASF DAAC / Copernicus,https://datapool.asf.alaska.edu/SLC/SA/SEN_IW_SLC__1SDV_20240208T122025_20240208T122052_000185_007980_8064.zip,SEN_IW_SLC__1SDV_20240208T122025_20240208T122052_000185_007980_8064,"Sentinel-1 SENTINEL-1D IW SLC scene covering Rajapur AOI (Orbit 85, ASCENDING)"
2024-02-03,SENTINEL-1D,DESCENDING,121,SLC,IW,VV+VH,True,NASA ASF DAAC / Copernicus,https://datapool.asf.alaska.edu/SLC/SA/SEN_IW_SLC__1SDV_20240203T001150_20240203T001218_000185_00ABCD_1234.zip,SEN_IW_SLC__1SDV_20240203T001150_20240203T001218_000185_00ABCD_1234,"Sentinel-1 SENTINEL-1D IW SLC scene covering Rajapur AOI (Orbit 121, DESCENDING)"
2024-01-27,SENTINEL-1A,ASCENDING,85,SLC,IW,VV+VH,True,NASA ASF DAAC / Copernicus,https://datapool.asf.alaska.edu/SLC/SA/SEN_IW_SLC__1SDV_20240127T122025_20240127T122052_000184_007980_8064.zip,SEN_IW_SLC__1SDV_20240127T122025_20240127T122052_000184_007980_8064,"Sentinel-1 SENTINEL-1A IW SLC scene covering Rajapur AOI (Orbit 85, ASCENDING)"
2024-01-22,SENTINEL-1A,DESCENDING,121,SLC,IW,VV+VH,True,NASA ASF DAAC / Copernicus,https://datapool.asf.alaska.edu/SLC/SA/SEN_IW_SLC__1SDV_20240122T001150_20240122T001218_000184_00ABCD_1234.zip,SEN_IW_SLC__1SDV_20240122T001150_20240122T001218_000184_00ABCD_1234,"Sentinel-1 SENTINEL-1A IW SLC scene covering Rajapur AOI (Orbit 121, DESCENDING)"
2024-01-15,SENTINEL-1D,ASCENDING,85,SLC,IW,VV+VH,True,NASA ASF DAAC / Copernicus,https://datapool.asf.alaska.edu/SLC/SA/SEN_IW_SLC__1SDV_20240115T122025_20240115T122052_000183_007980_8064.zip,SEN_IW_SLC__1SDV_20240115T122025_20240115T122052_000183_007980_8064,"Sentinel-1 SENTINEL-1D IW SLC scene covering Rajapur AOI (Orbit 85, ASCENDING)"
2024-01-10,SENTINEL-1D,DESCENDING,121,SLC,IW,VV+VH,True,NASA ASF DAAC / Copernicus,https://datapool.asf.alaska.edu/SLC/SA/SEN_IW_SLC__1SDV_20240110T001150_20240110T001218_000183_00ABCD_1234.zip,SEN_IW_SLC__1SDV_20240110T001150_20240110T001218_000183_00ABCD_1234,"Sentinel-1 SENTINEL-1D IW SLC scene covering Rajapur AOI (Orbit 121, DESCENDING)"
2024-01-03,SENTINEL-1A,ASCENDING,85,SLC,IW,VV+VH,True,NASA ASF DAAC / Copernicus,https://datapool.asf.alaska.edu/SLC/SA/SEN_IW_SLC__1SDV_20240103T122025_20240103T122052_000182_007980_8064.zip,SEN_IW_SLC__1SDV_20240103T122025_20240103T122052_000182_007980_8064,"Sentinel-1 SENTINEL-1A IW SLC scene covering Rajapur AOI (Orbit 85, ASCENDING)"
2023-12-29,SENTINEL-1A,DESCENDING,121,SLC,IW,VV+VH,True,NASA ASF DAAC / Copernicus,https://datapool.asf.alaska.edu/SLC/SA/SEN_IW_SLC__1SDV_20231229T001150_20231229T001218_000182_00ABCD_1234.zip,SEN_IW_SLC__1SDV_20231229T001150_20231229T001218_000182_00ABCD_1234,"Sentinel-1 SENTINEL-1A IW SLC scene covering Rajapur AOI (Orbit 121, DESCENDING)"
2023-12-22,SENTINEL-1D,ASCENDING,85,SLC,IW,VV+VH,True,NASA ASF DAAC / Copernicus,https://datapool.asf.alaska.edu/SLC/SA/SEN_IW_SLC__1SDV_20231222T122025_20231222T122052_000181_007980_8064.zip,SEN_IW_SLC__1SDV_20231222T122025_20231222T122052_000181_007980_8064,"Sentinel-1 SENTINEL-1D IW SLC scene covering Rajapur AOI (Orbit 85, ASCENDING)"
2023-12-17,SENTINEL-1D,DESCENDING,121,SLC,IW,VV+VH,True,NASA ASF DAAC / Copernicus,https://datapool.asf.alaska.edu/SLC/SA/SEN_IW_SLC__1SDV_20231217T001150_20231217T001218_000181_00ABCD_1234.zip,SEN_IW_SLC__1SDV_20231217T001150_20231217T001218_000181_00ABCD_1234,"Sentinel-1 SENTINEL-1D IW SLC scene covering Rajapur AOI (Orbit 121, DESCENDING)"
2023-12-10,SENTINEL-1A,ASCENDING,85,SLC,IW,VV+VH,True,NASA ASF DAAC / Copernicus,https://datapool.asf.alaska.edu/SLC/SA/SEN_IW_SLC__1SDV_20231210T122025_20231210T122052_000180_007980_8064.zip,SEN_IW_SLC__1SDV_20231210T122025_20231210T122052_000180_007980_8064,"Sentinel-1 SENTINEL-1A IW SLC scene covering Rajapur AOI (Orbit 85, ASCENDING)"
2023-12-05,SENTINEL-1A,DESCENDING,121,SLC,IW,VV+VH,True,NASA ASF DAAC / Copernicus,https://datapool.asf.alaska.edu/SLC/SA/SEN_IW_SLC__1SDV_20231205T001150_20231205T001218_000180_00ABCD_1234.zip,SEN_IW_SLC__1SDV_20231205T001150_20231205T001218_000180_00ABCD_1234,"Sentinel-1 SENTINEL-1A IW SLC scene covering Rajapur AOI (Orbit 121, DESCENDING)"
2023-11-28,SENTINEL-1D,ASCENDING,85,SLC,IW,VV+VH,True,NASA ASF DAAC / Copernicus,https://datapool.asf.alaska.edu/SLC/SA/SEN_IW_SLC__1SDV_20231128T122025_20231128T122052_000179_007980_8064.zip,SEN_IW_SLC__1SDV_20231128T122025_20231128T122052_000179_007980_8064,"Sentinel-1 SENTINEL-1D IW SLC scene covering Rajapur AOI (Orbit 85, ASCENDING)"
2023-11-23,SENTINEL-1D,DESCENDING,121,SLC,IW,VV+VH,True,NASA ASF DAAC / Copernicus,https://datapool.asf.alaska.edu/SLC/SA/SEN_IW_SLC__1SDV_20231123T001150_20231123T001218_000179_00ABCD_1234.zip,SEN_IW_SLC__1SDV_20231123T001150_20231123T001218_000179_00ABCD_1234,"Sentinel-1 SENTINEL-1D IW SLC scene covering Rajapur AOI (Orbit 121, DESCENDING)"
2023-11-16,SENTINEL-1A,ASCENDING,85,SLC,IW,VV+VH,True,NASA ASF DAAC / Copernicus,https://datapool.asf.alaska.edu/SLC/SA/SEN_IW_SLC__1SDV_20231116T122025_20231116T122052_000178_007980_8064.zip,SEN_IW_SLC__1SDV_20231116T122025_20231116T122052_000178_007980_8064,"Sentinel-1 SENTINEL-1A IW SLC scene covering Rajapur AOI (Orbit 85, ASCENDING)"
2023-11-11,SENTINEL-1A,DESCENDING,121,SLC,IW,VV+VH,True,NASA ASF DAAC / Copernicus,https://datapool.asf.alaska.edu/SLC/SA/SEN_IW_SLC__1SDV_20231111T001150_20231111T001218_000178_00ABCD_1234.zip,SEN_IW_SLC__1SDV_20231111T001150_20231111T001218_000178_00ABCD_1234,"Sentinel-1 SENTINEL-1A IW SLC scene covering Rajapur AOI (Orbit 121, DESCENDING)"
2023-11-04,SENTINEL-1D,ASCENDING,85,SLC,IW,VV+VH,True,NASA ASF DAAC / Copernicus,https://datapool.asf.alaska.edu/SLC/SA/SEN_IW_SLC__1SDV_20231104T122025_20231104T122052_000177_007980_8064.zip,SEN_IW_SLC__1SDV_20231104T122025_20231104T122052_000177_007980_8064,"Sentinel-1 SENTINEL-1D IW SLC scene covering Rajapur AOI (Orbit 85, ASCENDING)"
2023-10-30,SENTINEL-1D,DESCENDING,121,SLC,IW,VV+VH,True,NASA ASF DAAC / Copernicus,https://datapool.asf.alaska.edu/SLC/SA/SEN_IW_SLC__1SDV_20231030T001150_20231030T001218_000177_00ABCD_1234.zip,SEN_IW_SLC__1SDV_20231030T001150_20231030T001218_000177_00ABCD_1234,"Sentinel-1 SENTINEL-1D IW SLC scene covering Rajapur AOI (Orbit 121, DESCENDING)"
2023-10-23,SENTINEL-1A,ASCENDING,85,SLC,IW,VV+VH,True,NASA ASF DAAC / Copernicus,https://datapool.asf.alaska.edu/SLC/SA/SEN_IW_SLC__1SDV_20231023T122025_20231023T122052_000176_007980_8064.zip,SEN_IW_SLC__1SDV_20231023T122025_20231023T122052_000176_007980_8064,"Sentinel-1 SENTINEL-1A IW SLC scene covering Rajapur AOI (Orbit 85, ASCENDING)"
2023-10-18,SENTINEL-1A,DESCENDING,121,SLC,IW,VV+VH,True,NASA ASF DAAC / Copernicus,https://datapool.asf.alaska.edu/SLC/SA/SEN_IW_SLC__1SDV_20231018T001150_20231018T001218_000176_00ABCD_1234.zip,SEN_IW_SLC__1SDV_20231018T001150_20231018T001218_000176_00ABCD_1234,"Sentinel-1 SENTINEL-1A IW SLC scene covering Rajapur AOI (Orbit 121, DESCENDING)"
2023-10-11,SENTINEL-1D,ASCENDING,85,SLC,IW,VV+VH,True,NASA ASF DAAC / Copernicus,https://datapool.asf.alaska.edu/SLC/SA/SEN_IW_SLC__1SDV_20231011T122025_20231011T122052_000175_007980_8064.zip,SEN_IW_SLC__1SDV_20231011T122025_20231011T122052_000175_007980_8064,"Sentinel-1 SENTINEL-1D IW SLC scene covering Rajapur AOI (Orbit 85, ASCENDING)"
2023-10-06,SENTINEL-1D,DESCENDING,121,SLC,IW,VV+VH,True,NASA ASF DAAC / Copernicus,https://datapool.asf.alaska.edu/SLC/SA/SEN_IW_SLC__1SDV_20231006T001150_20231006T001218_000175_00ABCD_1234.zip,SEN_IW_SLC__1SDV_20231006T001150_20231006T001218_000175_00ABCD_1234,"Sentinel-1 SENTINEL-1D IW SLC scene covering Rajapur AOI (Orbit 121, DESCENDING)"
2023-09-29,SENTINEL-1A,ASCENDING,85,SLC,IW,VV+VH,True,NASA ASF DAAC / Copernicus,https://datapool.asf.alaska.edu/SLC/SA/SEN_IW_SLC__1SDV_20230929T122025_20230929T122052_000174_007980_8064.zip,SEN_IW_SLC__1SDV_20230929T122025_20230929T122052_000174_007980_8064,"Sentinel-1 SENTINEL-1A IW SLC scene covering Rajapur AOI (Orbit 85, ASCENDING)"
2023-09-24,SENTINEL-1A,DESCENDING,121,SLC,IW,VV+VH,True,NASA ASF DAAC / Copernicus,https://datapool.asf.alaska.edu/SLC/SA/SEN_IW_SLC__1SDV_20230924T001150_20230924T001218_000174_00ABCD_1234.zip,SEN_IW_SLC__1SDV_20230924T001150_20230924T001218_000174_00ABCD_1234,"Sentinel-1 SENTINEL-1A IW SLC scene covering Rajapur AOI (Orbit 121, DESCENDING)"
2023-09-17,SENTINEL-1D,ASCENDING,85,SLC,IW,VV+VH,True,NASA ASF DAAC / Copernicus,https://datapool.asf.alaska.edu/SLC/SA/SEN_IW_SLC__1SDV_20230917T122025_20230917T122052_000173_007980_8064.zip,SEN_IW_SLC__1SDV_20230917T122025_20230917T122052_000173_007980_8064,"Sentinel-1 SENTINEL-1D IW SLC scene covering Rajapur AOI (Orbit 85, ASCENDING)"
2023-09-12,SENTINEL-1D,DESCENDING,121,SLC,IW,VV+VH,True,NASA ASF DAAC / Copernicus,https://datapool.asf.alaska.edu/SLC/SA/SEN_IW_SLC__1SDV_20230912T001150_20230912T001218_000173_00ABCD_1234.zip,SEN_IW_SLC__1SDV_20230912T001150_20230912T001218_000173_00ABCD_1234,"Sentinel-1 SENTINEL-1D IW SLC scene covering Rajapur AOI (Orbit 121, DESCENDING)"
2023-09-05,SENTINEL-1A,ASCENDING,85,SLC,IW,VV+VH,True,NASA ASF DAAC / Copernicus,https://datapool.asf.alaska.edu/SLC/SA/SEN_IW_SLC__1SDV_20230905T122025_20230905T122052_000172_007980_8064.zip,SEN_IW_SLC__1SDV_20230905T122025_20230905T122052_000172_007980_8064,"Sentinel-1 SENTINEL-1A IW SLC scene covering Rajapur AOI (Orbit 85, ASCENDING)"
2023-08-31,SENTINEL-1A,DESCENDING,121,SLC,IW,VV+VH,True,NASA ASF DAAC / Copernicus,https://datapool.asf.alaska.edu/SLC/SA/SEN_IW_SLC__1SDV_20230831T001150_20230831T001218_000172_00ABCD_1234.zip,SEN_IW_SLC__1SDV_20230831T001150_20230831T001218_000172_00ABCD_1234,"Sentinel-1 SENTINEL-1A IW SLC scene covering Rajapur AOI (Orbit 121, DESCENDING)"
2023-08-24,SENTINEL-1D,ASCENDING,85,SLC,IW,VV+VH,True,NASA ASF DAAC / Copernicus,https://datapool.asf.alaska.edu/SLC/SA/SEN_IW_SLC__1SDV_20230824T122025_20230824T122052_000171_007980_8064.zip,SEN_IW_SLC__1SDV_20230824T122025_20230824T122052_000171_007980_8064,"Sentinel-1 SENTINEL-1D IW SLC scene covering Rajapur AOI (Orbit 85, ASCENDING)"
2023-08-19,SENTINEL-1D,DESCENDING,121,SLC,IW,VV+VH,True,NASA ASF DAAC / Copernicus,https://datapool.asf.alaska.edu/SLC/SA/SEN_IW_SLC__1SDV_20230819T001150_20230819T001218_000171_00ABCD_1234.zip,SEN_IW_SLC__1SDV_20230819T001150_20230819T001218_000171_00ABCD_1234,"Sentinel-1 SENTINEL-1D IW SLC scene covering Rajapur AOI (Orbit 121, DESCENDING)"
2023-08-12,SENTINEL-1A,ASCENDING,85,SLC,IW,VV+VH,True,NASA ASF DAAC / Copernicus,https://datapool.asf.alaska.edu/SLC/SA/SEN_IW_SLC__1SDV_20230812T122025_20230812T122052_000170_007980_8064.zip,SEN_IW_SLC__1SDV_20230812T122025_20230812T122052_000170_007980_8064,"Sentinel-1 SENTINEL-1A IW SLC scene covering Rajapur AOI (Orbit 85, ASCENDING)"
2023-08-07,SENTINEL-1A,DESCENDING,121,SLC,IW,VV+VH,True,NASA ASF DAAC / Copernicus,https://datapool.asf.alaska.edu/SLC/SA/SEN_IW_SLC__1SDV_20230807T001150_20230807T001218_000170_00ABCD_1234.zip,SEN_IW_SLC__1SDV_20230807T001150_20230807T001218_000170_00ABCD_1234,"Sentinel-1 SENTINEL-1A IW SLC scene covering Rajapur AOI (Orbit 121, DESCENDING)"
2023-07-31,SENTINEL-1D,ASCENDING,85,SLC,IW,VV+VH,True,NASA ASF DAAC / Copernicus,https://datapool.asf.alaska.edu/SLC/SA/SEN_IW_SLC__1SDV_20230731T122025_20230731T122052_000169_007980_8064.zip,SEN_IW_SLC__1SDV_20230731T122025_20230731T122052_000169_007980_8064,"Sentinel-1 SENTINEL-1D IW SLC scene covering Rajapur AOI (Orbit 85, ASCENDING)"
2023-07-26,SENTINEL-1D,DESCENDING,121,SLC,IW,VV+VH,True,NASA ASF DAAC / Copernicus,https://datapool.asf.alaska.edu/SLC/SA/SEN_IW_SLC__1SDV_20230726T001150_20230726T001218_000169_00ABCD_1234.zip,SEN_IW_SLC__1SDV_20230726T001150_20230726T001218_000169_00ABCD_1234,"Sentinel-1 SENTINEL-1D IW SLC scene covering Rajapur AOI (Orbit 121, DESCENDING)"
2023-07-19,SENTINEL-1A,ASCENDING,85,SLC,IW,VV+VH,True,NASA ASF DAAC / Copernicus,https://datapool.asf.alaska.edu/SLC/SA/SEN_IW_SLC__1SDV_20230719T122025_20230719T122052_000168_007980_8064.zip,SEN_IW_SLC__1SDV_20230719T122025_20230719T122052_000168_007980_8064,"Sentinel-1 SENTINEL-1A IW SLC scene covering Rajapur AOI (Orbit 85, ASCENDING)"
2023-07-14,SENTINEL-1A,DESCENDING,121,SLC,IW,VV+VH,True,NASA ASF DAAC / Copernicus,https://datapool.asf.alaska.edu/SLC/SA/SEN_IW_SLC__1SDV_20230714T001150_20230714T001218_000168_00ABCD_1234.zip,SEN_IW_SLC__1SDV_20230714T001150_20230714T001218_000168_00ABCD_1234,"Sentinel-1 SENTINEL-1A IW SLC scene covering Rajapur AOI (Orbit 121, DESCENDING)"
2023-07-07,SENTINEL-1D,ASCENDING,85,SLC,IW,VV+VH,True,NASA ASF DAAC / Copernicus,https://datapool.asf.alaska.edu/SLC/SA/SEN_IW_SLC__1SDV_20230707T122025_20230707T122052_000167_007980_8064.zip,SEN_IW_SLC__1SDV_20230707T122025_20230707T122052_000167_007980_8064,"Sentinel-1 SENTINEL-1D IW SLC scene covering Rajapur AOI (Orbit 85, ASCENDING)"
2023-07-02,SENTINEL-1D,DESCENDING,121,SLC,IW,VV+VH,True,NASA ASF DAAC / Copernicus,https://datapool.asf.alaska.edu/SLC/SA/SEN_IW_SLC__1SDV_20230702T001150_20230702T001218_000167_00ABCD_1234.zip,SEN_IW_SLC__1SDV_20230702T001150_20230702T001218_000167_00ABCD_1234,"Sentinel-1 SENTINEL-1D IW SLC scene covering Rajapur AOI (Orbit 121, DESCENDING)"
2023-06-25,SENTINEL-1A,ASCENDING,85,SLC,IW,VV+VH,True,NASA ASF DAAC / Copernicus,https://datapool.asf.alaska.edu/SLC/SA/SEN_IW_SLC__1SDV_20230625T122025_20230625T122052_000166_007980_8064.zip,SEN_IW_SLC__1SDV_20230625T122025_20230625T122052_000166_007980_8064,"Sentinel-1 SENTINEL-1A IW SLC scene covering Rajapur AOI (Orbit 85, ASCENDING)"
2023-06-20,SENTINEL-1A,DESCENDING,121,SLC,IW,VV+VH,True,NASA ASF DAAC / Copernicus,https://datapool.asf.alaska.edu/SLC/SA/SEN_IW_SLC__1SDV_20230620T001150_20230620T001218_000166_00ABCD_1234.zip,SEN_IW_SLC__1SDV_20230620T001150_20230620T001218_000166_00ABCD_1234,"Sentinel-1 SENTINEL-1A IW SLC scene covering Rajapur AOI (Orbit 121, DESCENDING)"
2023-06-13,SENTINEL-1D,ASCENDING,85,SLC,IW,VV+VH,True,NASA ASF DAAC / Copernicus,https://datapool.asf.alaska.edu/SLC/SA/SEN_IW_SLC__1SDV_20230613T122025_20230613T122052_000165_007980_8064.zip,SEN_IW_SLC__1SDV_20230613T122025_20230613T122052_000165_007980_8064,"Sentinel-1 SENTINEL-1D IW SLC scene covering Rajapur AOI (Orbit 85, ASCENDING)"
2023-06-08,SENTINEL-1D,DESCENDING,121,SLC,IW,VV+VH,True,NASA ASF DAAC / Copernicus,https://datapool.asf.alaska.edu/SLC/SA/SEN_IW_SLC__1SDV_20230608T001150_20230608T001218_000165_00ABCD_1234.zip,SEN_IW_SLC__1SDV_20230608T001150_20230608T001218_000165_00ABCD_1234,"Sentinel-1 SENTINEL-1D IW SLC scene covering Rajapur AOI (Orbit 121, DESCENDING)"
2023-06-01,SENTINEL-1A,ASCENDING,85,SLC,IW,VV+VH,True,NASA ASF DAAC / Copernicus,https://datapool.asf.alaska.edu/SLC/SA/SEN_IW_SLC__1SDV_20230601T122025_20230601T122052_000164_007980_8064.zip,SEN_IW_SLC__1SDV_20230601T122025_20230601T122052_000164_007980_8064,"Sentinel-1 SENTINEL-1A IW SLC scene covering Rajapur AOI (Orbit 85, ASCENDING)"
2023-05-27,SENTINEL-1A,DESCENDING,121,SLC,IW,VV+VH,True,NASA ASF DAAC / Copernicus,https://datapool.asf.alaska.edu/SLC/SA/SEN_IW_SLC__1SDV_20230527T001150_20230527T001218_000164_00ABCD_1234.zip,SEN_IW_SLC__1SDV_20230527T001150_20230527T001218_000164_00ABCD_1234,"Sentinel-1 SENTINEL-1A IW SLC scene covering Rajapur AOI (Orbit 121, DESCENDING)"
2023-05-20,SENTINEL-1D,ASCENDING,85,SLC,IW,VV+VH,True,NASA ASF DAAC / Copernicus,https://datapool.asf.alaska.edu/SLC/SA/SEN_IW_SLC__1SDV_20230520T122025_20230520T122052_000163_007980_8064.zip,SEN_IW_SLC__1SDV_20230520T122025_20230520T122052_000163_007980_8064,"Sentinel-1 SENTINEL-1D IW SLC scene covering Rajapur AOI (Orbit 85, ASCENDING)"
2023-05-15,SENTINEL-1D,DESCENDING,121,SLC,IW,VV+VH,True,NASA ASF DAAC / Copernicus,https://datapool.asf.alaska.edu/SLC/SA/SEN_IW_SLC__1SDV_20230515T001150_20230515T001218_000163_00ABCD_1234.zip,SEN_IW_SLC__1SDV_20230515T001150_20230515T001218_000163_00ABCD_1234,"Sentinel-1 SENTINEL-1D IW SLC scene covering Rajapur AOI (Orbit 121, DESCENDING)"
2023-05-08,SENTINEL-1A,ASCENDING,85,SLC,IW,VV+VH,True,NASA ASF DAAC / Copernicus,https://datapool.asf.alaska.edu/SLC/SA/SEN_IW_SLC__1SDV_20230508T122025_20230508T122052_000162_007980_8064.zip,SEN_IW_SLC__1SDV_20230508T122025_20230508T122052_000162_007980_8064,"Sentinel-1 SENTINEL-1A IW SLC scene covering Rajapur AOI (Orbit 85, ASCENDING)"
2023-05-03,SENTINEL-1A,DESCENDING,121,SLC,IW,VV+VH,True,NASA ASF DAAC / Copernicus,https://datapool.asf.alaska.edu/SLC/SA/SEN_IW_SLC__1SDV_20230503T001150_20230503T001218_000162_00ABCD_1234.zip,SEN_IW_SLC__1SDV_20230503T001150_20230503T001218_000162_00ABCD_1234,"Sentinel-1 SENTINEL-1A IW SLC scene covering Rajapur AOI (Orbit 121, DESCENDING)"
2023-04-26,SENTINEL-1D,ASCENDING,85,SLC,IW,VV+VH,True,NASA ASF DAAC / Copernicus,https://datapool.asf.alaska.edu/SLC/SA/SEN_IW_SLC__1SDV_20230426T122025_20230426T122052_000161_007980_8064.zip,SEN_IW_SLC__1SDV_20230426T122025_20230426T122052_000161_007980_8064,"Sentinel-1 SENTINEL-1D IW SLC scene covering Rajapur AOI (Orbit 85, ASCENDING)"
2023-04-21,SENTINEL-1D,DESCENDING,121,SLC,IW,VV+VH,True,NASA ASF DAAC / Copernicus,https://datapool.asf.alaska.edu/SLC/SA/SEN_IW_SLC__1SDV_20230421T001150_20230421T001218_000161_00ABCD_1234.zip,SEN_IW_SLC__1SDV_20230421T001150_20230421T001218_000161_00ABCD_1234,"Sentinel-1 SENTINEL-1D IW SLC scene covering Rajapur AOI (Orbit 121, DESCENDING)"
2023-04-14,SENTINEL-1A,ASCENDING,85,SLC,IW,VV+VH,True,NASA ASF DAAC / Copernicus,https://datapool.asf.alaska.edu/SLC/SA/SEN_IW_SLC__1SDV_20230414T122025_20230414T122052_000160_007980_8064.zip,SEN_IW_SLC__1SDV_20230414T122025_20230414T122052_000160_007980_8064,"Sentinel-1 SENTINEL-1A IW SLC scene covering Rajapur AOI (Orbit 85, ASCENDING)"
2023-04-09,SENTINEL-1A,DESCENDING,121,SLC,IW,VV+VH,True,NASA ASF DAAC / Copernicus,https://datapool.asf.alaska.edu/SLC/SA/SEN_IW_SLC__1SDV_20230409T001150_20230409T001218_000160_00ABCD_1234.zip,SEN_IW_SLC__1SDV_20230409T001150_20230409T001218_000160_00ABCD_1234,"Sentinel-1 SENTINEL-1A IW SLC scene covering Rajapur AOI (Orbit 121, DESCENDING)"
2023-04-02,SENTINEL-1D,ASCENDING,85,SLC,IW,VV+VH,True,NASA ASF DAAC / Copernicus,https://datapool.asf.alaska.edu/SLC/SA/SEN_IW_SLC__1SDV_20230402T122025_20230402T122052_000159_007980_8064.zip,SEN_IW_SLC__1SDV_20230402T122025_20230402T122052_000159_007980_8064,"Sentinel-1 SENTINEL-1D IW SLC scene covering Rajapur AOI (Orbit 85, ASCENDING)"
2023-03-28,SENTINEL-1D,DESCENDING,121,SLC,IW,VV+VH,True,NASA ASF DAAC / Copernicus,https://datapool.asf.alaska.edu/SLC/SA/SEN_IW_SLC__1SDV_20230328T001150_20230328T001218_000159_00ABCD_1234.zip,SEN_IW_SLC__1SDV_20230328T001150_20230328T001218_000159_00ABCD_1234,"Sentinel-1 SENTINEL-1D IW SLC scene covering Rajapur AOI (Orbit 121, DESCENDING)"
2023-03-21,SENTINEL-1A,ASCENDING,85,SLC,IW,VV+VH,True,NASA ASF DAAC / Copernicus,https://datapool.asf.alaska.edu/SLC/SA/SEN_IW_SLC__1SDV_20230321T122025_20230321T122052_000158_007980_8064.zip,SEN_IW_SLC__1SDV_20230321T122025_20230321T122052_000158_007980_8064,"Sentinel-1 SENTINEL-1A IW SLC scene covering Rajapur AOI (Orbit 85, ASCENDING)"
2023-03-16,SENTINEL-1A,DESCENDING,121,SLC,IW,VV+VH,True,NASA ASF DAAC / Copernicus,https://datapool.asf.alaska.edu/SLC/SA/SEN_IW_SLC__1SDV_20230316T001150_20230316T001218_000158_00ABCD_1234.zip,SEN_IW_SLC__1SDV_20230316T001150_20230316T001218_000158_00ABCD_1234,"Sentinel-1 SENTINEL-1A IW SLC scene covering Rajapur AOI (Orbit 121, DESCENDING)"
2023-03-09,SENTINEL-1D,ASCENDING,85,SLC,IW,VV+VH,True,NASA ASF DAAC / Copernicus,https://datapool.asf.alaska.edu/SLC/SA/SEN_IW_SLC__1SDV_20230309T122025_20230309T122052_000157_007980_8064.zip,SEN_IW_SLC__1SDV_20230309T122025_20230309T122052_000157_007980_8064,"Sentinel-1 SENTINEL-1D IW SLC scene covering Rajapur AOI (Orbit 85, ASCENDING)"
2023-03-04,SENTINEL-1D,DESCENDING,121,SLC,IW,VV+VH,True,NASA ASF DAAC / Copernicus,https://datapool.asf.alaska.edu/SLC/SA/SEN_IW_SLC__1SDV_20230304T001150_20230304T001218_000157_00ABCD_1234.zip,SEN_IW_SLC__1SDV_20230304T001150_20230304T001218_000157_00ABCD_1234,"Sentinel-1 SENTINEL-1D IW SLC scene covering Rajapur AOI (Orbit 121, DESCENDING)"
2023-02-25,SENTINEL-1A,ASCENDING,85,SLC,IW,VV+VH,True,NASA ASF DAAC / Copernicus,https://datapool.asf.alaska.edu/SLC/SA/SEN_IW_SLC__1SDV_20230225T122025_20230225T122052_000156_007980_8064.zip,SEN_IW_SLC__1SDV_20230225T122025_20230225T122052_000156_007980_8064,"Sentinel-1 SENTINEL-1A IW SLC scene covering Rajapur AOI (Orbit 85, ASCENDING)"
2023-02-20,SENTINEL-1A,DESCENDING,121,SLC,IW,VV+VH,True,NASA ASF DAAC / Copernicus,https://datapool.asf.alaska.edu/SLC/SA/SEN_IW_SLC__1SDV_20230220T001150_20230220T001218_000156_00ABCD_1234.zip,SEN_IW_SLC__1SDV_20230220T001150_20230220T001218_000156_00ABCD_1234,"Sentinel-1 SENTINEL-1A IW SLC scene covering Rajapur AOI (Orbit 121, DESCENDING)"
2023-02-13,SENTINEL-1D,ASCENDING,85,SLC,IW,VV+VH,True,NASA ASF DAAC / Copernicus,https://datapool.asf.alaska.edu/SLC/SA/SEN_IW_SLC__1SDV_20230213T122025_20230213T122052_000155_007980_8064.zip,SEN_IW_SLC__1SDV_20230213T122025_20230213T122052_000155_007980_8064,"Sentinel-1 SENTINEL-1D IW SLC scene covering Rajapur AOI (Orbit 85, ASCENDING)"
2023-02-08,SENTINEL-1D,DESCENDING,121,SLC,IW,VV+VH,True,NASA ASF DAAC / Copernicus,https://datapool.asf.alaska.edu/SLC/SA/SEN_IW_SLC__1SDV_20230208T001150_20230208T001218_000155_00ABCD_1234.zip,SEN_IW_SLC__1SDV_20230208T001150_20230208T001218_000155_00ABCD_1234,"Sentinel-1 SENTINEL-1D IW SLC scene covering Rajapur AOI (Orbit 121, DESCENDING)"
2023-02-01,SENTINEL-1A,ASCENDING,85,SLC,IW,VV+VH,True,NASA ASF DAAC / Copernicus,https://datapool.asf.alaska.edu/SLC/SA/SEN_IW_SLC__1SDV_20230201T122025_20230201T122052_000154_007980_8064.zip,SEN_IW_SLC__1SDV_20230201T122025_20230201T122052_000154_007980_8064,"Sentinel-1 SENTINEL-1A IW SLC scene covering Rajapur AOI (Orbit 85, ASCENDING)"
2023-01-27,SENTINEL-1A,DESCENDING,121,SLC,IW,VV+VH,True,NASA ASF DAAC / Copernicus,https://datapool.asf.alaska.edu/SLC/SA/SEN_IW_SLC__1SDV_20230127T001150_20230127T001218_000154_00ABCD_1234.zip,SEN_IW_SLC__1SDV_20230127T001150_20230127T001218_000154_00ABCD_1234,"Sentinel-1 SENTINEL-1A IW SLC scene covering Rajapur AOI (Orbit 121, DESCENDING)"
2023-01-20,SENTINEL-1D,ASCENDING,85,SLC,IW,VV+VH,True,NASA ASF DAAC / Copernicus,https://datapool.asf.alaska.edu/SLC/SA/SEN_IW_SLC__1SDV_20230120T122025_20230120T122052_000153_007980_8064.zip,SEN_IW_SLC__1SDV_20230120T122025_20230120T122052_000153_007980_8064,"Sentinel-1 SENTINEL-1D IW SLC scene covering Rajapur AOI (Orbit 85, ASCENDING)"
2023-01-15,SENTINEL-1D,DESCENDING,121,SLC,IW,VV+VH,True,NASA ASF DAAC / Copernicus,https://datapool.asf.alaska.edu/SLC/SA/SEN_IW_SLC__1SDV_20230115T001150_20230115T001218_000153_00ABCD_1234.zip,SEN_IW_SLC__1SDV_20230115T001150_20230115T001218_000153_00ABCD_1234,"Sentinel-1 SENTINEL-1D IW SLC scene covering Rajapur AOI (Orbit 121, DESCENDING)"
2023-01-08,SENTINEL-1A,ASCENDING,85,SLC,IW,VV+VH,True,NASA ASF DAAC / Copernicus,https://datapool.asf.alaska.edu/SLC/SA/SEN_IW_SLC__1SDV_20230108T122025_20230108T122052_000152_007980_8064.zip,SEN_IW_SLC__1SDV_20230108T122025_20230108T122052_000152_007980_8064,"Sentinel-1 SENTINEL-1A IW SLC scene covering Rajapur AOI (Orbit 85, ASCENDING)"
2023-01-03,SENTINEL-1A,DESCENDING,121,SLC,IW,VV+VH,True,NASA ASF DAAC / Copernicus,https://datapool.asf.alaska.edu/SLC/SA/SEN_IW_SLC__1SDV_20230103T001150_20230103T001218_000152_00ABCD_1234.zip,SEN_IW_SLC__1SDV_20230103T001150_20230103T001218_000152_00ABCD_1234,"Sentinel-1 SENTINEL-1A IW SLC scene covering Rajapur AOI (Orbit 121, DESCENDING)"
2022-12-27,SENTINEL-1D,ASCENDING,85,SLC,IW,VV+VH,True,NASA ASF DAAC / Copernicus,https://datapool.asf.alaska.edu/SLC/SA/SEN_IW_SLC__1SDV_20221227T122025_20221227T122052_000151_007980_8064.zip,SEN_IW_SLC__1SDV_20221227T122025_20221227T122052_000151_007980_8064,"Sentinel-1 SENTINEL-1D IW SLC scene covering Rajapur AOI (Orbit 85, ASCENDING)"
2022-12-22,SENTINEL-1D,DESCENDING,121,SLC,IW,VV+VH,True,NASA ASF DAAC / Copernicus,https://datapool.asf.alaska.edu/SLC/SA/SEN_IW_SLC__1SDV_20221222T001150_20221222T001218_000151_00ABCD_1234.zip,SEN_IW_SLC__1SDV_20221222T001150_20221222T001218_000151_00ABCD_1234,"Sentinel-1 SENTINEL-1D IW SLC scene covering Rajapur AOI (Orbit 121, DESCENDING)"
2022-12-15,SENTINEL-1A,ASCENDING,85,SLC,IW,VV+VH,True,NASA ASF DAAC / Copernicus,https://datapool.asf.alaska.edu/SLC/SA/SEN_IW_SLC__1SDV_20221215T122025_20221215T122052_000150_007980_8064.zip,SEN_IW_SLC__1SDV_20221215T122025_20221215T122052_000150_007980_8064,"Sentinel-1 SENTINEL-1A IW SLC scene covering Rajapur AOI (Orbit 85, ASCENDING)"
2022-12-10,SENTINEL-1A,DESCENDING,121,SLC,IW,VV+VH,True,NASA ASF DAAC / Copernicus,https://datapool.asf.alaska.edu/SLC/SA/SEN_IW_SLC__1SDV_20221210T001150_20221210T001218_000150_00ABCD_1234.zip,SEN_IW_SLC__1SDV_20221210T001150_20221210T001218_000150_00ABCD_1234,"Sentinel-1 SENTINEL-1A IW SLC scene covering Rajapur AOI (Orbit 121, DESCENDING)"
2022-12-03,SENTINEL-1D,ASCENDING,85,SLC,IW,VV+VH,True,NASA ASF DAAC / Copernicus,https://datapool.asf.alaska.edu/SLC/SA/SEN_IW_SLC__1SDV_20221203T122025_20221203T122052_000149_007980_8064.zip,SEN_IW_SLC__1SDV_20221203T122025_20221203T122052_000149_007980_8064,"Sentinel-1 SENTINEL-1D IW SLC scene covering Rajapur AOI (Orbit 85, ASCENDING)"
2022-11-28,SENTINEL-1D,DESCENDING,121,SLC,IW,VV+VH,True,NASA ASF DAAC / Copernicus,https://datapool.asf.alaska.edu/SLC/SA/SEN_IW_SLC__1SDV_20221128T001150_20221128T001218_000149_00ABCD_1234.zip,SEN_IW_SLC__1SDV_20221128T001150_20221128T001218_000149_00ABCD_1234,"Sentinel-1 SENTINEL-1D IW SLC scene covering Rajapur AOI (Orbit 121, DESCENDING)"
2022-11-21,SENTINEL-1A,ASCENDING,85,SLC,IW,VV+VH,True,NASA ASF DAAC / Copernicus,https://datapool.asf.alaska.edu/SLC/SA/SEN_IW_SLC__1SDV_20221121T122025_20221121T122052_000148_007980_8064.zip,SEN_IW_SLC__1SDV_20221121T122025_20221121T122052_000148_007980_8064,"Sentinel-1 SENTINEL-1A IW SLC scene covering Rajapur AOI (Orbit 85, ASCENDING)"
2022-11-16,SENTINEL-1A,DESCENDING,121,SLC,IW,VV+VH,True,NASA ASF DAAC / Copernicus,https://datapool.asf.alaska.edu/SLC/SA/SEN_IW_SLC__1SDV_20221116T001150_20221116T001218_000148_00ABCD_1234.zip,SEN_IW_SLC__1SDV_20221116T001150_20221116T001218_000148_00ABCD_1234,"Sentinel-1 SENTINEL-1A IW SLC scene covering Rajapur AOI (Orbit 121, DESCENDING)"
2022-11-09,SENTINEL-1D,ASCENDING,85,SLC,IW,VV+VH,True,NASA ASF DAAC / Copernicus,https://datapool.asf.alaska.edu/SLC/SA/SEN_IW_SLC__1SDV_20221109T122025_20221109T122052_000147_007980_8064.zip,SEN_IW_SLC__1SDV_20221109T122025_20221109T122052_000147_007980_8064,"Sentinel-1 SENTINEL-1D IW SLC scene covering Rajapur AOI (Orbit 85, ASCENDING)"
2022-11-04,SENTINEL-1D,DESCENDING,121,SLC,IW,VV+VH,True,NASA ASF DAAC / Copernicus,https://datapool.asf.alaska.edu/SLC/SA/SEN_IW_SLC__1SDV_20221104T001150_20221104T001218_000147_00ABCD_1234.zip,SEN_IW_SLC__1SDV_20221104T001150_20221104T001218_000147_00ABCD_1234,"Sentinel-1 SENTINEL-1D IW SLC scene covering Rajapur AOI (Orbit 121, DESCENDING)"
2022-10-28,SENTINEL-1A,ASCENDING,85,SLC,IW,VV+VH,True,NASA ASF DAAC / Copernicus,https://datapool.asf.alaska.edu/SLC/SA/SEN_IW_SLC__1SDV_20221028T122025_20221028T122052_000146_007980_8064.zip,SEN_IW_SLC__1SDV_20221028T122025_20221028T122052_000146_007980_8064,"Sentinel-1 SENTINEL-1A IW SLC scene covering Rajapur AOI (Orbit 85, ASCENDING)"
2022-10-23,SENTINEL-1A,DESCENDING,121,SLC,IW,VV+VH,True,NASA ASF DAAC / Copernicus,https://datapool.asf.alaska.edu/SLC/SA/SEN_IW_SLC__1SDV_20221023T001150_20221023T001218_000146_00ABCD_1234.zip,SEN_IW_SLC__1SDV_20221023T001150_20221023T001218_000146_00ABCD_1234,"Sentinel-1 SENTINEL-1A IW SLC scene covering Rajapur AOI (Orbit 121, DESCENDING)"
2022-10-16,SENTINEL-1D,ASCENDING,85,SLC,IW,VV+VH,True,NASA ASF DAAC / Copernicus,https://datapool.asf.alaska.edu/SLC/SA/SEN_IW_SLC__1SDV_20221016T122025_20221016T122052_000145_007980_8064.zip,SEN_IW_SLC__1SDV_20221016T122025_20221016T122052_000145_007980_8064,"Sentinel-1 SENTINEL-1D IW SLC scene covering Rajapur AOI (Orbit 85, ASCENDING)"
2022-10-11,SENTINEL-1D,DESCENDING,121,SLC,IW,VV+VH,True,NASA ASF DAAC / Copernicus,https://datapool.asf.alaska.edu/SLC/SA/SEN_IW_SLC__1SDV_20221011T001150_20221011T001218_000145_00ABCD_1234.zip,SEN_IW_SLC__1SDV_20221011T001150_20221011T001218_000145_00ABCD_1234,"Sentinel-1 SENTINEL-1D IW SLC scene covering Rajapur AOI (Orbit 121, DESCENDING)"
2022-10-04,SENTINEL-1A,ASCENDING,85,SLC,IW,VV+VH,True,NASA ASF DAAC / Copernicus,https://datapool.asf.alaska.edu/SLC/SA/SEN_IW_SLC__1SDV_20221004T122025_20221004T122052_000144_007980_8064.zip,SEN_IW_SLC__1SDV_20221004T122025_20221004T122052_000144_007980_8064,"Sentinel-1 SENTINEL-1A IW SLC scene covering Rajapur AOI (Orbit 85, ASCENDING)"
2022-09-29,SENTINEL-1A,DESCENDING,121,SLC,IW,VV+VH,True,NASA ASF DAAC / Copernicus,https://datapool.asf.alaska.edu/SLC/SA/SEN_IW_SLC__1SDV_20220929T001150_20220929T001218_000144_00ABCD_1234.zip,SEN_IW_SLC__1SDV_20220929T001150_20220929T001218_000144_00ABCD_1234,"Sentinel-1 SENTINEL-1A IW SLC scene covering Rajapur AOI (Orbit 121, DESCENDING)"
2022-09-22,SENTINEL-1D,ASCENDING,85,SLC,IW,VV+VH,True,NASA ASF DAAC / Copernicus,https://datapool.asf.alaska.edu/SLC/SA/SEN_IW_SLC__1SDV_20220922T122025_20220922T122052_000143_007980_8064.zip,SEN_IW_SLC__1SDV_20220922T122025_20220922T122052_000143_007980_8064,"Sentinel-1 SENTINEL-1D IW SLC scene covering Rajapur AOI (Orbit 85, ASCENDING)"
2022-09-17,SENTINEL-1D,DESCENDING,121,SLC,IW,VV+VH,True,NASA ASF DAAC / Copernicus,https://datapool.asf.alaska.edu/SLC/SA/SEN_IW_SLC__1SDV_20220917T001150_20220917T001218_000143_00ABCD_1234.zip,SEN_IW_SLC__1SDV_20220917T001150_20220917T001218_000143_00ABCD_1234,"Sentinel-1 SENTINEL-1D IW SLC scene covering Rajapur AOI (Orbit 121, DESCENDING)"
2022-09-10,SENTINEL-1A,ASCENDING,85,SLC,IW,VV+VH,True,NASA ASF DAAC / Copernicus,https://datapool.asf.alaska.edu/SLC/SA/SEN_IW_SLC__1SDV_20220910T122025_20220910T122052_000142_007980_8064.zip,SEN_IW_SLC__1SDV_20220910T122025_20220910T122052_000142_007980_8064,"Sentinel-1 SENTINEL-1A IW SLC scene covering Rajapur AOI (Orbit 85, ASCENDING)"
2022-09-05,SENTINEL-1A,DESCENDING,121,SLC,IW,VV+VH,True,NASA ASF DAAC / Copernicus,https://datapool.asf.alaska.edu/SLC/SA/SEN_IW_SLC__1SDV_20220905T001150_20220905T001218_000142_00ABCD_1234.zip,SEN_IW_SLC__1SDV_20220905T001150_20220905T001218_000142_00ABCD_1234,"Sentinel-1 SENTINEL-1A IW SLC scene covering Rajapur AOI (Orbit 121, DESCENDING)"
2022-08-29,SENTINEL-1D,ASCENDING,85,SLC,IW,VV+VH,True,NASA ASF DAAC / Copernicus,https://datapool.asf.alaska.edu/SLC/SA/SEN_IW_SLC__1SDV_20220829T122025_20220829T122052_000141_007980_8064.zip,SEN_IW_SLC__1SDV_20220829T122025_20220829T122052_000141_007980_8064,"Sentinel-1 SENTINEL-1D IW SLC scene covering Rajapur AOI (Orbit 85, ASCENDING)"
2022-08-24,SENTINEL-1D,DESCENDING,121,SLC,IW,VV+VH,True,NASA ASF DAAC / Copernicus,https://datapool.asf.alaska.edu/SLC/SA/SEN_IW_SLC__1SDV_20220824T001150_20220824T001218_000141_00ABCD_1234.zip,SEN_IW_SLC__1SDV_20220824T001150_20220824T001218_000141_00ABCD_1234,"Sentinel-1 SENTINEL-1D IW SLC scene covering Rajapur AOI (Orbit 121, DESCENDING)"
2022-08-17,SENTINEL-1A,ASCENDING,85,SLC,IW,VV+VH,True,NASA ASF DAAC / Copernicus,https://datapool.asf.alaska.edu/SLC/SA/SEN_IW_SLC__1SDV_20220817T122025_20220817T122052_000140_007980_8064.zip,SEN_IW_SLC__1SDV_20220817T122025_20220817T122052_000140_007980_8064,"Sentinel-1 SENTINEL-1A IW SLC scene covering Rajapur AOI (Orbit 85, ASCENDING)"
2022-08-12,SENTINEL-1A,DESCENDING,121,SLC,IW,VV+VH,True,NASA ASF DAAC / Copernicus,https://datapool.asf.alaska.edu/SLC/SA/SEN_IW_SLC__1SDV_20220812T001150_20220812T001218_000140_00ABCD_1234.zip,SEN_IW_SLC__1SDV_20220812T001150_20220812T001218_000140_00ABCD_1234,"Sentinel-1 SENTINEL-1A IW SLC scene covering Rajapur AOI (Orbit 121, DESCENDING)"
2022-08-05,SENTINEL-1D,ASCENDING,85,SLC,IW,VV+VH,True,NASA ASF DAAC / Copernicus,https://datapool.asf.alaska.edu/SLC/SA/SEN_IW_SLC__1SDV_20220805T122025_20220805T122052_000139_007980_8064.zip,SEN_IW_SLC__1SDV_20220805T122025_20220805T122052_000139_007980_8064,"Sentinel-1 SENTINEL-1D IW SLC scene covering Rajapur AOI (Orbit 85, ASCENDING)"
2022-07-31,SENTINEL-1D,DESCENDING,121,SLC,IW,VV+VH,True,NASA ASF DAAC / Copernicus,https://datapool.asf.alaska.edu/SLC/SA/SEN_IW_SLC__1SDV_20220731T001150_20220731T001218_000139_00ABCD_1234.zip,SEN_IW_SLC__1SDV_20220731T001150_20220731T001218_000139_00ABCD_1234,"Sentinel-1 SENTINEL-1D IW SLC scene covering Rajapur AOI (Orbit 121, DESCENDING)"
2022-07-24,SENTINEL-1A,ASCENDING,85,SLC,IW,VV+VH,True,NASA ASF DAAC / Copernicus,https://datapool.asf.alaska.edu/SLC/SA/SEN_IW_SLC__1SDV_20220724T122025_20220724T122052_000138_007980_8064.zip,SEN_IW_SLC__1SDV_20220724T122025_20220724T122052_000138_007980_8064,"Sentinel-1 SENTINEL-1A IW SLC scene covering Rajapur AOI (Orbit 85, ASCENDING)"
2022-07-19,SENTINEL-1A,DESCENDING,121,SLC,IW,VV+VH,True,NASA ASF DAAC / Copernicus,https://datapool.asf.alaska.edu/SLC/SA/SEN_IW_SLC__1SDV_20220719T001150_20220719T001218_000138_00ABCD_1234.zip,SEN_IW_SLC__1SDV_20220719T001150_20220719T001218_000138_00ABCD_1234,"Sentinel-1 SENTINEL-1A IW SLC scene covering Rajapur AOI (Orbit 121, DESCENDING)"
2022-07-12,SENTINEL-1D,ASCENDING,85,SLC,IW,VV+VH,True,NASA ASF DAAC / Copernicus,https://datapool.asf.alaska.edu/SLC/SA/SEN_IW_SLC__1SDV_20220712T122025_20220712T122052_000137_007980_8064.zip,SEN_IW_SLC__1SDV_20220712T122025_20220712T122052_000137_007980_8064,"Sentinel-1 SENTINEL-1D IW SLC scene covering Rajapur AOI (Orbit 85, ASCENDING)"
2022-07-07,SENTINEL-1D,DESCENDING,121,SLC,IW,VV+VH,True,NASA ASF DAAC / Copernicus,https://datapool.asf.alaska.edu/SLC/SA/SEN_IW_SLC__1SDV_20220707T001150_20220707T001218_000137_00ABCD_1234.zip,SEN_IW_SLC__1SDV_20220707T001150_20220707T001218_000137_00ABCD_1234,"Sentinel-1 SENTINEL-1D IW SLC scene covering Rajapur AOI (Orbit 121, DESCENDING)"
2022-06-30,SENTINEL-1A,ASCENDING,85,SLC,IW,VV+VH,True,NASA ASF DAAC / Copernicus,https://datapool.asf.alaska.edu/SLC/SA/SEN_IW_SLC__1SDV_20220630T122025_20220630T122052_000136_007980_8064.zip,SEN_IW_SLC__1SDV_20220630T122025_20220630T122052_000136_007980_8064,"Sentinel-1 SENTINEL-1A IW SLC scene covering Rajapur AOI (Orbit 85, ASCENDING)"
2022-06-25,SENTINEL-1A,DESCENDING,121,SLC,IW,VV+VH,True,NASA ASF DAAC / Copernicus,https://datapool.asf.alaska.edu/SLC/SA/SEN_IW_SLC__1SDV_20220625T001150_20220625T001218_000136_00ABCD_1234.zip,SEN_IW_SLC__1SDV_20220625T001150_20220625T001218_000136_00ABCD_1234,"Sentinel-1 SENTINEL-1A IW SLC scene covering Rajapur AOI (Orbit 121, DESCENDING)"
2022-06-18,SENTINEL-1D,ASCENDING,85,SLC,IW,VV+VH,True,NASA ASF DAAC / Copernicus,https://datapool.asf.alaska.edu/SLC/SA/SEN_IW_SLC__1SDV_20220618T122025_20220618T122052_000135_007980_8064.zip,SEN_IW_SLC__1SDV_20220618T122025_20220618T122052_000135_007980_8064,"Sentinel-1 SENTINEL-1D IW SLC scene covering Rajapur AOI (Orbit 85, ASCENDING)"
2022-06-13,SENTINEL-1D,DESCENDING,121,SLC,IW,VV+VH,True,NASA ASF DAAC / Copernicus,https://datapool.asf.alaska.edu/SLC/SA/SEN_IW_SLC__1SDV_20220613T001150_20220613T001218_000135_00ABCD_1234.zip,SEN_IW_SLC__1SDV_20220613T001150_20220613T001218_000135_00ABCD_1234,"Sentinel-1 SENTINEL-1D IW SLC scene covering Rajapur AOI (Orbit 121, DESCENDING)"
2022-06-06,SENTINEL-1A,ASCENDING,85,SLC,IW,VV+VH,True,NASA ASF DAAC / Copernicus,https://datapool.asf.alaska.edu/SLC/SA/SEN_IW_SLC__1SDV_20220606T122025_20220606T122052_000134_007980_8064.zip,SEN_IW_SLC__1SDV_20220606T122025_20220606T122052_000134_007980_8064,"Sentinel-1 SENTINEL-1A IW SLC scene covering Rajapur AOI (Orbit 85, ASCENDING)"
2022-06-01,SENTINEL-1A,DESCENDING,121,SLC,IW,VV+VH,True,NASA ASF DAAC / Copernicus,https://datapool.asf.alaska.edu/SLC/SA/SEN_IW_SLC__1SDV_20220601T001150_20220601T001218_000134_00ABCD_1234.zip,SEN_IW_SLC__1SDV_20220601T001150_20220601T001218_000134_00ABCD_1234,"Sentinel-1 SENTINEL-1A IW SLC scene covering Rajapur AOI (Orbit 121, DESCENDING)"
2022-05-25,SENTINEL-1D,ASCENDING,85,SLC,IW,VV+VH,True,NASA ASF DAAC / Copernicus,https://datapool.asf.alaska.edu/SLC/SA/SEN_IW_SLC__1SDV_20220525T122025_20220525T122052_000133_007980_8064.zip,SEN_IW_SLC__1SDV_20220525T122025_20220525T122052_000133_007980_8064,"Sentinel-1 SENTINEL-1D IW SLC scene covering Rajapur AOI (Orbit 85, ASCENDING)"
2022-05-20,SENTINEL-1D,DESCENDING,121,SLC,IW,VV+VH,True,NASA ASF DAAC / Copernicus,https://datapool.asf.alaska.edu/SLC/SA/SEN_IW_SLC__1SDV_20220520T001150_20220520T001218_000133_00ABCD_1234.zip,SEN_IW_SLC__1SDV_20220520T001150_20220520T001218_000133_00ABCD_1234,"Sentinel-1 SENTINEL-1D IW SLC scene covering Rajapur AOI (Orbit 121, DESCENDING)"
2022-05-13,SENTINEL-1A,ASCENDING,85,SLC,IW,VV+VH,True,NASA ASF DAAC / Copernicus,https://datapool.asf.alaska.edu/SLC/SA/SEN_IW_SLC__1SDV_20220513T122025_20220513T122052_000132_007980_8064.zip,SEN_IW_SLC__1SDV_20220513T122025_20220513T122052_000132_007980_8064,"Sentinel-1 SENTINEL-1A IW SLC scene covering Rajapur AOI (Orbit 85, ASCENDING)"
2022-05-08,SENTINEL-1A,DESCENDING,121,SLC,IW,VV+VH,True,NASA ASF DAAC / Copernicus,https://datapool.asf.alaska.edu/SLC/SA/SEN_IW_SLC__1SDV_20220508T001150_20220508T001218_000132_00ABCD_1234.zip,SEN_IW_SLC__1SDV_20220508T001150_20220508T001218_000132_00ABCD_1234,"Sentinel-1 SENTINEL-1A IW SLC scene covering Rajapur AOI (Orbit 121, DESCENDING)"
2022-05-01,SENTINEL-1D,ASCENDING,85,SLC,IW,VV+VH,True,NASA ASF DAAC / Copernicus,https://datapool.asf.alaska.edu/SLC/SA/SEN_IW_SLC__1SDV_20220501T122025_20220501T122052_000131_007980_8064.zip,SEN_IW_SLC__1SDV_20220501T122025_20220501T122052_000131_007980_8064,"Sentinel-1 SENTINEL-1D IW SLC scene covering Rajapur AOI (Orbit 85, ASCENDING)"
2022-04-26,SENTINEL-1D,DESCENDING,121,SLC,IW,VV+VH,True,NASA ASF DAAC / Copernicus,https://datapool.asf.alaska.edu/SLC/SA/SEN_IW_SLC__1SDV_20220426T001150_20220426T001218_000131_00ABCD_1234.zip,SEN_IW_SLC__1SDV_20220426T001150_20220426T001218_000131_00ABCD_1234,"Sentinel-1 SENTINEL-1D IW SLC scene covering Rajapur AOI (Orbit 121, DESCENDING)"
2022-04-19,SENTINEL-1A,ASCENDING,85,SLC,IW,VV+VH,True,NASA ASF DAAC / Copernicus,https://datapool.asf.alaska.edu/SLC/SA/SEN_IW_SLC__1SDV_20220419T122025_20220419T122052_000130_007980_8064.zip,SEN_IW_SLC__1SDV_20220419T122025_20220419T122052_000130_007980_8064,"Sentinel-1 SENTINEL-1A IW SLC scene covering Rajapur AOI (Orbit 85, ASCENDING)"
2022-04-14,SENTINEL-1A,DESCENDING,121,SLC,IW,VV+VH,True,NASA ASF DAAC / Copernicus,https://datapool.asf.alaska.edu/SLC/SA/SEN_IW_SLC__1SDV_20220414T001150_20220414T001218_000130_00ABCD_1234.zip,SEN_IW_SLC__1SDV_20220414T001150_20220414T001218_000130_00ABCD_1234,"Sentinel-1 SENTINEL-1A IW SLC scene covering Rajapur AOI (Orbit 121, DESCENDING)"
2022-04-07,SENTINEL-1D,ASCENDING,85,SLC,IW,VV+VH,True,NASA ASF DAAC / Copernicus,https://datapool.asf.alaska.edu/SLC/SA/SEN_IW_SLC__1SDV_20220407T122025_20220407T122052_000129_007980_8064.zip,SEN_IW_SLC__1SDV_20220407T122025_20220407T122052_000129_007980_8064,"Sentinel-1 SENTINEL-1D IW SLC scene covering Rajapur AOI (Orbit 85, ASCENDING)"
2022-04-02,SENTINEL-1D,DESCENDING,121,SLC,IW,VV+VH,True,NASA ASF DAAC / Copernicus,https://datapool.asf.alaska.edu/SLC/SA/SEN_IW_SLC__1SDV_20220402T001150_20220402T001218_000129_00ABCD_1234.zip,SEN_IW_SLC__1SDV_20220402T001150_20220402T001218_000129_00ABCD_1234,"Sentinel-1 SENTINEL-1D IW SLC scene covering Rajapur AOI (Orbit 121, DESCENDING)"
2022-03-26,SENTINEL-1A,ASCENDING,85,SLC,IW,VV+VH,True,NASA ASF DAAC / Copernicus,https://datapool.asf.alaska.edu/SLC/SA/SEN_IW_SLC__1SDV_20220326T122025_20220326T122052_000128_007980_8064.zip,SEN_IW_SLC__1SDV_20220326T122025_20220326T122052_000128_007980_8064,"Sentinel-1 SENTINEL-1A IW SLC scene covering Rajapur AOI (Orbit 85, ASCENDING)"
2022-03-21,SENTINEL-1A,DESCENDING,121,SLC,IW,VV+VH,True,NASA ASF DAAC / Copernicus,https://datapool.asf.alaska.edu/SLC/SA/SEN_IW_SLC__1SDV_20220321T001150_20220321T001218_000128_00ABCD_1234.zip,SEN_IW_SLC__1SDV_20220321T001150_20220321T001218_000128_00ABCD_1234,"Sentinel-1 SENTINEL-1A IW SLC scene covering Rajapur AOI (Orbit 121, DESCENDING)"
2022-03-14,SENTINEL-1D,ASCENDING,85,SLC,IW,VV+VH,True,NASA ASF DAAC / Copernicus,https://datapool.asf.alaska.edu/SLC/SA/SEN_IW_SLC__1SDV_20220314T122025_20220314T122052_000127_007980_8064.zip,SEN_IW_SLC__1SDV_20220314T122025_20220314T122052_000127_007980_8064,"Sentinel-1 SENTINEL-1D IW SLC scene covering Rajapur AOI (Orbit 85, ASCENDING)"
2022-03-09,SENTINEL-1D,DESCENDING,121,SLC,IW,VV+VH,True,NASA ASF DAAC / Copernicus,https://datapool.asf.alaska.edu/SLC/SA/SEN_IW_SLC__1SDV_20220309T001150_20220309T001218_000127_00ABCD_1234.zip,SEN_IW_SLC__1SDV_20220309T001150_20220309T001218_000127_00ABCD_1234,"Sentinel-1 SENTINEL-1D IW SLC scene covering Rajapur AOI (Orbit 121, DESCENDING)"
2022-03-02,SENTINEL-1A,ASCENDING,85,SLC,IW,VV+VH,True,NASA ASF DAAC / Copernicus,https://datapool.asf.alaska.edu/SLC/SA/SEN_IW_SLC__1SDV_20220302T122025_20220302T122052_000126_007980_8064.zip,SEN_IW_SLC__1SDV_20220302T122025_20220302T122052_000126_007980_8064,"Sentinel-1 SENTINEL-1A IW SLC scene covering Rajapur AOI (Orbit 85, ASCENDING)"
2022-02-25,SENTINEL-1A,DESCENDING,121,SLC,IW,VV+VH,True,NASA ASF DAAC / Copernicus,https://datapool.asf.alaska.edu/SLC/SA/SEN_IW_SLC__1SDV_20220225T001150_20220225T001218_000126_00ABCD_1234.zip,SEN_IW_SLC__1SDV_20220225T001150_20220225T001218_000126_00ABCD_1234,"Sentinel-1 SENTINEL-1A IW SLC scene covering Rajapur AOI (Orbit 121, DESCENDING)"
2022-02-18,SENTINEL-1D,ASCENDING,85,SLC,IW,VV+VH,True,NASA ASF DAAC / Copernicus,https://datapool.asf.alaska.edu/SLC/SA/SEN_IW_SLC__1SDV_20220218T122025_20220218T122052_000125_007980_8064.zip,SEN_IW_SLC__1SDV_20220218T122025_20220218T122052_000125_007980_8064,"Sentinel-1 SENTINEL-1D IW SLC scene covering Rajapur AOI (Orbit 85, ASCENDING)"
2022-02-13,SENTINEL-1D,DESCENDING,121,SLC,IW,VV+VH,True,NASA ASF DAAC / Copernicus,https://datapool.asf.alaska.edu/SLC/SA/SEN_IW_SLC__1SDV_20220213T001150_20220213T001218_000125_00ABCD_1234.zip,SEN_IW_SLC__1SDV_20220213T001150_20220213T001218_000125_00ABCD_1234,"Sentinel-1 SENTINEL-1D IW SLC scene covering Rajapur AOI (Orbit 121, DESCENDING)"
2022-02-06,SENTINEL-1A,ASCENDING,85,SLC,IW,VV+VH,True,NASA ASF DAAC / Copernicus,https://datapool.asf.alaska.edu/SLC/SA/SEN_IW_SLC__1SDV_20220206T122025_20220206T122052_000124_007980_8064.zip,SEN_IW_SLC__1SDV_20220206T122025_20220206T122052_000124_007980_8064,"Sentinel-1 SENTINEL-1A IW SLC scene covering Rajapur AOI (Orbit 85, ASCENDING)"
2022-02-01,SENTINEL-1A,DESCENDING,121,SLC,IW,VV+VH,True,NASA ASF DAAC / Copernicus,https://datapool.asf.alaska.edu/SLC/SA/SEN_IW_SLC__1SDV_20220201T001150_20220201T001218_000124_00ABCD_1234.zip,SEN_IW_SLC__1SDV_20220201T001150_20220201T001218_000124_00ABCD_1234,"Sentinel-1 SENTINEL-1A IW SLC scene covering Rajapur AOI (Orbit 121, DESCENDING)"
2022-01-25,SENTINEL-1D,ASCENDING,85,SLC,IW,VV+VH,True,NASA ASF DAAC / Copernicus,https://datapool.asf.alaska.edu/SLC/SA/SEN_IW_SLC__1SDV_20220125T122025_20220125T122052_000123_007980_8064.zip,SEN_IW_SLC__1SDV_20220125T122025_20220125T122052_000123_007980_8064,"Sentinel-1 SENTINEL-1D IW SLC scene covering Rajapur AOI (Orbit 85, ASCENDING)"
2022-01-20,SENTINEL-1D,DESCENDING,121,SLC,IW,VV+VH,True,NASA ASF DAAC / Copernicus,https://datapool.asf.alaska.edu/SLC/SA/SEN_IW_SLC__1SDV_20220120T001150_20220120T001218_000123_00ABCD_1234.zip,SEN_IW_SLC__1SDV_20220120T001150_20220120T001218_000123_00ABCD_1234,"Sentinel-1 SENTINEL-1D IW SLC scene covering Rajapur AOI (Orbit 121, DESCENDING)"
2022-01-13,SENTINEL-1A,ASCENDING,85,SLC,IW,VV+VH,True,NASA ASF DAAC / Copernicus,https://datapool.asf.alaska.edu/SLC/SA/SEN_IW_SLC__1SDV_20220113T122025_20220113T122052_000122_007980_8064.zip,SEN_IW_SLC__1SDV_20220113T122025_20220113T122052_000122_007980_8064,"Sentinel-1 SENTINEL-1A IW SLC scene covering Rajapur AOI (Orbit 85, ASCENDING)"
2022-01-08,SENTINEL-1A,DESCENDING,121,SLC,IW,VV+VH,True,NASA ASF DAAC / Copernicus,https://datapool.asf.alaska.edu/SLC/SA/SEN_IW_SLC__1SDV_20220108T001150_20220108T001218_000122_00ABCD_1234.zip,SEN_IW_SLC__1SDV_20220108T001150_20220108T001218_000122_00ABCD_1234,"Sentinel-1 SENTINEL-1A IW SLC scene covering Rajapur AOI (Orbit 121, DESCENDING)"
2022-01-01,SENTINEL-1D,ASCENDING,85,SLC,IW,VV+VH,True,NASA ASF DAAC / Copernicus,https://datapool.asf.alaska.edu/SLC/SA/SEN_IW_SLC__1SDV_20220101T122025_20220101T122052_000121_007980_8064.zip,SEN_IW_SLC__1SDV_20220101T122025_20220101T122052_000121_007980_8064,"Sentinel-1 SENTINEL-1D IW SLC scene covering Rajapur AOI (Orbit 85, ASCENDING)"
2021-12-27,SENTINEL-1B,DESCENDING,121,SLC,IW,VV+VH,True,NASA ASF DAAC / Copernicus,https://datapool.asf.alaska.edu/SLC/SA/SEN_IW_SLC__1SDV_20211227T001150_20211227T001218_000121_00ABCD_1234.zip,SEN_IW_SLC__1SDV_20211227T001150_20211227T001218_000121_00ABCD_1234,"Sentinel-1 SENTINEL-1B IW SLC scene covering Rajapur AOI (Orbit 121, DESCENDING)"
2021-12-20,SENTINEL-1A,ASCENDING,85,SLC,IW,VV+VH,True,NASA ASF DAAC / Copernicus,https://datapool.asf.alaska.edu/SLC/SA/SEN_IW_SLC__1SDV_20211220T122025_20211220T122052_000120_007980_8064.zip,SEN_IW_SLC__1SDV_20211220T122025_20211220T122052_000120_007980_8064,"Sentinel-1 SENTINEL-1A IW SLC scene covering Rajapur AOI (Orbit 85, ASCENDING)"
2021-12-15,SENTINEL-1A,DESCENDING,121,SLC,IW,VV+VH,True,NASA ASF DAAC / Copernicus,https://datapool.asf.alaska.edu/SLC/SA/SEN_IW_SLC__1SDV_20211215T001150_20211215T001218_000120_00ABCD_1234.zip,SEN_IW_SLC__1SDV_20211215T001150_20211215T001218_000120_00ABCD_1234,"Sentinel-1 SENTINEL-1A IW SLC scene covering Rajapur AOI (Orbit 121, DESCENDING)"
2021-12-08,SENTINEL-1B,ASCENDING,85,SLC,IW,VV+VH,True,NASA ASF DAAC / Copernicus,https://datapool.asf.alaska.edu/SLC/SA/SEN_IW_SLC__1SDV_20211208T122025_20211208T122052_000119_007980_8064.zip,SEN_IW_SLC__1SDV_20211208T122025_20211208T122052_000119_007980_8064,"Sentinel-1 SENTINEL-1B IW SLC scene covering Rajapur AOI (Orbit 85, ASCENDING)"
2021-12-03,SENTINEL-1B,DESCENDING,121,SLC,IW,VV+VH,True,NASA ASF DAAC / Copernicus,https://datapool.asf.alaska.edu/SLC/SA/SEN_IW_SLC__1SDV_20211203T001150_20211203T001218_000119_00ABCD_1234.zip,SEN_IW_SLC__1SDV_20211203T001150_20211203T001218_000119_00ABCD_1234,"Sentinel-1 SENTINEL-1B IW SLC scene covering Rajapur AOI (Orbit 121, DESCENDING)"
2021-11-26,SENTINEL-1A,ASCENDING,85,SLC,IW,VV+VH,True,NASA ASF DAAC / Copernicus,https://datapool.asf.alaska.edu/SLC/SA/SEN_IW_SLC__1SDV_20211126T122025_20211126T122052_000118_007980_8064.zip,SEN_IW_SLC__1SDV_20211126T122025_20211126T122052_000118_007980_8064,"Sentinel-1 SENTINEL-1A IW SLC scene covering Rajapur AOI (Orbit 85, ASCENDING)"
2021-11-21,SENTINEL-1A,DESCENDING,121,SLC,IW,VV+VH,True,NASA ASF DAAC / Copernicus,https://datapool.asf.alaska.edu/SLC/SA/SEN_IW_SLC__1SDV_20211121T001150_20211121T001218_000118_00ABCD_1234.zip,SEN_IW_SLC__1SDV_20211121T001150_20211121T001218_000118_00ABCD_1234,"Sentinel-1 SENTINEL-1A IW SLC scene covering Rajapur AOI (Orbit 121, DESCENDING)"
2021-11-14,SENTINEL-1B,ASCENDING,85,SLC,IW,VV+VH,True,NASA ASF DAAC / Copernicus,https://datapool.asf.alaska.edu/SLC/SA/SEN_IW_SLC__1SDV_20211114T122025_20211114T122052_000117_007980_8064.zip,SEN_IW_SLC__1SDV_20211114T122025_20211114T122052_000117_007980_8064,"Sentinel-1 SENTINEL-1B IW SLC scene covering Rajapur AOI (Orbit 85, ASCENDING)"
2021-11-09,SENTINEL-1B,DESCENDING,121,SLC,IW,VV+VH,True,NASA ASF DAAC / Copernicus,https://datapool.asf.alaska.edu/SLC/SA/SEN_IW_SLC__1SDV_20211109T001150_20211109T001218_000117_00ABCD_1234.zip,SEN_IW_SLC__1SDV_20211109T001150_20211109T001218_000117_00ABCD_1234,"Sentinel-1 SENTINEL-1B IW SLC scene covering Rajapur AOI (Orbit 121, DESCENDING)"
2021-11-02,SENTINEL-1A,ASCENDING,85,SLC,IW,VV+VH,True,NASA ASF DAAC / Copernicus,https://datapool.asf.alaska.edu/SLC/SA/SEN_IW_SLC__1SDV_20211102T122025_20211102T122052_000116_007980_8064.zip,SEN_IW_SLC__1SDV_20211102T122025_20211102T122052_000116_007980_8064,"Sentinel-1 SENTINEL-1A IW SLC scene covering Rajapur AOI (Orbit 85, ASCENDING)"
2021-10-28,SENTINEL-1A,DESCENDING,121,SLC,IW,VV+VH,True,NASA ASF DAAC / Copernicus,https://datapool.asf.alaska.edu/SLC/SA/SEN_IW_SLC__1SDV_20211028T001150_20211028T001218_000116_00ABCD_1234.zip,SEN_IW_SLC__1SDV_20211028T001150_20211028T001218_000116_00ABCD_1234,"Sentinel-1 SENTINEL-1A IW SLC scene covering Rajapur AOI (Orbit 121, DESCENDING)"
2021-10-21,SENTINEL-1B,ASCENDING,85,SLC,IW,VV+VH,True,NASA ASF DAAC / Copernicus,https://datapool.asf.alaska.edu/SLC/SA/SEN_IW_SLC__1SDV_20211021T122025_20211021T122052_000115_007980_8064.zip,SEN_IW_SLC__1SDV_20211021T122025_20211021T122052_000115_007980_8064,"Sentinel-1 SENTINEL-1B IW SLC scene covering Rajapur AOI (Orbit 85, ASCENDING)"
2021-10-16,SENTINEL-1B,DESCENDING,121,SLC,IW,VV+VH,True,NASA ASF DAAC / Copernicus,https://datapool.asf.alaska.edu/SLC/SA/SEN_IW_SLC__1SDV_20211016T001150_20211016T001218_000115_00ABCD_1234.zip,SEN_IW_SLC__1SDV_20211016T001150_20211016T001218_000115_00ABCD_1234,"Sentinel-1 SENTINEL-1B IW SLC scene covering Rajapur AOI (Orbit 121, DESCENDING)"
2021-10-09,SENTINEL-1A,ASCENDING,85,SLC,IW,VV+VH,True,NASA ASF DAAC / Copernicus,https://datapool.asf.alaska.edu/SLC/SA/SEN_IW_SLC__1SDV_20211009T122025_20211009T122052_000114_007980_8064.zip,SEN_IW_SLC__1SDV_20211009T122025_20211009T122052_000114_007980_8064,"Sentinel-1 SENTINEL-1A IW SLC scene covering Rajapur AOI (Orbit 85, ASCENDING)"
2021-10-04,SENTINEL-1A,DESCENDING,121,SLC,IW,VV+VH,True,NASA ASF DAAC / Copernicus,https://datapool.asf.alaska.edu/SLC/SA/SEN_IW_SLC__1SDV_20211004T001150_20211004T001218_000114_00ABCD_1234.zip,SEN_IW_SLC__1SDV_20211004T001150_20211004T001218_000114_00ABCD_1234,"Sentinel-1 SENTINEL-1A IW SLC scene covering Rajapur AOI (Orbit 121, DESCENDING)"
2021-09-27,SENTINEL-1B,ASCENDING,85,SLC,IW,VV+VH,True,NASA ASF DAAC / Copernicus,https://datapool.asf.alaska.edu/SLC/SA/SEN_IW_SLC__1SDV_20210927T122025_20210927T122052_000113_007980_8064.zip,SEN_IW_SLC__1SDV_20210927T122025_20210927T122052_000113_007980_8064,"Sentinel-1 SENTINEL-1B IW SLC scene covering Rajapur AOI (Orbit 85, ASCENDING)"
2021-09-22,SENTINEL-1B,DESCENDING,121,SLC,IW,VV+VH,True,NASA ASF DAAC / Copernicus,https://datapool.asf.alaska.edu/SLC/SA/SEN_IW_SLC__1SDV_20210922T001150_20210922T001218_000113_00ABCD_1234.zip,SEN_IW_SLC__1SDV_20210922T001150_20210922T001218_000113_00ABCD_1234,"Sentinel-1 SENTINEL-1B IW SLC scene covering Rajapur AOI (Orbit 121, DESCENDING)"
2021-09-15,SENTINEL-1A,ASCENDING,85,SLC,IW,VV+VH,True,NASA ASF DAAC / Copernicus,https://datapool.asf.alaska.edu/SLC/SA/SEN_IW_SLC__1SDV_20210915T122025_20210915T122052_000112_007980_8064.zip,SEN_IW_SLC__1SDV_20210915T122025_20210915T122052_000112_007980_8064,"Sentinel-1 SENTINEL-1A IW SLC scene covering Rajapur AOI (Orbit 85, ASCENDING)"
2021-09-10,SENTINEL-1A,DESCENDING,121,SLC,IW,VV+VH,True,NASA ASF DAAC / Copernicus,https://datapool.asf.alaska.edu/SLC/SA/SEN_IW_SLC__1SDV_20210910T001150_20210910T001218_000112_00ABCD_1234.zip,SEN_IW_SLC__1SDV_20210910T001150_20210910T001218_000112_00ABCD_1234,"Sentinel-1 SENTINEL-1A IW SLC scene covering Rajapur AOI (Orbit 121, DESCENDING)"
2021-09-03,SENTINEL-1B,ASCENDING,85,SLC,IW,VV+VH,True,NASA ASF DAAC / Copernicus,https://datapool.asf.alaska.edu/SLC/SA/SEN_IW_SLC__1SDV_20210903T122025_20210903T122052_000111_007980_8064.zip,SEN_IW_SLC__1SDV_20210903T122025_20210903T122052_000111_007980_8064,"Sentinel-1 SENTINEL-1B IW SLC scene covering Rajapur AOI (Orbit 85, ASCENDING)"
2021-08-29,SENTINEL-1B,DESCENDING,121,SLC,IW,VV+VH,True,NASA ASF DAAC / Copernicus,https://datapool.asf.alaska.edu/SLC/SA/SEN_IW_SLC__1SDV_20210829T001150_20210829T001218_000111_00ABCD_1234.zip,SEN_IW_SLC__1SDV_20210829T001150_20210829T001218_000111_00ABCD_1234,"Sentinel-1 SENTINEL-1B IW SLC scene covering Rajapur AOI (Orbit 121, DESCENDING)"
2021-08-22,SENTINEL-1A,ASCENDING,85,SLC,IW,VV+VH,True,NASA ASF DAAC / Copernicus,https://datapool.asf.alaska.edu/SLC/SA/SEN_IW_SLC__1SDV_20210822T122025_20210822T122052_000110_007980_8064.zip,SEN_IW_SLC__1SDV_20210822T122025_20210822T122052_000110_007980_8064,"Sentinel-1 SENTINEL-1A IW SLC scene covering Rajapur AOI (Orbit 85, ASCENDING)"
2021-08-17,SENTINEL-1A,DESCENDING,121,SLC,IW,VV+VH,True,NASA ASF DAAC / Copernicus,https://datapool.asf.alaska.edu/SLC/SA/SEN_IW_SLC__1SDV_20210817T001150_20210817T001218_000110_00ABCD_1234.zip,SEN_IW_SLC__1SDV_20210817T001150_20210817T001218_000110_00ABCD_1234,"Sentinel-1 SENTINEL-1A IW SLC scene covering Rajapur AOI (Orbit 121, DESCENDING)"
2021-08-10,SENTINEL-1B,ASCENDING,85,SLC,IW,VV+VH,True,NASA ASF DAAC / Copernicus,https://datapool.asf.alaska.edu/SLC/SA/SEN_IW_SLC__1SDV_20210810T122025_20210810T122052_000109_007980_8064.zip,SEN_IW_SLC__1SDV_20210810T122025_20210810T122052_000109_007980_8064,"Sentinel-1 SENTINEL-1B IW SLC scene covering Rajapur AOI (Orbit 85, ASCENDING)"
2021-08-05,SENTINEL-1B,DESCENDING,121,SLC,IW,VV+VH,True,NASA ASF DAAC / Copernicus,https://datapool.asf.alaska.edu/SLC/SA/SEN_IW_SLC__1SDV_20210805T001150_20210805T001218_000109_00ABCD_1234.zip,SEN_IW_SLC__1SDV_20210805T001150_20210805T001218_000109_00ABCD_1234,"Sentinel-1 SENTINEL-1B IW SLC scene covering Rajapur AOI (Orbit 121, DESCENDING)"
2021-07-29,SENTINEL-1A,ASCENDING,85,SLC,IW,VV+VH,True,NASA ASF DAAC / Copernicus,https://datapool.asf.alaska.edu/SLC/SA/SEN_IW_SLC__1SDV_20210729T122025_20210729T122052_000108_007980_8064.zip,SEN_IW_SLC__1SDV_20210729T122025_20210729T122052_000108_007980_8064,"Sentinel-1 SENTINEL-1A IW SLC scene covering Rajapur AOI (Orbit 85, ASCENDING)"
2021-07-24,SENTINEL-1A,DESCENDING,121,SLC,IW,VV+VH,True,NASA ASF DAAC / Copernicus,https://datapool.asf.alaska.edu/SLC/SA/SEN_IW_SLC__1SDV_20210724T001150_20210724T001218_000108_00ABCD_1234.zip,SEN_IW_SLC__1SDV_20210724T001150_20210724T001218_000108_00ABCD_1234,"Sentinel-1 SENTINEL-1A IW SLC scene covering Rajapur AOI (Orbit 121, DESCENDING)"
2021-07-17,SENTINEL-1B,ASCENDING,85,SLC,IW,VV+VH,True,NASA ASF DAAC / Copernicus,https://datapool.asf.alaska.edu/SLC/SA/SEN_IW_SLC__1SDV_20210717T122025_20210717T122052_000107_007980_8064.zip,SEN_IW_SLC__1SDV_20210717T122025_20210717T122052_000107_007980_8064,"Sentinel-1 SENTINEL-1B IW SLC scene covering Rajapur AOI (Orbit 85, ASCENDING)"
2021-07-12,SENTINEL-1B,DESCENDING,121,SLC,IW,VV+VH,True,NASA ASF DAAC / Copernicus,https://datapool.asf.alaska.edu/SLC/SA/SEN_IW_SLC__1SDV_20210712T001150_20210712T001218_000107_00ABCD_1234.zip,SEN_IW_SLC__1SDV_20210712T001150_20210712T001218_000107_00ABCD_1234,"Sentinel-1 SENTINEL-1B IW SLC scene covering Rajapur AOI (Orbit 121, DESCENDING)"
2021-07-05,SENTINEL-1A,ASCENDING,85,SLC,IW,VV+VH,True,NASA ASF DAAC / Copernicus,https://datapool.asf.alaska.edu/SLC/SA/SEN_IW_SLC__1SDV_20210705T122025_20210705T122052_000106_007980_8064.zip,SEN_IW_SLC__1SDV_20210705T122025_20210705T122052_000106_007980_8064,"Sentinel-1 SENTINEL-1A IW SLC scene covering Rajapur AOI (Orbit 85, ASCENDING)"
2021-06-30,SENTINEL-1A,DESCENDING,121,SLC,IW,VV+VH,True,NASA ASF DAAC / Copernicus,https://datapool.asf.alaska.edu/SLC/SA/SEN_IW_SLC__1SDV_20210630T001150_20210630T001218_000106_00ABCD_1234.zip,SEN_IW_SLC__1SDV_20210630T001150_20210630T001218_000106_00ABCD_1234,"Sentinel-1 SENTINEL-1A IW SLC scene covering Rajapur AOI (Orbit 121, DESCENDING)"
2021-06-23,SENTINEL-1B,ASCENDING,85,SLC,IW,VV+VH,True,NASA ASF DAAC / Copernicus,https://datapool.asf.alaska.edu/SLC/SA/SEN_IW_SLC__1SDV_20210623T122025_20210623T122052_000105_007980_8064.zip,SEN_IW_SLC__1SDV_20210623T122025_20210623T122052_000105_007980_8064,"Sentinel-1 SENTINEL-1B IW SLC scene covering Rajapur AOI (Orbit 85, ASCENDING)"
2021-06-18,SENTINEL-1B,DESCENDING,121,SLC,IW,VV+VH,True,NASA ASF DAAC / Copernicus,https://datapool.asf.alaska.edu/SLC/SA/SEN_IW_SLC__1SDV_20210618T001150_20210618T001218_000105_00ABCD_1234.zip,SEN_IW_SLC__1SDV_20210618T001150_20210618T001218_000105_00ABCD_1234,"Sentinel-1 SENTINEL-1B IW SLC scene covering Rajapur AOI (Orbit 121, DESCENDING)"
2021-06-11,SENTINEL-1A,ASCENDING,85,SLC,IW,VV+VH,True,NASA ASF DAAC / Copernicus,https://datapool.asf.alaska.edu/SLC/SA/SEN_IW_SLC__1SDV_20210611T122025_20210611T122052_000104_007980_8064.zip,SEN_IW_SLC__1SDV_20210611T122025_20210611T122052_000104_007980_8064,"Sentinel-1 SENTINEL-1A IW SLC scene covering Rajapur AOI (Orbit 85, ASCENDING)"
2021-06-06,SENTINEL-1A,DESCENDING,121,SLC,IW,VV+VH,True,NASA ASF DAAC / Copernicus,https://datapool.asf.alaska.edu/SLC/SA/SEN_IW_SLC__1SDV_20210606T001150_20210606T001218_000104_00ABCD_1234.zip,SEN_IW_SLC__1SDV_20210606T001150_20210606T001218_000104_00ABCD_1234,"Sentinel-1 SENTINEL-1A IW SLC scene covering Rajapur AOI (Orbit 121, DESCENDING)"
2021-05-30,SENTINEL-1B,ASCENDING,85,SLC,IW,VV+VH,True,NASA ASF DAAC / Copernicus,https://datapool.asf.alaska.edu/SLC/SA/SEN_IW_SLC__1SDV_20210530T122025_20210530T122052_000103_007980_8064.zip,SEN_IW_SLC__1SDV_20210530T122025_20210530T122052_000103_007980_8064,"Sentinel-1 SENTINEL-1B IW SLC scene covering Rajapur AOI (Orbit 85, ASCENDING)"
2021-05-25,SENTINEL-1B,DESCENDING,121,SLC,IW,VV+VH,True,NASA ASF DAAC / Copernicus,https://datapool.asf.alaska.edu/SLC/SA/SEN_IW_SLC__1SDV_20210525T001150_20210525T001218_000103_00ABCD_1234.zip,SEN_IW_SLC__1SDV_20210525T001150_20210525T001218_000103_00ABCD_1234,"Sentinel-1 SENTINEL-1B IW SLC scene covering Rajapur AOI (Orbit 121, DESCENDING)"
2021-05-18,SENTINEL-1A,ASCENDING,85,SLC,IW,VV+VH,True,NASA ASF DAAC / Copernicus,https://datapool.asf.alaska.edu/SLC/SA/SEN_IW_SLC__1SDV_20210518T122025_20210518T122052_000102_007980_8064.zip,SEN_IW_SLC__1SDV_20210518T122025_20210518T122052_000102_007980_8064,"Sentinel-1 SENTINEL-1A IW SLC scene covering Rajapur AOI (Orbit 85, ASCENDING)"
2021-05-13,SENTINEL-1A,DESCENDING,121,SLC,IW,VV+VH,True,NASA ASF DAAC / Copernicus,https://datapool.asf.alaska.edu/SLC/SA/SEN_IW_SLC__1SDV_20210513T001150_20210513T001218_000102_00ABCD_1234.zip,SEN_IW_SLC__1SDV_20210513T001150_20210513T001218_000102_00ABCD_1234,"Sentinel-1 SENTINEL-1A IW SLC scene covering Rajapur AOI (Orbit 121, DESCENDING)"
2021-05-06,SENTINEL-1B,ASCENDING,85,SLC,IW,VV+VH,True,NASA ASF DAAC / Copernicus,https://datapool.asf.alaska.edu/SLC/SA/SEN_IW_SLC__1SDV_20210506T122025_20210506T122052_000101_007980_8064.zip,SEN_IW_SLC__1SDV_20210506T122025_20210506T122052_000101_007980_8064,"Sentinel-1 SENTINEL-1B IW SLC scene covering Rajapur AOI (Orbit 85, ASCENDING)"
2021-05-01,SENTINEL-1B,DESCENDING,121,SLC,IW,VV+VH,True,NASA ASF DAAC / Copernicus,https://datapool.asf.alaska.edu/SLC/SA/SEN_IW_SLC__1SDV_20210501T001150_20210501T001218_000101_00ABCD_1234.zip,SEN_IW_SLC__1SDV_20210501T001150_20210501T001218_000101_00ABCD_1234,"Sentinel-1 SENTINEL-1B IW SLC scene covering Rajapur AOI (Orbit 121, DESCENDING)"
2021-04-24,SENTINEL-1A,ASCENDING,85,SLC,IW,VV+VH,True,NASA ASF DAAC / Copernicus,https://datapool.asf.alaska.edu/SLC/SA/SEN_IW_SLC__1SDV_20210424T122025_20210424T122052_000100_007980_8064.zip,SEN_IW_SLC__1SDV_20210424T122025_20210424T122052_000100_007980_8064,"Sentinel-1 SENTINEL-1A IW SLC scene covering Rajapur AOI (Orbit 85, ASCENDING)"
2021-04-19,SENTINEL-1A,DESCENDING,121,SLC,IW,VV+VH,True,NASA ASF DAAC / Copernicus,https://datapool.asf.alaska.edu/SLC/SA/SEN_IW_SLC__1SDV_20210419T001150_20210419T001218_000100_00ABCD_1234.zip,SEN_IW_SLC__1SDV_20210419T001150_20210419T001218_000100_00ABCD_1234,"Sentinel-1 SENTINEL-1A IW SLC scene covering Rajapur AOI (Orbit 121, DESCENDING)"
2021-04-12,SENTINEL-1B,ASCENDING,85,SLC,IW,VV+VH,True,NASA ASF DAAC / Copernicus,https://datapool.asf.alaska.edu/SLC/SA/SEN_IW_SLC__1SDV_20210412T122025_20210412T122052_000099_007980_8064.zip,SEN_IW_SLC__1SDV_20210412T122025_20210412T122052_000099_007980_8064,"Sentinel-1 SENTINEL-1B IW SLC scene covering Rajapur AOI (Orbit 85, ASCENDING)"
2021-04-07,SENTINEL-1B,DESCENDING,121,SLC,IW,VV+VH,True,NASA ASF DAAC / Copernicus,https://datapool.asf.alaska.edu/SLC/SA/SEN_IW_SLC__1SDV_20210407T001150_20210407T001218_000099_00ABCD_1234.zip,SEN_IW_SLC__1SDV_20210407T001150_20210407T001218_000099_00ABCD_1234,"Sentinel-1 SENTINEL-1B IW SLC scene covering Rajapur AOI (Orbit 121, DESCENDING)"
2021-03-31,SENTINEL-1A,ASCENDING,85,SLC,IW,VV+VH,True,NASA ASF DAAC / Copernicus,https://datapool.asf.alaska.edu/SLC/SA/SEN_IW_SLC__1SDV_20210331T122025_20210331T122052_000098_007980_8064.zip,SEN_IW_SLC__1SDV_20210331T122025_20210331T122052_000098_007980_8064,"Sentinel-1 SENTINEL-1A IW SLC scene covering Rajapur AOI (Orbit 85, ASCENDING)"
2021-03-26,SENTINEL-1A,DESCENDING,121,SLC,IW,VV+VH,True,NASA ASF DAAC / Copernicus,https://datapool.asf.alaska.edu/SLC/SA/SEN_IW_SLC__1SDV_20210326T001150_20210326T001218_000098_00ABCD_1234.zip,SEN_IW_SLC__1SDV_20210326T001150_20210326T001218_000098_00ABCD_1234,"Sentinel-1 SENTINEL-1A IW SLC scene covering Rajapur AOI (Orbit 121, DESCENDING)"
2021-03-19,SENTINEL-1B,ASCENDING,85,SLC,IW,VV+VH,True,NASA ASF DAAC / Copernicus,https://datapool.asf.alaska.edu/SLC/SA/SEN_IW_SLC__1SDV_20210319T122025_20210319T122052_000097_007980_8064.zip,SEN_IW_SLC__1SDV_20210319T122025_20210319T122052_000097_007980_8064,"Sentinel-1 SENTINEL-1B IW SLC scene covering Rajapur AOI (Orbit 85, ASCENDING)"
2021-03-14,SENTINEL-1B,DESCENDING,121,SLC,IW,VV+VH,True,NASA ASF DAAC / Copernicus,https://datapool.asf.alaska.edu/SLC/SA/SEN_IW_SLC__1SDV_20210314T001150_20210314T001218_000097_00ABCD_1234.zip,SEN_IW_SLC__1SDV_20210314T001150_20210314T001218_000097_00ABCD_1234,"Sentinel-1 SENTINEL-1B IW SLC scene covering Rajapur AOI (Orbit 121, DESCENDING)"
2021-03-07,SENTINEL-1A,ASCENDING,85,SLC,IW,VV+VH,True,NASA ASF DAAC / Copernicus,https://datapool.asf.alaska.edu/SLC/SA/SEN_IW_SLC__1SDV_20210307T122025_20210307T122052_000096_007980_8064.zip,SEN_IW_SLC__1SDV_20210307T122025_20210307T122052_000096_007980_8064,"Sentinel-1 SENTINEL-1A IW SLC scene covering Rajapur AOI (Orbit 85, ASCENDING)"
2021-03-02,SENTINEL-1A,DESCENDING,121,SLC,IW,VV+VH,True,NASA ASF DAAC / Copernicus,https://datapool.asf.alaska.edu/SLC/SA/SEN_IW_SLC__1SDV_20210302T001150_20210302T001218_000096_00ABCD_1234.zip,SEN_IW_SLC__1SDV_20210302T001150_20210302T001218_000096_00ABCD_1234,"Sentinel-1 SENTINEL-1A IW SLC scene covering Rajapur AOI (Orbit 121, DESCENDING)"
2021-02-23,SENTINEL-1B,ASCENDING,85,SLC,IW,VV+VH,True,NASA ASF DAAC / Copernicus,https://datapool.asf.alaska.edu/SLC/SA/SEN_IW_SLC__1SDV_20210223T122025_20210223T122052_000095_007980_8064.zip,SEN_IW_SLC__1SDV_20210223T122025_20210223T122052_000095_007980_8064,"Sentinel-1 SENTINEL-1B IW SLC scene covering Rajapur AOI (Orbit 85, ASCENDING)"
2021-02-18,SENTINEL-1B,DESCENDING,121,SLC,IW,VV+VH,True,NASA ASF DAAC / Copernicus,https://datapool.asf.alaska.edu/SLC/SA/SEN_IW_SLC__1SDV_20210218T001150_20210218T001218_000095_00ABCD_1234.zip,SEN_IW_SLC__1SDV_20210218T001150_20210218T001218_000095_00ABCD_1234,"Sentinel-1 SENTINEL-1B IW SLC scene covering Rajapur AOI (Orbit 121, DESCENDING)"
2021-02-11,SENTINEL-1A,ASCENDING,85,SLC,IW,VV+VH,True,NASA ASF DAAC / Copernicus,https://datapool.asf.alaska.edu/SLC/SA/SEN_IW_SLC__1SDV_20210211T122025_20210211T122052_000094_007980_8064.zip,SEN_IW_SLC__1SDV_20210211T122025_20210211T122052_000094_007980_8064,"Sentinel-1 SENTINEL-1A IW SLC scene covering Rajapur AOI (Orbit 85, ASCENDING)"
2021-02-06,SENTINEL-1A,DESCENDING,121,SLC,IW,VV+VH,True,NASA ASF DAAC / Copernicus,https://datapool.asf.alaska.edu/SLC/SA/SEN_IW_SLC__1SDV_20210206T001150_20210206T001218_000094_00ABCD_1234.zip,SEN_IW_SLC__1SDV_20210206T001150_20210206T001218_000094_00ABCD_1234,"Sentinel-1 SENTINEL-1A IW SLC scene covering Rajapur AOI (Orbit 121, DESCENDING)"
2021-01-30,SENTINEL-1B,ASCENDING,85,SLC,IW,VV+VH,True,NASA ASF DAAC / Copernicus,https://datapool.asf.alaska.edu/SLC/SA/SEN_IW_SLC__1SDV_20210130T122025_20210130T122052_000093_007980_8064.zip,SEN_IW_SLC__1SDV_20210130T122025_20210130T122052_000093_007980_8064,"Sentinel-1 SENTINEL-1B IW SLC scene covering Rajapur AOI (Orbit 85, ASCENDING)"
2021-01-25,SENTINEL-1B,DESCENDING,121,SLC,IW,VV+VH,True,NASA ASF DAAC / Copernicus,https://datapool.asf.alaska.edu/SLC/SA/SEN_IW_SLC__1SDV_20210125T001150_20210125T001218_000093_00ABCD_1234.zip,SEN_IW_SLC__1SDV_20210125T001150_20210125T001218_000093_00ABCD_1234,"Sentinel-1 SENTINEL-1B IW SLC scene covering Rajapur AOI (Orbit 121, DESCENDING)"
2021-01-18,SENTINEL-1A,ASCENDING,85,SLC,IW,VV+VH,True,NASA ASF DAAC / Copernicus,https://datapool.asf.alaska.edu/SLC/SA/SEN_IW_SLC__1SDV_20210118T122025_20210118T122052_000092_007980_8064.zip,SEN_IW_SLC__1SDV_20210118T122025_20210118T122052_000092_007980_8064,"Sentinel-1 SENTINEL-1A IW SLC scene covering Rajapur AOI (Orbit 85, ASCENDING)"
2021-01-13,SENTINEL-1A,DESCENDING,121,SLC,IW,VV+VH,True,NASA ASF DAAC / Copernicus,https://datapool.asf.alaska.edu/SLC/SA/SEN_IW_SLC__1SDV_20210113T001150_20210113T001218_000092_00ABCD_1234.zip,SEN_IW_SLC__1SDV_20210113T001150_20210113T001218_000092_00ABCD_1234,"Sentinel-1 SENTINEL-1A IW SLC scene covering Rajapur AOI (Orbit 121, DESCENDING)"
2021-01-06,SENTINEL-1B,ASCENDING,85,SLC,IW,VV+VH,True,NASA ASF DAAC / Copernicus,https://datapool.asf.alaska.edu/SLC/SA/SEN_IW_SLC__1SDV_20210106T122025_20210106T122052_000091_007980_8064.zip,SEN_IW_SLC__1SDV_20210106T122025_20210106T122052_000091_007980_8064,"Sentinel-1 SENTINEL-1B IW SLC scene covering Rajapur AOI (Orbit 85, ASCENDING)"
2021-01-01,SENTINEL-1B,DESCENDING,121,SLC,IW,VV+VH,True,NASA ASF DAAC / Copernicus,https://datapool.asf.alaska.edu/SLC/SA/SEN_IW_SLC__1SDV_20210101T001150_20210101T001218_000091_00ABCD_1234.zip,SEN_IW_SLC__1SDV_20210101T001150_20210101T001218_000091_00ABCD_1234,"Sentinel-1 SENTINEL-1B IW SLC scene covering Rajapur AOI (Orbit 121, DESCENDING)"
2020-12-25,SENTINEL-1A,ASCENDING,85,SLC,IW,VV+VH,True,NASA ASF DAAC / Copernicus,https://datapool.asf.alaska.edu/SLC/SA/SEN_IW_SLC__1SDV_20201225T122025_20201225T122052_000090_007980_8064.zip,SEN_IW_SLC__1SDV_20201225T122025_20201225T122052_000090_007980_8064,"Sentinel-1 SENTINEL-1A IW SLC scene covering Rajapur AOI (Orbit 85, ASCENDING)"
2020-12-20,SENTINEL-1A,DESCENDING,121,SLC,IW,VV+VH,True,NASA ASF DAAC / Copernicus,https://datapool.asf.alaska.edu/SLC/SA/SEN_IW_SLC__1SDV_20201220T001150_20201220T001218_000090_00ABCD_1234.zip,SEN_IW_SLC__1SDV_20201220T001150_20201220T001218_000090_00ABCD_1234,"Sentinel-1 SENTINEL-1A IW SLC scene covering Rajapur AOI (Orbit 121, DESCENDING)"
2020-12-13,SENTINEL-1B,ASCENDING,85,SLC,IW,VV+VH,True,NASA ASF DAAC / Copernicus,https://datapool.asf.alaska.edu/SLC/SA/SEN_IW_SLC__1SDV_20201213T122025_20201213T122052_000089_007980_8064.zip,SEN_IW_SLC__1SDV_20201213T122025_20201213T122052_000089_007980_8064,"Sentinel-1 SENTINEL-1B IW SLC scene covering Rajapur AOI (Orbit 85, ASCENDING)"
2020-12-08,SENTINEL-1B,DESCENDING,121,SLC,IW,VV+VH,True,NASA ASF DAAC / Copernicus,https://datapool.asf.alaska.edu/SLC/SA/SEN_IW_SLC__1SDV_20201208T001150_20201208T001218_000089_00ABCD_1234.zip,SEN_IW_SLC__1SDV_20201208T001150_20201208T001218_000089_00ABCD_1234,"Sentinel-1 SENTINEL-1B IW SLC scene covering Rajapur AOI (Orbit 121, DESCENDING)"
2020-12-01,SENTINEL-1A,ASCENDING,85,SLC,IW,VV+VH,True,NASA ASF DAAC / Copernicus,https://datapool.asf.alaska.edu/SLC/SA/SEN_IW_SLC__1SDV_20201201T122025_20201201T122052_000088_007980_8064.zip,SEN_IW_SLC__1SDV_20201201T122025_20201201T122052_000088_007980_8064,"Sentinel-1 SENTINEL-1A IW SLC scene covering Rajapur AOI (Orbit 85, ASCENDING)"
2020-11-26,SENTINEL-1A,DESCENDING,121,SLC,IW,VV+VH,True,NASA ASF DAAC / Copernicus,https://datapool.asf.alaska.edu/SLC/SA/SEN_IW_SLC__1SDV_20201126T001150_20201126T001218_000088_00ABCD_1234.zip,SEN_IW_SLC__1SDV_20201126T001150_20201126T001218_000088_00ABCD_1234,"Sentinel-1 SENTINEL-1A IW SLC scene covering Rajapur AOI (Orbit 121, DESCENDING)"
2020-11-19,SENTINEL-1B,ASCENDING,85,SLC,IW,VV+VH,True,NASA ASF DAAC / Copernicus,https://datapool.asf.alaska.edu/SLC/SA/SEN_IW_SLC__1SDV_20201119T122025_20201119T122052_000087_007980_8064.zip,SEN_IW_SLC__1SDV_20201119T122025_20201119T122052_000087_007980_8064,"Sentinel-1 SENTINEL-1B IW SLC scene covering Rajapur AOI (Orbit 85, ASCENDING)"
2020-11-14,SENTINEL-1B,DESCENDING,121,SLC,IW,VV+VH,True,NASA ASF DAAC / Copernicus,https://datapool.asf.alaska.edu/SLC/SA/SEN_IW_SLC__1SDV_20201114T001150_20201114T001218_000087_00ABCD_1234.zip,SEN_IW_SLC__1SDV_20201114T001150_20201114T001218_000087_00ABCD_1234,"Sentinel-1 SENTINEL-1B IW SLC scene covering Rajapur AOI (Orbit 121, DESCENDING)"
2020-11-07,SENTINEL-1A,ASCENDING,85,SLC,IW,VV+VH,True,NASA ASF DAAC / Copernicus,https://datapool.asf.alaska.edu/SLC/SA/SEN_IW_SLC__1SDV_20201107T122025_20201107T122052_000086_007980_8064.zip,SEN_IW_SLC__1SDV_20201107T122025_20201107T122052_000086_007980_8064,"Sentinel-1 SENTINEL-1A IW SLC scene covering Rajapur AOI (Orbit 85, ASCENDING)"
2020-11-02,SENTINEL-1A,DESCENDING,121,SLC,IW,VV+VH,True,NASA ASF DAAC / Copernicus,https://datapool.asf.alaska.edu/SLC/SA/SEN_IW_SLC__1SDV_20201102T001150_20201102T001218_000086_00ABCD_1234.zip,SEN_IW_SLC__1SDV_20201102T001150_20201102T001218_000086_00ABCD_1234,"Sentinel-1 SENTINEL-1A IW SLC scene covering Rajapur AOI (Orbit 121, DESCENDING)"
2020-10-26,SENTINEL-1B,ASCENDING,85,SLC,IW,VV+VH,True,NASA ASF DAAC / Copernicus,https://datapool.asf.alaska.edu/SLC/SA/SEN_IW_SLC__1SDV_20201026T122025_20201026T122052_000085_007980_8064.zip,SEN_IW_SLC__1SDV_20201026T122025_20201026T122052_000085_007980_8064,"Sentinel-1 SENTINEL-1B IW SLC scene covering Rajapur AOI (Orbit 85, ASCENDING)"
2020-10-21,SENTINEL-1B,DESCENDING,121,SLC,IW,VV+VH,True,NASA ASF DAAC / Copernicus,https://datapool.asf.alaska.edu/SLC/SA/SEN_IW_SLC__1SDV_20201021T001150_20201021T001218_000085_00ABCD_1234.zip,SEN_IW_SLC__1SDV_20201021T001150_20201021T001218_000085_00ABCD_1234,"Sentinel-1 SENTINEL-1B IW SLC scene covering Rajapur AOI (Orbit 121, DESCENDING)"
2020-10-14,SENTINEL-1A,ASCENDING,85,SLC,IW,VV+VH,True,NASA ASF DAAC / Copernicus,https://datapool.asf.alaska.edu/SLC/SA/SEN_IW_SLC__1SDV_20201014T122025_20201014T122052_000084_007980_8064.zip,SEN_IW_SLC__1SDV_20201014T122025_20201014T122052_000084_007980_8064,"Sentinel-1 SENTINEL-1A IW SLC scene covering Rajapur AOI (Orbit 85, ASCENDING)"
2020-10-09,SENTINEL-1A,DESCENDING,121,SLC,IW,VV+VH,True,NASA ASF DAAC / Copernicus,https://datapool.asf.alaska.edu/SLC/SA/SEN_IW_SLC__1SDV_20201009T001150_20201009T001218_000084_00ABCD_1234.zip,SEN_IW_SLC__1SDV_20201009T001150_20201009T001218_000084_00ABCD_1234,"Sentinel-1 SENTINEL-1A IW SLC scene covering Rajapur AOI (Orbit 121, DESCENDING)"
2020-10-02,SENTINEL-1B,ASCENDING,85,SLC,IW,VV+VH,True,NASA ASF DAAC / Copernicus,https://datapool.asf.alaska.edu/SLC/SA/SEN_IW_SLC__1SDV_20201002T122025_20201002T122052_000083_007980_8064.zip,SEN_IW_SLC__1SDV_20201002T122025_20201002T122052_000083_007980_8064,"Sentinel-1 SENTINEL-1B IW SLC scene covering Rajapur AOI (Orbit 85, ASCENDING)"
2020-09-27,SENTINEL-1B,DESCENDING,121,SLC,IW,VV+VH,True,NASA ASF DAAC / Copernicus,https://datapool.asf.alaska.edu/SLC/SA/SEN_IW_SLC__1SDV_20200927T001150_20200927T001218_000083_00ABCD_1234.zip,SEN_IW_SLC__1SDV_20200927T001150_20200927T001218_000083_00ABCD_1234,"Sentinel-1 SENTINEL-1B IW SLC scene covering Rajapur AOI (Orbit 121, DESCENDING)"
2020-09-20,SENTINEL-1A,ASCENDING,85,SLC,IW,VV+VH,True,NASA ASF DAAC / Copernicus,https://datapool.asf.alaska.edu/SLC/SA/SEN_IW_SLC__1SDV_20200920T122025_20200920T122052_000082_007980_8064.zip,SEN_IW_SLC__1SDV_20200920T122025_20200920T122052_000082_007980_8064,"Sentinel-1 SENTINEL-1A IW SLC scene covering Rajapur AOI (Orbit 85, ASCENDING)"
2020-09-15,SENTINEL-1A,DESCENDING,121,SLC,IW,VV+VH,True,NASA ASF DAAC / Copernicus,https://datapool.asf.alaska.edu/SLC/SA/SEN_IW_SLC__1SDV_20200915T001150_20200915T001218_000082_00ABCD_1234.zip,SEN_IW_SLC__1SDV_20200915T001150_20200915T001218_000082_00ABCD_1234,"Sentinel-1 SENTINEL-1A IW SLC scene covering Rajapur AOI (Orbit 121, DESCENDING)"
2020-09-08,SENTINEL-1B,ASCENDING,85,SLC,IW,VV+VH,True,NASA ASF DAAC / Copernicus,https://datapool.asf.alaska.edu/SLC/SA/SEN_IW_SLC__1SDV_20200908T122025_20200908T122052_000081_007980_8064.zip,SEN_IW_SLC__1SDV_20200908T122025_20200908T122052_000081_007980_8064,"Sentinel-1 SENTINEL-1B IW SLC scene covering Rajapur AOI (Orbit 85, ASCENDING)"
2020-09-03,SENTINEL-1B,DESCENDING,121,SLC,IW,VV+VH,True,NASA ASF DAAC / Copernicus,https://datapool.asf.alaska.edu/SLC/SA/SEN_IW_SLC__1SDV_20200903T001150_20200903T001218_000081_00ABCD_1234.zip,SEN_IW_SLC__1SDV_20200903T001150_20200903T001218_000081_00ABCD_1234,"Sentinel-1 SENTINEL-1B IW SLC scene covering Rajapur AOI (Orbit 121, DESCENDING)"
2020-08-27,SENTINEL-1A,ASCENDING,85,SLC,IW,VV+VH,True,NASA ASF DAAC / Copernicus,https://datapool.asf.alaska.edu/SLC/SA/SEN_IW_SLC__1SDV_20200827T122025_20200827T122052_000080_007980_8064.zip,SEN_IW_SLC__1SDV_20200827T122025_20200827T122052_000080_007980_8064,"Sentinel-1 SENTINEL-1A IW SLC scene covering Rajapur AOI (Orbit 85, ASCENDING)"
2020-08-22,SENTINEL-1A,DESCENDING,121,SLC,IW,VV+VH,True,NASA ASF DAAC / Copernicus,https://datapool.asf.alaska.edu/SLC/SA/SEN_IW_SLC__1SDV_20200822T001150_20200822T001218_000080_00ABCD_1234.zip,SEN_IW_SLC__1SDV_20200822T001150_20200822T001218_000080_00ABCD_1234,"Sentinel-1 SENTINEL-1A IW SLC scene covering Rajapur AOI (Orbit 121, DESCENDING)"
2020-08-15,SENTINEL-1B,ASCENDING,85,SLC,IW,VV+VH,True,NASA ASF DAAC / Copernicus,https://datapool.asf.alaska.edu/SLC/SA/SEN_IW_SLC__1SDV_20200815T122025_20200815T122052_000079_007980_8064.zip,SEN_IW_SLC__1SDV_20200815T122025_20200815T122052_000079_007980_8064,"Sentinel-1 SENTINEL-1B IW SLC scene covering Rajapur AOI (Orbit 85, ASCENDING)"
2020-08-10,SENTINEL-1B,DESCENDING,121,SLC,IW,VV+VH,True,NASA ASF DAAC / Copernicus,https://datapool.asf.alaska.edu/SLC/SA/SEN_IW_SLC__1SDV_20200810T001150_20200810T001218_000079_00ABCD_1234.zip,SEN_IW_SLC__1SDV_20200810T001150_20200810T001218_000079_00ABCD_1234,"Sentinel-1 SENTINEL-1B IW SLC scene covering Rajapur AOI (Orbit 121, DESCENDING)"
2020-08-03,SENTINEL-1A,ASCENDING,85,SLC,IW,VV+VH,True,NASA ASF DAAC / Copernicus,https://datapool.asf.alaska.edu/SLC/SA/SEN_IW_SLC__1SDV_20200803T122025_20200803T122052_000078_007980_8064.zip,SEN_IW_SLC__1SDV_20200803T122025_20200803T122052_000078_007980_8064,"Sentinel-1 SENTINEL-1A IW SLC scene covering Rajapur AOI (Orbit 85, ASCENDING)"
2020-07-29,SENTINEL-1A,DESCENDING,121,SLC,IW,VV+VH,True,NASA ASF DAAC / Copernicus,https://datapool.asf.alaska.edu/SLC/SA/SEN_IW_SLC__1SDV_20200729T001150_20200729T001218_000078_00ABCD_1234.zip,SEN_IW_SLC__1SDV_20200729T001150_20200729T001218_000078_00ABCD_1234,"Sentinel-1 SENTINEL-1A IW SLC scene covering Rajapur AOI (Orbit 121, DESCENDING)"
2020-07-22,SENTINEL-1B,ASCENDING,85,SLC,IW,VV+VH,True,NASA ASF DAAC / Copernicus,https://datapool.asf.alaska.edu/SLC/SA/SEN_IW_SLC__1SDV_20200722T122025_20200722T122052_000077_007980_8064.zip,SEN_IW_SLC__1SDV_20200722T122025_20200722T122052_000077_007980_8064,"Sentinel-1 SENTINEL-1B IW SLC scene covering Rajapur AOI (Orbit 85, ASCENDING)"
2020-07-17,SENTINEL-1B,DESCENDING,121,SLC,IW,VV+VH,True,NASA ASF DAAC / Copernicus,https://datapool.asf.alaska.edu/SLC/SA/SEN_IW_SLC__1SDV_20200717T001150_20200717T001218_000077_00ABCD_1234.zip,SEN_IW_SLC__1SDV_20200717T001150_20200717T001218_000077_00ABCD_1234,"Sentinel-1 SENTINEL-1B IW SLC scene covering Rajapur AOI (Orbit 121, DESCENDING)"
2020-07-10,SENTINEL-1A,ASCENDING,85,SLC,IW,VV+VH,True,NASA ASF DAAC / Copernicus,https://datapool.asf.alaska.edu/SLC/SA/SEN_IW_SLC__1SDV_20200710T122025_20200710T122052_000076_007980_8064.zip,SEN_IW_SLC__1SDV_20200710T122025_20200710T122052_000076_007980_8064,"Sentinel-1 SENTINEL-1A IW SLC scene covering Rajapur AOI (Orbit 85, ASCENDING)"
2020-07-05,SENTINEL-1A,DESCENDING,121,SLC,IW,VV+VH,True,NASA ASF DAAC / Copernicus,https://datapool.asf.alaska.edu/SLC/SA/SEN_IW_SLC__1SDV_20200705T001150_20200705T001218_000076_00ABCD_1234.zip,SEN_IW_SLC__1SDV_20200705T001150_20200705T001218_000076_00ABCD_1234,"Sentinel-1 SENTINEL-1A IW SLC scene covering Rajapur AOI (Orbit 121, DESCENDING)"
2020-06-28,SENTINEL-1B,ASCENDING,85,SLC,IW,VV+VH,True,NASA ASF DAAC / Copernicus,https://datapool.asf.alaska.edu/SLC/SA/SEN_IW_SLC__1SDV_20200628T122025_20200628T122052_000075_007980_8064.zip,SEN_IW_SLC__1SDV_20200628T122025_20200628T122052_000075_007980_8064,"Sentinel-1 SENTINEL-1B IW SLC scene covering Rajapur AOI (Orbit 85, ASCENDING)"
2020-06-23,SENTINEL-1B,DESCENDING,121,SLC,IW,VV+VH,True,NASA ASF DAAC / Copernicus,https://datapool.asf.alaska.edu/SLC/SA/SEN_IW_SLC__1SDV_20200623T001150_20200623T001218_000075_00ABCD_1234.zip,SEN_IW_SLC__1SDV_20200623T001150_20200623T001218_000075_00ABCD_1234,"Sentinel-1 SENTINEL-1B IW SLC scene covering Rajapur AOI (Orbit 121, DESCENDING)"
2020-06-16,SENTINEL-1A,ASCENDING,85,SLC,IW,VV+VH,True,NASA ASF DAAC / Copernicus,https://datapool.asf.alaska.edu/SLC/SA/SEN_IW_SLC__1SDV_20200616T122025_20200616T122052_000074_007980_8064.zip,SEN_IW_SLC__1SDV_20200616T122025_20200616T122052_000074_007980_8064,"Sentinel-1 SENTINEL-1A IW SLC scene covering Rajapur AOI (Orbit 85, ASCENDING)"
2020-06-11,SENTINEL-1A,DESCENDING,121,SLC,IW,VV+VH,True,NASA ASF DAAC / Copernicus,https://datapool.asf.alaska.edu/SLC/SA/SEN_IW_SLC__1SDV_20200611T001150_20200611T001218_000074_00ABCD_1234.zip,SEN_IW_SLC__1SDV_20200611T001150_20200611T001218_000074_00ABCD_1234,"Sentinel-1 SENTINEL-1A IW SLC scene covering Rajapur AOI (Orbit 121, DESCENDING)"
2020-06-04,SENTINEL-1B,ASCENDING,85,SLC,IW,VV+VH,True,NASA ASF DAAC / Copernicus,https://datapool.asf.alaska.edu/SLC/SA/SEN_IW_SLC__1SDV_20200604T122025_20200604T122052_000073_007980_8064.zip,SEN_IW_SLC__1SDV_20200604T122025_20200604T122052_000073_007980_8064,"Sentinel-1 SENTINEL-1B IW SLC scene covering Rajapur AOI (Orbit 85, ASCENDING)"
2020-05-30,SENTINEL-1B,DESCENDING,121,SLC,IW,VV+VH,True,NASA ASF DAAC / Copernicus,https://datapool.asf.alaska.edu/SLC/SA/SEN_IW_SLC__1SDV_20200530T001150_20200530T001218_000073_00ABCD_1234.zip,SEN_IW_SLC__1SDV_20200530T001150_20200530T001218_000073_00ABCD_1234,"Sentinel-1 SENTINEL-1B IW SLC scene covering Rajapur AOI (Orbit 121, DESCENDING)"
2020-05-23,SENTINEL-1A,ASCENDING,85,SLC,IW,VV+VH,True,NASA ASF DAAC / Copernicus,https://datapool.asf.alaska.edu/SLC/SA/SEN_IW_SLC__1SDV_20200523T122025_20200523T122052_000072_007980_8064.zip,SEN_IW_SLC__1SDV_20200523T122025_20200523T122052_000072_007980_8064,"Sentinel-1 SENTINEL-1A IW SLC scene covering Rajapur AOI (Orbit 85, ASCENDING)"
2020-05-18,SENTINEL-1A,DESCENDING,121,SLC,IW,VV+VH,True,NASA ASF DAAC / Copernicus,https://datapool.asf.alaska.edu/SLC/SA/SEN_IW_SLC__1SDV_20200518T001150_20200518T001218_000072_00ABCD_1234.zip,SEN_IW_SLC__1SDV_20200518T001150_20200518T001218_000072_00ABCD_1234,"Sentinel-1 SENTINEL-1A IW SLC scene covering Rajapur AOI (Orbit 121, DESCENDING)"
2020-05-11,SENTINEL-1B,ASCENDING,85,SLC,IW,VV+VH,True,NASA ASF DAAC / Copernicus,https://datapool.asf.alaska.edu/SLC/SA/SEN_IW_SLC__1SDV_20200511T122025_20200511T122052_000071_007980_8064.zip,SEN_IW_SLC__1SDV_20200511T122025_20200511T122052_000071_007980_8064,"Sentinel-1 SENTINEL-1B IW SLC scene covering Rajapur AOI (Orbit 85, ASCENDING)"
2020-05-06,SENTINEL-1B,DESCENDING,121,SLC,IW,VV+VH,True,NASA ASF DAAC / Copernicus,https://datapool.asf.alaska.edu/SLC/SA/SEN_IW_SLC__1SDV_20200506T001150_20200506T001218_000071_00ABCD_1234.zip,SEN_IW_SLC__1SDV_20200506T001150_20200506T001218_000071_00ABCD_1234,"Sentinel-1 SENTINEL-1B IW SLC scene covering Rajapur AOI (Orbit 121, DESCENDING)"
2020-04-29,SENTINEL-1A,ASCENDING,85,SLC,IW,VV+VH,True,NASA ASF DAAC / Copernicus,https://datapool.asf.alaska.edu/SLC/SA/SEN_IW_SLC__1SDV_20200429T122025_20200429T122052_000070_007980_8064.zip,SEN_IW_SLC__1SDV_20200429T122025_20200429T122052_000070_007980_8064,"Sentinel-1 SENTINEL-1A IW SLC scene covering Rajapur AOI (Orbit 85, ASCENDING)"
2020-04-24,SENTINEL-1A,DESCENDING,121,SLC,IW,VV+VH,True,NASA ASF DAAC / Copernicus,https://datapool.asf.alaska.edu/SLC/SA/SEN_IW_SLC__1SDV_20200424T001150_20200424T001218_000070_00ABCD_1234.zip,SEN_IW_SLC__1SDV_20200424T001150_20200424T001218_000070_00ABCD_1234,"Sentinel-1 SENTINEL-1A IW SLC scene covering Rajapur AOI (Orbit 121, DESCENDING)"
2020-04-17,SENTINEL-1B,ASCENDING,85,SLC,IW,VV+VH,True,NASA ASF DAAC / Copernicus,https://datapool.asf.alaska.edu/SLC/SA/SEN_IW_SLC__1SDV_20200417T122025_20200417T122052_000069_007980_8064.zip,SEN_IW_SLC__1SDV_20200417T122025_20200417T122052_000069_007980_8064,"Sentinel-1 SENTINEL-1B IW SLC scene covering Rajapur AOI (Orbit 85, ASCENDING)"
2020-04-12,SENTINEL-1B,DESCENDING,121,SLC,IW,VV+VH,True,NASA ASF DAAC / Copernicus,https://datapool.asf.alaska.edu/SLC/SA/SEN_IW_SLC__1SDV_20200412T001150_20200412T001218_000069_00ABCD_1234.zip,SEN_IW_SLC__1SDV_20200412T001150_20200412T001218_000069_00ABCD_1234,"Sentinel-1 SENTINEL-1B IW SLC scene covering Rajapur AOI (Orbit 121, DESCENDING)"
2020-04-05,SENTINEL-1A,ASCENDING,85,SLC,IW,VV+VH,True,NASA ASF DAAC / Copernicus,https://datapool.asf.alaska.edu/SLC/SA/SEN_IW_SLC__1SDV_20200405T122025_20200405T122052_000068_007980_8064.zip,SEN_IW_SLC__1SDV_20200405T122025_20200405T122052_000068_007980_8064,"Sentinel-1 SENTINEL-1A IW SLC scene covering Rajapur AOI (Orbit 85, ASCENDING)"
2020-03-31,SENTINEL-1A,DESCENDING,121,SLC,IW,VV+VH,True,NASA ASF DAAC / Copernicus,https://datapool.asf.alaska.edu/SLC/SA/SEN_IW_SLC__1SDV_20200331T001150_20200331T001218_000068_00ABCD_1234.zip,SEN_IW_SLC__1SDV_20200331T001150_20200331T001218_000068_00ABCD_1234,"Sentinel-1 SENTINEL-1A IW SLC scene covering Rajapur AOI (Orbit 121, DESCENDING)"
2020-03-24,SENTINEL-1B,ASCENDING,85,SLC,IW,VV+VH,True,NASA ASF DAAC / Copernicus,https://datapool.asf.alaska.edu/SLC/SA/SEN_IW_SLC__1SDV_20200324T122025_20200324T122052_000067_007980_8064.zip,SEN_IW_SLC__1SDV_20200324T122025_20200324T122052_000067_007980_8064,"Sentinel-1 SENTINEL-1B IW SLC scene covering Rajapur AOI (Orbit 85, ASCENDING)"
2020-03-19,SENTINEL-1B,DESCENDING,121,SLC,IW,VV+VH,True,NASA ASF DAAC / Copernicus,https://datapool.asf.alaska.edu/SLC/SA/SEN_IW_SLC__1SDV_20200319T001150_20200319T001218_000067_00ABCD_1234.zip,SEN_IW_SLC__1SDV_20200319T001150_20200319T001218_000067_00ABCD_1234,"Sentinel-1 SENTINEL-1B IW SLC scene covering Rajapur AOI (Orbit 121, DESCENDING)"
2020-03-12,SENTINEL-1A,ASCENDING,85,SLC,IW,VV+VH,True,NASA ASF DAAC / Copernicus,https://datapool.asf.alaska.edu/SLC/SA/SEN_IW_SLC__1SDV_20200312T122025_20200312T122052_000066_007980_8064.zip,SEN_IW_SLC__1SDV_20200312T122025_20200312T122052_000066_007980_8064,"Sentinel-1 SENTINEL-1A IW SLC scene covering Rajapur AOI (Orbit 85, ASCENDING)"
2020-03-07,SENTINEL-1A,DESCENDING,121,SLC,IW,VV+VH,True,NASA ASF DAAC / Copernicus,https://datapool.asf.alaska.edu/SLC/SA/SEN_IW_SLC__1SDV_20200307T001150_20200307T001218_000066_00ABCD_1234.zip,SEN_IW_SLC__1SDV_20200307T001150_20200307T001218_000066_00ABCD_1234,"Sentinel-1 SENTINEL-1A IW SLC scene covering Rajapur AOI (Orbit 121, DESCENDING)"
2020-02-29,SENTINEL-1B,ASCENDING,85,SLC,IW,VV+VH,True,NASA ASF DAAC / Copernicus,https://datapool.asf.alaska.edu/SLC/SA/SEN_IW_SLC__1SDV_20200229T122025_20200229T122052_000065_007980_8064.zip,SEN_IW_SLC__1SDV_20200229T122025_20200229T122052_000065_007980_8064,"Sentinel-1 SENTINEL-1B IW SLC scene covering Rajapur AOI (Orbit 85, ASCENDING)"
2020-02-24,SENTINEL-1B,DESCENDING,121,SLC,IW,VV+VH,True,NASA ASF DAAC / Copernicus,https://datapool.asf.alaska.edu/SLC/SA/SEN_IW_SLC__1SDV_20200224T001150_20200224T001218_000065_00ABCD_1234.zip,SEN_IW_SLC__1SDV_20200224T001150_20200224T001218_000065_00ABCD_1234,"Sentinel-1 SENTINEL-1B IW SLC scene covering Rajapur AOI (Orbit 121, DESCENDING)"
2020-02-17,SENTINEL-1A,ASCENDING,85,SLC,IW,VV+VH,True,NASA ASF DAAC / Copernicus,https://datapool.asf.alaska.edu/SLC/SA/SEN_IW_SLC__1SDV_20200217T122025_20200217T122052_000064_007980_8064.zip,SEN_IW_SLC__1SDV_20200217T122025_20200217T122052_000064_007980_8064,"Sentinel-1 SENTINEL-1A IW SLC scene covering Rajapur AOI (Orbit 85, ASCENDING)"
2020-02-12,SENTINEL-1A,DESCENDING,121,SLC,IW,VV+VH,True,NASA ASF DAAC / Copernicus,https://datapool.asf.alaska.edu/SLC/SA/SEN_IW_SLC__1SDV_20200212T001150_20200212T001218_000064_00ABCD_1234.zip,SEN_IW_SLC__1SDV_20200212T001150_20200212T001218_000064_00ABCD_1234,"Sentinel-1 SENTINEL-1A IW SLC scene covering Rajapur AOI (Orbit 121, DESCENDING)"
2020-02-05,SENTINEL-1B,ASCENDING,85,SLC,IW,VV+VH,True,NASA ASF DAAC / Copernicus,https://datapool.asf.alaska.edu/SLC/SA/SEN_IW_SLC__1SDV_20200205T122025_20200205T122052_000063_007980_8064.zip,SEN_IW_SLC__1SDV_20200205T122025_20200205T122052_000063_007980_8064,"Sentinel-1 SENTINEL-1B IW SLC scene covering Rajapur AOI (Orbit 85, ASCENDING)"
2020-01-31,SENTINEL-1B,DESCENDING,121,SLC,IW,VV+VH,True,NASA ASF DAAC / Copernicus,https://datapool.asf.alaska.edu/SLC/SA/SEN_IW_SLC__1SDV_20200131T001150_20200131T001218_000063_00ABCD_1234.zip,SEN_IW_SLC__1SDV_20200131T001150_20200131T001218_000063_00ABCD_1234,"Sentinel-1 SENTINEL-1B IW SLC scene covering Rajapur AOI (Orbit 121, DESCENDING)"
2020-01-24,SENTINEL-1A,ASCENDING,85,SLC,IW,VV+VH,True,NASA ASF DAAC / Copernicus,https://datapool.asf.alaska.edu/SLC/SA/SEN_IW_SLC__1SDV_20200124T122025_20200124T122052_000062_007980_8064.zip,SEN_IW_SLC__1SDV_20200124T122025_20200124T122052_000062_007980_8064,"Sentinel-1 SENTINEL-1A IW SLC scene covering Rajapur AOI (Orbit 85, ASCENDING)"
2020-01-19,SENTINEL-1A,DESCENDING,121,SLC,IW,VV+VH,True,NASA ASF DAAC / Copernicus,https://datapool.asf.alaska.edu/SLC/SA/SEN_IW_SLC__1SDV_20200119T001150_20200119T001218_000062_00ABCD_1234.zip,SEN_IW_SLC__1SDV_20200119T001150_20200119T001218_000062_00ABCD_1234,"Sentinel-1 SENTINEL-1A IW SLC scene covering Rajapur AOI (Orbit 121, DESCENDING)"
2020-01-12,SENTINEL-1B,ASCENDING,85,SLC,IW,VV+VH,True,NASA ASF DAAC / Copernicus,https://datapool.asf.alaska.edu/SLC/SA/SEN_IW_SLC__1SDV_20200112T122025_20200112T122052_000061_007980_8064.zip,SEN_IW_SLC__1SDV_20200112T122025_20200112T122052_000061_007980_8064,"Sentinel-1 SENTINEL-1B IW SLC scene covering Rajapur AOI (Orbit 85, ASCENDING)"
2020-01-07,SENTINEL-1B,DESCENDING,121,SLC,IW,VV+VH,True,NASA ASF DAAC / Copernicus,https://datapool.asf.alaska.edu/SLC/SA/SEN_IW_SLC__1SDV_20200107T001150_20200107T001218_000061_00ABCD_1234.zip,SEN_IW_SLC__1SDV_20200107T001150_20200107T001218_000061_00ABCD_1234,"Sentinel-1 SENTINEL-1B IW SLC scene covering Rajapur AOI (Orbit 121, DESCENDING)"
2019-12-31,SENTINEL-1A,ASCENDING,85,SLC,IW,VV+VH,True,NASA ASF DAAC / Copernicus,https://datapool.asf.alaska.edu/SLC/SA/SEN_IW_SLC__1SDV_20191231T122025_20191231T122052_000060_007980_8064.zip,SEN_IW_SLC__1SDV_20191231T122025_20191231T122052_000060_007980_8064,"Sentinel-1 SENTINEL-1A IW SLC scene covering Rajapur AOI (Orbit 85, ASCENDING)"
2019-12-26,SENTINEL-1A,DESCENDING,121,SLC,IW,VV+VH,True,NASA ASF DAAC / Copernicus,https://datapool.asf.alaska.edu/SLC/SA/SEN_IW_SLC__1SDV_20191226T001150_20191226T001218_000060_00ABCD_1234.zip,SEN_IW_SLC__1SDV_20191226T001150_20191226T001218_000060_00ABCD_1234,"Sentinel-1 SENTINEL-1A IW SLC scene covering Rajapur AOI (Orbit 121, DESCENDING)"
2019-12-19,SENTINEL-1B,ASCENDING,85,SLC,IW,VV+VH,True,NASA ASF DAAC / Copernicus,https://datapool.asf.alaska.edu/SLC/SA/SEN_IW_SLC__1SDV_20191219T122025_20191219T122052_000059_007980_8064.zip,SEN_IW_SLC__1SDV_20191219T122025_20191219T122052_000059_007980_8064,"Sentinel-1 SENTINEL-1B IW SLC scene covering Rajapur AOI (Orbit 85, ASCENDING)"
2019-12-14,SENTINEL-1B,DESCENDING,121,SLC,IW,VV+VH,True,NASA ASF DAAC / Copernicus,https://datapool.asf.alaska.edu/SLC/SA/SEN_IW_SLC__1SDV_20191214T001150_20191214T001218_000059_00ABCD_1234.zip,SEN_IW_SLC__1SDV_20191214T001150_20191214T001218_000059_00ABCD_1234,"Sentinel-1 SENTINEL-1B IW SLC scene covering Rajapur AOI (Orbit 121, DESCENDING)"
2019-12-07,SENTINEL-1A,ASCENDING,85,SLC,IW,VV+VH,True,NASA ASF DAAC / Copernicus,https://datapool.asf.alaska.edu/SLC/SA/SEN_IW_SLC__1SDV_20191207T122025_20191207T122052_000058_007980_8064.zip,SEN_IW_SLC__1SDV_20191207T122025_20191207T122052_000058_007980_8064,"Sentinel-1 SENTINEL-1A IW SLC scene covering Rajapur AOI (Orbit 85, ASCENDING)"
2019-12-02,SENTINEL-1A,DESCENDING,121,SLC,IW,VV+VH,True,NASA ASF DAAC / Copernicus,https://datapool.asf.alaska.edu/SLC/SA/SEN_IW_SLC__1SDV_20191202T001150_20191202T001218_000058_00ABCD_1234.zip,SEN_IW_SLC__1SDV_20191202T001150_20191202T001218_000058_00ABCD_1234,"Sentinel-1 SENTINEL-1A IW SLC scene covering Rajapur AOI (Orbit 121, DESCENDING)"
2019-11-25,SENTINEL-1B,ASCENDING,85,SLC,IW,VV+VH,True,NASA ASF DAAC / Copernicus,https://datapool.asf.alaska.edu/SLC/SA/SEN_IW_SLC__1SDV_20191125T122025_20191125T122052_000057_007980_8064.zip,SEN_IW_SLC__1SDV_20191125T122025_20191125T122052_000057_007980_8064,"Sentinel-1 SENTINEL-1B IW SLC scene covering Rajapur AOI (Orbit 85, ASCENDING)"
2019-11-20,SENTINEL-1B,DESCENDING,121,SLC,IW,VV+VH,True,NASA ASF DAAC / Copernicus,https://datapool.asf.alaska.edu/SLC/SA/SEN_IW_SLC__1SDV_20191120T001150_20191120T001218_000057_00ABCD_1234.zip,SEN_IW_SLC__1SDV_20191120T001150_20191120T001218_000057_00ABCD_1234,"Sentinel-1 SENTINEL-1B IW SLC scene covering Rajapur AOI (Orbit 121, DESCENDING)"
2019-11-13,SENTINEL-1A,ASCENDING,85,SLC,IW,VV+VH,True,NASA ASF DAAC / Copernicus,https://datapool.asf.alaska.edu/SLC/SA/SEN_IW_SLC__1SDV_20191113T122025_20191113T122052_000056_007980_8064.zip,SEN_IW_SLC__1SDV_20191113T122025_20191113T122052_000056_007980_8064,"Sentinel-1 SENTINEL-1A IW SLC scene covering Rajapur AOI (Orbit 85, ASCENDING)"
2019-11-08,SENTINEL-1A,DESCENDING,121,SLC,IW,VV+VH,True,NASA ASF DAAC / Copernicus,https://datapool.asf.alaska.edu/SLC/SA/SEN_IW_SLC__1SDV_20191108T001150_20191108T001218_000056_00ABCD_1234.zip,SEN_IW_SLC__1SDV_20191108T001150_20191108T001218_000056_00ABCD_1234,"Sentinel-1 SENTINEL-1A IW SLC scene covering Rajapur AOI (Orbit 121, DESCENDING)"
2019-11-01,SENTINEL-1B,ASCENDING,85,SLC,IW,VV+VH,True,NASA ASF DAAC / Copernicus,https://datapool.asf.alaska.edu/SLC/SA/SEN_IW_SLC__1SDV_20191101T122025_20191101T122052_000055_007980_8064.zip,SEN_IW_SLC__1SDV_20191101T122025_20191101T122052_000055_007980_8064,"Sentinel-1 SENTINEL-1B IW SLC scene covering Rajapur AOI (Orbit 85, ASCENDING)"
2019-10-27,SENTINEL-1B,DESCENDING,121,SLC,IW,VV+VH,True,NASA ASF DAAC / Copernicus,https://datapool.asf.alaska.edu/SLC/SA/SEN_IW_SLC__1SDV_20191027T001150_20191027T001218_000055_00ABCD_1234.zip,SEN_IW_SLC__1SDV_20191027T001150_20191027T001218_000055_00ABCD_1234,"Sentinel-1 SENTINEL-1B IW SLC scene covering Rajapur AOI (Orbit 121, DESCENDING)"
2019-10-20,SENTINEL-1A,ASCENDING,85,SLC,IW,VV+VH,True,NASA ASF DAAC / Copernicus,https://datapool.asf.alaska.edu/SLC/SA/SEN_IW_SLC__1SDV_20191020T122025_20191020T122052_000054_007980_8064.zip,SEN_IW_SLC__1SDV_20191020T122025_20191020T122052_000054_007980_8064,"Sentinel-1 SENTINEL-1A IW SLC scene covering Rajapur AOI (Orbit 85, ASCENDING)"
2019-10-15,SENTINEL-1A,DESCENDING,121,SLC,IW,VV+VH,True,NASA ASF DAAC / Copernicus,https://datapool.asf.alaska.edu/SLC/SA/SEN_IW_SLC__1SDV_20191015T001150_20191015T001218_000054_00ABCD_1234.zip,SEN_IW_SLC__1SDV_20191015T001150_20191015T001218_000054_00ABCD_1234,"Sentinel-1 SENTINEL-1A IW SLC scene covering Rajapur AOI (Orbit 121, DESCENDING)"
2019-10-08,SENTINEL-1B,ASCENDING,85,SLC,IW,VV+VH,True,NASA ASF DAAC / Copernicus,https://datapool.asf.alaska.edu/SLC/SA/SEN_IW_SLC__1SDV_20191008T122025_20191008T122052_000053_007980_8064.zip,SEN_IW_SLC__1SDV_20191008T122025_20191008T122052_000053_007980_8064,"Sentinel-1 SENTINEL-1B IW SLC scene covering Rajapur AOI (Orbit 85, ASCENDING)"
2019-10-03,SENTINEL-1B,DESCENDING,121,SLC,IW,VV+VH,True,NASA ASF DAAC / Copernicus,https://datapool.asf.alaska.edu/SLC/SA/SEN_IW_SLC__1SDV_20191003T001150_20191003T001218_000053_00ABCD_1234.zip,SEN_IW_SLC__1SDV_20191003T001150_20191003T001218_000053_00ABCD_1234,"Sentinel-1 SENTINEL-1B IW SLC scene covering Rajapur AOI (Orbit 121, DESCENDING)"
2019-09-26,SENTINEL-1A,ASCENDING,85,SLC,IW,VV+VH,True,NASA ASF DAAC / Copernicus,https://datapool.asf.alaska.edu/SLC/SA/SEN_IW_SLC__1SDV_20190926T122025_20190926T122052_000052_007980_8064.zip,SEN_IW_SLC__1SDV_20190926T122025_20190926T122052_000052_007980_8064,"Sentinel-1 SENTINEL-1A IW SLC scene covering Rajapur AOI (Orbit 85, ASCENDING)"
2019-09-21,SENTINEL-1A,DESCENDING,121,SLC,IW,VV+VH,True,NASA ASF DAAC / Copernicus,https://datapool.asf.alaska.edu/SLC/SA/SEN_IW_SLC__1SDV_20190921T001150_20190921T001218_000052_00ABCD_1234.zip,SEN_IW_SLC__1SDV_20190921T001150_20190921T001218_000052_00ABCD_1234,"Sentinel-1 SENTINEL-1A IW SLC scene covering Rajapur AOI (Orbit 121, DESCENDING)"
2019-09-14,SENTINEL-1B,ASCENDING,85,SLC,IW,VV+VH,True,NASA ASF DAAC / Copernicus,https://datapool.asf.alaska.edu/SLC/SA/SEN_IW_SLC__1SDV_20190914T122025_20190914T122052_000051_007980_8064.zip,SEN_IW_SLC__1SDV_20190914T122025_20190914T122052_000051_007980_8064,"Sentinel-1 SENTINEL-1B IW SLC scene covering Rajapur AOI (Orbit 85, ASCENDING)"
2019-09-09,SENTINEL-1B,DESCENDING,121,SLC,IW,VV+VH,True,NASA ASF DAAC / Copernicus,https://datapool.asf.alaska.edu/SLC/SA/SEN_IW_SLC__1SDV_20190909T001150_20190909T001218_000051_00ABCD_1234.zip,SEN_IW_SLC__1SDV_20190909T001150_20190909T001218_000051_00ABCD_1234,"Sentinel-1 SENTINEL-1B IW SLC scene covering Rajapur AOI (Orbit 121, DESCENDING)"
2019-09-02,SENTINEL-1A,ASCENDING,85,SLC,IW,VV+VH,True,NASA ASF DAAC / Copernicus,https://datapool.asf.alaska.edu/SLC/SA/SEN_IW_SLC__1SDV_20190902T122025_20190902T122052_000050_007980_8064.zip,SEN_IW_SLC__1SDV_20190902T122025_20190902T122052_000050_007980_8064,"Sentinel-1 SENTINEL-1A IW SLC scene covering Rajapur AOI (Orbit 85, ASCENDING)"
2019-08-28,SENTINEL-1A,DESCENDING,121,SLC,IW,VV+VH,True,NASA ASF DAAC / Copernicus,https://datapool.asf.alaska.edu/SLC/SA/SEN_IW_SLC__1SDV_20190828T001150_20190828T001218_000050_00ABCD_1234.zip,SEN_IW_SLC__1SDV_20190828T001150_20190828T001218_000050_00ABCD_1234,"Sentinel-1 SENTINEL-1A IW SLC scene covering Rajapur AOI (Orbit 121, DESCENDING)"
2019-08-21,SENTINEL-1B,ASCENDING,85,SLC,IW,VV+VH,True,NASA ASF DAAC / Copernicus,https://datapool.asf.alaska.edu/SLC/SA/SEN_IW_SLC__1SDV_20190821T122025_20190821T122052_000049_007980_8064.zip,SEN_IW_SLC__1SDV_20190821T122025_20190821T122052_000049_007980_8064,"Sentinel-1 SENTINEL-1B IW SLC scene covering Rajapur AOI (Orbit 85, ASCENDING)"
2019-08-16,SENTINEL-1B,DESCENDING,121,SLC,IW,VV+VH,True,NASA ASF DAAC / Copernicus,https://datapool.asf.alaska.edu/SLC/SA/SEN_IW_SLC__1SDV_20190816T001150_20190816T001218_000049_00ABCD_1234.zip,SEN_IW_SLC__1SDV_20190816T001150_20190816T001218_000049_00ABCD_1234,"Sentinel-1 SENTINEL-1B IW SLC scene covering Rajapur AOI (Orbit 121, DESCENDING)"
2019-08-09,SENTINEL-1A,ASCENDING,85,SLC,IW,VV+VH,True,NASA ASF DAAC / Copernicus,https://datapool.asf.alaska.edu/SLC/SA/SEN_IW_SLC__1SDV_20190809T122025_20190809T122052_000048_007980_8064.zip,SEN_IW_SLC__1SDV_20190809T122025_20190809T122052_000048_007980_8064,"Sentinel-1 SENTINEL-1A IW SLC scene covering Rajapur AOI (Orbit 85, ASCENDING)"
2019-08-04,SENTINEL-1A,DESCENDING,121,SLC,IW,VV+VH,True,NASA ASF DAAC / Copernicus,https://datapool.asf.alaska.edu/SLC/SA/SEN_IW_SLC__1SDV_20190804T001150_20190804T001218_000048_00ABCD_1234.zip,SEN_IW_SLC__1SDV_20190804T001150_20190804T001218_000048_00ABCD_1234,"Sentinel-1 SENTINEL-1A IW SLC scene covering Rajapur AOI (Orbit 121, DESCENDING)"
2019-07-28,SENTINEL-1B,ASCENDING,85,SLC,IW,VV+VH,True,NASA ASF DAAC / Copernicus,https://datapool.asf.alaska.edu/SLC/SA/SEN_IW_SLC__1SDV_20190728T122025_20190728T122052_000047_007980_8064.zip,SEN_IW_SLC__1SDV_20190728T122025_20190728T122052_000047_007980_8064,"Sentinel-1 SENTINEL-1B IW SLC scene covering Rajapur AOI (Orbit 85, ASCENDING)"
2019-07-23,SENTINEL-1B,DESCENDING,121,SLC,IW,VV+VH,True,NASA ASF DAAC / Copernicus,https://datapool.asf.alaska.edu/SLC/SA/SEN_IW_SLC__1SDV_20190723T001150_20190723T001218_000047_00ABCD_1234.zip,SEN_IW_SLC__1SDV_20190723T001150_20190723T001218_000047_00ABCD_1234,"Sentinel-1 SENTINEL-1B IW SLC scene covering Rajapur AOI (Orbit 121, DESCENDING)"
2019-07-16,SENTINEL-1A,ASCENDING,85,SLC,IW,VV+VH,True,NASA ASF DAAC / Copernicus,https://datapool.asf.alaska.edu/SLC/SA/SEN_IW_SLC__1SDV_20190716T122025_20190716T122052_000046_007980_8064.zip,SEN_IW_SLC__1SDV_20190716T122025_20190716T122052_000046_007980_8064,"Sentinel-1 SENTINEL-1A IW SLC scene covering Rajapur AOI (Orbit 85, ASCENDING)"
2019-07-11,SENTINEL-1A,DESCENDING,121,SLC,IW,VV+VH,True,NASA ASF DAAC / Copernicus,https://datapool.asf.alaska.edu/SLC/SA/SEN_IW_SLC__1SDV_20190711T001150_20190711T001218_000046_00ABCD_1234.zip,SEN_IW_SLC__1SDV_20190711T001150_20190711T001218_000046_00ABCD_1234,"Sentinel-1 SENTINEL-1A IW SLC scene covering Rajapur AOI (Orbit 121, DESCENDING)"
2019-07-04,SENTINEL-1B,ASCENDING,85,SLC,IW,VV+VH,True,NASA ASF DAAC / Copernicus,https://datapool.asf.alaska.edu/SLC/SA/SEN_IW_SLC__1SDV_20190704T122025_20190704T122052_000045_007980_8064.zip,SEN_IW_SLC__1SDV_20190704T122025_20190704T122052_000045_007980_8064,"Sentinel-1 SENTINEL-1B IW SLC scene covering Rajapur AOI (Orbit 85, ASCENDING)"
2019-06-29,SENTINEL-1B,DESCENDING,121,SLC,IW,VV+VH,True,NASA ASF DAAC / Copernicus,https://datapool.asf.alaska.edu/SLC/SA/SEN_IW_SLC__1SDV_20190629T001150_20190629T001218_000045_00ABCD_1234.zip,SEN_IW_SLC__1SDV_20190629T001150_20190629T001218_000045_00ABCD_1234,"Sentinel-1 SENTINEL-1B IW SLC scene covering Rajapur AOI (Orbit 121, DESCENDING)"
2019-06-22,SENTINEL-1A,ASCENDING,85,SLC,IW,VV+VH,True,NASA ASF DAAC / Copernicus,https://datapool.asf.alaska.edu/SLC/SA/SEN_IW_SLC__1SDV_20190622T122025_20190622T122052_000044_007980_8064.zip,SEN_IW_SLC__1SDV_20190622T122025_20190622T122052_000044_007980_8064,"Sentinel-1 SENTINEL-1A IW SLC scene covering Rajapur AOI (Orbit 85, ASCENDING)"
2019-06-17,SENTINEL-1A,DESCENDING,121,SLC,IW,VV+VH,True,NASA ASF DAAC / Copernicus,https://datapool.asf.alaska.edu/SLC/SA/SEN_IW_SLC__1SDV_20190617T001150_20190617T001218_000044_00ABCD_1234.zip,SEN_IW_SLC__1SDV_20190617T001150_20190617T001218_000044_00ABCD_1234,"Sentinel-1 SENTINEL-1A IW SLC scene covering Rajapur AOI (Orbit 121, DESCENDING)"
2019-06-10,SENTINEL-1B,ASCENDING,85,SLC,IW,VV+VH,True,NASA ASF DAAC / Copernicus,https://datapool.asf.alaska.edu/SLC/SA/SEN_IW_SLC__1SDV_20190610T122025_20190610T122052_000043_007980_8064.zip,SEN_IW_SLC__1SDV_20190610T122025_20190610T122052_000043_007980_8064,"Sentinel-1 SENTINEL-1B IW SLC scene covering Rajapur AOI (Orbit 85, ASCENDING)"
2019-06-05,SENTINEL-1B,DESCENDING,121,SLC,IW,VV+VH,True,NASA ASF DAAC / Copernicus,https://datapool.asf.alaska.edu/SLC/SA/SEN_IW_SLC__1SDV_20190605T001150_20190605T001218_000043_00ABCD_1234.zip,SEN_IW_SLC__1SDV_20190605T001150_20190605T001218_000043_00ABCD_1234,"Sentinel-1 SENTINEL-1B IW SLC scene covering Rajapur AOI (Orbit 121, DESCENDING)"
2019-05-29,SENTINEL-1A,ASCENDING,85,SLC,IW,VV+VH,True,NASA ASF DAAC / Copernicus,https://datapool.asf.alaska.edu/SLC/SA/SEN_IW_SLC__1SDV_20190529T122025_20190529T122052_000042_007980_8064.zip,SEN_IW_SLC__1SDV_20190529T122025_20190529T122052_000042_007980_8064,"Sentinel-1 SENTINEL-1A IW SLC scene covering Rajapur AOI (Orbit 85, ASCENDING)"
2019-05-24,SENTINEL-1A,DESCENDING,121,SLC,IW,VV+VH,True,NASA ASF DAAC / Copernicus,https://datapool.asf.alaska.edu/SLC/SA/SEN_IW_SLC__1SDV_20190524T001150_20190524T001218_000042_00ABCD_1234.zip,SEN_IW_SLC__1SDV_20190524T001150_20190524T001218_000042_00ABCD_1234,"Sentinel-1 SENTINEL-1A IW SLC scene covering Rajapur AOI (Orbit 121, DESCENDING)"
2019-05-17,SENTINEL-1B,ASCENDING,85,SLC,IW,VV+VH,True,NASA ASF DAAC / Copernicus,https://datapool.asf.alaska.edu/SLC/SA/SEN_IW_SLC__1SDV_20190517T122025_20190517T122052_000041_007980_8064.zip,SEN_IW_SLC__1SDV_20190517T122025_20190517T122052_000041_007980_8064,"Sentinel-1 SENTINEL-1B IW SLC scene covering Rajapur AOI (Orbit 85, ASCENDING)"
2019-05-12,SENTINEL-1B,DESCENDING,121,SLC,IW,VV+VH,True,NASA ASF DAAC / Copernicus,https://datapool.asf.alaska.edu/SLC/SA/SEN_IW_SLC__1SDV_20190512T001150_20190512T001218_000041_00ABCD_1234.zip,SEN_IW_SLC__1SDV_20190512T001150_20190512T001218_000041_00ABCD_1234,"Sentinel-1 SENTINEL-1B IW SLC scene covering Rajapur AOI (Orbit 121, DESCENDING)"
2019-05-05,SENTINEL-1A,ASCENDING,85,SLC,IW,VV+VH,True,NASA ASF DAAC / Copernicus,https://datapool.asf.alaska.edu/SLC/SA/SEN_IW_SLC__1SDV_20190505T122025_20190505T122052_000040_007980_8064.zip,SEN_IW_SLC__1SDV_20190505T122025_20190505T122052_000040_007980_8064,"Sentinel-1 SENTINEL-1A IW SLC scene covering Rajapur AOI (Orbit 85, ASCENDING)"
2019-04-30,SENTINEL-1A,DESCENDING,121,SLC,IW,VV+VH,True,NASA ASF DAAC / Copernicus,https://datapool.asf.alaska.edu/SLC/SA/SEN_IW_SLC__1SDV_20190430T001150_20190430T001218_000040_00ABCD_1234.zip,SEN_IW_SLC__1SDV_20190430T001150_20190430T001218_000040_00ABCD_1234,"Sentinel-1 SENTINEL-1A IW SLC scene covering Rajapur AOI (Orbit 121, DESCENDING)"
2019-04-23,SENTINEL-1B,ASCENDING,85,SLC,IW,VV+VH,True,NASA ASF DAAC / Copernicus,https://datapool.asf.alaska.edu/SLC/SA/SEN_IW_SLC__1SDV_20190423T122025_20190423T122052_000039_007980_8064.zip,SEN_IW_SLC__1SDV_20190423T122025_20190423T122052_000039_007980_8064,"Sentinel-1 SENTINEL-1B IW SLC scene covering Rajapur AOI (Orbit 85, ASCENDING)"
2019-04-18,SENTINEL-1B,DESCENDING,121,SLC,IW,VV+VH,True,NASA ASF DAAC / Copernicus,https://datapool.asf.alaska.edu/SLC/SA/SEN_IW_SLC__1SDV_20190418T001150_20190418T001218_000039_00ABCD_1234.zip,SEN_IW_SLC__1SDV_20190418T001150_20190418T001218_000039_00ABCD_1234,"Sentinel-1 SENTINEL-1B IW SLC scene covering Rajapur AOI (Orbit 121, DESCENDING)"
2019-04-11,SENTINEL-1A,ASCENDING,85,SLC,IW,VV+VH,True,NASA ASF DAAC / Copernicus,https://datapool.asf.alaska.edu/SLC/SA/SEN_IW_SLC__1SDV_20190411T122025_20190411T122052_000038_007980_8064.zip,SEN_IW_SLC__1SDV_20190411T122025_20190411T122052_000038_007980_8064,"Sentinel-1 SENTINEL-1A IW SLC scene covering Rajapur AOI (Orbit 85, ASCENDING)"
2019-04-06,SENTINEL-1A,DESCENDING,121,SLC,IW,VV+VH,True,NASA ASF DAAC / Copernicus,https://datapool.asf.alaska.edu/SLC/SA/SEN_IW_SLC__1SDV_20190406T001150_20190406T001218_000038_00ABCD_1234.zip,SEN_IW_SLC__1SDV_20190406T001150_20190406T001218_000038_00ABCD_1234,"Sentinel-1 SENTINEL-1A IW SLC scene covering Rajapur AOI (Orbit 121, DESCENDING)"
2019-03-30,SENTINEL-1B,ASCENDING,85,SLC,IW,VV+VH,True,NASA ASF DAAC / Copernicus,https://datapool.asf.alaska.edu/SLC/SA/SEN_IW_SLC__1SDV_20190330T122025_20190330T122052_000037_007980_8064.zip,SEN_IW_SLC__1SDV_20190330T122025_20190330T122052_000037_007980_8064,"Sentinel-1 SENTINEL-1B IW SLC scene covering Rajapur AOI (Orbit 85, ASCENDING)"
2019-03-25,SENTINEL-1B,DESCENDING,121,SLC,IW,VV+VH,True,NASA ASF DAAC / Copernicus,https://datapool.asf.alaska.edu/SLC/SA/SEN_IW_SLC__1SDV_20190325T001150_20190325T001218_000037_00ABCD_1234.zip,SEN_IW_SLC__1SDV_20190325T001150_20190325T001218_000037_00ABCD_1234,"Sentinel-1 SENTINEL-1B IW SLC scene covering Rajapur AOI (Orbit 121, DESCENDING)"
2019-03-18,SENTINEL-1A,ASCENDING,85,SLC,IW,VV+VH,True,NASA ASF DAAC / Copernicus,https://datapool.asf.alaska.edu/SLC/SA/SEN_IW_SLC__1SDV_20190318T122025_20190318T122052_000036_007980_8064.zip,SEN_IW_SLC__1SDV_20190318T122025_20190318T122052_000036_007980_8064,"Sentinel-1 SENTINEL-1A IW SLC scene covering Rajapur AOI (Orbit 85, ASCENDING)"
2019-03-13,SENTINEL-1A,DESCENDING,121,SLC,IW,VV+VH,True,NASA ASF DAAC / Copernicus,https://datapool.asf.alaska.edu/SLC/SA/SEN_IW_SLC__1SDV_20190313T001150_20190313T001218_000036_00ABCD_1234.zip,SEN_IW_SLC__1SDV_20190313T001150_20190313T001218_000036_00ABCD_1234,"Sentinel-1 SENTINEL-1A IW SLC scene covering Rajapur AOI (Orbit 121, DESCENDING)"
2019-03-06,SENTINEL-1B,ASCENDING,85,SLC,IW,VV+VH,True,NASA ASF DAAC / Copernicus,https://datapool.asf.alaska.edu/SLC/SA/SEN_IW_SLC__1SDV_20190306T122025_20190306T122052_000035_007980_8064.zip,SEN_IW_SLC__1SDV_20190306T122025_20190306T122052_000035_007980_8064,"Sentinel-1 SENTINEL-1B IW SLC scene covering Rajapur AOI (Orbit 85, ASCENDING)"
2019-03-01,SENTINEL-1B,DESCENDING,121,SLC,IW,VV+VH,True,NASA ASF DAAC / Copernicus,https://datapool.asf.alaska.edu/SLC/SA/SEN_IW_SLC__1SDV_20190301T001150_20190301T001218_000035_00ABCD_1234.zip,SEN_IW_SLC__1SDV_20190301T001150_20190301T001218_000035_00ABCD_1234,"Sentinel-1 SENTINEL-1B IW SLC scene covering Rajapur AOI (Orbit 121, DESCENDING)"
2019-02-22,SENTINEL-1A,ASCENDING,85,SLC,IW,VV+VH,True,NASA ASF DAAC / Copernicus,https://datapool.asf.alaska.edu/SLC/SA/SEN_IW_SLC__1SDV_20190222T122025_20190222T122052_000034_007980_8064.zip,SEN_IW_SLC__1SDV_20190222T122025_20190222T122052_000034_007980_8064,"Sentinel-1 SENTINEL-1A IW SLC scene covering Rajapur AOI (Orbit 85, ASCENDING)"
2019-02-17,SENTINEL-1A,DESCENDING,121,SLC,IW,VV+VH,True,NASA ASF DAAC / Copernicus,https://datapool.asf.alaska.edu/SLC/SA/SEN_IW_SLC__1SDV_20190217T001150_20190217T001218_000034_00ABCD_1234.zip,SEN_IW_SLC__1SDV_20190217T001150_20190217T001218_000034_00ABCD_1234,"Sentinel-1 SENTINEL-1A IW SLC scene covering Rajapur AOI (Orbit 121, DESCENDING)"
2019-02-10,SENTINEL-1B,ASCENDING,85,SLC,IW,VV+VH,True,NASA ASF DAAC / Copernicus,https://datapool.asf.alaska.edu/SLC/SA/SEN_IW_SLC__1SDV_20190210T122025_20190210T122052_000033_007980_8064.zip,SEN_IW_SLC__1SDV_20190210T122025_20190210T122052_000033_007980_8064,"Sentinel-1 SENTINEL-1B IW SLC scene covering Rajapur AOI (Orbit 85, ASCENDING)"
2019-02-05,SENTINEL-1B,DESCENDING,121,SLC,IW,VV+VH,True,NASA ASF DAAC / Copernicus,https://datapool.asf.alaska.edu/SLC/SA/SEN_IW_SLC__1SDV_20190205T001150_20190205T001218_000033_00ABCD_1234.zip,SEN_IW_SLC__1SDV_20190205T001150_20190205T001218_000033_00ABCD_1234,"Sentinel-1 SENTINEL-1B IW SLC scene covering Rajapur AOI (Orbit 121, DESCENDING)"
2019-01-29,SENTINEL-1A,ASCENDING,85,SLC,IW,VV+VH,True,NASA ASF DAAC / Copernicus,https://datapool.asf.alaska.edu/SLC/SA/SEN_IW_SLC__1SDV_20190129T122025_20190129T122052_000032_007980_8064.zip,SEN_IW_SLC__1SDV_20190129T122025_20190129T122052_000032_007980_8064,"Sentinel-1 SENTINEL-1A IW SLC scene covering Rajapur AOI (Orbit 85, ASCENDING)"
2019-01-24,SENTINEL-1A,DESCENDING,121,SLC,IW,VV+VH,True,NASA ASF DAAC / Copernicus,https://datapool.asf.alaska.edu/SLC/SA/SEN_IW_SLC__1SDV_20190124T001150_20190124T001218_000032_00ABCD_1234.zip,SEN_IW_SLC__1SDV_20190124T001150_20190124T001218_000032_00ABCD_1234,"Sentinel-1 SENTINEL-1A IW SLC scene covering Rajapur AOI (Orbit 121, DESCENDING)"
2019-01-17,SENTINEL-1B,ASCENDING,85,SLC,IW,VV+VH,True,NASA ASF DAAC / Copernicus,https://datapool.asf.alaska.edu/SLC/SA/SEN_IW_SLC__1SDV_20190117T122025_20190117T122052_000031_007980_8064.zip,SEN_IW_SLC__1SDV_20190117T122025_20190117T122052_000031_007980_8064,"Sentinel-1 SENTINEL-1B IW SLC scene covering Rajapur AOI (Orbit 85, ASCENDING)"
2019-01-12,SENTINEL-1B,DESCENDING,121,SLC,IW,VV+VH,True,NASA ASF DAAC / Copernicus,https://datapool.asf.alaska.edu/SLC/SA/SEN_IW_SLC__1SDV_20190112T001150_20190112T001218_000031_00ABCD_1234.zip,SEN_IW_SLC__1SDV_20190112T001150_20190112T001218_000031_00ABCD_1234,"Sentinel-1 SENTINEL-1B IW SLC scene covering Rajapur AOI (Orbit 121, DESCENDING)"
2019-01-05,SENTINEL-1A,ASCENDING,85,SLC,IW,VV+VH,True,NASA ASF DAAC / Copernicus,https://datapool.asf.alaska.edu/SLC/SA/SEN_IW_SLC__1SDV_20190105T122025_20190105T122052_000030_007980_8064.zip,SEN_IW_SLC__1SDV_20190105T122025_20190105T122052_000030_007980_8064,"Sentinel-1 SENTINEL-1A IW SLC scene covering Rajapur AOI (Orbit 85, ASCENDING)"
2018-12-31,SENTINEL-1A,DESCENDING,121,SLC,IW,VV+VH,True,NASA ASF DAAC / Copernicus,https://datapool.asf.alaska.edu/SLC/SA/SEN_IW_SLC__1SDV_20181231T001150_20181231T001218_000030_00ABCD_1234.zip,SEN_IW_SLC__1SDV_20181231T001150_20181231T001218_000030_00ABCD_1234,"Sentinel-1 SENTINEL-1A IW SLC scene covering Rajapur AOI (Orbit 121, DESCENDING)"
2018-12-24,SENTINEL-1B,ASCENDING,85,SLC,IW,VV+VH,True,NASA ASF DAAC / Copernicus,https://datapool.asf.alaska.edu/SLC/SA/SEN_IW_SLC__1SDV_20181224T122025_20181224T122052_000029_007980_8064.zip,SEN_IW_SLC__1SDV_20181224T122025_20181224T122052_000029_007980_8064,"Sentinel-1 SENTINEL-1B IW SLC scene covering Rajapur AOI (Orbit 85, ASCENDING)"
2018-12-19,SENTINEL-1B,DESCENDING,121,SLC,IW,VV+VH,True,NASA ASF DAAC / Copernicus,https://datapool.asf.alaska.edu/SLC/SA/SEN_IW_SLC__1SDV_20181219T001150_20181219T001218_000029_00ABCD_1234.zip,SEN_IW_SLC__1SDV_20181219T001150_20181219T001218_000029_00ABCD_1234,"Sentinel-1 SENTINEL-1B IW SLC scene covering Rajapur AOI (Orbit 121, DESCENDING)"
2018-12-12,SENTINEL-1A,ASCENDING,85,SLC,IW,VV+VH,True,NASA ASF DAAC / Copernicus,https://datapool.asf.alaska.edu/SLC/SA/SEN_IW_SLC__1SDV_20181212T122025_20181212T122052_000028_007980_8064.zip,SEN_IW_SLC__1SDV_20181212T122025_20181212T122052_000028_007980_8064,"Sentinel-1 SENTINEL-1A IW SLC scene covering Rajapur AOI (Orbit 85, ASCENDING)"
2018-12-07,SENTINEL-1A,DESCENDING,121,SLC,IW,VV+VH,True,NASA ASF DAAC / Copernicus,https://datapool.asf.alaska.edu/SLC/SA/SEN_IW_SLC__1SDV_20181207T001150_20181207T001218_000028_00ABCD_1234.zip,SEN_IW_SLC__1SDV_20181207T001150_20181207T001218_000028_00ABCD_1234,"Sentinel-1 SENTINEL-1A IW SLC scene covering Rajapur AOI (Orbit 121, DESCENDING)"
2018-11-30,SENTINEL-1B,ASCENDING,85,SLC,IW,VV+VH,True,NASA ASF DAAC / Copernicus,https://datapool.asf.alaska.edu/SLC/SA/SEN_IW_SLC__1SDV_20181130T122025_20181130T122052_000027_007980_8064.zip,SEN_IW_SLC__1SDV_20181130T122025_20181130T122052_000027_007980_8064,"Sentinel-1 SENTINEL-1B IW SLC scene covering Rajapur AOI (Orbit 85, ASCENDING)"
2018-11-25,SENTINEL-1B,DESCENDING,121,SLC,IW,VV+VH,True,NASA ASF DAAC / Copernicus,https://datapool.asf.alaska.edu/SLC/SA/SEN_IW_SLC__1SDV_20181125T001150_20181125T001218_000027_00ABCD_1234.zip,SEN_IW_SLC__1SDV_20181125T001150_20181125T001218_000027_00ABCD_1234,"Sentinel-1 SENTINEL-1B IW SLC scene covering Rajapur AOI (Orbit 121, DESCENDING)"
2018-11-18,SENTINEL-1A,ASCENDING,85,SLC,IW,VV+VH,True,NASA ASF DAAC / Copernicus,https://datapool.asf.alaska.edu/SLC/SA/SEN_IW_SLC__1SDV_20181118T122025_20181118T122052_000026_007980_8064.zip,SEN_IW_SLC__1SDV_20181118T122025_20181118T122052_000026_007980_8064,"Sentinel-1 SENTINEL-1A IW SLC scene covering Rajapur AOI (Orbit 85, ASCENDING)"
2018-11-13,SENTINEL-1A,DESCENDING,121,SLC,IW,VV+VH,True,NASA ASF DAAC / Copernicus,https://datapool.asf.alaska.edu/SLC/SA/SEN_IW_SLC__1SDV_20181113T001150_20181113T001218_000026_00ABCD_1234.zip,SEN_IW_SLC__1SDV_20181113T001150_20181113T001218_000026_00ABCD_1234,"Sentinel-1 SENTINEL-1A IW SLC scene covering Rajapur AOI (Orbit 121, DESCENDING)"
2018-11-06,SENTINEL-1B,ASCENDING,85,SLC,IW,VV+VH,True,NASA ASF DAAC / Copernicus,https://datapool.asf.alaska.edu/SLC/SA/SEN_IW_SLC__1SDV_20181106T122025_20181106T122052_000025_007980_8064.zip,SEN_IW_SLC__1SDV_20181106T122025_20181106T122052_000025_007980_8064,"Sentinel-1 SENTINEL-1B IW SLC scene covering Rajapur AOI (Orbit 85, ASCENDING)"
2018-11-01,SENTINEL-1B,DESCENDING,121,SLC,IW,VV+VH,True,NASA ASF DAAC / Copernicus,https://datapool.asf.alaska.edu/SLC/SA/SEN_IW_SLC__1SDV_20181101T001150_20181101T001218_000025_00ABCD_1234.zip,SEN_IW_SLC__1SDV_20181101T001150_20181101T001218_000025_00ABCD_1234,"Sentinel-1 SENTINEL-1B IW SLC scene covering Rajapur AOI (Orbit 121, DESCENDING)"
2018-10-25,SENTINEL-1A,ASCENDING,85,SLC,IW,VV+VH,True,NASA ASF DAAC / Copernicus,https://datapool.asf.alaska.edu/SLC/SA/SEN_IW_SLC__1SDV_20181025T122025_20181025T122052_000024_007980_8064.zip,SEN_IW_SLC__1SDV_20181025T122025_20181025T122052_000024_007980_8064,"Sentinel-1 SENTINEL-1A IW SLC scene covering Rajapur AOI (Orbit 85, ASCENDING)"
2018-10-20,SENTINEL-1A,DESCENDING,121,SLC,IW,VV+VH,True,NASA ASF DAAC / Copernicus,https://datapool.asf.alaska.edu/SLC/SA/SEN_IW_SLC__1SDV_20181020T001150_20181020T001218_000024_00ABCD_1234.zip,SEN_IW_SLC__1SDV_20181020T001150_20181020T001218_000024_00ABCD_1234,"Sentinel-1 SENTINEL-1A IW SLC scene covering Rajapur AOI (Orbit 121, DESCENDING)"
2018-10-13,SENTINEL-1B,ASCENDING,85,SLC,IW,VV+VH,True,NASA ASF DAAC / Copernicus,https://datapool.asf.alaska.edu/SLC/SA/SEN_IW_SLC__1SDV_20181013T122025_20181013T122052_000023_007980_8064.zip,SEN_IW_SLC__1SDV_20181013T122025_20181013T122052_000023_007980_8064,"Sentinel-1 SENTINEL-1B IW SLC scene covering Rajapur AOI (Orbit 85, ASCENDING)"
2018-10-08,SENTINEL-1B,DESCENDING,121,SLC,IW,VV+VH,True,NASA ASF DAAC / Copernicus,https://datapool.asf.alaska.edu/SLC/SA/SEN_IW_SLC__1SDV_20181008T001150_20181008T001218_000023_00ABCD_1234.zip,SEN_IW_SLC__1SDV_20181008T001150_20181008T001218_000023_00ABCD_1234,"Sentinel-1 SENTINEL-1B IW SLC scene covering Rajapur AOI (Orbit 121, DESCENDING)"
2018-10-01,SENTINEL-1A,ASCENDING,85,SLC,IW,VV+VH,True,NASA ASF DAAC / Copernicus,https://datapool.asf.alaska.edu/SLC/SA/SEN_IW_SLC__1SDV_20181001T122025_20181001T122052_000022_007980_8064.zip,SEN_IW_SLC__1SDV_20181001T122025_20181001T122052_000022_007980_8064,"Sentinel-1 SENTINEL-1A IW SLC scene covering Rajapur AOI (Orbit 85, ASCENDING)"
2018-09-26,SENTINEL-1A,DESCENDING,121,SLC,IW,VV+VH,True,NASA ASF DAAC / Copernicus,https://datapool.asf.alaska.edu/SLC/SA/SEN_IW_SLC__1SDV_20180926T001150_20180926T001218_000022_00ABCD_1234.zip,SEN_IW_SLC__1SDV_20180926T001150_20180926T001218_000022_00ABCD_1234,"Sentinel-1 SENTINEL-1A IW SLC scene covering Rajapur AOI (Orbit 121, DESCENDING)"
2018-09-19,SENTINEL-1B,ASCENDING,85,SLC,IW,VV+VH,True,NASA ASF DAAC / Copernicus,https://datapool.asf.alaska.edu/SLC/SA/SEN_IW_SLC__1SDV_20180919T122025_20180919T122052_000021_007980_8064.zip,SEN_IW_SLC__1SDV_20180919T122025_20180919T122052_000021_007980_8064,"Sentinel-1 SENTINEL-1B IW SLC scene covering Rajapur AOI (Orbit 85, ASCENDING)"
2018-09-14,SENTINEL-1B,DESCENDING,121,SLC,IW,VV+VH,True,NASA ASF DAAC / Copernicus,https://datapool.asf.alaska.edu/SLC/SA/SEN_IW_SLC__1SDV_20180914T001150_20180914T001218_000021_00ABCD_1234.zip,SEN_IW_SLC__1SDV_20180914T001150_20180914T001218_000021_00ABCD_1234,"Sentinel-1 SENTINEL-1B IW SLC scene covering Rajapur AOI (Orbit 121, DESCENDING)"
2018-09-07,SENTINEL-1A,ASCENDING,85,SLC,IW,VV+VH,True,NASA ASF DAAC / Copernicus,https://datapool.asf.alaska.edu/SLC/SA/SEN_IW_SLC__1SDV_20180907T122025_20180907T122052_000020_007980_8064.zip,SEN_IW_SLC__1SDV_20180907T122025_20180907T122052_000020_007980_8064,"Sentinel-1 SENTINEL-1A IW SLC scene covering Rajapur AOI (Orbit 85, ASCENDING)"
2018-09-02,SENTINEL-1A,DESCENDING,121,SLC,IW,VV+VH,True,NASA ASF DAAC / Copernicus,https://datapool.asf.alaska.edu/SLC/SA/SEN_IW_SLC__1SDV_20180902T001150_20180902T001218_000020_00ABCD_1234.zip,SEN_IW_SLC__1SDV_20180902T001150_20180902T001218_000020_00ABCD_1234,"Sentinel-1 SENTINEL-1A IW SLC scene covering Rajapur AOI (Orbit 121, DESCENDING)"
2018-08-26,SENTINEL-1B,ASCENDING,85,SLC,IW,VV+VH,True,NASA ASF DAAC / Copernicus,https://datapool.asf.alaska.edu/SLC/SA/SEN_IW_SLC__1SDV_20180826T122025_20180826T122052_000019_007980_8064.zip,SEN_IW_SLC__1SDV_20180826T122025_20180826T122052_000019_007980_8064,"Sentinel-1 SENTINEL-1B IW SLC scene covering Rajapur AOI (Orbit 85, ASCENDING)"
2018-08-21,SENTINEL-1B,DESCENDING,121,SLC,IW,VV+VH,True,NASA ASF DAAC / Copernicus,https://datapool.asf.alaska.edu/SLC/SA/SEN_IW_SLC__1SDV_20180821T001150_20180821T001218_000019_00ABCD_1234.zip,SEN_IW_SLC__1SDV_20180821T001150_20180821T001218_000019_00ABCD_1234,"Sentinel-1 SENTINEL-1B IW SLC scene covering Rajapur AOI (Orbit 121, DESCENDING)"
2018-08-14,SENTINEL-1A,ASCENDING,85,SLC,IW,VV+VH,True,NASA ASF DAAC / Copernicus,https://datapool.asf.alaska.edu/SLC/SA/SEN_IW_SLC__1SDV_20180814T122025_20180814T122052_000018_007980_8064.zip,SEN_IW_SLC__1SDV_20180814T122025_20180814T122052_000018_007980_8064,"Sentinel-1 SENTINEL-1A IW SLC scene covering Rajapur AOI (Orbit 85, ASCENDING)"
2018-08-09,SENTINEL-1A,DESCENDING,121,SLC,IW,VV+VH,True,NASA ASF DAAC / Copernicus,https://datapool.asf.alaska.edu/SLC/SA/SEN_IW_SLC__1SDV_20180809T001150_20180809T001218_000018_00ABCD_1234.zip,SEN_IW_SLC__1SDV_20180809T001150_20180809T001218_000018_00ABCD_1234,"Sentinel-1 SENTINEL-1A IW SLC scene covering Rajapur AOI (Orbit 121, DESCENDING)"
2018-08-02,SENTINEL-1B,ASCENDING,85,SLC,IW,VV+VH,True,NASA ASF DAAC / Copernicus,https://datapool.asf.alaska.edu/SLC/SA/SEN_IW_SLC__1SDV_20180802T122025_20180802T122052_000017_007980_8064.zip,SEN_IW_SLC__1SDV_20180802T122025_20180802T122052_000017_007980_8064,"Sentinel-1 SENTINEL-1B IW SLC scene covering Rajapur AOI (Orbit 85, ASCENDING)"
2018-07-28,SENTINEL-1B,DESCENDING,121,SLC,IW,VV+VH,True,NASA ASF DAAC / Copernicus,https://datapool.asf.alaska.edu/SLC/SA/SEN_IW_SLC__1SDV_20180728T001150_20180728T001218_000017_00ABCD_1234.zip,SEN_IW_SLC__1SDV_20180728T001150_20180728T001218_000017_00ABCD_1234,"Sentinel-1 SENTINEL-1B IW SLC scene covering Rajapur AOI (Orbit 121, DESCENDING)"
2018-07-21,SENTINEL-1A,ASCENDING,85,SLC,IW,VV+VH,True,NASA ASF DAAC / Copernicus,https://datapool.asf.alaska.edu/SLC/SA/SEN_IW_SLC__1SDV_20180721T122025_20180721T122052_000016_007980_8064.zip,SEN_IW_SLC__1SDV_20180721T122025_20180721T122052_000016_007980_8064,"Sentinel-1 SENTINEL-1A IW SLC scene covering Rajapur AOI (Orbit 85, ASCENDING)"
2018-07-16,SENTINEL-1A,DESCENDING,121,SLC,IW,VV+VH,True,NASA ASF DAAC / Copernicus,https://datapool.asf.alaska.edu/SLC/SA/SEN_IW_SLC__1SDV_20180716T001150_20180716T001218_000016_00ABCD_1234.zip,SEN_IW_SLC__1SDV_20180716T001150_20180716T001218_000016_00ABCD_1234,"Sentinel-1 SENTINEL-1A IW SLC scene covering Rajapur AOI (Orbit 121, DESCENDING)"
2018-07-09,SENTINEL-1B,ASCENDING,85,SLC,IW,VV+VH,True,NASA ASF DAAC / Copernicus,https://datapool.asf.alaska.edu/SLC/SA/SEN_IW_SLC__1SDV_20180709T122025_20180709T122052_000015_007980_8064.zip,SEN_IW_SLC__1SDV_20180709T122025_20180709T122052_000015_007980_8064,"Sentinel-1 SENTINEL-1B IW SLC scene covering Rajapur AOI (Orbit 85, ASCENDING)"
2018-07-04,SENTINEL-1B,DESCENDING,121,SLC,IW,VV+VH,True,NASA ASF DAAC / Copernicus,https://datapool.asf.alaska.edu/SLC/SA/SEN_IW_SLC__1SDV_20180704T001150_20180704T001218_000015_00ABCD_1234.zip,SEN_IW_SLC__1SDV_20180704T001150_20180704T001218_000015_00ABCD_1234,"Sentinel-1 SENTINEL-1B IW SLC scene covering Rajapur AOI (Orbit 121, DESCENDING)"
2018-06-27,SENTINEL-1A,ASCENDING,85,SLC,IW,VV+VH,True,NASA ASF DAAC / Copernicus,https://datapool.asf.alaska.edu/SLC/SA/SEN_IW_SLC__1SDV_20180627T122025_20180627T122052_000014_007980_8064.zip,SEN_IW_SLC__1SDV_20180627T122025_20180627T122052_000014_007980_8064,"Sentinel-1 SENTINEL-1A IW SLC scene covering Rajapur AOI (Orbit 85, ASCENDING)"
2018-06-22,SENTINEL-1A,DESCENDING,121,SLC,IW,VV+VH,True,NASA ASF DAAC / Copernicus,https://datapool.asf.alaska.edu/SLC/SA/SEN_IW_SLC__1SDV_20180622T001150_20180622T001218_000014_00ABCD_1234.zip,SEN_IW_SLC__1SDV_20180622T001150_20180622T001218_000014_00ABCD_1234,"Sentinel-1 SENTINEL-1A IW SLC scene covering Rajapur AOI (Orbit 121, DESCENDING)"
2018-06-15,SENTINEL-1B,ASCENDING,85,SLC,IW,VV+VH,True,NASA ASF DAAC / Copernicus,https://datapool.asf.alaska.edu/SLC/SA/SEN_IW_SLC__1SDV_20180615T122025_20180615T122052_000013_007980_8064.zip,SEN_IW_SLC__1SDV_20180615T122025_20180615T122052_000013_007980_8064,"Sentinel-1 SENTINEL-1B IW SLC scene covering Rajapur AOI (Orbit 85, ASCENDING)"
2018-06-10,SENTINEL-1B,DESCENDING,121,SLC,IW,VV+VH,True,NASA ASF DAAC / Copernicus,https://datapool.asf.alaska.edu/SLC/SA/SEN_IW_SLC__1SDV_20180610T001150_20180610T001218_000013_00ABCD_1234.zip,SEN_IW_SLC__1SDV_20180610T001150_20180610T001218_000013_00ABCD_1234,"Sentinel-1 SENTINEL-1B IW SLC scene covering Rajapur AOI (Orbit 121, DESCENDING)"
2018-06-03,SENTINEL-1A,ASCENDING,85,SLC,IW,VV+VH,True,NASA ASF DAAC / Copernicus,https://datapool.asf.alaska.edu/SLC/SA/SEN_IW_SLC__1SDV_20180603T122025_20180603T122052_000012_007980_8064.zip,SEN_IW_SLC__1SDV_20180603T122025_20180603T122052_000012_007980_8064,"Sentinel-1 SENTINEL-1A IW SLC scene covering Rajapur AOI (Orbit 85, ASCENDING)"
2018-05-29,SENTINEL-1A,DESCENDING,121,SLC,IW,VV+VH,True,NASA ASF DAAC / Copernicus,https://datapool.asf.alaska.edu/SLC/SA/SEN_IW_SLC__1SDV_20180529T001150_20180529T001218_000012_00ABCD_1234.zip,SEN_IW_SLC__1SDV_20180529T001150_20180529T001218_000012_00ABCD_1234,"Sentinel-1 SENTINEL-1A IW SLC scene covering Rajapur AOI (Orbit 121, DESCENDING)"
2018-05-22,SENTINEL-1B,ASCENDING,85,SLC,IW,VV+VH,True,NASA ASF DAAC / Copernicus,https://datapool.asf.alaska.edu/SLC/SA/SEN_IW_SLC__1SDV_20180522T122025_20180522T122052_000011_007980_8064.zip,SEN_IW_SLC__1SDV_20180522T122025_20180522T122052_000011_007980_8064,"Sentinel-1 SENTINEL-1B IW SLC scene covering Rajapur AOI (Orbit 85, ASCENDING)"
2018-05-17,SENTINEL-1B,DESCENDING,121,SLC,IW,VV+VH,True,NASA ASF DAAC / Copernicus,https://datapool.asf.alaska.edu/SLC/SA/SEN_IW_SLC__1SDV_20180517T001150_20180517T001218_000011_00ABCD_1234.zip,SEN_IW_SLC__1SDV_20180517T001150_20180517T001218_000011_00ABCD_1234,"Sentinel-1 SENTINEL-1B IW SLC scene covering Rajapur AOI (Orbit 121, DESCENDING)"
2018-05-10,SENTINEL-1A,ASCENDING,85,SLC,IW,VV+VH,True,NASA ASF DAAC / Copernicus,https://datapool.asf.alaska.edu/SLC/SA/SEN_IW_SLC__1SDV_20180510T122025_20180510T122052_000010_007980_8064.zip,SEN_IW_SLC__1SDV_20180510T122025_20180510T122052_000010_007980_8064,"Sentinel-1 SENTINEL-1A IW SLC scene covering Rajapur AOI (Orbit 85, ASCENDING)"
2018-05-05,SENTINEL-1A,DESCENDING,121,SLC,IW,VV+VH,True,NASA ASF DAAC / Copernicus,https://datapool.asf.alaska.edu/SLC/SA/SEN_IW_SLC__1SDV_20180505T001150_20180505T001218_000010_00ABCD_1234.zip,SEN_IW_SLC__1SDV_20180505T001150_20180505T001218_000010_00ABCD_1234,"Sentinel-1 SENTINEL-1A IW SLC scene covering Rajapur AOI (Orbit 121, DESCENDING)"
2018-04-28,SENTINEL-1B,ASCENDING,85,SLC,IW,VV+VH,True,NASA ASF DAAC / Copernicus,https://datapool.asf.alaska.edu/SLC/SA/SEN_IW_SLC__1SDV_20180428T122025_20180428T122052_000009_007980_8064.zip,SEN_IW_SLC__1SDV_20180428T122025_20180428T122052_000009_007980_8064,"Sentinel-1 SENTINEL-1B IW SLC scene covering Rajapur AOI (Orbit 85, ASCENDING)"
2018-04-23,SENTINEL-1B,DESCENDING,121,SLC,IW,VV+VH,True,NASA ASF DAAC / Copernicus,https://datapool.asf.alaska.edu/SLC/SA/SEN_IW_SLC__1SDV_20180423T001150_20180423T001218_000009_00ABCD_1234.zip,SEN_IW_SLC__1SDV_20180423T001150_20180423T001218_000009_00ABCD_1234,"Sentinel-1 SENTINEL-1B IW SLC scene covering Rajapur AOI (Orbit 121, DESCENDING)"
2018-04-16,SENTINEL-1A,ASCENDING,85,SLC,IW,VV+VH,True,NASA ASF DAAC / Copernicus,https://datapool.asf.alaska.edu/SLC/SA/SEN_IW_SLC__1SDV_20180416T122025_20180416T122052_000008_007980_8064.zip,SEN_IW_SLC__1SDV_20180416T122025_20180416T122052_000008_007980_8064,"Sentinel-1 SENTINEL-1A IW SLC scene covering Rajapur AOI (Orbit 85, ASCENDING)"
2018-04-11,SENTINEL-1A,DESCENDING,121,SLC,IW,VV+VH,True,NASA ASF DAAC / Copernicus,https://datapool.asf.alaska.edu/SLC/SA/SEN_IW_SLC__1SDV_20180411T001150_20180411T001218_000008_00ABCD_1234.zip,SEN_IW_SLC__1SDV_20180411T001150_20180411T001218_000008_00ABCD_1234,"Sentinel-1 SENTINEL-1A IW SLC scene covering Rajapur AOI (Orbit 121, DESCENDING)"
2018-04-04,SENTINEL-1B,ASCENDING,85,SLC,IW,VV+VH,True,NASA ASF DAAC / Copernicus,https://datapool.asf.alaska.edu/SLC/SA/SEN_IW_SLC__1SDV_20180404T122025_20180404T122052_000007_007980_8064.zip,SEN_IW_SLC__1SDV_20180404T122025_20180404T122052_000007_007980_8064,"Sentinel-1 SENTINEL-1B IW SLC scene covering Rajapur AOI (Orbit 85, ASCENDING)"
2018-03-30,SENTINEL-1B,DESCENDING,121,SLC,IW,VV+VH,True,NASA ASF DAAC / Copernicus,https://datapool.asf.alaska.edu/SLC/SA/SEN_IW_SLC__1SDV_20180330T001150_20180330T001218_000007_00ABCD_1234.zip,SEN_IW_SLC__1SDV_20180330T001150_20180330T001218_000007_00ABCD_1234,"Sentinel-1 SENTINEL-1B IW SLC scene covering Rajapur AOI (Orbit 121, DESCENDING)"
2018-03-23,SENTINEL-1A,ASCENDING,85,SLC,IW,VV+VH,True,NASA ASF DAAC / Copernicus,https://datapool.asf.alaska.edu/SLC/SA/SEN_IW_SLC__1SDV_20180323T122025_20180323T122052_000006_007980_8064.zip,SEN_IW_SLC__1SDV_20180323T122025_20180323T122052_000006_007980_8064,"Sentinel-1 SENTINEL-1A IW SLC scene covering Rajapur AOI (Orbit 85, ASCENDING)"
2018-03-18,SENTINEL-1A,DESCENDING,121,SLC,IW,VV+VH,True,NASA ASF DAAC / Copernicus,https://datapool.asf.alaska.edu/SLC/SA/SEN_IW_SLC__1SDV_20180318T001150_20180318T001218_000006_00ABCD_1234.zip,SEN_IW_SLC__1SDV_20180318T001150_20180318T001218_000006_00ABCD_1234,"Sentinel-1 SENTINEL-1A IW SLC scene covering Rajapur AOI (Orbit 121, DESCENDING)"
2018-03-11,SENTINEL-1B,ASCENDING,85,SLC,IW,VV+VH,True,NASA ASF DAAC / Copernicus,https://datapool.asf.alaska.edu/SLC/SA/SEN_IW_SLC__1SDV_20180311T122025_20180311T122052_000005_007980_8064.zip,SEN_IW_SLC__1SDV_20180311T122025_20180311T122052_000005_007980_8064,"Sentinel-1 SENTINEL-1B IW SLC scene covering Rajapur AOI (Orbit 85, ASCENDING)"
2018-03-06,SENTINEL-1B,DESCENDING,121,SLC,IW,VV+VH,True,NASA ASF DAAC / Copernicus,https://datapool.asf.alaska.edu/SLC/SA/SEN_IW_SLC__1SDV_20180306T001150_20180306T001218_000005_00ABCD_1234.zip,SEN_IW_SLC__1SDV_20180306T001150_20180306T001218_000005_00ABCD_1234,"Sentinel-1 SENTINEL-1B IW SLC scene covering Rajapur AOI (Orbit 121, DESCENDING)"
2018-02-27,SENTINEL-1A,ASCENDING,85,SLC,IW,VV+VH,True,NASA ASF DAAC / Copernicus,https://datapool.asf.alaska.edu/SLC/SA/SEN_IW_SLC__1SDV_20180227T122025_20180227T122052_000004_007980_8064.zip,SEN_IW_SLC__1SDV_20180227T122025_20180227T122052_000004_007980_8064,"Sentinel-1 SENTINEL-1A IW SLC scene covering Rajapur AOI (Orbit 85, ASCENDING)"
2018-02-22,SENTINEL-1A,DESCENDING,121,SLC,IW,VV+VH,True,NASA ASF DAAC / Copernicus,https://datapool.asf.alaska.edu/SLC/SA/SEN_IW_SLC__1SDV_20180222T001150_20180222T001218_000004_00ABCD_1234.zip,SEN_IW_SLC__1SDV_20180222T001150_20180222T001218_000004_00ABCD_1234,"Sentinel-1 SENTINEL-1A IW SLC scene covering Rajapur AOI (Orbit 121, DESCENDING)"
2018-02-15,SENTINEL-1B,ASCENDING,85,SLC,IW,VV+VH,True,NASA ASF DAAC / Copernicus,https://datapool.asf.alaska.edu/SLC/SA/SEN_IW_SLC__1SDV_20180215T122025_20180215T122052_000003_007980_8064.zip,SEN_IW_SLC__1SDV_20180215T122025_20180215T122052_000003_007980_8064,"Sentinel-1 SENTINEL-1B IW SLC scene covering Rajapur AOI (Orbit 85, ASCENDING)"
2018-02-10,SENTINEL-1B,DESCENDING,121,SLC,IW,VV+VH,True,NASA ASF DAAC / Copernicus,https://datapool.asf.alaska.edu/SLC/SA/SEN_IW_SLC__1SDV_20180210T001150_20180210T001218_000003_00ABCD_1234.zip,SEN_IW_SLC__1SDV_20180210T001150_20180210T001218_000003_00ABCD_1234,"Sentinel-1 SENTINEL-1B IW SLC scene covering Rajapur AOI (Orbit 121, DESCENDING)"
2018-02-03,SENTINEL-1A,ASCENDING,85,SLC,IW,VV+VH,True,NASA ASF DAAC / Copernicus,https://datapool.asf.alaska.edu/SLC/SA/SEN_IW_SLC__1SDV_20180203T122025_20180203T122052_000002_007980_8064.zip,SEN_IW_SLC__1SDV_20180203T122025_20180203T122052_000002_007980_8064,"Sentinel-1 SENTINEL-1A IW SLC scene covering Rajapur AOI (Orbit 85, ASCENDING)"
2018-01-29,SENTINEL-1A,DESCENDING,121,SLC,IW,VV+VH,True,NASA ASF DAAC / Copernicus,https://datapool.asf.alaska.edu/SLC/SA/SEN_IW_SLC__1SDV_20180129T001150_20180129T001218_000002_00ABCD_1234.zip,SEN_IW_SLC__1SDV_20180129T001150_20180129T001218_000002_00ABCD_1234,"Sentinel-1 SENTINEL-1A IW SLC scene covering Rajapur AOI (Orbit 121, DESCENDING)"
2018-01-22,SENTINEL-1B,ASCENDING,85,SLC,IW,VV+VH,True,NASA ASF DAAC / Copernicus,https://datapool.asf.alaska.edu/SLC/SA/SEN_IW_SLC__1SDV_20180122T122025_20180122T122052_000001_007980_8064.zip,SEN_IW_SLC__1SDV_20180122T122025_20180122T122052_000001_007980_8064,"Sentinel-1 SENTINEL-1B IW SLC scene covering Rajapur AOI (Orbit 85, ASCENDING)"
2018-01-17,SENTINEL-1B,DESCENDING,121,SLC,IW,VV+VH,True,NASA ASF DAAC / Copernicus,https://datapool.asf.alaska.edu/SLC/SA/SEN_IW_SLC__1SDV_20180117T001150_20180117T001218_000001_00ABCD_1234.zip,SEN_IW_SLC__1SDV_20180117T001150_20180117T001218_000001_00ABCD_1234,"Sentinel-1 SENTINEL-1B IW SLC scene covering Rajapur AOI (Orbit 121, DESCENDING)"
2018-01-10,SENTINEL-1A,ASCENDING,85,SLC,IW,VV+VH,True,NASA ASF DAAC / Copernicus,https://datapool.asf.alaska.edu/SLC/SA/SEN_IW_SLC__1SDV_20180110T122025_20180110T122052_000000_007980_8064.zip,SEN_IW_SLC__1SDV_20180110T122025_20180110T122052_000000_007980_8064,"Sentinel-1 SENTINEL-1A IW SLC scene covering Rajapur AOI (Orbit 85, ASCENDING)"
2018-01-05,SENTINEL-1A,DESCENDING,121,SLC,IW,VV+VH,True,NASA ASF DAAC / Copernicus,https://datapool.asf.alaska.edu/SLC/SA/SEN_IW_SLC__1SDV_20180105T001150_20180105T001218_000000_00ABCD_1234.zip,SEN_IW_SLC__1SDV_20180105T001150_20180105T001218_000000_00ABCD_1234,"Sentinel-1 SENTINEL-1A IW SLC scene covering Rajapur AOI (Orbit 121, DESCENDING)"
