latitude,longitude,Slope_Angle,Rainfall_mm,Soil_Saturation,Vegetation_Cover,Earthquake_Activity,Proximity_to_Water,Soil_Type_Gravel,Soil_Type_Sand,Soil_Type_Silt
23.765000000000004,86.41555555555557,4.4459,228.0,0.2782,0.5526,4.7,1.0746,1,0,0
23.765000000000004,86.41583333333334,9.8708,228.0,0.1297,0.5022,4.7,1.1028,1,0,0
23.764722222222225,86.41472222222224,1.0551,228.0,0.5147,0.5851,4.7,0.9897,1,0,0
23.764722222222225,86.415,0.7393,228.0,0.5948,0.5842,4.7,1.018,1,0,0
23.764722222222225,86.41527777777779,1.5842,228.0,0.4568,0.5807,4.7,1.0463,1,0,0
23.764722222222225,86.41555555555557,2.3755,228.0,0.3935,0.5727,4.7,1.0746,1,0,0
23.764722222222225,86.41583333333334,8.7168,228.0,0.1482,0.5095,4.7,1.1028,1,0,0
23.764722222222225,86.41611111111112,13.1073,228.0,0.0731,0.4749,4.7,1.1311,1,0,0
23.764444444444447,86.41388888888889,2.7312,228.0,0.3126,0.5703,4.7,0.9049,1,0,0
23.764444444444447,86.41416666666667,1.789,228.0,0.3976,0.5814,4.7,0.9332,1,0,0
23.764444444444447,86.41444444444446,1.3705,228.0,0.4519,0.5838,4.7,0.9614,1,0,0
23.764444444444447,86.41472222222224,0.9264,228.0,0.5336,0.5814,4.7,0.9897,1,0,0
23.764444444444447,86.415,2.4357,228.0,0.3482,0.5725,4.7,1.018,1,0,0
23.764444444444447,86.41527777777779,2.5252,228.0,0.3543,0.5727,4.7,1.0463,1,0,0
23.764444444444447,86.41555555555557,1.7129,228.0,0.4492,0.5777,4.7,1.0746,1,0,0
23.764444444444447,86.41583333333334,5.9022,228.0,0.2183,0.5321,4.7,1.1028,1,0,0
23.764444444444447,86.41611111111112,11.1099,228.0,0.1012,0.4875,4.7,1.1311,1,0,0
23.76416666666667,86.41277777777779,3.8149,228.0,0.2329,0.5614,4.7,0.7918,1,0,0
23.76416666666667,86.41305555555556,3.8353,228.0,0.2361,0.5598,4.7,0.8201,1,0,0
23.76416666666667,86.41333333333334,3.5513,228.0,0.2556,0.5634,4.7,0.8483,1,0,0
23.76416666666667,86.41361111111112,3.7672,228.0,0.2467,0.5598,4.7,0.8766,1,0,0
23.76416666666667,86.41388888888889,3.1624,228.0,0.2832,0.5652,4.7,0.9049,1,0,0
23.76416666666667,86.41416666666667,2.9546,228.0,0.2974,0.5685,4.7,0.9332,1,0,0
23.76416666666667,86.41444444444446,3.098,228.0,0.2887,0.5683,4.7,0.9614,1,0,0
23.76416666666667,86.41472222222224,2.3692,228.0,0.3448,0.571,4.7,0.9897,1,0,0
23.76416666666667,86.415,3.7501,228.0,0.2585,0.5618,4.7,1.018,1,0,0
23.76416666666667,86.41527777777779,3.2781,228.0,0.2956,0.5648,4.7,1.0463,1,0,0
23.76416666666667,86.41555555555557,2.5585,228.0,0.3596,0.5689,4.7,1.0746,1,0,0
23.76416666666667,86.41583333333334,2.8614,228.0,0.353,0.5597,4.7,1.1028,1,0,0
23.76416666666667,86.41611111111112,7.0941,228.0,0.183,0.5236,4.7,1.1311,1,0,0
23.763888888888893,86.41250000000001,1.1851,228.0,0.4593,0.5838,4.7,0.7635,1,0,0
23.763888888888893,86.41277777777779,2.1095,228.0,0.3474,0.5756,4.7,0.7918,1,0,0
23.763888888888893,86.41305555555556,2.5252,228.0,0.3166,0.5732,4.7,0.8201,1,0,0
23.763888888888893,86.41333333333334,2.0988,228.0,0.3589,0.5751,4.7,0.8483,1,0,0
23.763888888888893,86.41361111111112,2.7394,228.0,0.3098,0.571,4.7,0.8766,1,0,0
23.763888888888893,86.41388888888889,3.0706,228.0,0.2896,0.5658,4.7,0.9049,1,0,0
23.763888888888893,86.41416666666667,3.2781,228.0,0.2778,0.5646,4.7,0.9332,1,0,0
23.763888888888893,86.41444444444446,4.308,228.0,0.2239,0.5548,4.7,0.9614,1,0,0
23.763888888888893,86.41472222222224,3.9393,228.0,0.2433,0.5591,4.7,0.9897,1,0,0
23.763888888888893,86.415,4.4395,228.0,0.2226,0.5526,4.7,1.018,1,0,0
23.763888888888893,86.41527777777779,3.8353,228.0,0.2584,0.5572,4.7,1.0463,1,0,0
23.763888888888893,86.41555555555557,4.4564,228.0,0.2387,0.5539,4.7,1.0746,1,0,0
23.763888888888893,86.41583333333334,4.2817,228.0,0.2599,0.5554,4.7,1.1028,1,0,0
23.763888888888893,86.41611111111112,3.8831,228.0,0.2917,0.5517,4.7,1.1311,1,0,0
23.763888888888893,86.4163888888889,6.3927,228.0,0.1987,0.5306,4.7,1.1594,1,0,0
23.763611111111118,86.41250000000001,0.0,228.0,0.9499,0.6,4.7,0.7635,1,0,0
23.763611111111118,86.41277777777779,0.3427,228.0,0.7068,0.5926,4.7,0.7918,1,0,0
23.763611111111118,86.41305555555556,1.0551,228.0,0.4876,0.5851,4.7,0.8201,1,0,0
23.763611111111118,86.41333333333334,1.6404,228.0,0.4054,0.5814,4.7,0.8483,1,0,0
23.763611111111118,86.41361111111112,2.7394,228.0,0.308,0.5703,4.7,0.8766,1,0,0
23.763611111111118,86.41388888888889,3.1293,228.0,0.2848,0.5685,4.7,0.9049,1,0,0
23.763611111111118,86.41416666666667,2.3692,228.0,0.3423,0.5705,4.7,0.9332,1,0,0
23.763611111111118,86.41444444444446,3.3923,228.0,0.2712,0.564,4.7,0.9614,1,0,0
23.763611111111118,86.41472222222224,3.4791,228.0,0.2667,0.563,4.7,0.9897,1,0,0
23.763611111111118,86.415,3.098,228.0,0.2913,0.5648,4.7,1.018,1,0,0
23.763611111111118,86.41527777777779,2.7312,228.0,0.3199,0.5648,4.7,1.0463,1,0,0
23.763611111111118,86.41555555555557,3.0187,228.0,0.3066,0.5652,4.7,1.0746,1,0,0
23.763611111111118,86.41583333333334,3.4791,228.0,0.2883,0.5629,4.7,1.1028,1,0,0
23.763611111111118,86.41611111111112,2.6561,228.0,0.3536,0.5689,4.7,1.1311,1,0,0
23.763611111111118,86.4163888888889,4.2653,228.0,0.267,0.5502,4.7,1.1594,1,0,0
23.763333333333332,86.41250000000001,0.3427,228.0,0.7027,0.5889,4.7,0.7635,1,0,0
23.763333333333332,86.41277777777779,0.5051,228.0,0.6278,0.5889,4.7,0.7918,1,0,0
23.763333333333332,86.41305555555556,1.3836,228.0,0.4313,0.5807,4.7,0.8201,1,0,0
23.763333333333332,86.41333333333334,2.5252,228.0,0.3166,0.5732,4.7,0.8483,1,0,0
23.763333333333332,86.41361111111112,3.432,228.0,0.2601,0.5646,4.7,0.8766,1,0,0
23.763333333333332,86.41388888888889,3.4103,228.0,0.2648,0.5646,4.7,0.9049,1,0,0
23.763333333333332,86.41416666666667,2.8412,228.0,0.3032,0.5664,4.7,0.9332,1,0,0
23.763333333333332,86.41444444444446,2.8226,228.0,0.305,0.5703,4.7,0.9614,1,0,0
23.763333333333332,86.41472222222224,2.3923,228.0,0.338,0.5696,4.7,0.9897,1,0,0
23.763333333333332,86.415,0.6853,228.0,0.588,0.5807,4.7,1.018,1,0,0
23.763333333333332,86.41527777777779,2.2836,228.0,0.3487,0.5748,4.7,1.0463,1,0,0
23.763333333333332,86.41555555555557,1.441,228.0,0.4449,0.5842,4.7,1.0746,1,0,0
23.763333333333332,86.41583333333334,1.1851,228.0,0.4915,0.5851,4.7,1.1028,1,0,0
23.763333333333332,86.41611111111112,1.9198,228.0,0.4048,0.5777,4.7,1.1311,1,0,0
23.763333333333332,86.4163888888889,4.5558,228.0,0.2399,0.5527,4.7,1.1594,1,0,0
23.763333333333332,86.41666666666667,6.9291,228.0,0.1582,0.534,4.7,1.1877,1,0,0
23.76305555555556,86.41250000000001,1.0279,228.0,0.4849,0.5851,4.7,0.7635,1,0,0
23.76305555555556,86.41277777777779,1.441,228.0,0.4193,0.5807,4.7,0.7918,1,0,0
23.76305555555556,86.41305555555556,2.4508,228.0,0.3167,0.5751,4.7,0.8201,1,0,0
23.76305555555556,86.41333333333334,2.3923,228.0,0.3257,0.5756,4.7,0.8483,1,0,0
23.76305555555556,86.41361111111112,2.3974,228.0,0.329,0.5751,4.7,0.8766,1,0,0
23.76305555555556,86.41388888888889,2.7898,228.0,0.3014,0.5683,4.7,0.9049,1,0,0
23.76305555555556,86.41416666666667,2.7312,228.0,0.3071,0.5725,4.7,0.9332,1,0,0
23.76305555555556,86.41444444444446,2.2168,228.0,0.3492,0.5727,4.7,0.9614,1,0,0
23.76305555555556,86.41472222222224,3.2133,228.0,0.2745,0.5696,4.7,0.9897,1,0,0
23.76305555555556,86.415,1.6404,228.0,0.4086,0.5732,4.7,1.018,1,0,0
23.76305555555556,86.41527777777779,3.1293,228.0,0.2799,0.5689,4.7,1.0463,1,0,0
23.76305555555556,86.41555555555557,1.7176,228.0,0.4025,0.5777,4.7,1.0746,1,0,0
23.76305555555556,86.41583333333334,1.0551,228.0,0.5055,0.5883,4.7,1.1028,1,0,0
23.76305555555556,86.41611111111112,2.0552,228.0,0.38,0.5765,4.7,1.1311,1,0,0
23.76305555555556,86.4163888888889,4.1137,228.0,0.2481,0.5586,4.7,1.1594,1,0,0
23.76305555555556,86.41666666666667,5.0592,228.0,0.209,0.548,4.7,1.1877,1,0,0
23.76277777777778,86.41250000000001,2.2168,228.0,0.334,0.5765,4.7,0.7635,1,0,0
23.76277777777778,86.41277777777779,2.4357,228.0,0.3165,0.5717,4.7,0.7918,1,0,0
23.76277777777778,86.41305555555556,3.1293,228.0,0.2685,0.5696,4.7,0.8201,1,0,0
23.76277777777778,86.41333333333334,1.7176,228.0,0.3909,0.5807,4.7,0.8483,1,0,0
23.76277777777778,86.41361111111112,0.7922,228.0,0.5478,0.5851,4.7,0.8766,1,0,0
23.76277777777778,86.41388888888889,2.566,228.0,0.3147,0.5751,4.7,0.9049,1,0,0
23.76277777777778,86.41416666666667,2.2836,228.0,0.3392,0.5751,4.7,0.9332,1,0,0
23.76277777777778,86.41444444444446,0.6853,228.0,0.58,0.5838,4.7,0.9614,1,0,0
23.76277777777778,86.41472222222224,2.7394,228.0,0.3027,0.5685,4.7,0.9897,1,0,0
23.76277777777778,86.415,3.1018,228.0,0.2776,0.5658,4.7,1.018,1,0,0
23.76277777777778,86.41527777777779,3.432,228.0,0.2577,0.5634,4.7,1.0463,1,0,0
23.76277777777778,86.41555555555557,1.8523,228.0,0.383,0.5783,4.7,1.0746,1,0,0
23.76277777777778,86.41583333333334,1.1851,228.0,0.4766,0.5842,4.7,1.1028,1,0,0
23.76277777777778,86.41611111111112,2.2216,228.0,0.3571,0.5774,4.7,1.1311,1,0,0
23.76277777777778,86.4163888888889,3.063,228.0,0.2981,0.5689,4.7,1.1594,1,0,0
23.76277777777778,86.41666666666667,3.5615,228.0,0.2695,0.5629,4.7,1.1877,1,0,0
23.76277777777778,86.41694444444445,3.3522,228.0,0.2783,0.5658,4.7,1.2159,1,0,0
23.762500000000003,86.41250000000001,2.3149,228.0,0.3275,0.5727,4.7,0.7635,1,0,0
23.762500000000003,86.41277777777779,3.2615,228.0,0.26,0.5664,4.7,0.7918,1,0,0
23.762500000000003,86.41305555555556,3.432,228.0,0.2509,0.564,4.7,0.8201,1,0,0
23.762500000000003,86.41333333333334,1.6404,228.0,0.3997,0.5774,4.7,0.8483,1,0,0
23.762500000000003,86.41361111111112,1.0101,228.0,0.4977,0.5807,4.7,0.8766,1,0,0
23.762500000000003,86.41388888888889,2.3974,228.0,0.3261,0.5725,4.7,0.9049,1,0,0
23.762500000000003,86.41416666666667,3.4227,228.0,0.2557,0.5666,4.7,0.9332,1,0,0
23.762500000000003,86.41444444444446,1.789,228.0,0.3858,0.5765,4.7,0.9614,1,0,0
23.762500000000003,86.41472222222224,0.3427,228.0,0.716,0.5774,4.7,0.9897,1,0,0
23.762500000000003,86.415,2.0542,228.0,0.358,0.5765,4.7,1.018,1,0,0
23.762500000000003,86.41527777777779,2.0542,228.0,0.3585,0.5748,4.7,1.0463,1,0,0
23.762500000000003,86.41555555555557,1.6404,228.0,0.4053,0.5814,4.7,1.0746,1,0,0
23.762500000000003,86.41583333333334,2.0988,228.0,0.3595,0.5751,4.7,1.1028,1,0,0
23.762500000000003,86.41611111111112,2.7312,228.0,0.3114,0.5725,4.7,1.1311,1,0,0
23.762500000000003,86.4163888888889,2.4508,228.0,0.3368,0.5727,4.7,1.1594,1,0,0
23.762500000000003,86.41666666666667,2.8614,228.0,0.3065,0.5725,4.7,1.1877,1,0,0
23.762500000000003,86.41694444444445,3.5615,228.0,0.2597,0.5666,4.7,1.2159,1,0,0
23.762222222222228,86.41250000000001,1.3836,228.0,0.4326,0.5826,4.7,0.7635,1,0,0
23.762222222222228,86.41277777777779,2.3974,228.0,0.3238,0.5748,4.7,0.7918,1,0,0
23.762222222222228,86.41305555555556,1.7176,228.0,0.3912,0.5777,4.7,0.8201,1,0,0
23.762222222222228,86.41333333333334,1.5842,228.0,0.4077,0.5793,4.7,0.8483,1,0,0
23.762222222222228,86.41361111111112,2.2836,228.0,0.3351,0.5783,4.7,0.8766,1,0,0
23.762222222222228,86.41388888888889,1.0551,228.0,0.4901,0.5807,4.7,0.9049,1,0,0
23.762222222222228,86.41416666666667,2.7898,228.0,0.2962,0.5703,4.7,0.9332,1,0,0
23.762222222222228,86.41444444444446,2.4508,228.0,0.3222,0.5727,4.7,0.9614,1,0,0
23.762222222222228,86.41472222222224,2.2836,228.0,0.3361,0.5751,4.7,0.9897,1,0,0
23.762222222222228,86.415,1.8989,228.0,0.3728,0.5803,4.7,1.018,1,0,0
23.762222222222228,86.41527777777779,1.7129,228.0,0.3938,0.5807,4.7,1.0463,1,0,0
23.762222222222228,86.41555555555557,2.2168,228.0,0.3438,0.5732,4.7,1.0746,1,0,0
23.762222222222228,86.41583333333334,3.3923,228.0,0.2615,0.5648,4.7,1.1028,1,0,0
23.762222222222228,86.41611111111112,3.6915,228.0,0.248,0.5618,4.7,1.1311,1,0,0
23.762222222222228,86.4163888888889,2.9546,228.0,0.2952,0.5683,4.7,1.1594,1,0,0
23.762222222222228,86.41666666666667,2.7394,228.0,0.3107,0.571,4.7,1.1877,1,0,0
23.762222222222228,86.41694444444445,3.4772,228.0,0.2606,0.5646,4.7,1.2159,1,0,0
23.762222222222228,86.41722222222224,2.8614,228.0,0.2965,0.5717,4.7,1.2442,1,0,0
23.76194444444445,86.41250000000001,1.2836,228.0,0.4516,0.5851,4.7,0.7635,1,0,0
23.76194444444445,86.41277777777779,2.0196,228.0,0.3624,0.5807,4.7,0.7918,1,0,0
23.76194444444445,86.41305555555556,0.3427,228.0,0.7174,0.5883,4.7,0.8201,1,0,0
23.76194444444445,86.41333333333334,1.7825,228.0,0.3877,0.5814,4.7,0.8483,1,0,0
23.76194444444445,86.41361111111112,1.8989,228.0,0.3749,0.5774,4.7,0.8766,1,0,0
23.76194444444445,86.41388888888889,1.3894,228.0,0.4373,0.5826,4.7,0.9049,1,0,0
23.76194444444445,86.41416666666667,2.1125,228.0,0.3533,0.5774,4.7,0.9332,1,0,0
23.76194444444445,86.41444444444446,2.6882,228.0,0.3044,0.5748,4.7,0.9614,1,0,0
23.76194444444445,86.41472222222224,2.8614,228.0,0.291,0.5727,4.7,0.9897,1,0,0
23.76194444444445,86.415,2.072,228.0,0.3547,0.5783,4.7,1.018,1,0,0
23.76194444444445,86.41527777777779,1.8989,228.0,0.3719,0.5814,4.7,1.0463,1,0,0
23.76194444444445,86.41555555555557,2.4508,228.0,0.3219,0.5727,4.7,1.0746,1,0,0
23.76194444444445,86.41583333333334,2.7312,228.0,0.3025,0.5725,4.7,1.1028,1,0,0
23.76194444444445,86.41611111111112,2.5252,228.0,0.3211,0.571,4.7,1.1311,1,0,0
23.76194444444445,86.4163888888889,2.9546,228.0,0.292,0.5658,4.7,1.1594,1,0,0
23.76194444444445,86.41666666666667,3.2615,228.0,0.2729,0.5664,4.7,1.1877,1,0,0
23.76194444444445,86.41694444444445,3.0812,228.0,0.2833,0.5664,4.7,1.2159,1,0,0
23.76194444444445,86.41722222222224,2.2216,228.0,0.3478,0.5756,4.7,1.2174,1,0,0
23.76166666666667,86.41250000000001,2.3755,228.0,0.3353,0.5725,4.7,0.7635,1,0,0
23.76166666666667,86.41277777777779,2.4508,228.0,0.3306,0.5748,4.7,0.7918,1,0,0
23.76166666666667,86.41305555555556,1.3894,228.0,0.4441,0.5793,4.7,0.8201,1,0,0
23.76166666666667,86.41333333333334,2.1095,228.0,0.3599,0.5756,4.7,0.8483,1,0,0
23.76166666666667,86.41361111111112,2.6561,228.0,0.3127,0.571,4.7,0.8766,1,0,0
23.76166666666667,86.41388888888889,2.5585,228.0,0.319,0.5727,4.7,0.9049,1,0,0
23.76166666666667,86.41416666666667,2.1095,228.0,0.3561,0.5765,4.7,0.9332,1,0,0
23.76166666666667,86.41444444444446,2.2216,228.0,0.3438,0.5765,4.7,0.9614,1,0,0
23.76166666666667,86.41472222222224,2.2836,228.0,0.3362,0.5765,4.7,0.9897,1,0,0
23.76166666666667,86.415,2.0196,228.0,0.3588,0.5807,4.7,1.018,1,0,0
23.76166666666667,86.41527777777779,2.2836,228.0,0.3329,0.5765,4.7,1.0463,1,0,0
23.76166666666667,86.41555555555557,2.566,228.0,0.3097,0.5756,4.7,1.0746,1,0,0
23.76166666666667,86.41583333333334,1.515,228.0,0.417,0.5826,4.7,1.1028,1,0,0
23.76166666666667,86.41611111111112,1.2836,228.0,0.4533,0.5826,4.7,1.1311,1,0,0
23.76166666666667,86.4163888888889,2.3755,228.0,0.3335,0.5727,4.7,1.1594,1,0,0
23.76166666666667,86.41666666666667,1.7176,228.0,0.4007,0.5777,4.7,1.1877,1,0,0
23.76166666666667,86.41694444444445,1.0279,228.0,0.5044,0.5777,4.7,1.1889,1,0,0
23.76166666666667,86.41722222222224,1.1112,228.0,0.4899,0.5842,4.7,1.1866,1,0,0
23.76166666666667,86.4175,0.6853,228.0,0.5895,0.5883,4.7,1.1851,1,0,0
23.76166666666667,86.41777777777779,1.1851,228.0,0.4855,0.5751,4.7,1.1842,1,0,0
23.76138888888889,86.41250000000001,4.4882,228.0,0.2155,0.5554,4.7,0.7635,1,0,0
23.76138888888889,86.41277777777779,3.8149,228.0,0.2496,0.5612,4.7,0.7918,1,0,0
23.76138888888889,86.41305555555556,3.2391,228.0,0.2818,0.564,4.7,0.8201,1,0,0
23.76138888888889,86.41333333333334,3.4791,228.0,0.2658,0.564,4.7,0.8483,1,0,0
23.76138888888889,86.41361111111112,3.5513,228.0,0.2595,0.5634,4.7,0.8766,1,0,0
23.76138888888889,86.41388888888889,2.8412,228.0,0.3017,0.5685,4.7,0.9049,1,0,0
23.76138888888889,86.41416666666667,1.3894,228.0,0.4417,0.5793,4.7,0.9332,1,0,0
23.76138888888889,86.41444444444446,1.7756,228.0,0.3894,0.5803,4.7,0.9614,1,0,0
23.76138888888889,86.41472222222224,2.2216,228.0,0.3411,0.5777,4.7,0.9897,1,0,0
23.76138888888889,86.415,2.2216,228.0,0.3379,0.5777,4.7,1.018,1,0,0
23.76138888888889,86.41527777777779,2.3755,228.0,0.3221,0.5777,4.7,1.0463,1,0,0
23.76138888888889,86.41555555555557,1.7825,228.0,0.3791,0.5783,4.7,1.0746,1,0,0
23.76138888888889,86.41583333333334,1.4783,228.0,0.4185,0.5814,4.7,1.1028,1,0,0
23.76138888888889,86.41611111111112,2.3923,228.0,0.3265,0.5748,4.7,1.1311,1,0,0
23.76138888888889,86.4163888888889,3.469,228.0,0.2574,0.5648,4.7,1.1594,1,0,0
23.76138888888889,86.41666666666667,2.3923,228.0,0.3367,0.5727,4.7,1.1611,1,0,0
23.76138888888889,86.41694444444445,1.0279,228.0,0.5091,0.5793,4.7,1.1582,1,0,0
23.76138888888889,86.41722222222224,1.1112,228.0,0.4961,0.5777,4.7,1.1559,1,0,0
23.76138888888889,86.4175,2.1095,228.0,0.371,0.5689,4.7,1.1543,1,0,0
23.76138888888889,86.41777777777779,4.1445,228.0,0.2399,0.5548,4.7,1.1534,1,0,0
23.76138888888889,86.41805555555557,6.1415,228.0,0.1651,0.5359,4.7,1.1532,1,0,0
23.76138888888889,86.41833333333334,6.3956,228.0,0.1589,0.5356,4.7,1.1537,1,0,0
23.76138888888889,86.41861111111112,5.3009,228.0,0.1958,0.5443,4.7,1.1548,1,0,0
23.76111111111112,86.41250000000001,5.4663,228.0,0.1814,0.5454,4.7,0.7635,1,0,0
23.76111111111112,86.41277777777779,4.2132,228.0,0.2351,0.5554,4.7,0.7918,1,0,0
23.76111111111112,86.41305555555556,3.7006,228.0,0.26,0.5614,4.7,0.8201,1,0,0
23.76111111111112,86.41333333333334,3.7006,228.0,0.2574,0.5614,4.7,0.8483,1,0,0
23.76111111111112,86.41361111111112,3.8353,228.0,0.2469,0.5598,4.7,0.8766,1,0,0
23.76111111111112,86.41388888888889,4.1445,228.0,0.2277,0.5583,4.7,0.9049,1,0,0
23.76111111111112,86.41416666666667,3.1018,228.0,0.2816,0.5646,4.7,0.9332,1,0,0
23.76111111111112,86.41444444444446,3.1624,228.0,0.2733,0.5664,4.7,0.9614,1,0,0
23.76111111111112,86.41472222222224,3.098,228.0,0.273,0.5689,4.7,0.9897,1,0,0
23.76111111111112,86.415,2.3923,228.0,0.3209,0.5751,4.7,1.018,1,0,0
23.76111111111112,86.41527777777779,1.441,228.0,0.4196,0.5807,4.7,1.0463,1,0,0
23.76111111111112,86.41555555555557,0.6853,228.0,0.5677,0.5866,4.7,1.0746,1,0,0
23.76111111111112,86.41583333333334,0.7393,228.0,0.5551,0.5883,4.7,1.1028,1,0,0
23.76111111111112,86.41611111111112,1.441,228.0,0.4275,0.5793,4.7,1.1311,1,0,0
23.76111111111112,86.4163888888889,2.4508,228.0,0.3291,0.5727,4.7,1.1343,1,0,0
23.76111111111112,86.41666666666667,3.0071,228.0,0.2958,0.5676,4.7,1.1305,1,0,0
23.76111111111112,86.41694444444445,3.1659,228.0,0.2909,0.5602,4.7,1.1275,1,0,0
23.76111111111112,86.41722222222224,4.4395,228.0,0.2258,0.5514,4.7,1.1251,1,0,0
23.76111111111112,86.4175,5.0407,228.0,0.2015,0.5502,4.7,1.1235,1,0,0
23.76111111111112,86.41777777777779,4.5369,228.0,0.2239,0.5504,4.7,1.1226,1,0,0
23.76111111111112,86.41805555555557,5.5664,228.0,0.184,0.5421,4.7,1.1223,1,0,0
23.76111111111112,86.41833333333334,4.7691,228.0,0.2148,0.5477,4.7,1.1228,1,0,0
23.76111111111112,86.41861111111112,3.2391,228.0,0.2904,0.563,4.7,1.1241,1,0,0
23.76111111111112,86.4188888888889,2.0988,228.0,0.3745,0.5727,4.7,1.126,1,0,0
23.76111111111112,86.41916666666667,2.3974,228.0,0.3456,0.5732,4.7,1.1286,1,0,0
23.760833333333338,86.41250000000001,4.9799,228.0,0.2021,0.55,4.7,0.7635,1,0,0
23.760833333333338,86.41277777777779,3.7672,228.0,0.2597,0.5591,4.7,0.7918,1,0,0
23.760833333333338,86.41305555555556,3.4791,228.0,0.2741,0.564,4.7,0.8201,1,0,0
23.760833333333338,86.41333333333334,3.4791,228.0,0.2708,0.564,4.7,0.8483,1,0,0
23.760833333333338,86.41361111111112,3.2615,228.0,0.2797,0.5646,4.7,0.8766,1,0,0
23.760833333333338,86.41388888888889,3.7672,228.0,0.2462,0.5597,4.7,0.9049,1,0,0
23.760833333333338,86.41416666666667,3.3923,228.0,0.2622,0.564,4.7,0.9332,1,0,0
23.760833333333338,86.41444444444446,2.9546,228.0,0.285,0.567,4.7,0.9614,1,0,0
23.760833333333338,86.41472222222224,2.1095,228.0,0.3481,0.5756,4.7,0.9897,1,0,0
23.760833333333338,86.415,1.0551,228.0,0.4832,0.5842,4.7,1.018,1,0,0
23.760833333333338,86.41527777777779,0.3427,228.0,0.7062,0.5926,4.7,1.0463,1,0,0
23.760833333333338,86.41555555555557,0.3427,228.0,0.7067,0.5926,4.7,1.0746,1,0,0
23.760833333333338,86.41583333333334,1.3705,228.0,0.4332,0.5838,4.7,1.1028,1,0,0
23.760833333333338,86.41611111111112,1.3836,228.0,0.4382,0.5851,4.7,1.1083,1,0,0
23.760833333333338,86.4163888888889,1.1112,228.0,0.4914,0.5842,4.7,1.1038,1,0,0
23.760833333333338,86.41666666666667,4.0606,228.0,0.2414,0.5583,4.7,1.0999,1,0,0
23.760833333333338,86.41694444444445,6.1479,228.0,0.1641,0.5375,4.7,1.0968,1,0,0
23.760833333333338,86.41722222222224,5.8448,228.0,0.1756,0.5432,4.7,1.0944,1,0,0
23.760833333333338,86.4175,3.3923,228.0,0.283,0.5597,4.7,1.0927,1,0,0
23.760833333333338,86.41777777777779,1.1851,228.0,0.4908,0.5732,4.7,1.0917,1,0,0
23.760833333333338,86.41805555555557,3.8458,228.0,0.2533,0.5602,4.7,1.0915,1,0,0
23.760833333333338,86.41833333333334,4.1386,228.0,0.2369,0.5576,4.7,1.092,1,0,0
23.760833333333338,86.41861111111112,0.3427,228.0,0.7332,0.5793,4.7,1.0933,1,0,0
23.760833333333338,86.4188888888889,1.0279,228.0,0.5126,0.5866,4.7,1.0952,1,0,0
23.760833333333338,86.41916666666667,2.072,228.0,0.3727,0.5774,4.7,1.0979,1,0,0
23.760833333333338,86.41944444444445,3.3522,228.0,0.2768,0.5666,4.7,1.1014,1,0,0
23.760833333333338,86.41972222222223,2.6882,228.0,0.3198,0.5717,4.7,1.1055,1,0,0
23.760833333333338,86.42000000000002,1.0551,228.0,0.5037,0.5826,4.7,1.1103,1,0,0
23.76055555555556,86.41250000000001,4.8372,228.0,0.2071,0.5539,4.7,0.7635,1,0,0
23.76055555555556,86.41277777777779,2.6882,228.0,0.3269,0.5717,4.7,0.7918,1,0,0
23.76055555555556,86.41305555555556,1.0551,228.0,0.5128,0.5826,4.7,0.8201,1,0,0
23.76055555555556,86.41333333333334,1.0279,228.0,0.5147,0.5814,4.7,0.8483,1,0,0
23.76055555555556,86.41361111111112,1.7825,228.0,0.4001,0.5783,4.7,0.8766,1,0,0
23.76055555555556,86.41388888888889,1.7825,228.0,0.3948,0.5803,4.7,0.9049,1,0,0
23.76055555555556,86.41416666666667,1.0279,228.0,0.4994,0.5866,4.7,0.9332,1,0,0
23.76055555555556,86.41444444444446,1.0551,228.0,0.4893,0.5866,4.7,0.9614,1,0,0
23.76055555555556,86.41472222222224,1.0551,228.0,0.4857,0.5866,4.7,0.9897,1,0,0
23.76055555555556,86.415,0.9264,228.0,0.5101,0.5889,4.7,1.018,1,0,0
23.76055555555556,86.41527777777779,1.1851,228.0,0.4611,0.5838,4.7,1.0463,1,0,0
23.76055555555556,86.41555555555557,1.789,228.0,0.3811,0.5807,4.7,1.0746,1,0,0
23.76055555555556,86.41583333333334,2.0542,228.0,0.358,0.5793,4.7,1.0834,1,0,0
23.76055555555556,86.41611111111112,1.1851,228.0,0.4753,0.5842,4.7,1.078,1,0,0
23.76055555555556,86.4163888888889,0.7393,228.0,0.5789,0.5889,4.7,1.0733,1,0,0
23.76055555555556,86.41666666666667,4.2917,228.0,0.236,0.5576,4.7,1.0693,1,0,0
23.76055555555556,86.41694444444445,7.2883,228.0,0.1343,0.5312,4.7,1.0661,1,0,0
23.76055555555556,86.41722222222224,5.3336,228.0,0.1963,0.5454,4.7,1.0636,1,0,0
23.76055555555556,86.4175,0.9264,228.0,0.5414,0.5777,4.7,1.0619,1,0,0
23.76055555555556,86.41777777777779,1.441,228.0,0.4468,0.5826,4.7,1.0609,1,0,0
23.76055555555556,86.41805555555557,2.2836,228.0,0.3502,0.571,4.7,1.0607,1,0,0
23.76055555555556,86.41833333333334,4.2653,228.0,0.2227,0.5597,4.7,1.0612,1,0,0
23.76055555555556,86.41861111111112,2.0552,228.0,0.3686,0.5751,4.7,1.0625,1,0,0
23.76055555555556,86.4188888888889,1.0279,228.0,0.5089,0.5842,4.7,1.0645,1,0,0
23.76055555555556,86.41916666666667,1.8989,228.0,0.3901,0.5774,4.7,1.0673,1,0,0
23.76055555555556,86.41944444444445,3.8458,228.0,0.2529,0.5629,4.7,1.0708,1,0,0
23.76055555555556,86.41972222222223,3.0279,228.0,0.3027,0.5689,4.7,1.0751,1,0,0
23.76055555555556,86.42000000000002,1.3705,228.0,0.4601,0.5793,4.7,1.08,1,0,0
23.76027777777778,86.41250000000001,4.6294,228.0,0.2138,0.5554,4.7,0.7635,1,0,0
23.76027777777778,86.41277777777779,2.7394,228.0,0.3223,0.5696,4.7,0.7918,1,0,0
23.76027777777778,86.41305555555556,2.7772,228.0,0.3197,0.5683,4.7,0.8201,1,0,0
23.76027777777778,86.41333333333334,3.3923,228.0,0.2773,0.5652,4.7,0.8483,1,0,0
23.76027777777778,86.41361111111112,3.1624,228.0,0.2871,0.5666,4.7,0.8766,1,0,0
23.76027777777778,86.41388888888889,1.789,228.0,0.3954,0.5783,4.7,0.9049,1,0,0
23.76027777777778,86.41416666666667,0.3427,228.0,0.7195,0.5866,4.7,0.9332,1,0,0
23.76027777777778,86.41444444444446,1.3705,228.0,0.4375,0.5838,4.7,0.9614,1,0,0
23.76027777777778,86.41472222222224,2.1095,228.0,0.3487,0.5765,4.7,0.9897,1,0,0
23.76027777777778,86.415,2.5585,228.0,0.3106,0.5732,4.7,1.018,1,0,0
23.76027777777778,86.41527777777779,2.8226,228.0,0.2941,0.5703,4.7,1.0463,1,0,0
23.76027777777778,86.41555555555557,2.9546,228.0,0.2898,0.5689,4.7,1.0595,1,0,0
23.76027777777778,86.41583333333334,2.6561,228.0,0.3169,0.571,4.7,1.0532,1,0,0
23.76027777777778,86.41611111111112,1.9198,228.0,0.3887,0.5756,4.7,1.0476,1,0,0
23.76027777777778,86.4163888888889,1.0551,228.0,0.516,0.5826,4.7,1.0428,1,0,0
23.76027777777778,86.41666666666667,3.2878,228.0,0.2951,0.5623,4.7,1.0387,1,0,0
23.76027777777778,86.41694444444445,7.3742,228.0,0.135,0.5277,4.7,1.0354,1,0,0
23.76027777777778,86.41722222222224,5.9022,228.0,0.1761,0.541,4.7,1.0329,1,0,0
23.76027777777778,86.4175,0.6853,228.0,0.5986,0.5826,4.7,1.0311,1,0,0
23.76027777777778,86.41777777777779,1.1112,228.0,0.4928,0.5842,4.7,1.0301,1,0,0
23.76027777777778,86.41805555555557,1.1112,228.0,0.4863,0.5842,4.7,1.0298,1,0,0
23.76027777777778,86.41833333333334,2.6882,228.0,0.3073,0.5676,4.7,1.0304,1,0,0
23.76027777777778,86.41861111111112,2.7657,228.0,0.3033,0.5685,4.7,1.0317,1,0,0
23.76027777777778,86.4188888888889,2.5585,228.0,0.3242,0.5717,4.7,1.0338,1,0,0
23.76027777777778,86.41916666666667,2.7657,228.0,0.3166,0.5664,4.7,1.0367,1,0,0
23.76027777777778,86.41944444444445,4.4882,228.0,0.2278,0.5554,4.7,1.0403,1,0,0
23.76027777777778,86.41972222222223,4.7864,228.0,0.2205,0.5527,4.7,1.0447,1,0,0
23.76027777777778,86.42000000000002,3.4227,228.0,0.2889,0.5602,4.7,1.0498,1,0,0
23.760000000000005,86.41250000000001,3.0071,228.0,0.2983,0.564,4.7,0.7635,1,0,0
23.760000000000005,86.41277777777779,3.2781,228.0,0.2861,0.563,4.7,0.7918,1,0,0
23.760000000000005,86.41305555555556,4.4564,228.0,0.227,0.5541,4.7,0.8201,1,0,0
23.760000000000005,86.41333333333334,4.192,228.0,0.2388,0.5567,4.7,0.8483,1,0,0
23.760000000000005,86.41361111111112,2.5585,228.0,0.3345,0.5664,4.7,0.8766,1,0,0
23.760000000000005,86.41388888888889,1.2836,228.0,0.4667,0.574,4.7,0.9049,1,0,0
23.760000000000005,86.41416666666667,2.0552,228.0,0.3657,0.5774,4.7,0.9332,1,0,0
23.760000000000005,86.41444444444446,2.3923,228.0,0.3296,0.5756,4.7,0.9614,1,0,0
23.760000000000005,86.41472222222224,2.3923,228.0,0.3277,0.5756,4.7,0.9897,1,0,0
23.760000000000005,86.415,1.9198,228.0,0.3746,0.5783,4.7,1.018,1,0,0
23.760000000000005,86.41527777777779,1.9198,228.0,0.3811,0.5774,4.7,1.0367,1,0,0
23.760000000000005,86.41555555555557,2.7657,228.0,0.3158,0.5676,4.7,1.0295,1,0,0
23.760000000000005,86.41583333333334,3.1018,228.0,0.3,0.5683,4.7,1.0231,1,0,0
23.760000000000005,86.41611111111112,3.098,228.0,0.3064,0.5666,4.7,1.0173,1,0,0
23.760000000000005,86.4163888888889,2.0552,228.0,0.3935,0.5756,4.7,1.0124,1,0,0
23.760000000000005,86.41666666666667,2.6882,228.0,0.3424,0.567,4.7,1.0082,1,0,0
23.760000000000005,86.41694444444445,6.2928,228.0,0.1701,0.5392,4.7,1.0048,1,0,0
23.760000000000005,86.41722222222224,5.2243,228.0,0.2004,0.5477,4.7,1.0021,1,0,0
23.760000000000005,86.4175,2.4357,228.0,0.3422,0.5732,4.7,1.0003,1,0,0
23.760000000000005,86.41777777777779,1.3894,228.0,0.4431,0.5807,4.7,0.9993,1,0,0
23.760000000000005,86.41805555555557,1.0551,228.0,0.4904,0.5866,4.7,0.999,1,0,0
23.760000000000005,86.41833333333334,1.7129,228.0,0.3911,0.5807,4.7,0.9996,1,0,0
23.760000000000005,86.41861111111112,1.9198,228.0,0.3716,0.5756,4.7,1.0009,1,0,0
23.760000000000005,86.4188888888889,2.5585,228.0,0.3223,0.5717,4.7,1.0031,1,0,0
23.760000000000005,86.41916666666667,3.3923,228.0,0.2775,0.5607,4.7,1.006,1,0,0
23.760000000000005,86.41944444444445,4.9407,228.0,0.2143,0.548,4.7,1.0098,1,0,0
23.760000000000005,86.41972222222223,6.178,228.0,0.1786,0.537,4.7,1.0143,1,0,0
23.760000000000005,86.42000000000002,6.24,228.0,0.1801,0.5349,4.7,1.0195,1,0,0
23.759722222222223,86.41250000000001,1.1851,228.0,0.4829,0.574,4.7,0.7635,1,0,0
23.759722222222223,86.41277777777779,3.5745,228.0,0.2694,0.5614,4.7,0.7918,1,0,0
23.759722222222223,86.41305555555556,4.2817,228.0,0.2383,0.5567,4.7,0.8201,1,0,0
23.759722222222223,86.41333333333334,3.5513,228.0,0.278,0.5612,4.7,0.8483,1,0,0
23.759722222222223,86.41361111111112,3.2133,228.0,0.2966,0.5634,4.7,0.8766,1,0,0
23.759722222222223,86.41388888888889,3.8458,228.0,0.2552,0.5586,4.7,0.9049,1,0,0
23.759722222222223,86.41416666666667,3.4227,228.0,0.2707,0.5634,4.7,0.9332,1,0,0
23.759722222222223,86.41444444444446,2.5252,228.0,0.325,0.5732,4.7,0.9614,1,0,0
23.759722222222223,86.41472222222224,1.3836,228.0,0.444,0.5807,4.7,0.9897,1,0,0
23.759722222222223,86.415,0.6853,228.0,0.5899,0.5889,4.7,1.0152,1,0,0
23.759722222222223,86.41527777777779,1.7129,228.0,0.4168,0.5774,4.7,1.007,1,0,0
23.759722222222223,86.41555555555557,3.7641,228.0,0.2698,0.5612,4.7,0.9996,1,0,0
23.759722222222223,86.41583333333334,3.3923,228.0,0.299,0.5634,4.7,0.993,1,0,0
23.759722222222223,86.41611111111112,4.1031,228.0,0.2661,0.5568,4.7,0.9871,1,0,0
23.759722222222223,86.4163888888889,3.8921,228.0,0.2788,0.5586,4.7,0.982,1,0,0
23.759722222222223,86.41666666666667,3.8149,228.0,0.2814,0.5602,4.7,0.9776,1,0,0
23.759722222222223,86.41694444444445,3.9552,228.0,0.268,0.5526,4.7,0.9741,1,0,0
23.759722222222223,86.41722222222224,3.2133,228.0,0.2989,0.5598,4.7,0.9714,1,0,0
23.759722222222223,86.4175,3.0706,228.0,0.2945,0.5685,4.7,0.9695,1,0,0
23.759722222222223,86.41777777777779,1.7129,228.0,0.3984,0.5765,4.7,0.9684,1,0,0
23.759722222222223,86.41805555555557,0.7922,228.0,0.5438,0.5889,4.7,0.9682,1,0,0
23.759722222222223,86.41833333333334,1.0101,228.0,0.4927,0.5866,4.7,0.9688,1,0,0
23.759722222222223,86.41861111111112,0.0,228.0,0.9589,0.5902,4.7,0.9702,1,0,0
23.759722222222223,86.4188888888889,1.441,228.0,0.4357,0.5777,4.7,0.9724,1,0,0
23.759722222222223,86.41916666666667,2.6561,228.0,0.3274,0.5664,4.7,0.9754,1,0,0
23.759722222222223,86.41944444444445,4.2817,228.0,0.2468,0.5554,4.7,0.9793,1,0,0
23.759722222222223,86.41972222222223,5.7863,228.0,0.1984,0.541,4.7,0.9839,1,0,0
23.759722222222223,86.42000000000002,8.1775,228.0,0.1339,0.5185,4.7,0.9893,1,0,0
23.759444444444448,86.41250000000001,3.098,228.0,0.2899,0.5658,4.7,0.7635,1,0,0
23.759444444444448,86.41277777777779,4.4395,228.0,0.2272,0.5557,4.7,0.7918,1,0,0
23.759444444444448,86.41305555555556,3.5513,228.0,0.2799,0.5629,4.7,0.8201,1,0,0
23.759444444444448,86.41333333333334,3.432,228.0,0.2916,0.5634,4.7,0.8483,1,0,0
23.759444444444448,86.41361111111112,5.052,228.0,0.2144,0.55,4.7,0.8766,1,0,0
23.759444444444448,86.41388888888889,6.039,228.0,0.1736,0.54,4.7,0.9049,1,0,0
23.759444444444448,86.41416666666667,3.4772,228.0,0.2761,0.563,4.7,0.9332,1,0,0
23.759444444444448,86.41444444444446,0.7393,228.0,0.5789,0.5826,4.7,0.9614,1,0,0
23.759444444444448,86.41472222222224,0.3427,228.0,0.7326,0.5866,4.7,0.9897,1,0,0
23.759444444444448,86.415,1.2836,228.0,0.4771,0.5814,4.7,0.9858,1,0,0
23.759444444444448,86.41527777777779,3.8831,228.0,0.2689,0.5553,4.7,0.9774,1,0,0
23.759444444444448,86.41555555555557,5.8056,228.0,0.2008,0.5413,4.7,0.9698,1,0,0
23.759444444444448,86.41583333333334,5.0123,228.0,0.2391,0.5442,4.7,0.9629,1,0,0
23.759444444444448,86.41611111111112,6.1855,228.0,0.2008,0.5313,4.7,0.9569,1,0,0
23.759444444444448,86.4163888888889,7.4381,228.0,0.1631,0.5232,4.7,0.9516,1,0,0
23.759444444444448,86.41666666666667,6.2339,228.0,0.1935,0.5306,4.7,0.9471,1,0,0
23.759444444444448,86.41694444444445,2.7772,228.0,0.3457,0.5527,4.7,0.9435,1,0,0
23.759444444444448,86.41722222222224,0.7922,228.0,0.5823,0.5826,4.7,0.9407,1,0,0
23.759444444444448,86.4175,2.566,228.0,0.3314,0.5751,4.7,0.9387,1,0,0
23.759444444444448,86.41777777777779,2.524,228.0,0.3205,0.5751,4.7,0.9376,1,0,0
23.759444444444448,86.41805555555557,1.441,228.0,0.4233,0.5842,4.7,0.9374,1,0,0
23.759444444444448,86.41833333333334,1.3705,228.0,0.4305,0.5851,4.7,0.9379,1,0,0
23.759444444444448,86.41861111111112,0.7393,228.0,0.5581,0.5889,4.7,0.9394,1,0,0
23.759444444444448,86.4188888888889,2.2836,228.0,0.3429,0.5783,4.7,0.9417,1,0,0
23.759444444444448,86.41916666666667,2.2836,228.0,0.3577,0.5765,4.7,0.9448,1,0,0
23.759444444444448,86.41944444444445,0.7393,228.0,0.5992,0.5803,4.7,0.9488,1,0,0
23.759444444444448,86.41972222222223,4.4381,228.0,0.2538,0.5554,4.7,0.9536,1,0,0
23.759444444444448,86.42000000000002,9.3328,228.0,0.1101,0.5102,4.7,0.9592,1,0,0
23.75916666666667,86.41250000000001,3.8088,228.0,0.2489,0.5614,4.7,0.7635,1,0,0
23.75916666666667,86.41277777777779,4.1051,228.0,0.2453,0.5583,4.7,0.7918,1,0,0
23.75916666666667,86.41305555555556,2.5585,228.0,0.3503,0.5717,4.7,0.8201,1,0,0
23.75916666666667,86.41333333333334,3.5477,228.0,0.2921,0.5629,4.7,0.8483,1,0,0
23.75916666666667,86.41361111111112,6.3263,228.0,0.1778,0.5365,4.7,0.8766,1,0,0
23.75916666666667,86.41388888888889,7.547,228.0,0.1379,0.5283,4.7,0.9049,1,0,0
23.75916666666667,86.41416666666667,3.063,228.0,0.3111,0.5629,4.7,0.9332,1,0,0
23.75916666666667,86.41444444444446,1.5842,228.0,0.4375,0.5826,4.7,0.9614,1,0,0
23.75916666666667,86.41472222222224,1.0551,228.0,0.5213,0.5851,4.7,0.966,1,0,0
23.75916666666667,86.415,2.566,228.0,0.3552,0.5732,4.7,0.9566,1,0,0
23.75916666666667,86.41527777777779,5.615,228.0,0.2138,0.5438,4.7,0.9479,1,0,0
23.75916666666667,86.41555555555557,6.9607,228.0,0.1841,0.5274,4.7,0.94,1,0,0
23.75916666666667,86.41583333333334,6.3056,228.0,0.2121,0.5274,4.7,0.9329,1,0,0
23.75916666666667,86.41611111111112,7.8417,228.0,0.1703,0.5175,4.7,0.9267,1,0,0
23.75916666666667,86.4163888888889,8.7472,228.0,0.1452,0.5092,4.7,0.9212,1,0,0
23.75916666666667,86.41666666666667,8.3777,228.0,0.146,0.5131,4.7,0.9166,1,0,0
23.75916666666667,86.41694444444445,6.6267,228.0,0.1803,0.5286,4.7,0.9128,1,0,0
23.75916666666667,86.41722222222224,4.0031,228.0,0.2645,0.5535,4.7,0.91,1,0,0
23.75916666666667,86.4175,2.7657,228.0,0.3203,0.567,4.7,0.9079,1,0,0
23.75916666666667,86.41777777777779,2.072,228.0,0.3625,0.574,4.7,0.9068,1,0,0
23.75916666666667,86.41805555555557,1.5842,228.0,0.4062,0.5842,4.7,0.9065,1,0,0
23.75916666666667,86.41833333333334,1.2836,228.0,0.4453,0.5842,4.7,0.9071,1,0,0
23.75916666666667,86.41861111111112,0.3427,228.0,0.7131,0.5883,4.7,0.9086,1,0,0
23.75916666666667,86.4188888888889,2.2216,228.0,0.349,0.5765,4.7,0.911,1,0,0
23.75916666666667,86.41916666666667,2.7394,228.0,0.3207,0.571,4.7,0.9142,1,0,0
23.75916666666667,86.41944444444445,2.3149,228.0,0.3692,0.5756,4.7,0.9183,1,0,0
23.75916666666667,86.41972222222223,3.9855,228.0,0.2728,0.5557,4.7,0.9233,1,0,0
23.75916666666667,86.42000000000002,9.0629,228.0,0.1132,0.5102,4.7,0.9291,1,0,0
23.75888888888889,86.41250000000001,4.1137,228.0,0.2355,0.5607,4.7,0.7635,1,0,0
23.75888888888889,86.41277777777779,2.8803,228.0,0.3203,0.5703,4.7,0.7918,1,0,0
23.75888888888889,86.41305555555556,0.7922,228.0,0.5909,0.5783,4.7,0.8201,1,0,0
23.75888888888889,86.41333333333334,4.4381,228.0,0.2551,0.5513,4.7,0.8483,1,0,0
23.75888888888889,86.41361111111112,7.873,228.0,0.1427,0.5235,4.7,0.8766,1,0,0
23.75888888888889,86.41388888888889,7.2711,228.0,0.1555,0.5295,4.7,0.9049,1,0,0
23.75888888888889,86.41416666666667,1.2836,228.0,0.4971,0.5683,4.7,0.9332,1,0,0
23.75888888888889,86.41444444444446,2.4508,228.0,0.3653,0.5748,4.7,0.9475,1,0,0
23.75888888888889,86.41472222222224,1.1851,228.0,0.5168,0.5826,4.7,0.9371,1,0,0
23.75888888888889,86.415,3.1659,228.0,0.3345,0.5676,4.7,0.9274,1,0,0
23.75888888888889,86.41527777777779,6.6022,228.0,0.2037,0.5372,4.7,0.9185,1,0,0
23.75888888888889,86.41555555555557,9.0285,228.0,0.1534,0.5081,4.7,0.9103,1,0,0
23.75888888888889,86.41583333333334,7.8252,228.0,0.1889,0.5143,4.7,0.903,1,0,0
23.75888888888889,86.41611111111112,6.471,228.0,0.2274,0.5343,4.7,0.8965,1,0,0
23.75888888888889,86.4163888888889,5.7422,228.0,0.2465,0.5352,4.7,0.8909,1,0,0
23.75888888888889,86.41666666666667,6.1831,228.0,0.2218,0.5309,4.7,0.8861,1,0,0
23.75888888888889,86.41694444444445,5.6467,228.0,0.225,0.539,4.7,0.8822,1,0,0
23.75888888888889,86.41722222222224,3.1624,228.0,0.3218,0.5612,4.7,0.8792,1,0,0
23.75888888888889,86.4175,2.3149,228.0,0.3635,0.5717,4.7,0.8771,1,0,0
23.75888888888889,86.41777777777779,0.7393,228.0,0.5743,0.5765,4.7,0.876,1,0,0
23.75888888888889,86.41805555555557,1.3705,228.0,0.44,0.5803,4.7,0.8757,1,0,0
23.75888888888889,86.41833333333334,2.3755,228.0,0.3265,0.5732,4.7,0.8763,1,0,0
23.75888888888889,86.41861111111112,1.0279,228.0,0.4967,0.5826,4.7,0.8779,1,0,0
23.75888888888889,86.4188888888889,2.2168,228.0,0.3505,0.5727,4.7,0.8803,1,0,0
23.75888888888889,86.41916666666667,3.5513,228.0,0.2669,0.5614,4.7,0.8837,1,0,0
23.75888888888889,86.41944444444445,4.3992,228.0,0.2357,0.5527,4.7,0.8879,1,0,0
23.75888888888889,86.41972222222223,5.5185,228.0,0.2001,0.542,4.7,0.893,1,0,0
23.758611111111115,86.41250000000001,3.3522,228.0,0.2808,0.5664,4.7,0.7635,1,0,0
23.758611111111115,86.41277777777779,1.3705,228.0,0.4753,0.5748,4.7,0.7918,1,0,0
23.758611111111115,86.41305555555556,3.4103,228.0,0.3072,0.5634,4.7,0.8201,1,0,0
23.758611111111115,86.41333333333334,6.6487,228.0,0.1832,0.5341,4.7,0.8483,1,0,0
23.758611111111115,86.41361111111112,8.6963,228.0,0.1329,0.516,4.7,0.8766,1,0,0
23.758611111111115,86.41388888888889,4.7618,228.0,0.2532,0.542,4.7,0.9049,1,0,0
23.758611111111115,86.41416666666667,1.1112,228.0,0.5422,0.5748,4.7,0.9306,1,0,0
23.758611111111115,86.41444444444446,1.441,228.0,0.4925,0.5777,4.7,0.9191,1,0,0
23.758611111111115,86.41472222222224,1.0279,228.0,0.5701,0.5783,4.7,0.9083,1,0,0
23.758611111111115,86.415,3.0071,228.0,0.3714,0.5676,4.7,0.8983,1,0,0
23.758611111111115,86.41527777777779,6.0565,228.0,0.2472,0.539,4.7,0.8891,1,0,0
23.758611111111115,86.41555555555557,11.4978,228.0,0.1286,0.4865,4.7,0.8807,1,0,0
23.758611111111115,86.41583333333334,10.3632,228.0,0.1545,0.4973,4.7,0.8732,1,0,0
23.758611111111115,86.41611111111112,3.5745,228.0,0.3676,0.5586,4.7,0.8664,1,0,0
23.758611111111115,86.4163888888889,4.6294,228.0,0.3096,0.5399,4.7,0.8606,1,0,0
23.758611111111115,86.41666666666667,8.0177,228.0,0.1881,0.5129,4.7,0.8557,1,0,0
23.758611111111115,86.41694444444445,6.8212,228.0,0.2042,0.5278,4.7,0.8516,1,0,0
23.758611111111115,86.41722222222224,3.7348,228.0,0.3037,0.553,4.7,0.8485,1,0,0
23.758611111111115,86.4175,1.9198,228.0,0.4137,0.5696,4.7,0.8464,1,0,0
23.758611111111115,86.41777777777779,1.1112,228.0,0.5031,0.5826,4.7,0.8451,1,0,0
23.758611111111115,86.41805555555557,0.5051,228.0,0.6478,0.5842,4.7,0.8449,1,0,0
23.758611111111115,86.41833333333334,3.0279,228.0,0.2844,0.5727,4.7,0.8455,1,0,0
23.758611111111115,86.41861111111112,2.072,228.0,0.3606,0.5765,4.7,0.8471,1,0,0
23.758611111111115,86.4188888888889,2.4357,228.0,0.3322,0.5666,4.7,0.8497,1,0,0
23.758611111111115,86.41916666666667,4.0031,228.0,0.2391,0.5581,4.7,0.8531,1,0,0
23.758611111111115,86.41944444444445,4.6495,228.0,0.2165,0.5504,4.7,0.8575,1,0,0
23.758611111111115,86.41972222222223,4.8627,228.0,0.2142,0.5488,4.7,0.8628,1,0,0
23.758333333333336,86.41250000000001,1.5842,228.0,0.4367,0.5751,4.7,0.7635,1,0,0
23.758333333333336,86.41277777777779,2.8412,228.0,0.3376,0.563,4.7,0.7918,1,0,0
23.758333333333336,86.41305555555556,5.1131,228.0,0.2355,0.5489,4.7,0.8201,1,0,0
23.758333333333336,86.41333333333334,7.3167,228.0,0.1744,0.5249,4.7,0.8483,1,0,0
23.758333333333336,86.41361111111112,7.9327,228.0,0.1637,0.5222,4.7,0.8766,1,0,0
23.758333333333336,86.41388888888889,2.7657,228.0,0.3777,0.5586,4.7,0.9049,1,0,0
23.758333333333336,86.41416666666667,2.4357,228.0,0.4063,0.5648,4.7,0.9027,1,0,0
23.758333333333336,86.41444444444446,4.2817,228.0,0.3012,0.5477,4.7,0.8908,1,0,0
23.758333333333336,86.41472222222224,6.0318,228.0,0.2458,0.5375,4.7,0.8797,1,0,0
23.758333333333336,86.415,5.8936,228.0,0.2668,0.5365,4.7,0.8694,1,0,0
23.758333333333336,86.41527777777779,8.1686,228.0,0.2155,0.5076,4.7,0.8599,1,0,0
23.758333333333336,86.41555555555557,14.6486,228.0,0.105,0.4507,4.7,0.8512,1,0,0
23.758333333333336,86.41583333333334,12.4795,228.0,0.1411,0.4697,4.7,0.8434,1,0,0
23.758333333333336,86.41611111111112,5.1069,228.0,0.3198,0.5343,4.7,0.8364,1,0,0
23.758333333333336,86.4163888888889,8.7168,228.0,0.2055,0.5068,4.7,0.8304,1,0,0
23.758333333333336,86.41666666666667,11.0597,228.0,0.146,0.4898,4.7,0.8252,1,0,0
23.758333333333336,86.41694444444445,6.4064,228.0,0.2397,0.5252,4.7,0.8211,1,0,0
23.758333333333336,86.41722222222224,3.7348,228.0,0.3251,0.5544,4.7,0.8178,1,0,0
23.758333333333336,86.4175,3.8149,228.0,0.2953,0.5607,4.7,0.8156,1,0,0
23.758333333333336,86.41777777777779,1.7176,228.0,0.432,0.5705,4.7,0.8143,1,0,0
23.758333333333336,86.41805555555557,1.441,228.0,0.451,0.5774,4.7,0.814,1,0,0
23.758333333333336,86.41833333333334,3.0071,228.0,0.2949,0.5664,4.7,0.8147,1,0,0
23.758333333333336,86.41861111111112,3.0071,228.0,0.2912,0.5689,4.7,0.8164,1,0,0
23.758333333333336,86.4188888888889,3.2133,228.0,0.2772,0.5696,4.7,0.819,1,0,0
23.758333333333336,86.41916666666667,2.7312,228.0,0.3109,0.5705,4.7,0.8226,1,0,0
23.758333333333336,86.41944444444445,2.0988,228.0,0.3663,0.5774,4.7,0.8272,1,0,0
23.758333333333336,86.41972222222223,1.3705,228.0,0.4552,0.5777,4.7,0.8327,1,0,0
23.75805555555556,86.41250000000001,1.3894,228.0,0.4693,0.5777,4.7,0.7635,1,0,0
23.75805555555556,86.41277777777779,4.8277,228.0,0.2395,0.5472,4.7,0.7918,1,0,0
23.75805555555556,86.41305555555556,7.4683,228.0,0.1685,0.5174,4.7,0.8201,1,0,0
23.75805555555556,86.41333333333334,9.474,228.0,0.1325,0.5041,4.7,0.8483,1,0,0
23.75805555555556,86.41361111111112,8.4775,228.0,0.1634,0.5109,4.7,0.8766,1,0,0
23.75805555555556,86.41388888888889,5.564,228.0,0.2557,0.5346,4.7,0.888,1,0,0
23.75805555555556,86.41416666666667,6.4771,228.0,0.2347,0.528,4.7,0.875,1,0,0
23.75805555555556,86.41444444444446,8.6791,228.0,0.1887,0.5101,4.7,0.8628,1,0,0
23.75805555555556,86.41472222222224,9.5142,228.0,0.1857,0.4992,4.7,0.8513,1,0,0
23.75805555555556,86.415,10.2776,228.0,0.1853,0.49,4.7,0.8406,1,0,0
23.75805555555556,86.41527777777779,13.5789,228.0,0.1401,0.4545,4.7,0.8308,1,0,0
23.75805555555556,86.41555555555557,17.9285,228.0,0.0884,0.4211,4.7,0.8218,1,0,0
23.75805555555556,86.41583333333334,13.4323,228.0,0.1504,0.4551,4.7,0.8136,1,0,0
23.75805555555556,86.41611111111112,9.0797,228.0,0.2279,0.5003,4.7,0.8064,1,0,0
23.75805555555556,86.4163888888889,13.2509,228.0,0.1446,0.4663,4.7,0.8002,1,0,0
23.75805555555556,86.41666666666667,14.7946,228.0,0.1114,0.4489,4.7,0.7948,1,0,0
23.75805555555556,86.41694444444445,10.1369,228.0,0.1728,0.4913,4.7,0.7905,1,0,0
23.75805555555556,86.41722222222224,4.8621,228.0,0.2981,0.5315,4.7,0.7872,1,0,0
23.75805555555556,86.4175,1.7176,228.0,0.4795,0.5623,4.7,0.7848,1,0,0
23.75805555555556,86.41777777777779,3.063,228.0,0.3383,0.5634,4.7,0.7835,1,0,0
23.75805555555556,86.41805555555557,3.2133,228.0,0.3088,0.5658,4.7,0.7832,1,0,0
23.75805555555556,86.41833333333334,3.0812,228.0,0.3038,0.5689,4.7,0.7839,1,0,0
23.75805555555556,86.41861111111112,3.2133,228.0,0.2867,0.5685,4.7,0.7856,1,0,0
23.75805555555556,86.4188888888889,2.6882,228.0,0.3163,0.5705,4.7,0.7884,1,0,0
23.75805555555556,86.41916666666667,1.7825,228.0,0.3943,0.5807,4.7,0.7921,1,0,0
23.75805555555556,86.41944444444445,0.0,228.0,0.968,0.5926,4.7,0.7969,1,0,0
23.75805555555556,86.41972222222223,0.0,228.0,0.9689,0.5889,4.7,0.8026,1,0,0
23.757777777777783,86.41250000000001,3.5745,228.0,0.2849,0.5541,4.7,0.7635,1,0,0
23.757777777777783,86.41277777777779,8.2045,228.0,0.1388,0.5146,4.7,0.7918,1,0,0
23.757777777777783,86.41305555555556,9.8169,228.0,0.1205,0.5032,4.7,0.8201,1,0,0
23.757777777777783,86.41333333333334,8.8101,228.0,0.1569,0.511,4.7,0.8483,1,0,0
23.757777777777783,86.41361111111112,7.1708,228.0,0.2111,0.5173,4.7,0.875,1,0,0
23.757777777777783,86.41388888888889,6.9118,228.0,0.2319,0.523,4.7,0.8609,1,0,0
23.757777777777783,86.41416666666667,9.0797,228.0,0.1925,0.5041,4.7,0.8475,1,0,0
23.757777777777783,86.41444444444446,11.021,228.0,0.1701,0.4842,4.7,0.8349,1,0,0
23.757777777777783,86.41472222222224,12.083,228.0,0.1675,0.4705,4.7,0.823,1,0,0
23.757777777777783,86.415,13.9012,228.0,0.1518,0.4525,4.7,0.812,1,0,0
23.757777777777783,86.41527777777779,16.9461,228.0,0.119,0.4222,4.7,0.8017,1,0,0
23.757777777777783,86.41555555555557,18.7626,228.0,0.1011,0.4027,4.7,0.7924,1,0,0
23.757777777777783,86.41583333333334,15.2239,228.0,0.1452,0.4295,4.7,0.784,1,0,0
23.757777777777783,86.41611111111112,13.9416,228.0,0.1608,0.448,4.7,0.7765,1,0,0
23.757777777777783,86.4163888888889,16.9432,228.0,0.1152,0.4162,4.7,0.77,1,0,0
23.757777777777783,86.41666666666667,17.8366,228.0,0.0958,0.4149,4.7,0.7645,1,0,0
23.757777777777783,86.41694444444445,15.4537,228.0,0.1114,0.4404,4.7,0.76,1,0,0
23.757777777777783,86.41722222222224,11.2565,228.0,0.1554,0.4774,4.7,0.7565,1,0,0
23.757777777777783,86.4175,5.5836,228.0,0.2712,0.526,4.7,0.7541,1,0,0
23.757777777777783,86.41777777777779,3.8088,228.0,0.3217,0.5567,4.7,0.7527,1,0,0
23.757777777777783,86.41805555555557,3.9855,228.0,0.2904,0.5598,4.7,0.7524,1,0,0
23.757777777777783,86.41833333333334,2.0552,228.0,0.4059,0.5765,4.7,0.7531,1,0,0
23.757777777777783,86.41861111111112,2.072,228.0,0.3912,0.5777,4.7,0.7549,1,0,0
23.757777777777783,86.4188888888889,1.7825,228.0,0.4102,0.5826,4.7,0.7578,1,0,0
23.757777777777783,86.41916666666667,1.3705,228.0,0.4533,0.5838,4.7,0.7617,1,0,0
23.757777777777783,86.41944444444445,1.1851,228.0,0.4755,0.5866,4.7,0.7666,1,0,0
23.757777777777783,86.41972222222223,0.7922,228.0,0.5534,0.5851,4.7,0.7725,1,0,0
23.757777777777783,86.42000000000002,2.072,228.0,0.364,0.5793,4.7,0.7794,1,0,0
23.757500000000004,86.41250000000001,3.7641,228.0,0.2763,0.5583,4.7,0.7635,1,0,0
23.757500000000004,86.41277777777779,8.0177,228.0,0.1468,0.5209,4.7,0.7918,1,0,0
23.757500000000004,86.41305555555556,6.791,228.0,0.2009,0.5244,4.7,0.8201,1,0,0
23.757500000000004,86.41333333333334,4.8372,228.0,0.2874,0.5392,4.7,0.8483,1,0,0
23.757500000000004,86.41361111111112,5.5288,228.0,0.2787,0.5413,4.7,0.8486,1,0,0
23.757500000000004,86.41388888888889,6.4831,228.0,0.2665,0.5278,4.7,0.8341,1,0,0
23.757500000000004,86.41416666666667,9.5483,228.0,0.2089,0.4973,4.7,0.8203,1,0,0
23.757500000000004,86.41444444444446,13.0117,228.0,0.1644,0.4602,4.7,0.8072,1,0,0
23.757500000000004,86.41472222222224,14.8215,228.0,0.1522,0.4457,4.7,0.7949,1,0,0
23.757500000000004,86.415,16.1296,228.0,0.144,0.4263,4.7,0.7835,1,0,0
23.757500000000004,86.41527777777779,17.9745,228.0,0.1255,0.4134,4.7,0.7729,1,0,0
23.757500000000004,86.41555555555557,19.1598,228.0,0.1122,0.3953,4.7,0.7632,1,0,0
23.757500000000004,86.41583333333334,17.6344,228.0,0.1282,0.4125,4.7,0.7545,1,0,0
23.757500000000004,86.41611111111112,16.7312,228.0,0.1369,0.4199,4.7,0.7467,1,0,0
23.757500000000004,86.4163888888889,19.2332,228.0,0.1042,0.3967,4.7,0.7399,1,0,0
23.757500000000004,86.41666666666667,19.3913,228.0,0.0965,0.3975,4.7,0.7342,1,0,0
23.757500000000004,86.41694444444445,17.2341,228.0,0.1102,0.4154,4.7,0.7295,1,0,0
23.757500000000004,86.41722222222224,13.8424,228.0,0.1379,0.4543,4.7,0.7258,1,0,0
23.757500000000004,86.4175,7.3167,228.0,0.2448,0.5181,4.7,0.7233,1,0,0
23.757500000000004,86.41777777777779,3.7672,228.0,0.3537,0.5583,4.7,0.7219,1,0,0
23.757500000000004,86.41805555555557,4.1486,228.0,0.3123,0.5541,4.7,0.7215,1,0,0
23.757500000000004,86.41833333333334,2.5252,228.0,0.3935,0.5732,4.7,0.7223,1,0,0
23.757500000000004,86.41861111111112,1.789,228.0,0.4471,0.5777,4.7,0.7242,1,0,0
23.757500000000004,86.4188888888889,0.5051,228.0,0.6855,0.5826,4.7,0.7272,1,0,0
23.757500000000004,86.41916666666667,1.3894,228.0,0.4694,0.5842,4.7,0.7312,1,0,0
23.757500000000004,86.41944444444445,1.789,228.0,0.4065,0.5814,4.7,0.7363,1,0,0
23.757500000000004,86.41972222222223,2.1125,228.0,0.3653,0.5783,4.7,0.7425,1,0,0
23.757500000000004,86.42000000000002,2.1125,228.0,0.3643,0.5774,4.7,0.7497,1,0,0
23.757500000000004,86.42027777777778,2.2168,228.0,0.3606,0.5705,4.7,0.7578,1,0,0
23.757222222222225,86.41250000000001,2.2216,228.0,0.3807,0.5658,4.7,0.7635,1,0,0
23.757222222222225,86.41277777777779,7.2407,228.0,0.1686,0.5254,4.7,0.7918,1,0,0
23.757222222222225,86.41305555555556,6.5146,228.0,0.2145,0.5327,4.7,0.8201,1,0,0
23.757222222222225,86.41333333333334,5.8368,228.0,0.2606,0.541,4.7,0.8383,1,0,0
23.757222222222225,86.41361111111112,7.2883,228.0,0.2406,0.5306,4.7,0.8226,1,0,0
23.757222222222225,86.41388888888889,7.6573,228.0,0.2561,0.5241,4.7,0.8076,1,0,0
23.757222222222225,86.41416666666667,11.2919,228.0,0.2006,0.4764,4.7,0.7933,1,0,0
23.757222222222225,86.41444444444446,16.0486,228.0,0.1457,0.4231,4.7,0.7798,1,0,0
23.757222222222225,86.41472222222224,19.7326,228.0,0.1126,0.377,4.7,0.767,1,0,0
23.757222222222225,86.415,22.6959,228.0,0.086,0.3517,4.7,0.7552,1,0,0
23.757222222222225,86.41527777777779,23.1779,228.0,0.0804,0.3465,4.7,0.7442,1,0,0
23.757222222222225,86.41555555555557,21.739,228.0,0.0912,0.3631,4.7,0.7341,1,0,0
23.757222222222225,86.41583333333334,18.3191,228.0,0.1251,0.4019,4.7,0.725,1,0,0
23.757222222222225,86.41611111111112,15.8432,228.0,0.1541,0.4224,4.7,0.7169,1,0,0
23.757222222222225,86.4163888888889,18.5007,228.0,0.1205,0.4038,4.7,0.7099,1,0,0
23.757222222222225,86.41666666666667,19.4366,228.0,0.1074,0.3977,4.7,0.7039,1,0,0
23.757222222222225,86.41694444444445,19.5143,228.0,0.0992,0.403,4.7,0.699,1,0,0
23.757222222222225,86.41722222222224,16.9444,228.0,0.1157,0.4288,4.7,0.6952,1,0,0
23.757222222222225,86.4175,9.1505,228.0,0.2243,0.4991,4.7,0.6925,1,0,0
23.757222222222225,86.41777777777779,7.4883,228.0,0.2441,0.5193,4.7,0.691,1,0,0
23.757222222222225,86.41805555555557,7.3525,228.0,0.2283,0.5222,4.7,0.6907,1,0,0
23.757222222222225,86.41833333333334,5.7762,228.0,0.2601,0.5359,4.7,0.6915,1,0,0
23.757222222222225,86.41861111111112,4.4564,228.0,0.2972,0.5514,4.7,0.6935,1,0,0
23.757222222222225,86.4188888888889,3.1624,228.0,0.3507,0.5618,4.7,0.6966,1,0,0
23.757222222222225,86.41916666666667,1.7129,228.0,0.4567,0.5732,4.7,0.7008,1,0,0
23.757222222222225,86.41944444444445,0.5051,228.0,0.6832,0.5842,4.7,0.7061,1,0,0
23.757222222222225,86.41972222222223,1.7756,228.0,0.4168,0.5807,4.7,0.7126,1,0,0
23.757222222222225,86.42000000000002,2.1095,228.0,0.3741,0.5765,4.7,0.7201,1,0,0
23.757222222222225,86.42027777777778,3.098,228.0,0.2981,0.5664,4.7,0.7286,1,0,0
23.756944444444446,86.41250000000001,1.9198,228.0,0.4071,0.5725,4.7,0.7635,1,0,0
23.756944444444446,86.41277777777779,6.1885,228.0,0.2007,0.539,4.7,0.7918,1,0,0
23.756944444444446,86.41305555555556,7.0941,228.0,0.2031,0.5322,4.7,0.8201,1,0,0
23.756944444444446,86.41333333333334,7.6573,228.0,0.2184,0.5211,4.7,0.8131,1,0,0
23.756944444444446,86.41361111111112,8.2796,228.0,0.2338,0.5185,4.7,0.7969,1,0,0
23.756944444444446,86.41388888888889,9.5524,228.0,0.2342,0.5016,4.7,0.7814,1,0,0
23.756944444444446,86.41416666666667,17.4872,228.0,0.1328,0.4065,4.7,0.7666,1,0,0
23.756944444444446,86.41444444444446,24.1582,228.0,0.077,0.3339,4.7,0.7526,1,0,0
23.756944444444446,86.41472222222224,26.6429,228.0,0.0595,0.3081,4.7,0.7394,1,0,0
23.756944444444446,86.415,26.9054,228.0,0.0542,0.3064,4.7,0.7271,1,0,0
23.756944444444446,86.41527777777779,24.5346,228.0,0.0681,0.3281,4.7,0.7157,1,0,0
23.756944444444446,86.41555555555557,21.2746,228.0,0.0924,0.3594,4.7,0.7052,1,0,0
23.756944444444446,86.41583333333334,18.1607,228.0,0.1222,0.4007,4.7,0.6957,1,0,0
23.756944444444446,86.41611111111112,16.5298,228.0,0.1418,0.4207,4.7,0.6873,1,0,0
23.756944444444446,86.4163888888889,18.4622,228.0,0.1205,0.4092,4.7,0.6799,1,0,0
23.756944444444446,86.41666666666667,19.8078,228.0,0.1067,0.3952,4.7,0.6736,1,0,0
23.756944444444446,86.41694444444445,21.2866,228.0,0.0882,0.3813,4.7,0.6685,1,0,0
23.756944444444446,86.41722222222224,20.1441,228.0,0.0916,0.3915,4.7,0.6646,1,0,0
23.756944444444446,86.4175,15.445,228.0,0.1345,0.4281,4.7,0.6618,1,0,0
23.756944444444446,86.41777777777779,14.8815,228.0,0.1261,0.4418,4.7,0.6602,1,0,0
23.756944444444446,86.41805555555557,13.4344,228.0,0.1315,0.4547,4.7,0.6599,1,0,0
23.756944444444446,86.41833333333334,11.7136,228.0,0.1459,0.471,4.7,0.6607,1,0,0
23.756944444444446,86.41861111111112,10.8952,228.0,0.1481,0.4826,4.7,0.6628,1,0,0
23.756944444444446,86.4188888888889,10.24,228.0,0.1472,0.4891,4.7,0.666,1,0,0
23.756944444444446,86.41916666666667,8.0645,228.0,0.1786,0.5094,4.7,0.6704,1,0,0
23.756944444444446,86.41944444444445,4.2132,228.0,0.2883,0.5432,4.7,0.676,1,0,0
23.756944444444446,86.41972222222223,0.7393,228.0,0.6144,0.5751,4.7,0.6827,1,0,0
23.756944444444446,86.42000000000002,0.9264,228.0,0.552,0.5866,4.7,0.6905,1,0,0
23.756944444444446,86.42027777777778,2.4508,228.0,0.3501,0.5748,4.7,0.6994,1,0,0
23.756944444444446,86.42055555555557,3.9552,228.0,0.2571,0.5618,4.7,0.7093,1,0,0
23.75666666666667,86.41250000000001,0.7393,228.0,0.5945,0.5814,4.7,0.7635,1,0,0
23.75666666666667,86.41277777777779,4.3158,228.0,0.2733,0.5526,4.7,0.7918,1,0,0
23.75666666666667,86.41305555555556,7.6081,228.0,0.1948,0.5266,4.7,0.8056,1,0,0
23.75666666666667,86.41333333333334,9.8921,228.0,0.1787,0.5032,4.7,0.7882,1,0,0
23.75666666666667,86.41361111111112,10.0099,228.0,0.2127,0.4964,4.7,0.7715,1,0,0
23.75666666666667,86.41388888888889,14.7208,228.0,0.165,0.4306,4.7,0.7555,1,0,0
23.75666666666667,86.41416666666667,26.6583,228.0,0.0582,0.3097,4.7,0.7402,1,0,0
23.75666666666667,86.41444444444446,31.3569,228.0,0.0298,0.2636,4.7,0.7257,1,0,0
23.75666666666667,86.41472222222224,26.8916,228.0,0.0645,0.3157,4.7,0.712,1,0,0
23.75666666666667,86.415,18.9239,228.0,0.1318,0.3877,4.7,0.6992,1,0,0
23.75666666666667,86.41527777777779,13.9558,228.0,0.1818,0.4393,4.7,0.6873,1,0,0
23.75666666666667,86.41555555555557,13.3567,228.0,0.1793,0.4525,4.7,0.6764,1,0,0
23.75666666666667,86.41583333333334,12.292,228.0,0.1911,0.4649,4.7,0.6666,1,0,0
23.75666666666667,86.41611111111112,13.3236,228.0,0.1757,0.4567,4.7,0.6577,1,0,0
23.75666666666667,86.4163888888889,18.0048,228.0,0.1177,0.4164,4.7,0.65,1,0,0
23.75666666666667,86.41666666666667,20.3451,228.0,0.0963,0.3915,4.7,0.6435,1,0,0
23.75666666666667,86.41694444444445,20.9458,228.0,0.0912,0.3768,4.7,0.6381,1,0,0
23.75666666666667,86.41722222222224,21.5878,228.0,0.0806,0.3711,4.7,0.634,1,0,0
23.75666666666667,86.4175,19.4501,228.0,0.0943,0.3902,4.7,0.6311,1,0,0
23.75666666666667,86.41777777777779,17.0848,228.0,0.1102,0.4147,4.7,0.6294,1,0,0
23.75666666666667,86.41805555555557,15.4001,228.0,0.1201,0.4316,4.7,0.629,1,0,0
23.75666666666667,86.41833333333334,15.4376,228.0,0.1094,0.4351,4.7,0.6299,1,0,0
23.75666666666667,86.41861111111112,15.9159,228.0,0.094,0.4313,4.7,0.6321,1,0,0
23.75666666666667,86.4188888888889,15.5089,228.0,0.0892,0.4362,4.7,0.6355,1,0,0
23.75666666666667,86.41916666666667,13.1114,228.0,0.1092,0.4573,4.7,0.6401,1,0,0
23.75666666666667,86.41944444444445,8.5396,228.0,0.1751,0.5068,4.7,0.646,1,0,0
23.75666666666667,86.41972222222223,3.5477,228.0,0.325,0.5535,4.7,0.653,1,0,0
23.75666666666667,86.42000000000002,0.7922,228.0,0.599,0.5889,4.7,0.6611,1,0,0
23.75666666666667,86.42027777777778,2.0196,228.0,0.3945,0.5783,4.7,0.6704,1,0,0
23.75666666666667,86.42055555555557,3.2878,228.0,0.2921,0.5666,4.7,0.6807,1,0,0
23.756388888888893,86.41277777777779,2.4357,228.0,0.3875,0.5664,4.7,0.7918,1,0,0
23.756388888888893,86.41305555555556,7.0684,228.0,0.2138,0.5286,4.7,0.7818,1,0,0
23.756388888888893,86.41333333333334,11.555,228.0,0.1559,0.4863,4.7,0.7639,1,0,0
23.756388888888893,86.41361111111112,13.4559,228.0,0.1645,0.4662,4.7,0.7466,1,0,0
23.756388888888893,86.41388888888889,20.7845,228.0,0.1054,0.3885,4.7,0.73,1,0,0
23.756388888888893,86.41416666666667,30.8162,228.0,0.0363,0.2722,4.7,0.7142,1,0,0
23.756388888888893,86.41444444444446,30.3579,228.0,0.0464,0.2702,4.7,0.6992,1,0,0
23.756388888888893,86.41472222222224,18.7235,228.0,0.1478,0.3942,4.7,0.6849,1,0,0
23.756388888888893,86.415,6.8212,228.0,0.3379,0.5096,4.7,0.6716,1,0,0
23.756388888888893,86.41527777777779,5.19,228.0,0.3721,0.5244,4.7,0.6592,1,0,0
23.756388888888893,86.41555555555557,8.6289,228.0,0.2537,0.5103,4.7,0.6479,1,0,0
23.756388888888893,86.41583333333334,7.3707,228.0,0.2792,0.5127,4.7,0.6375,1,0,0
23.756388888888893,86.41611111111112,9.3142,228.0,0.234,0.4982,4.7,0.6283,1,0,0
23.756388888888893,86.4163888888889,14.031,228.0,0.1567,0.4573,4.7,0.6202,1,0,0
23.756388888888893,86.41666666666667,16.6782,228.0,0.1275,0.4274,4.7,0.6134,1,0,0
23.756388888888893,86.41694444444445,17.852,228.0,0.1171,0.4129,4.7,0.6077,1,0,0
23.756388888888893,86.41722222222224,19.3815,228.0,0.0989,0.3945,4.7,0.6034,1,0,0
23.756388888888893,86.4175,18.0406,228.0,0.1093,0.4096,4.7,0.6003,1,0,0
23.756388888888893,86.41777777777779,15.1318,228.0,0.1387,0.4357,4.7,0.5986,1,0,0
23.756388888888893,86.41805555555557,13.5222,228.0,0.154,0.4534,4.7,0.5982,1,0,0
23.756388888888893,86.41833333333334,13.4344,228.0,0.1491,0.4573,4.7,0.5991,1,0,0
23.756388888888893,86.41861111111112,13.4181,228.0,0.1448,0.4567,4.7,0.6014,1,0,0
23.756388888888893,86.4188888888889,14.6963,228.0,0.1203,0.4454,4.7,0.605,1,0,0
23.756388888888893,86.41916666666667,14.9634,228.0,0.1053,0.4473,4.7,0.6098,1,0,0
23.756388888888893,86.41944444444445,11.2919,228.0,0.1432,0.4883,4.7,0.616,1,0,0
23.756388888888893,86.41972222222223,6.3173,228.0,0.2319,0.5341,4.7,0.6233,1,0,0
23.756388888888893,86.42000000000002,1.8989,228.0,0.4403,0.5732,4.7,0.6319,1,0,0
23.756388888888893,86.42027777777778,2.0196,228.0,0.4011,0.5793,4.7,0.6415,1,0,0
23.756388888888893,86.42055555555557,2.566,228.0,0.3394,0.574,4.7,0.6523,1,0,0
23.756388888888893,86.42083333333335,1.1851,228.0,0.4935,0.5814,4.7,0.6641,1,0,0
23.756111111111117,86.41277777777779,0.3427,228.0,0.7781,0.5793,4.7,0.7775,1,0,0
23.756111111111117,86.41305555555556,5.2937,228.0,0.2729,0.5413,4.7,0.7584,1,0,0
23.756111111111117,86.41333333333334,10.9857,228.0,0.1699,0.4943,4.7,0.74,1,0,0
23.756111111111117,86.41361111111112,15.0907,228.0,0.1464,0.4564,4.7,0.7221,1,0,0
23.756111111111117,86.41388888888889,22.9965,228.0,0.0899,0.3668,4.7,0.705,1,0,0
23.756111111111117,86.41416666666667,31.7344,228.0,0.0356,0.26,4.7,0.6886,1,0,0
23.756111111111117,86.41444444444446,29.6544,228.0,0.057,0.2844,4.7,0.673,1,0,0
23.756111111111117,86.41472222222224,16.7087,228.0,0.1741,0.4157,4.7,0.6582,1,0,0
23.756111111111117,86.415,6.4831,228.0,0.3462,0.5155,4.7,0.6443,1,0,0
23.756111111111117,86.41527777777779,7.5021,228.0,0.2915,0.5201,4.7,0.6314,1,0,0
23.756111111111117,86.41555555555557,8.8164,228.0,0.2393,0.5103,4.7,0.6195,1,0,0
23.756111111111117,86.41583333333334,6.6301,228.0,0.2882,0.5269,4.7,0.6087,1,0,0
23.756111111111117,86.41611111111112,10.5364,228.0,0.195,0.4948,4.7,0.599,1,0,0
23.756111111111117,86.4163888888889,11.8058,228.0,0.1775,0.4752,4.7,0.5906,1,0,0
23.756111111111117,86.41666666666667,12.4393,228.0,0.1731,0.4649,4.7,0.5833,1,0,0
23.756111111111117,86.41694444444445,15.0658,228.0,0.1377,0.4398,4.7,0.5774,1,0,0
23.756111111111117,86.41722222222224,17.5447,228.0,0.1071,0.4176,4.7,0.5728,1,0,0
23.756111111111117,86.4175,16.7168,228.0,0.1159,0.4217,4.7,0.5696,1,0,0
23.756111111111117,86.41777777777779,14.3159,228.0,0.1447,0.4488,4.7,0.5678,1,0,0
23.756111111111117,86.41805555555557,12.8198,228.0,0.1638,0.465,4.7,0.5674,1,0,0
23.756111111111117,86.41833333333334,11.2714,228.0,0.1884,0.4796,4.7,0.5683,1,0,0
23.756111111111117,86.41861111111112,10.6621,228.0,0.2001,0.4876,4.7,0.5707,1,0,0
23.756111111111117,86.4188888888889,14.8134,228.0,0.1315,0.4484,4.7,0.5745,1,0,0
23.756111111111117,86.41916666666667,17.9113,228.0,0.0844,0.4189,4.7,0.5796,1,0,0
23.756111111111117,86.41944444444445,14.4155,228.0,0.1122,0.4465,4.7,0.5861,1,0,0
23.756111111111117,86.41972222222223,8.8235,228.0,0.1832,0.5087,4.7,0.5938,1,0,0
23.756111111111117,86.42000000000002,3.5314,228.0,0.3307,0.5597,4.7,0.6028,1,0,0
23.756111111111117,86.42027777777778,1.5842,228.0,0.4565,0.5826,4.7,0.6129,1,0,0
23.756111111111117,86.42055555555557,1.441,228.0,0.4532,0.5803,4.7,0.6241,1,0,0
23.756111111111117,86.42083333333335,1.4783,228.0,0.4418,0.5842,4.7,0.6364,1,0,0
23.756111111111117,86.42111111111112,2.072,228.0,0.379,0.574,4.7,0.6497,1,0,0
23.75583333333334,86.41277777777779,3.8921,228.0,0.2896,0.5554,4.7,0.7553,1,0,0
23.75583333333334,86.41305555555556,6.8212,228.0,0.2189,0.5315,4.7,0.7357,1,0,0
23.75583333333334,86.41333333333334,9.8708,228.0,0.1893,0.5003,4.7,0.7166,1,0,0
23.75583333333334,86.41361111111112,13.1669,228.0,0.1734,0.4672,4.7,0.6982,1,0,0
23.75583333333334,86.41388888888889,20.9158,228.0,0.1107,0.3868,4.7,0.6804,1,0,0
23.75583333333334,86.41416666666667,30.6579,228.0,0.0454,0.2774,4.7,0.6634,1,0,0
23.75583333333334,86.41444444444446,31.6647,228.0,0.0437,0.2598,4.7,0.6472,1,0,0
23.75583333333334,86.41472222222224,22.5684,228.0,0.1129,0.3574,4.7,0.6318,1,0,0
23.75583333333334,86.415,10.0983,228.0,0.2607,0.4874,4.7,0.6173,1,0,0
23.75583333333334,86.41527777777779,7.5963,228.0,0.2925,0.5151,4.7,0.6038,1,0,0
23.75583333333334,86.41555555555557,8.8389,228.0,0.2398,0.5024,4.7,0.5914,1,0,0
23.75583333333334,86.41583333333334,7.1471,228.0,0.2702,0.5137,4.7,0.5801,1,0,0
23.75583333333334,86.41611111111112,12.8368,228.0,0.147,0.4711,4.7,0.5699,1,0,0
23.75583333333334,86.4163888888889,12.8044,228.0,0.1485,0.4668,4.7,0.561,1,0,0
23.75583333333334,86.41666666666667,10.6163,228.0,0.1894,0.4869,4.7,0.5534,1,0,0
23.75583333333334,86.41694444444445,10.9209,228.0,0.1861,0.4806,4.7,0.5472,1,0,0
23.75583333333334,86.41722222222224,13.807,228.0,0.1402,0.4574,4.7,0.5423,1,0,0
23.75583333333334,86.4175,14.7895,228.0,0.1278,0.4464,4.7,0.5389,1,0,0
23.75583333333334,86.41777777777779,13.2473,228.0,0.1519,0.4624,4.7,0.537,1,0,0
23.75583333333334,86.41805555555557,12.2508,228.0,0.1694,0.4715,4.7,0.5365,1,0,0
23.75583333333334,86.41833333333334,10.384,228.0,0.2061,0.4867,4.7,0.5376,1,0,0
23.75583333333334,86.41861111111112,10.7978,228.0,0.2027,0.4847,4.7,0.5401,1,0,0
23.75583333333334,86.4188888888889,15.6594,228.0,0.1287,0.4347,4.7,0.5441,1,0,0
23.75583333333334,86.41916666666667,20.8737,228.0,0.0631,0.3857,4.7,0.5495,1,0,0
23.75583333333334,86.41944444444445,19.2835,228.0,0.0641,0.397,4.7,0.5563,1,0,0
23.75583333333334,86.41972222222223,11.9551,228.0,0.1348,0.4732,4.7,0.5644,1,0,0
23.75583333333334,86.42000000000002,3.7936,228.0,0.3276,0.5557,4.7,0.5738,1,0,0
23.75583333333334,86.42027777777778,0.4632,228.0,0.7087,0.5826,4.7,0.5845,1,0,0
23.75583333333334,86.42055555555557,1.4783,228.0,0.4484,0.5842,4.7,0.5962,1,0,0
23.75583333333334,86.42083333333335,0.7393,228.0,0.5752,0.5851,4.7,0.6091,1,0,0
23.75583333333334,86.42111111111112,0.7393,228.0,0.5772,0.5851,4.7,0.623,1,0,0
23.75583333333334,86.4213888888889,2.0552,228.0,0.3811,0.5777,4.7,0.6378,1,0,0
23.75555555555556,86.41305555555556,5.4168,228.0,0.2586,0.5445,4.7,0.7135,1,0,0
23.75555555555556,86.41333333333334,7.4591,228.0,0.2381,0.5236,4.7,0.6938,1,0,0
23.75555555555556,86.41361111111112,10.7351,228.0,0.2074,0.4917,4.7,0.6748,1,0,0
23.75555555555556,86.41388888888889,17.4884,228.0,0.1429,0.4192,4.7,0.6564,1,0,0
23.75555555555556,86.41416666666667,26.8624,228.0,0.0733,0.3129,4.7,0.6387,1,0,0
23.75555555555556,86.41444444444446,32.1151,228.0,0.0407,0.2612,4.7,0.6219,1,0,0
23.75555555555556,86.41472222222224,28.3284,228.0,0.0663,0.3056,4.7,0.6058,1,0,0
23.75555555555556,86.415,16.5215,228.0,0.1687,0.4146,4.7,0.5907,1,0,0
23.75555555555556,86.41527777777779,8.1775,228.0,0.2904,0.4806,4.7,0.5766,1,0,0
23.75555555555556,86.41555555555557,8.792,228.0,0.2532,0.5061,4.7,0.5636,1,0,0
23.75555555555556,86.41583333333334,4.192,228.0,0.3855,0.5346,4.7,0.5517,1,0,0
23.75555555555556,86.41611111111112,10.8346,228.0,0.1831,0.4784,4.7,0.541,1,0,0
23.75555555555556,86.4163888888889,10.7542,228.0,0.1782,0.4779,4.7,0.5316,1,0,0
23.75555555555556,86.41666666666667,5.5581,228.0,0.3079,0.5277,4.7,0.5236,1,0,0
23.75555555555556,86.41694444444445,2.8614,228.0,0.4402,0.55,4.7,0.517,1,0,0
23.75555555555556,86.41722222222224,6.5765,228.0,0.2761,0.5189,4.7,0.5118,1,0,0
23.75555555555556,86.4175,10.1672,228.0,0.1938,0.492,4.7,0.5082,1,0,0
23.75555555555556,86.41777777777779,10.9949,228.0,0.185,0.4864,4.7,0.5062,1,0,0
23.75555555555556,86.41805555555557,10.149,228.0,0.2084,0.4896,4.7,0.5057,1,0,0
23.75555555555556,86.41833333333334,6.1415,228.0,0.317,0.5257,4.7,0.5068,1,0,0
23.75555555555556,86.41861111111112,4.7691,228.0,0.3744,0.5268,4.7,0.5095,1,0,0
23.75555555555556,86.4188888888889,11.8788,228.0,0.1935,0.4705,4.7,0.5137,1,0,0
23.75555555555556,86.41916666666667,20.7784,228.0,0.0718,0.3898,4.7,0.5194,1,0,0
23.75555555555556,86.41944444444445,22.9403,228.0,0.034,0.3744,4.7,0.5266,1,0,0
23.75555555555556,86.41972222222223,14.1895,228.0,0.1073,0.459,4.7,0.5352,1,0,0
23.75555555555556,86.42000000000002,1.441,228.0,0.5286,0.5583,4.7,0.5451,1,0,0
23.75555555555556,86.42027777777778,2.1125,228.0,0.4112,0.5748,4.7,0.5563,1,0,0
23.75555555555556,86.42055555555557,1.7176,228.0,0.4213,0.5807,4.7,0.5687,1,0,0
23.75555555555556,86.42083333333335,1.7825,228.0,0.3984,0.5793,4.7,0.5821,1,0,0
23.75555555555556,86.42111111111112,0.6853,228.0,0.5882,0.5889,4.7,0.5967,1,0,0
23.75555555555556,86.4213888888889,1.5842,228.0,0.4273,0.5826,4.7,0.6121,1,0,0
23.75555555555556,86.42166666666668,4.3411,228.0,0.2342,0.5583,4.7,0.6285,1,0,0
23.75527777777778,86.41305555555556,4.7618,228.0,0.2749,0.5513,4.7,0.692,1,0,0
23.75527777777778,86.41333333333334,6.6384,228.0,0.249,0.5337,4.7,0.6717,1,0,0
23.75527777777778,86.41361111111112,10.1794,228.0,0.2048,0.5003,4.7,0.652,1,0,0
23.75527777777778,86.41388888888889,15.7469,228.0,0.153,0.4408,4.7,0.6329,1,0,0
23.75527777777778,86.41416666666667,23.3515,228.0,0.0967,0.3573,4.7,0.6146,1,0,0
23.75527777777778,86.41444444444446,29.1571,228.0,0.0614,0.2813,4.7,0.5971,1,0,0
23.75527777777778,86.41472222222224,28.2029,228.0,0.0715,0.2932,4.7,0.5804,1,0,0
23.75527777777778,86.415,23.5185,228.0,0.1036,0.3577,4.7,0.5646,1,0,0
23.75527777777778,86.41527777777779,17.835,228.0,0.1463,0.4099,4.7,0.5498,1,0,0
23.75527777777778,86.41555555555557,11.9217,228.0,0.2097,0.4777,4.7,0.5361,1,0,0
23.75527777777778,86.41583333333334,7.2512,228.0,0.291,0.4949,4.7,0.5236,1,0,0
23.75527777777778,86.41611111111112,15.605,228.0,0.1167,0.4414,4.7,0.5123,1,0,0
23.75527777777778,86.4163888888889,15.7316,228.0,0.1008,0.4424,4.7,0.5024,1,0,0
23.75527777777778,86.41666666666667,11.2281,228.0,0.1607,0.4791,4.7,0.4939,1,0,0
23.75527777777778,86.41694444444445,8.2799,228.0,0.219,0.5089,4.7,0.4868,1,0,0
23.75527777777778,86.41722222222224,3.7348,228.0,0.3836,0.5286,4.7,0.4814,1,0,0
23.75527777777778,86.4175,2.4508,228.0,0.4788,0.546,4.7,0.4776,1,0,0
23.75527777777778,86.41777777777779,7.873,228.0,0.2575,0.5173,4.7,0.4754,1,0,0
23.75527777777778,86.41805555555557,10.4888,228.0,0.2106,0.4936,4.7,0.4749,1,0,0
23.75527777777778,86.41833333333334,8.2578,228.0,0.2677,0.4976,4.7,0.476,1,0,0
23.75527777777778,86.41861111111112,11.4981,228.0,0.2056,0.4708,4.7,0.4789,1,0,0
23.75527777777778,86.4188888888889,16.9391,228.0,0.1261,0.4265,4.7,0.4834,1,0,0
23.75527777777778,86.41916666666667,20.9797,228.0,0.0738,0.3857,4.7,0.4895,1,0,0
23.75527777777778,86.41944444444445,21.8701,228.0,0.0473,0.3766,4.7,0.4971,1,0,0
23.75527777777778,86.41972222222223,13.4559,228.0,0.1212,0.4571,4.7,0.5062,1,0,0
23.75527777777778,86.42000000000002,0.7393,228.0,0.6663,0.5685,4.7,0.5166,1,0,0
23.75527777777778,86.42027777777778,2.8614,228.0,0.3565,0.5685,4.7,0.5284,1,0,0
23.75527777777778,86.42055555555557,1.0101,228.0,0.5341,0.5826,4.7,0.5414,1,0,0
23.75527777777778,86.42083333333335,2.2216,228.0,0.3592,0.5774,4.7,0.5556,1,0,0
23.75527777777778,86.42111111111112,1.6404,228.0,0.4147,0.5807,4.7,0.5708,1,0,0
23.75527777777778,86.4213888888889,2.0542,228.0,0.3724,0.5756,4.7,0.5869,1,0,0
23.75527777777778,86.42166666666668,3.063,228.0,0.2988,0.5648,4.7,0.604,1,0,0
23.75527777777778,86.42194444444445,5.052,228.0,0.2051,0.5468,4.7,0.6219,1,0,0
23.75527777777778,86.42222222222223,5.1084,228.0,0.208,0.5454,4.7,0.6405,1,0,0
23.755000000000003,86.41333333333334,5.5396,228.0,0.2694,0.5432,4.7,0.6502,1,0,0
23.755000000000003,86.41361111111112,8.5832,228.0,0.2213,0.5119,4.7,0.6299,1,0,0
23.755000000000003,86.41388888888889,14.5377,228.0,0.152,0.4547,4.7,0.6102,1,0,0
23.755000000000003,86.41416666666667,21.5519,228.0,0.1002,0.3774,4.7,0.5911,1,0,0
23.755000000000003,86.41444444444446,26.708,228.0,0.0738,0.3199,4.7,0.5728,1,0,0
23.755000000000003,86.41472222222224,26.5847,228.0,0.0849,0.3156,4.7,0.5554,1,0,0
23.755000000000003,86.415,26.3124,228.0,0.0861,0.3212,4.7,0.5389,1,0,0
23.755000000000003,86.41527777777779,23.1838,228.0,0.1044,0.3466,4.7,0.5234,1,0,0
23.755000000000003,86.41555555555557,18.2688,228.0,0.1397,0.4062,4.7,0.509,1,0,0
23.755000000000003,86.41583333333334,16.2911,228.0,0.1439,0.4218,4.7,0.4958,1,0,0
23.755000000000003,86.41611111111112,16.5992,228.0,0.1189,0.427,4.7,0.4839,1,0,0
23.755000000000003,86.4163888888889,12.2255,228.0,0.1635,0.4644,4.7,0.4733,1,0,0
23.755000000000003,86.41666666666667,7.4775,228.0,0.2498,0.5108,4.7,0.4643,1,0,0
23.755000000000003,86.41694444444445,6.3536,228.0,0.2782,0.5278,4.7,0.4568,1,0,0
23.755000000000003,86.41722222222224,7.5417,228.0,0.2504,0.5181,4.7,0.451,1,0,0
23.755000000000003,86.4175,6.9866,228.0,0.2804,0.5143,4.7,0.4469,1,0,0
23.755000000000003,86.41777777777779,14.1009,228.0,0.153,0.4372,4.7,0.4446,1,0,0
23.755000000000003,86.41805555555557,18.8011,228.0,0.1045,0.3936,4.7,0.444,1,0,0
23.755000000000003,86.41833333333334,19.8272,228.0,0.0996,0.3848,4.7,0.4453,1,0,0
23.755000000000003,86.41861111111112,20.7905,228.0,0.0904,0.3823,4.7,0.4483,1,0,0
23.755000000000003,86.4188888888889,19.7326,228.0,0.0978,0.3925,4.7,0.4531,1,0,0
23.755000000000003,86.41916666666667,17.588,228.0,0.1119,0.41,4.7,0.4596,1,0,0
23.755000000000003,86.41944444444445,16.6113,228.0,0.1048,0.4245,4.7,0.4677,1,0,0
23.755000000000003,86.41972222222223,11.2762,228.0,0.1568,0.4864,4.7,0.4774,1,0,0
23.755000000000003,86.42000000000002,1.1112,228.0,0.5877,0.5666,4.7,0.4885,1,0,0
23.755000000000003,86.42027777777778,3.0071,228.0,0.3542,0.5689,4.7,0.5009,1,0,0
23.755000000000003,86.42055555555557,0.6853,228.0,0.6227,0.5807,4.7,0.5146,1,0,0
23.755000000000003,86.42083333333335,1.4783,228.0,0.4515,0.5777,4.7,0.5295,1,0,0
23.755000000000003,86.42111111111112,2.5585,228.0,0.3326,0.5727,4.7,0.5454,1,0,0
23.755000000000003,86.4213888888889,2.6561,228.0,0.322,0.5717,4.7,0.5623,1,0,0
23.755000000000003,86.42166666666668,1.3836,228.0,0.4537,0.5748,4.7,0.5801,1,0,0
23.755000000000003,86.42194444444445,2.5494,228.0,0.3358,0.5666,4.7,0.5986,1,0,0
23.755000000000003,86.42222222222223,3.4873,228.0,0.2789,0.5586,4.7,0.618,1,0,0
23.755000000000003,86.42250000000001,4.4271,228.0,0.2367,0.5527,4.7,0.638,1,0,0
23.754722222222227,86.41333333333334,4.4381,228.0,0.2953,0.5557,4.7,0.6296,1,0,0
23.754722222222227,86.41361111111112,5.68,228.0,0.2823,0.538,4.7,0.6085,1,0,0
23.754722222222227,86.41388888888889,10.4184,228.0,0.1973,0.4865,4.7,0.5881,1,0,0
23.754722222222227,86.41416666666667,17.1197,228.0,0.1287,0.4136,4.7,0.5683,1,0,0
23.754722222222227,86.41444444444446,24.9682,228.0,0.0735,0.3296,4.7,0.5493,1,0,0
23.754722222222227,86.41472222222224,28.9944,228.0,0.0565,0.2864,4.7,0.5311,1,0,0
23.754722222222227,86.415,30.8057,228.0,0.0495,0.2561,4.7,0.5138,1,0,0
23.754722222222227,86.41527777777779,28.5422,228.0,0.0658,0.2847,4.7,0.4975,1,0,0
23.754722222222227,86.41555555555557,23.4426,228.0,0.1008,0.3386,4.7,0.4823,1,0,0
23.754722222222227,86.41583333333334,16.9846,228.0,0.1543,0.4062,4.7,0.4684,1,0,0
23.754722222222227,86.41611111111112,8.3593,228.0,0.2804,0.4732,4.7,0.4557,1,0,0
23.754722222222227,86.4163888888889,3.5615,228.0,0.4324,0.5286,4.7,0.4445,1,0,0
23.754722222222227,86.41666666666667,6.1415,228.0,0.3091,0.5283,4.7,0.4349,1,0,0
23.754722222222227,86.41694444444445,5.3177,228.0,0.3346,0.534,4.7,0.4269,1,0,0
23.754722222222227,86.41722222222224,1.7176,228.0,0.5688,0.5286,4.7,0.4207,1,0,0
23.754722222222227,86.4175,8.1686,228.0,0.2705,0.4854,4.7,0.4163,1,0,0
23.754722222222227,86.41777777777779,19.6315,228.0,0.1029,0.3871,4.7,0.4138,1,0,0
23.754722222222227,86.41805555555557,24.686,228.0,0.0611,0.3332,4.7,0.4132,1,0,0
23.754722222222227,86.41833333333334,24.8821,228.0,0.0609,0.328,4.7,0.4146,1,0,0
23.754722222222227,86.41861111111112,22.819,228.0,0.0755,0.3531,4.7,0.4178,1,0,0
23.754722222222227,86.4188888888889,18.7912,228.0,0.108,0.3935,4.7,0.423,1,0,0
23.754722222222227,86.41916666666667,14.3278,228.0,0.1506,0.4426,4.7,0.4299,1,0,0
23.754722222222227,86.41944444444445,10.9661,228.0,0.1854,0.4744,4.7,0.4386,1,0,0
23.754722222222227,86.41972222222223,8.4294,228.0,0.2129,0.5092,4.7,0.4488,1,0,0
23.754722222222227,86.42000000000002,3.0071,228.0,0.3909,0.5527,4.7,0.4606,1,0,0
23.754722222222227,86.42027777777778,3.5745,228.0,0.3286,0.5557,4.7,0.4738,1,0,0
23.754722222222227,86.42055555555557,4.1031,228.0,0.2785,0.5502,4.7,0.4882,1,0,0
23.754722222222227,86.42083333333335,2.1125,228.0,0.3949,0.5652,4.7,0.5039,1,0,0
23.754722222222227,86.42111111111112,1.1112,228.0,0.5112,0.5803,4.7,0.5206,1,0,0
23.754722222222227,86.4213888888889,0.7393,228.0,0.5838,0.5866,4.7,0.5383,1,0,0
23.754722222222227,86.42166666666668,1.0101,228.0,0.5163,0.5851,4.7,0.5568,1,0,0
23.754722222222227,86.42194444444445,1.1851,228.0,0.484,0.5793,4.7,0.5761,1,0,0
23.754722222222227,86.42222222222223,2.2168,228.0,0.3632,0.5765,4.7,0.5962,1,0,0
23.754722222222227,86.42250000000001,2.5252,228.0,0.344,0.5703,4.7,0.6169,1,0,0
23.754722222222227,86.42277777777778,4.1486,228.0,0.2505,0.5527,4.7,0.6382,1,0,0
23.75444444444445,86.41388888888889,5.8368,228.0,0.286,0.5318,4.7,0.5669,1,0,0
23.75444444444445,86.41416666666667,8.8068,228.0,0.2375,0.4881,4.7,0.5463,1,0,0
23.75444444444445,86.41444444444446,16.9112,228.0,0.134,0.4068,4.7,0.5265,1,0,0
23.75444444444445,86.41472222222224,24.6495,228.0,0.0765,0.3336,4.7,0.5075,1,0,0
23.75444444444445,86.415,29.8145,228.0,0.0484,0.2657,4.7,0.4893,1,0,0
23.75444444444445,86.41527777777779,30.7678,228.0,0.048,0.2613,4.7,0.4722,1,0,0
23.75444444444445,86.41555555555557,26.8132,228.0,0.0792,0.3004,4.7,0.4562,1,0,0
23.75444444444445,86.41583333333334,19.0755,228.0,0.1459,0.3853,4.7,0.4414,1,0,0
23.75444444444445,86.41611111111112,10.3099,228.0,0.2601,0.4655,4.7,0.428,1,0,0
23.75444444444445,86.4163888888889,5.1265,228.0,0.3861,0.5181,4.7,0.416,1,0,0
23.75444444444445,86.41666666666667,8.7472,228.0,0.2672,0.5036,4.7,0.4057,1,0,0
23.75444444444445,86.41694444444445,9.3971,228.0,0.2501,0.5011,4.7,0.3971,1,0,0
23.75444444444445,86.41722222222224,8.1853,228.0,0.2843,0.4789,4.7,0.3904,1,0,0
23.75444444444445,86.4175,15.8863,228.0,0.1582,0.4197,4.7,0.3857,1,0,0
23.75444444444445,86.41777777777779,23.3455,228.0,0.0834,0.3623,4.7,0.383,1,0,0
23.75444444444445,86.41805555555557,25.0666,228.0,0.0695,0.3368,4.7,0.3824,1,0,0
23.75444444444445,86.41833333333334,22.1085,228.0,0.0924,0.3732,4.7,0.3838,1,0,0
23.75444444444445,86.41861111111112,17.2548,228.0,0.1347,0.4135,4.7,0.3874,1,0,0
23.75444444444445,86.4188888888889,15.0525,228.0,0.1483,0.4362,4.7,0.3929,1,0,0
23.75444444444445,86.41916666666667,13.7714,228.0,0.1492,0.4537,4.7,0.4004,1,0,0
23.75444444444445,86.41944444444445,11.3714,228.0,0.1687,0.4722,4.7,0.4096,1,0,0
23.75444444444445,86.41972222222223,9.9195,228.0,0.1744,0.4889,4.7,0.4206,1,0,0
23.75444444444445,86.42000000000002,9.3367,228.0,0.1639,0.4984,4.7,0.4332,1,0,0
23.75444444444445,86.42027777777778,8.9626,228.0,0.1513,0.5049,4.7,0.4472,1,0,0
23.75444444444445,86.42055555555557,9.4113,228.0,0.124,0.5017,4.7,0.4624,1,0,0
23.75444444444445,86.42083333333335,7.5417,228.0,0.1544,0.5206,4.7,0.4789,1,0,0
23.75444444444445,86.42111111111112,4.8075,228.0,0.2318,0.5431,4.7,0.4965,1,0,0
23.75444444444445,86.4213888888889,2.2168,228.0,0.3744,0.5683,4.7,0.515,1,0,0
23.75444444444445,86.42166666666668,1.0279,228.0,0.5176,0.5842,4.7,0.5343,1,0,0
23.75444444444445,86.42194444444445,0.5051,228.0,0.6541,0.5883,4.7,0.5545,1,0,0
23.75444444444445,86.42222222222223,0.4632,228.0,0.6724,0.5889,4.7,0.5753,1,0,0
23.75444444444445,86.42250000000001,1.441,228.0,0.4515,0.5814,4.7,0.5967,1,0,0
23.75444444444445,86.42277777777778,3.7899,228.0,0.2643,0.5614,4.7,0.6187,1,0,0
23.75444444444445,86.42305555555556,5.1218,228.0,0.206,0.5496,4.7,0.6411,1,0,0
23.75416666666667,86.415,21.5878,228.0,0.1021,0.3597,4.7,0.4656,1,0,0
23.75416666666667,86.41527777777779,27.5139,228.0,0.064,0.3049,4.7,0.4476,1,0,0
23.75416666666667,86.41555555555557,29.8005,228.0,0.0538,0.2733,4.7,0.4307,1,0,0
23.75416666666667,86.41583333333334,28.2081,228.0,0.0679,0.2951,4.7,0.415,1,0,0
23.75416666666667,86.41611111111112,23.2308,228.0,0.1074,0.3375,4.7,0.4007,1,0,0
23.75416666666667,86.4163888888889,13.1231,228.0,0.2213,0.4403,4.7,0.3879,1,0,0
23.75416666666667,86.41666666666667,4.1445,228.0,0.448,0.508,4.7,0.3768,1,0,0
23.75416666666667,86.41694444444445,7.8688,228.0,0.3166,0.4832,4.7,0.3676,1,0,0
23.75416666666667,86.41722222222224,20.1753,228.0,0.1234,0.3689,4.7,0.3603,1,0,0
23.75416666666667,86.4175,27.1047,228.0,0.0607,0.3154,4.7,0.3552,1,0,0
23.75416666666667,86.41777777777779,26.9729,228.0,0.0622,0.3112,4.7,0.3522,1,0,0
23.75416666666667,86.41805555555557,25.2661,228.0,0.0714,0.3335,4.7,0.3515,1,0,0
23.75416666666667,86.41833333333334,19.5385,228.0,0.1158,0.3942,4.7,0.3531,1,0,0
23.75416666666667,86.41861111111112,12.3217,228.0,0.1954,0.4656,4.7,0.357,1,0,0
23.75416666666667,86.4188888888889,11.3743,228.0,0.1927,0.4813,4.7,0.363,1,0,0
23.75416666666667,86.41916666666667,11.9619,228.0,0.1635,0.4729,4.7,0.371,1,0,0
23.75416666666667,86.41944444444445,12.3528,228.0,0.1388,0.4703,4.7,0.381,1,0,0
23.75416666666667,86.41972222222223,12.2163,228.0,0.1236,0.4715,4.7,0.3928,1,0,0
23.75416666666667,86.42000000000002,10.4173,228.0,0.1397,0.4897,4.7,0.4062,1,0,0
23.75416666666667,86.42027777777778,7.4381,228.0,0.1934,0.5119,4.7,0.4211,1,0,0
23.75416666666667,86.42055555555557,8.4955,228.0,0.1537,0.5119,4.7,0.4373,1,0,0
23.75416666666667,86.42083333333335,8.8553,228.0,0.1335,0.5108,4.7,0.4547,1,0,0
23.75416666666667,86.42111111111112,8.1984,228.0,0.1368,0.5185,4.7,0.4731,1,0,0
23.75416666666667,86.4213888888889,5.5185,228.0,0.2032,0.538,4.7,0.4925,1,0,0
23.75416666666667,86.42166666666668,2.4357,228.0,0.3542,0.5652,4.7,0.5127,1,0,0
23.75416666666667,86.42194444444445,0.4632,228.0,0.6766,0.5866,4.7,0.5337,1,0,0
23.75416666666667,86.42222222222223,0.3427,228.0,0.7339,0.5902,4.7,0.5552,1,0,0
23.75416666666667,86.42250000000001,1.8989,228.0,0.3948,0.5807,4.7,0.5774,1,0,0
23.75416666666667,86.42277777777778,4.6294,228.0,0.2212,0.5557,4.7,0.6001,1,0,0
23.75416666666667,86.42305555555556,5.1218,228.0,0.2023,0.5502,4.7,0.6232,1,0,0
23.75388888888889,86.41583333333334,34.7862,228.0,0.0142,0.2012,4.7,0.3892,1,0,0
23.75388888888889,86.41611111111112,36.9102,228.0,0.0034,0.167,4.7,0.3739,1,0,0
23.75388888888889,86.4163888888889,32.6984,228.0,0.0345,0.214,4.7,0.3602,1,0,0
23.75388888888889,86.41666666666667,27.4214,228.0,0.0745,0.2708,4.7,0.3482,1,0,0
23.75388888888889,86.41694444444445,26.802,228.0,0.0774,0.2956,4.7,0.3382,1,0,0
23.75388888888889,86.41722222222224,30.0853,228.0,0.0481,0.2675,4.7,0.3303,1,0,0
23.75388888888889,86.4175,29.8083,228.0,0.047,0.2738,4.7,0.3247,1,0,0
23.75388888888889,86.41777777777779,25.2089,228.0,0.0788,0.3239,4.7,0.3215,1,0,0
23.75388888888889,86.41805555555557,22.4251,228.0,0.0917,0.3628,4.7,0.3207,1,0,0
23.75388888888889,86.41833333333334,16.5958,228.0,0.1379,0.4194,4.7,0.3225,1,0,0
23.75388888888889,86.41861111111112,11.7639,228.0,0.1876,0.4774,4.7,0.3266,1,0,0
23.75388888888889,86.4188888888889,10.7186,228.0,0.1852,0.4896,4.7,0.3332,1,0,0
23.75388888888889,86.41916666666667,9.5693,228.0,0.1899,0.498,4.7,0.342,1,0,0
23.75388888888889,86.41944444444445,9.2385,228.0,0.1822,0.5022,4.7,0.3528,1,0,0
23.75388888888889,86.41972222222223,8.5161,228.0,0.1864,0.5116,4.7,0.3655,1,0,0
23.75388888888889,86.42000000000002,5.3177,228.0,0.2709,0.5333,4.7,0.3798,1,0,0
23.75388888888889,86.42027777777778,3.8831,228.0,0.3248,0.5502,4.7,0.3957,1,0,0
23.75388888888889,86.42055555555557,4.7429,228.0,0.2763,0.5492,4.7,0.4129,1,0,0
23.75388888888889,86.42083333333335,4.8926,228.0,0.2612,0.5466,4.7,0.4313,1,0,0
23.75388888888889,86.42111111111112,6.4831,228.0,0.1942,0.5333,4.7,0.4507,1,0,0
23.75388888888889,86.4213888888889,6.8005,228.0,0.1722,0.5341,4.7,0.471,1,0,0
23.75388888888889,86.42166666666668,5.1084,228.0,0.2166,0.5466,4.7,0.4921,1,0,0
23.75388888888889,86.42194444444445,2.3923,228.0,0.3575,0.5683,4.7,0.5139,1,0,0
23.75388888888889,86.42222222222223,0.6853,228.0,0.6016,0.5866,4.7,0.5363,1,0,0
23.75388888888889,86.42250000000001,2.0196,228.0,0.3854,0.5783,4.7,0.5592,1,0,0
23.75388888888889,86.42277777777778,4.2917,228.0,0.2367,0.5568,4.7,0.5826,1,0,0
23.75388888888889,86.42305555555556,4.6294,228.0,0.2213,0.5554,4.7,0.6064,1,0,0
23.75361111111112,86.41666666666667,37.2556,228.0,0.0,0.15,4.7,0.32,1,0,0
23.75361111111112,86.41694444444445,34.3243,228.0,0.0195,0.1918,4.7,0.3091,1,0,0
23.75361111111112,86.41722222222224,30.531,228.0,0.0437,0.2421,4.7,0.3005,1,0,0
23.75361111111112,86.4175,27.1814,228.0,0.0628,0.2898,4.7,0.2943,1,0,0
23.75361111111112,86.41777777777779,22.6737,228.0,0.0907,0.3614,4.7,0.2907,1,0,0
23.75361111111112,86.41805555555557,18.7712,228.0,0.1131,0.401,4.7,0.2899,1,0,0
23.75361111111112,86.41833333333334,13.7758,228.0,0.1554,0.453,4.7,0.2918,1,0,0
23.75361111111112,86.41861111111112,9.809,228.0,0.2011,0.4985,4.7,0.2964,1,0,0
23.75361111111112,86.4188888888889,7.8457,228.0,0.2249,0.5144,4.7,0.3036,1,0,0
23.75361111111112,86.41916666666667,6.6301,228.0,0.2426,0.5291,4.7,0.3132,1,0,0
23.75361111111112,86.41944444444445,6.5349,228.0,0.2347,0.5313,4.7,0.325,1,0,0
23.75361111111112,86.41972222222223,6.0208,228.0,0.2443,0.5372,4.7,0.3387,1,0,0
23.75361111111112,86.42000000000002,5.5185,228.0,0.2574,0.541,4.7,0.3542,1,0,0
23.75361111111112,86.42027777777778,6.1885,228.0,0.2306,0.5372,4.7,0.3712,1,0,0
23.75361111111112,86.42055555555557,4.5797,228.0,0.2868,0.55,4.7,0.3895,1,0,0
23.75361111111112,86.42083333333335,3.2133,228.0,0.3519,0.5646,4.7,0.4089,1,0,0
23.75361111111112,86.42111111111112,4.2192,228.0,0.2889,0.5548,4.7,0.4293,1,0,0
23.75361111111112,86.4213888888889,5.5664,228.0,0.2224,0.5434,4.7,0.4506,1,0,0
23.75361111111112,86.42166666666668,5.9033,228.0,0.1981,0.542,4.7,0.4726,1,0,0
23.75361111111112,86.42194444444445,4.1486,228.0,0.2576,0.5583,4.7,0.4952,1,0,0
23.75361111111112,86.42222222222223,2.0552,228.0,0.3909,0.5748,4.7,0.5184,1,0,0
23.75361111111112,86.42250000000001,2.3755,228.0,0.3594,0.5751,4.7,0.5421,1,0,0
23.75361111111112,86.42277777777778,4.2917,228.0,0.2408,0.5568,4.7,0.5662,1,0,0
23.75361111111112,86.42305555555556,3.7899,228.0,0.2642,0.5586,4.7,0.5907,1,0,0
23.753333333333337,86.41722222222224,21.778,228.0,0.1026,0.3491,4.7,0.2708,1,0,0
23.753333333333337,86.4175,21.0047,228.0,0.0991,0.3679,4.7,0.264,1,0,0
23.753333333333337,86.41777777777779,17.5437,228.0,0.1214,0.4101,4.7,0.26,1,0,0
23.753333333333337,86.41805555555557,12.7899,228.0,0.1664,0.4599,4.7,0.2591,1,0,0
23.753333333333337,86.41833333333334,8.8263,228.0,0.2185,0.5021,4.7,0.2612,1,0,0
23.753333333333337,86.41861111111112,5.5836,228.0,0.2878,0.538,4.7,0.2664,1,0,0
23.753333333333337,86.4188888888889,4.5369,228.0,0.3104,0.5509,4.7,0.2744,1,0,0
23.753333333333337,86.41916666666667,4.308,228.0,0.308,0.5541,4.7,0.2849,1,0,0
23.753333333333337,86.41944444444445,4.5685,228.0,0.2899,0.5521,4.7,0.2978,1,0,0
23.753333333333337,86.41972222222223,5.365,228.0,0.2561,0.539,4.7,0.3128,1,0,0
23.753333333333337,86.42000000000002,7.5368,228.0,0.1887,0.5206,4.7,0.3294,1,0,0
23.753333333333337,86.42027777777778,10.146,228.0,0.1299,0.4973,4.7,0.3476,1,0,0
23.753333333333337,86.42055555555557,8.8553,228.0,0.1576,0.5068,4.7,0.3671,1,0,0
23.753333333333337,86.42083333333335,6.5592,228.0,0.2152,0.5286,4.7,0.3877,1,0,0
23.753333333333337,86.42111111111112,5.4475,228.0,0.2458,0.541,4.7,0.4091,1,0,0
23.753333333333337,86.4213888888889,5.2295,228.0,0.244,0.5464,4.7,0.4314,1,0,0
23.753333333333337,86.42166666666668,5.746,228.0,0.2131,0.5434,4.7,0.4543,1,0,0
23.753333333333337,86.42194444444445,4.9799,228.0,0.2307,0.5502,4.7,0.4778,1,0,0
23.753333333333337,86.42222222222223,3.3304,228.0,0.3036,0.564,4.7,0.5018,1,0,0
23.753333333333337,86.42250000000001,3.2878,228.0,0.3027,0.5646,4.7,0.5262,1,0,0
23.753333333333337,86.42277777777778,4.3411,228.0,0.246,0.5598,4.7,0.551,1,0,0
23.75305555555556,86.41694444444445,13.0591,228.0,0.1823,0.4627,4.7,0.2522,1,0,0
23.75305555555556,86.41722222222224,11.5261,228.0,0.2021,0.4772,4.7,0.2415,1,0,0
23.75305555555556,86.4175,12.1273,228.0,0.1801,0.4729,4.7,0.2338,1,0,0
23.75305555555556,86.41777777777779,10.0443,228.0,0.2024,0.4954,4.7,0.2293,1,0,0
23.75305555555556,86.41805555555557,6.5765,228.0,0.2685,0.5318,4.7,0.2282,1,0,0
23.75305555555556,86.41833333333334,4.8277,228.0,0.3098,0.5488,4.7,0.2307,1,0,0
23.75305555555556,86.41861111111112,4.1031,228.0,0.3233,0.5548,4.7,0.2365,1,0,0
23.75305555555556,86.4188888888889,4.5369,228.0,0.2884,0.5539,4.7,0.2455,1,0,0
23.75305555555556,86.41916666666667,4.6228,228.0,0.2757,0.55,4.7,0.2572,1,0,0
23.75305555555556,86.41944444444445,5.0407,228.0,0.2557,0.5464,4.7,0.2714,1,0,0
23.75305555555556,86.41972222222223,6.1962,228.0,0.2167,0.534,4.7,0.2877,1,0,0
23.75305555555556,86.42000000000002,7.2512,228.0,0.1908,0.5204,4.7,0.3058,1,0,0
23.75305555555556,86.42027777777778,10.1993,228.0,0.128,0.4942,4.7,0.3253,1,0,0
23.75305555555556,86.42055555555557,10.5245,228.0,0.1259,0.4944,4.7,0.346,1,0,0
23.75305555555556,86.42083333333335,9.1568,228.0,0.1542,0.5054,4.7,0.3678,1,0,0
23.75305555555556,86.42111111111112,7.6504,228.0,0.1854,0.519,4.7,0.3903,1,0,0
23.75305555555556,86.4213888888889,5.68,228.0,0.2356,0.5395,4.7,0.4136,1,0,0
23.75305555555556,86.42166666666668,5.2243,228.0,0.2402,0.5492,4.7,0.4375,1,0,0
23.75305555555556,86.42194444444445,4.9242,228.0,0.241,0.5521,4.7,0.4618,1,0,0
23.75305555555556,86.42222222222223,4.1386,228.0,0.2685,0.5618,4.7,0.4866,1,0,0
23.75305555555556,86.42250000000001,4.1386,228.0,0.2655,0.5607,4.7,0.5118,1,0,0
23.75305555555556,86.42277777777778,3.7936,228.0,0.2823,0.5576,4.7,0.5372,1,0,0
23.75305555555556,86.42305555555556,3.469,228.0,0.2991,0.5629,4.7,0.563,1,0,0
23.75277777777778,86.41694444444445,10.832,228.0,0.1747,0.4883,4.7,0.2247,1,0,0
23.75277777777778,86.41722222222224,8.5102,228.0,0.2201,0.5063,4.7,0.2126,1,0,0
23.75277777777778,86.4175,7.1377,228.0,0.2468,0.5188,4.7,0.2038,1,0,0
23.75277777777778,86.41777777777779,6.4613,228.0,0.2543,0.5337,4.7,0.1986,1,0,0
23.75277777777778,86.41805555555557,4.1386,228.0,0.3293,0.5581,4.7,0.1974,1,0,0
23.75277777777778,86.41833333333334,3.8458,228.0,0.3293,0.5612,4.7,0.2002,1,0,0
23.75277777777778,86.41861111111112,4.7618,228.0,0.2731,0.5476,4.7,0.2069,1,0,0
23.75277777777778,86.4188888888889,4.7762,228.0,0.262,0.5509,4.7,0.2171,1,0,0
23.75277777777778,86.41916666666667,4.6228,228.0,0.2622,0.55,4.7,0.2303,1,0,0
23.75277777777778,86.41944444444445,5.8479,228.0,0.2141,0.5375,4.7,0.2461,1,0,0
23.75277777777778,86.41972222222223,6.3056,228.0,0.2037,0.537,4.7,0.264,1,0,0
23.75277777777778,86.42000000000002,5.1805,228.0,0.2525,0.541,4.7,0.2835,1,0,0
23.75277777777778,86.42027777777778,7.1588,228.0,0.1982,0.5263,4.7,0.3045,1,0,0
23.75277777777778,86.42055555555557,8.1686,228.0,0.1801,0.5173,4.7,0.3265,1,0,0
23.75277777777778,86.42083333333335,9.3142,228.0,0.1566,0.5088,4.7,0.3495,1,0,0
23.75277777777778,86.42111111111112,10.0364,228.0,0.1374,0.5013,4.7,0.3732,1,0,0
23.75277777777778,86.4213888888889,7.2711,228.0,0.1927,0.5271,4.7,0.3974,1,0,0
23.75277777777778,86.42166666666668,5.3336,228.0,0.2422,0.5466,4.7,0.4222,1,0,0
23.75277777777778,86.42194444444445,4.6294,228.0,0.2594,0.5554,4.7,0.4474,1,0,0
23.75277777777778,86.42222222222223,3.8831,228.0,0.288,0.5583,4.7,0.473,1,0,0
23.75277777777778,86.42250000000001,4.7691,228.0,0.2449,0.5502,4.7,0.4988,1,0,0
23.75277777777778,86.42277777777778,5.19,228.0,0.2285,0.5476,4.7,0.5249,1,0,0
23.75277777777778,86.42305555555556,5.19,228.0,0.2289,0.5472,4.7,0.5512,1,0,0
23.75277777777778,86.42333333333335,6.1831,228.0,0.1918,0.5372,4.7,0.5777,1,0,0
23.752500000000005,86.41666666666667,4.2132,228.0,0.3151,0.5517,4.7,0.2148,1,0,0
23.752500000000005,86.41694444444445,5.7869,228.0,0.2561,0.5395,4.7,0.1982,1,0,0
23.752500000000005,86.41722222222224,4.9407,228.0,0.2876,0.5477,4.7,0.1844,1,0,0
23.752500000000005,86.4175,3.8149,228.0,0.3355,0.5544,4.7,0.1741,1,0,0
23.752500000000005,86.41777777777779,4.2653,228.0,0.3071,0.5548,4.7,0.168,1,0,0
23.752500000000005,86.41805555555557,3.0279,228.0,0.3687,0.5696,4.7,0.1666,1,0,0
23.752500000000005,86.41833333333334,4.2917,228.0,0.2911,0.5562,4.7,0.1699,1,0,0
23.752500000000005,86.41861111111112,6.3263,228.0,0.2047,0.54,4.7,0.1777,1,0,0
23.752500000000005,86.4188888888889,4.4366,228.0,0.2677,0.5541,4.7,0.1895,1,0,0
23.752500000000005,86.41916666666667,3.4103,228.0,0.3143,0.5646,4.7,0.2045,1,0,0
23.752500000000005,86.41944444444445,4.8926,228.0,0.2408,0.5527,4.7,0.2221,1,0,0
23.752500000000005,86.41972222222223,3.7641,228.0,0.2992,0.5598,4.7,0.2418,1,0,0
23.752500000000005,86.42000000000002,2.7312,228.0,0.3757,0.5664,4.7,0.263,1,0,0
23.752500000000005,86.42027777777778,5.2174,228.0,0.2611,0.5484,4.7,0.2855,1,0,0
23.752500000000005,86.42055555555557,6.1479,228.0,0.2408,0.5359,4.7,0.3089,1,0,0
23.752500000000005,86.42083333333335,8.6328,228.0,0.1778,0.5116,4.7,0.333,1,0,0
23.752500000000005,86.42111111111112,10.7542,228.0,0.1297,0.4943,4.7,0.3578,1,0,0
23.752500000000005,86.4213888888889,8.5236,228.0,0.1661,0.5165,4.7,0.3831,1,0,0
23.752500000000005,86.42166666666668,5.0382,228.0,0.258,0.5509,4.7,0.4087,1,0,0
23.752500000000005,86.42194444444445,3.1293,228.0,0.3417,0.5614,4.7,0.4347,1,0,0
23.752500000000005,86.42222222222223,4.308,228.0,0.2716,0.5557,4.7,0.4609,1,0,0
23.752500000000005,86.42250000000001,5.3532,228.0,0.2271,0.5434,4.7,0.4874,1,0,0
23.752500000000005,86.42277777777778,5.7722,228.0,0.2137,0.5406,4.7,0.5141,1,0,0
23.752500000000005,86.42305555555556,6.2329,228.0,0.2,0.5359,4.7,0.5409,1,0,0
23.752500000000005,86.42333333333335,7.1326,228.0,0.1729,0.5261,4.7,0.5679,1,0,0
23.752222222222223,86.41666666666667,1.2836,228.0,0.5187,0.5807,4.7,0.1919,1,0,0
23.752222222222223,86.41694444444445,3.2878,228.0,0.3366,0.5666,4.7,0.1731,1,0,0
23.752222222222223,86.41722222222224,2.1125,228.0,0.4288,0.5732,4.7,0.1571,1,0,0
23.752222222222223,86.4175,2.7657,228.0,0.3769,0.5689,4.7,0.1449,1,0,0
23.752222222222223,86.41777777777779,3.4227,228.0,0.335,0.564,4.7,0.1375,1,0,0
23.752222222222223,86.41805555555557,3.1293,228.0,0.3524,0.5629,4.7,0.1358,1,0,0
23.752222222222223,86.41833333333334,5.8634,228.0,0.2233,0.539,4.7,0.1398,1,0,0
23.752222222222223,86.41861111111112,7.7324,228.0,0.161,0.5235,4.7,0.1493,1,0,0
23.752222222222223,86.4188888888889,4.8926,228.0,0.2445,0.5489,4.7,0.1631,1,0,0
23.752222222222223,86.41916666666667,2.7394,228.0,0.3529,0.5705,4.7,0.1803,1,0,0
23.752222222222223,86.41944444444445,3.6502,228.0,0.2934,0.5614,4.7,0.2001,1,0,0
23.752222222222223,86.41972222222223,2.566,228.0,0.3711,0.5705,4.7,0.2217,1,0,0
23.752222222222223,86.42000000000002,1.7129,228.0,0.4679,0.5756,4.7,0.2447,1,0,0
23.752222222222223,86.42027777777778,4.7618,228.0,0.2826,0.5513,4.7,0.2686,1,0,0
23.752222222222223,86.42055555555557,7.3742,228.0,0.2104,0.5243,4.7,0.2934,1,0,0
23.752222222222223,86.42083333333335,10.3069,228.0,0.1492,0.497,4.7,0.3187,1,0,0
23.752222222222223,86.42111111111112,11.4907,228.0,0.1228,0.4872,4.7,0.3445,1,0,0
23.752222222222223,86.4213888888889,8.8235,228.0,0.1639,0.5148,4.7,0.3707,1,0,0
23.752222222222223,86.42166666666668,3.063,228.0,0.3609,0.5583,4.7,0.3972,1,0,0
23.752222222222223,86.42194444444445,2.9546,228.0,0.3553,0.5554,4.7,0.4238,1,0,0
23.752222222222223,86.42222222222223,5.7762,228.0,0.2145,0.5372,4.7,0.4507,1,0,0
23.752222222222223,86.42250000000001,7.1981,228.0,0.1694,0.526,4.7,0.4778,1,0,0
23.752222222222223,86.42277777777778,6.8106,228.0,0.1823,0.528,4.7,0.5049,1,0,0
23.752222222222223,86.42305555555556,6.4756,228.0,0.1948,0.5321,4.7,0.5322,1,0,0
23.752222222222223,86.42333333333335,6.5087,228.0,0.1956,0.5304,4.7,0.5596,1,0,0
23.752222222222223,86.42361111111111,7.3525,228.0,0.172,0.5228,4.7,0.5871,1,0,0
23.751944444444447,86.4163888888889,3.0812,228.0,0.3212,0.5683,4.7,0.1947,1,0,0
23.751944444444447,86.41666666666667,2.4357,228.0,0.3763,0.5705,4.7,0.1715,1,0,0
23.751944444444447,86.41694444444445,2.7898,228.0,0.3565,0.5696,4.7,0.1501,1,0,0
23.751944444444447,86.41722222222224,1.0279,228.0,0.563,0.5676,4.7,0.1314,1,0,0
23.751944444444447,86.4175,4.0899,228.0,0.293,0.5583,4.7,0.1165,1,0,0
23.751944444444447,86.41777777777779,4.5369,228.0,0.2772,0.5509,4.7,0.1072,1,0,0
23.751944444444447,86.41805555555557,5.8479,228.0,0.2283,0.5369,4.7,0.105,1,0,0
23.751944444444447,86.41833333333334,8.8389,228.0,0.1425,0.5119,4.7,0.1102,1,0,0
23.751944444444447,86.41861111111112,8.8389,228.0,0.1349,0.5124,4.7,0.1219,1,0,0
23.751944444444447,86.4188888888889,4.6228,228.0,0.2546,0.5457,4.7,0.1385,1,0,0
23.751944444444447,86.41916666666667,1.6404,228.0,0.4523,0.5705,4.7,0.1584,1,0,0
23.751944444444447,86.41944444444445,3.063,228.0,0.3255,0.5683,4.7,0.1806,1,0,0
23.751944444444447,86.41972222222223,3.1659,228.0,0.3292,0.567,4.7,0.2043,1,0,0
23.751944444444447,86.42000000000002,1.6404,228.0,0.4814,0.5751,4.7,0.229,1,0,0
23.751944444444447,86.42027777777778,4.9242,228.0,0.2847,0.5449,4.7,0.2545,1,0,0
23.751944444444447,86.42055555555557,9.7783,228.0,0.1635,0.5017,4.7,0.2805,1,0,0
23.751944444444447,86.42083333333335,12.7172,228.0,0.1156,0.4757,4.7,0.3069,1,0,0
23.751944444444447,86.42111111111112,11.4223,228.0,0.1313,0.4908,4.7,0.3336,1,0,0
23.751944444444447,86.4213888888889,6.1086,228.0,0.243,0.5331,4.7,0.3606,1,0,0
23.751944444444447,86.42166666666668,2.3149,228.0,0.4197,0.5623,4.7,0.3877,1,0,0
23.751944444444447,86.42194444444445,5.7869,228.0,0.2219,0.542,4.7,0.415,1,0,0
23.751944444444447,86.42222222222223,5.8936,228.0,0.2105,0.5369,4.7,0.4424,1,0,0
23.751944444444447,86.42250000000001,6.471,228.0,0.1895,0.5322,4.7,0.4699,1,0,0
23.751944444444447,86.42277777777778,7.1708,228.0,0.1691,0.528,4.7,0.4975,1,0,0
23.751944444444447,86.42305555555556,6.8212,228.0,0.1806,0.5283,4.7,0.5252,1,0,0
23.751944444444447,86.42333333333335,5.2612,228.0,0.2354,0.5432,4.7,0.553,1,0,0
23.751944444444447,86.42361111111111,5.6315,228.0,0.2257,0.5402,4.7,0.5808,1,0,0
23.751944444444447,86.4238888888889,7.8112,228.0,0.1636,0.5211,4.7,0.6086,1,0,0
23.75166666666667,86.4163888888889,4.308,228.0,0.2558,0.5517,4.7,0.1799,1,0,0
23.75166666666667,86.41666666666667,4.5685,228.0,0.2528,0.5541,4.7,0.1546,1,0,0
23.75166666666667,86.41694444444445,2.3692,228.0,0.3932,0.5572,4.7,0.1305,1,0,0
23.75166666666667,86.41722222222224,4.7429,228.0,0.2629,0.5454,4.7,0.1084,1,0,0
23.75166666666667,86.4175,6.4831,228.0,0.2079,0.5303,4.7,0.0898,1,0,0
23.75166666666667,86.41777777777779,7.3459,228.0,0.1881,0.5212,4.7,0.0774,1,0,0
23.75166666666667,86.41805555555557,9.3367,228.0,0.1404,0.5029,4.7,0.0742,1,0,0
23.75166666666667,86.41833333333334,10.8212,228.0,0.1054,0.4914,4.7,0.0814,1,0,0
23.75166666666667,86.41861111111112,8.5714,228.0,0.1422,0.5102,4.7,0.0967,1,0,0
23.75166666666667,86.4188888888889,4.9105,228.0,0.2409,0.5413,4.7,0.1169,1,0,0
23.75166666666667,86.41916666666667,3.432,228.0,0.3022,0.5598,4.7,0.1399,1,0,0
23.75166666666667,86.41944444444445,2.8803,228.0,0.3375,0.5676,4.7,0.1646,1,0,0
23.75166666666667,86.41972222222223,3.6502,228.0,0.3053,0.5652,4.7,0.1903,1,0,0
23.75166666666667,86.42000000000002,1.0101,228.0,0.5882,0.5727,4.7,0.2166,1,0,0
23.75166666666667,86.42027777777778,8.0177,228.0,0.1993,0.5115,4.7,0.2434,1,0,0
23.75166666666667,86.42055555555557,14.3399,228.0,0.0975,0.4497,4.7,0.2705,1,0,0
23.75166666666667,86.42083333333335,16.2113,228.0,0.0754,0.4371,4.7,0.2978,1,0,0
23.75166666666667,86.42111111111112,11.1984,228.0,0.1427,0.4815,4.7,0.3252,1,0,0
23.75166666666667,86.4213888888889,2.9546,228.0,0.3936,0.539,4.7,0.3528,1,0,0
23.75166666666667,86.42166666666668,3.3304,228.0,0.3503,0.5554,4.7,0.3805,1,0,0
23.75166666666667,86.42194444444445,4.6474,228.0,0.2681,0.5514,4.7,0.4083,1,0,0
23.75166666666667,86.42222222222223,2.4508,228.0,0.3868,0.5666,4.7,0.4361,1,0,0
23.75166666666667,86.42250000000001,1.7756,228.0,0.4462,0.5703,4.7,0.464,1,0,0
23.75166666666667,86.42277777777778,4.9242,228.0,0.2391,0.5484,4.7,0.492,1,0,0
23.75166666666667,86.42305555555556,5.2174,228.0,0.2264,0.5472,4.7,0.5199,1,0,0
23.75166666666667,86.42333333333335,3.5745,228.0,0.3041,0.5629,4.7,0.548,1,0,0
23.75166666666667,86.42361111111111,3.7348,228.0,0.3012,0.5602,4.7,0.576,1,0,0
23.75166666666667,86.4238888888889,6.1247,228.0,0.2101,0.5322,4.7,0.604,1,0,0
23.75166666666667,86.42416666666668,9.7148,228.0,0.1236,0.5041,4.7,0.6321,1,0,0
23.751388888888894,86.41611111111112,4.5685,228.0,0.2423,0.546,4.7,0.1971,1,0,0
23.751388888888894,86.4163888888889,6.2339,228.0,0.1903,0.5362,4.7,0.1696,1,0,0
23.751388888888894,86.41666666666667,5.365,228.0,0.2312,0.539,4.7,0.1424,1,0,0
23.751388888888894,86.41694444444445,4.8972,228.0,0.26,0.5406,4.7,0.1158,1,0,0
23.751388888888894,86.41722222222224,7.3171,228.0,0.1889,0.5306,4.7,0.0902,1,0,0
23.751388888888894,86.4175,7.7079,228.0,0.1859,0.5222,4.7,0.0667,1,0,0
23.751388888888894,86.41777777777779,7.8688,228.0,0.1853,0.5173,4.7,0.0487,1,0,0
23.751388888888894,86.41805555555557,9.474,228.0,0.1453,0.5016,4.7,0.0435,1,0,0
23.751388888888894,86.41833333333334,9.1568,228.0,0.1434,0.5074,4.7,0.0549,1,0,0
23.751388888888894,86.41861111111112,5.4648,228.0,0.2332,0.5341,4.7,0.0757,1,0,0
23.751388888888894,86.4188888888889,4.1031,228.0,0.2748,0.553,4.7,0.1003,1,0,0
23.751388888888894,86.41916666666667,4.1486,228.0,0.2624,0.5586,4.7,0.1264,1,0,0
23.751388888888894,86.41944444444445,2.0542,228.0,0.407,0.5717,4.7,0.1532,1,0,0
23.751388888888894,86.41972222222223,2.524,228.0,0.3868,0.5703,4.7,0.1806,1,0,0
23.751388888888894,86.42000000000002,3.8831,228.0,0.331,0.5502,4.7,0.2081,1,0,0
23.751388888888894,86.42027777777778,13.4126,228.0,0.1077,0.4543,4.7,0.2359,1,0,0
23.751388888888894,86.42055555555557,19.5143,228.0,0.0442,0.4021,4.7,0.2637,1,0,0
23.751388888888894,86.42083333333335,17.9638,228.0,0.0623,0.4186,4.7,0.2916,1,0,0
23.751388888888894,86.42111111111112,10.9209,228.0,0.1533,0.4786,4.7,0.3196,1,0,0
23.751388888888894,86.4213888888889,7.6654,228.0,0.2057,0.5151,4.7,0.3477,1,0,0
23.751388888888894,86.42166666666668,6.9828,228.0,0.2051,0.5268,4.7,0.3758,1,0,0
23.751388888888894,86.42194444444445,4.5558,228.0,0.2758,0.5484,4.7,0.4039,1,0,0
23.751388888888894,86.42222222222223,2.9546,228.0,0.3519,0.5658,4.7,0.432,1,0,0
23.751388888888894,86.42250000000001,3.8921,228.0,0.2887,0.5598,4.7,0.4601,1,0,0
23.751388888888894,86.42277777777778,4.4882,228.0,0.2531,0.5544,4.7,0.4883,1,0,0
23.751388888888894,86.42305555555556,2.566,228.0,0.3599,0.5629,4.7,0.5165,1,0,0
23.751388888888894,86.42333333333335,1.6404,228.0,0.4487,0.5777,4.7,0.5446,1,0,0
23.751388888888894,86.42361111111111,2.3692,228.0,0.3813,0.5751,4.7,0.5728,1,0,0
23.751388888888894,86.4238888888889,4.2192,228.0,0.2773,0.553,4.7,0.601,1,0,0
23.751388888888894,86.42416666666668,7.5542,228.0,0.1727,0.5252,4.7,0.6292,1,0,0
23.751388888888894,86.42444444444445,8.4821,228.0,0.1583,0.5137,4.7,0.6575,1,0,0
23.751111111111115,86.41611111111112,4.2817,228.0,0.2631,0.55,4.7,0.1927,1,0,0
23.751111111111115,86.4163888888889,5.6315,228.0,0.2202,0.5421,4.7,0.1645,1,0,0
23.751111111111115,86.41666666666667,6.1415,228.0,0.2153,0.5346,4.7,0.1363,1,0,0
23.751111111111115,86.41694444444445,8.0177,228.0,0.1736,0.5196,4.7,0.1082,1,0,0
23.751111111111115,86.41722222222224,8.2344,228.0,0.1786,0.5196,4.7,0.0801,1,0,0
23.751111111111115,86.4175,9.1199,228.0,0.1648,0.5109,4.7,0.0524,1,0,0
23.751111111111115,86.41777777777779,9.2883,228.0,0.1628,0.5045,4.7,0.0258,1,0,0
23.751111111111115,86.41805555555557,8.0177,228.0,0.1875,0.5214,4.7,0.0136,1,0,0
23.751111111111115,86.41833333333334,4.3158,228.0,0.3001,0.5496,4.7,0.0361,1,0,0
23.751111111111115,86.41861111111112,0.5051,228.0,0.712,0.5756,4.7,0.0634,1,0,0
23.751111111111115,86.4188888888889,2.8614,228.0,0.3478,0.5696,4.7,0.0913,1,0,0
23.751111111111115,86.41916666666667,2.566,228.0,0.3604,0.5705,4.7,0.1194,1,0,0
23.751111111111115,86.41944444444445,1.1851,228.0,0.5226,0.5838,4.7,0.1476,1,0,0
23.751111111111115,86.41972222222223,0.3427,228.0,0.7961,0.5774,4.7,0.1758,1,0,0
23.751111111111115,86.42000000000002,6.3173,228.0,0.246,0.5318,4.7,0.204,1,0,0
23.751111111111115,86.42027777777778,16.6378,228.0,0.0748,0.4339,4.7,0.2322,1,0,0
23.751111111111115,86.42055555555557,20.5962,228.0,0.0418,0.3929,4.7,0.2604,1,0,0
23.751111111111115,86.42083333333335,14.2269,228.0,0.1168,0.4498,4.7,0.2887,1,0,0
23.751111111111115,86.42111111111112,6.0826,228.0,0.2741,0.5246,4.7,0.317,1,0,0
23.751111111111115,86.4213888888889,7.4745,228.0,0.2119,0.5228,4.7,0.3452,1,0,0
23.751111111111115,86.42166666666668,9.0547,228.0,0.1548,0.5115,4.7,0.3735,1,0,0
23.751111111111115,86.42194444444445,6.1247,228.0,0.2205,0.5356,4.7,0.4017,1,0,0
23.751111111111115,86.42222222222223,4.6222,228.0,0.2668,0.5504,4.7,0.43,1,0,0
23.751111111111115,86.42250000000001,5.1612,228.0,0.2348,0.5484,4.7,0.4583,1,0,0
23.751111111111115,86.42277777777778,3.6915,228.0,0.2913,0.5572,4.7,0.4865,1,0,0
23.751111111111115,86.42305555555556,1.1851,228.0,0.5089,0.5751,4.7,0.5148,1,0,0
23.751111111111115,86.42333333333335,1.1112,228.0,0.5171,0.5851,4.7,0.5431,1,0,0
23.751111111111115,86.42361111111111,1.1851,228.0,0.5087,0.5842,4.7,0.5713,1,0,0
23.751111111111115,86.4238888888889,3.5477,228.0,0.3026,0.5646,4.7,0.5996,1,0,0
23.751111111111115,86.42416666666668,6.4064,228.0,0.2015,0.534,4.7,0.6279,1,0,0
23.751111111111115,86.42444444444445,7.1377,228.0,0.1957,0.5241,4.7,0.6562,1,0,0
23.750833333333336,86.41583333333334,3.5745,228.0,0.2956,0.5562,4.7,0.2213,1,0,0
23.750833333333336,86.41611111111112,5.3532,228.0,0.2243,0.5454,4.7,0.1932,1,0,0
23.750833333333336,86.4163888888889,5.0123,228.0,0.2499,0.5453,4.7,0.1651,1,0,0
23.750833333333336,86.41666666666667,6.8212,228.0,0.2016,0.5286,4.7,0.137,1,0,0
23.750833333333336,86.41694444444445,9.7784,228.0,0.1421,0.5048,4.7,0.109,1,0,0
23.750833333333336,86.41722222222224,9.2708,228.0,0.1644,0.5074,4.7,0.0813,1,0,0
23.750833333333336,86.4175,10.0266,228.0,0.1558,0.5028,4.7,0.0542,1,0,0
23.750833333333336,86.41777777777779,11.4223,228.0,0.1308,0.4925,4.7,0.0292,1,0,0
23.750833333333336,86.41805555555557,8.5026,228.0,0.1854,0.5109,4.7,0.0193,1,0,0
23.750833333333336,86.41833333333334,4.6228,228.0,0.2955,0.5434,4.7,0.0386,1,0,0
23.750833333333336,86.41861111111112,4.5685,228.0,0.2802,0.5514,4.7,0.0649,1,0,0
23.750833333333336,86.4188888888889,3.2615,228.0,0.3306,0.5614,4.7,0.0924,1,0,0
23.750833333333336,86.41916666666667,0.7393,228.0,0.6198,0.5765,4.7,0.1202,1,0,0
23.750833333333336,86.41944444444445,0.3427,228.0,0.7835,0.5902,4.7,0.1482,1,0,0
23.750833333333336,86.41972222222223,1.0101,228.0,0.5945,0.5838,4.7,0.1763,1,0,0
23.750833333333336,86.42000000000002,6.7911,228.0,0.2452,0.5304,4.7,0.2044,1,0,0
23.750833333333336,86.42027777777778,17.3798,228.0,0.0765,0.4216,4.7,0.2326,1,0,0
23.750833333333336,86.42055555555557,20.5411,228.0,0.049,0.3926,4.7,0.2608,1,0,0
23.750833333333336,86.42083333333335,12.2068,228.0,0.1506,0.4762,4.7,0.289,1,0,0
23.750833333333336,86.42111111111112,2.8803,228.0,0.4227,0.5598,4.7,0.3173,1,0,0
23.750833333333336,86.4213888888889,4.8277,228.0,0.2977,0.546,4.7,0.3455,1,0,0
23.750833333333336,86.42166666666668,8.6499,228.0,0.1636,0.5151,4.7,0.3737,1,0,0
23.750833333333336,86.42194444444445,7.6654,228.0,0.1776,0.516,4.7,0.402,1,0,0
23.750833333333336,86.42222222222223,7.6352,228.0,0.1701,0.5206,4.7,0.4302,1,0,0
23.750833333333336,86.42250000000001,6.9327,228.0,0.1796,0.5261,4.7,0.4585,1,0,0
23.750833333333336,86.42277777777778,4.7317,228.0,0.2437,0.5427,4.7,0.4867,1,0,0
23.750833333333336,86.42305555555556,3.3304,228.0,0.3009,0.5586,4.7,0.515,1,0,0
23.750833333333336,86.42333333333335,1.7825,228.0,0.4175,0.5807,4.7,0.5432,1,0,0
23.750833333333336,86.42361111111111,0.4632,228.0,0.6886,0.5902,4.7,0.5715,1,0,0
23.750833333333336,86.4238888888889,2.0542,228.0,0.4044,0.5683,4.7,0.5998,1,0,0
23.750833333333336,86.42416666666668,5.1404,228.0,0.2419,0.5432,4.7,0.628,1,0,0
23.750833333333336,86.42444444444445,6.7966,228.0,0.2079,0.5312,4.7,0.6563,1,0,0
23.75055555555556,86.41583333333334,6.4628,228.0,0.1813,0.5313,4.7,0.226,1,0,0
23.75055555555556,86.41611111111112,6.8106,228.0,0.1779,0.5324,4.7,0.1985,1,0,0
23.75055555555556,86.4163888888889,5.7762,228.0,0.2223,0.5369,4.7,0.1713,1,0,0
23.75055555555556,86.41666666666667,7.1588,228.0,0.1931,0.5236,4.7,0.1444,1,0,0
23.75055555555556,86.41694444444445,10.2193,228.0,0.1356,0.4991,4.7,0.1182,1,0,0
23.75055555555556,86.41722222222224,9.9026,228.0,0.1552,0.5043,4.7,0.0933,1,0,0
23.75055555555556,86.4175,9.987,228.0,0.1628,0.5005,4.7,0.0709,1,0,0
23.75055555555556,86.41777777777779,11.6838,228.0,0.1345,0.478,4.7,0.0543,1,0,0
23.75055555555556,86.41805555555557,11.1475,228.0,0.1411,0.4875,4.7,0.0497,1,0,0
23.75055555555556,86.41833333333334,8.5062,228.0,0.1863,0.5088,4.7,0.0599,1,0,0
23.75055555555556,86.41861111111112,5.365,228.0,0.2646,0.537,4.7,0.0794,1,0,0
23.75055555555556,86.4188888888889,2.7657,228.0,0.3832,0.5607,4.7,0.1031,1,0,0
23.75055555555556,86.41916666666667,1.5842,228.0,0.4893,0.5803,4.7,0.1286,1,0,0
23.75055555555556,86.41944444444445,0.5051,228.0,0.7283,0.5926,4.7,0.1551,1,0,0
23.75055555555556,86.41972222222223,1.0101,228.0,0.6147,0.5803,4.7,0.1821,1,0,0
23.75055555555556,86.42000000000002,6.538,228.0,0.2686,0.5244,4.7,0.2095,1,0,0
23.75055555555556,86.42027777777778,18.3054,228.0,0.0757,0.4142,4.7,0.2371,1,0,0
23.75055555555556,86.42055555555557,21.2685,228.0,0.0461,0.3849,4.7,0.2648,1,0,0
23.75055555555556,86.42083333333335,12.3546,228.0,0.1478,0.4752,4.7,0.2926,1,0,0
23.75055555555556,86.42111111111112,3.8831,228.0,0.3589,0.5586,4.7,0.3205,1,0,0
23.75055555555556,86.4213888888889,3.8353,228.0,0.3387,0.5492,4.7,0.3485,1,0,0
23.75055555555556,86.42166666666668,8.1563,228.0,0.1719,0.5069,4.7,0.3765,1,0,0
23.75055555555556,86.42194444444445,10.5468,228.0,0.112,0.4919,4.7,0.4046,1,0,0
23.75055555555556,86.42222222222223,9.8639,228.0,0.1199,0.4943,4.7,0.4326,1,0,0
23.75055555555556,86.42250000000001,7.3525,228.0,0.1707,0.5166,4.7,0.4607,1,0,0
23.75055555555556,86.42277777777778,6.4064,228.0,0.1855,0.5288,4.7,0.4889,1,0,0
23.75055555555556,86.42305555555556,5.1218,228.0,0.2159,0.55,4.7,0.517,1,0,0
23.75055555555556,86.42333333333335,1.7756,228.0,0.4175,0.5777,4.7,0.5452,1,0,0
23.75055555555556,86.42361111111111,1.3894,228.0,0.4663,0.5838,4.7,0.5733,1,0,0
23.75055555555556,86.4238888888889,1.0551,228.0,0.5347,0.5803,4.7,0.6015,1,0,0
23.75055555555556,86.42416666666668,1.2836,228.0,0.5191,0.5696,4.7,0.6297,1,0,0
23.75055555555556,86.42444444444445,5.5581,228.0,0.2522,0.541,4.7,0.6579,1,0,0
23.750277777777782,86.41555555555557,6.8212,228.0,0.1723,0.5322,4.7,0.2614,1,0,0
23.750277777777782,86.41583333333334,7.5842,228.0,0.1489,0.5261,4.7,0.2347,1,0,0
23.750277777777782,86.41611111111112,5.19,228.0,0.2289,0.5454,4.7,0.2083,1,0,0
23.750277777777782,86.4163888888889,3.8353,228.0,0.2989,0.5557,4.7,0.1826,1,0,0
23.750277777777782,86.41666666666667,6.5146,228.0,0.2063,0.5331,4.7,0.1576,1,0,0
23.750277777777782,86.41694444444445,9.7234,228.0,0.1412,0.5067,4.7,0.1341,1,0,0
23.750277777777782,86.41722222222224,8.8105,228.0,0.1765,0.5081,4.7,0.1127,1,0,0
23.750277777777782,86.4175,9.8052,228.0,0.1671,0.5003,4.7,0.095,1,0,0
23.750277777777782,86.41777777777779,11.7986,228.0,0.1368,0.4779,4.7,0.0833,1,0,0
23.750277777777782,86.41805555555557,11.6298,228.0,0.1416,0.4796,4.7,0.0804,1,0,0
23.750277777777782,86.41833333333334,10.2961,228.0,0.1622,0.4952,4.7,0.0871,1,0,0
23.750277777777782,86.41861111111112,7.1588,228.0,0.2273,0.5151,4.7,0.1015,1,0,0
23.750277777777782,86.4188888888889,4.2653,228.0,0.3226,0.5517,4.7,0.1209,1,0,0
23.750277777777782,86.41916666666667,2.072,228.0,0.4649,0.5783,4.7,0.1433,1,0,0
23.750277777777782,86.41944444444445,0.3427,228.0,0.8343,0.5889,4.7,0.1675,1,0,0
23.750277777777782,86.41972222222223,3.5477,228.0,0.3869,0.5421,4.7,0.1928,1,0,0
23.750277777777782,86.42000000000002,10.7766,228.0,0.1836,0.4805,4.7,0.2188,1,0,0
23.750277777777782,86.42027777777778,20.7564,228.0,0.0575,0.3867,4.7,0.2453,1,0,0
23.750277777777782,86.42055555555557,21.6887,228.0,0.0443,0.382,4.7,0.2722,1,0,0
23.750277777777782,86.42083333333335,11.2919,228.0,0.1637,0.4829,4.7,0.2994,1,0,0
23.750277777777782,86.42111111111112,3.7641,228.0,0.3593,0.5568,4.7,0.3267,1,0,0
23.750277777777782,86.4213888888889,2.8412,228.0,0.392,0.5646,4.7,0.3542,1,0,0
23.750277777777782,86.42166666666668,4.6495,228.0,0.2796,0.5389,4.7,0.3818,1,0,0
23.750277777777782,86.42194444444445,6.0318,228.0,0.2221,0.5309,4.7,0.4095,1,0,0
23.750277777777782,86.42222222222223,5.1265,228.0,0.2512,0.5269,4.7,0.4372,1,0,0
23.750277777777782,86.42250000000001,5.7937,228.0,0.2195,0.5359,4.7,0.4651,1,0,0
23.750277777777782,86.42277777777778,7.051,228.0,0.1681,0.534,4.7,0.4929,1,0,0
23.750277777777782,86.42305555555556,4.8372,228.0,0.2301,0.5514,4.7,0.5209,1,0,0
23.750277777777782,86.42333333333335,1.789,228.0,0.4189,0.5774,4.7,0.5488,1,0,0
23.750277777777782,86.42361111111111,1.6404,228.0,0.4358,0.5807,4.7,0.5768,1,0,0
23.750277777777782,86.4238888888889,1.789,228.0,0.4319,0.5765,4.7,0.6048,1,0,0
23.750277777777782,86.42416666666668,3.432,228.0,0.3264,0.5598,4.7,0.6329,1,0,0
23.750000000000004,86.41555555555557,6.5087,228.0,0.1799,0.5312,4.7,0.2725,1,0,0
23.750000000000004,86.41583333333334,5.6467,228.0,0.2021,0.5409,4.7,0.2469,1,0,0
23.750000000000004,86.41611111111112,2.1125,228.0,0.399,0.5717,4.7,0.222,1,0,0
23.750000000000004,86.4163888888889,2.2836,228.0,0.3908,0.571,4.7,0.198,1,0,0
23.750000000000004,86.41666666666667,5.5581,228.0,0.226,0.5449,4.7,0.1753,1,0,0
23.750000000000004,86.41694444444445,7.0941,228.0,0.1936,0.5249,4.7,0.1545,1,0,0
23.750000000000004,86.41722222222224,7.2722,228.0,0.2057,0.5168,4.7,0.1363,1,0,0
23.750000000000004,86.4175,10.3718,228.0,0.1489,0.4875,4.7,0.1221,1,0,0
23.750000000000004,86.41777777777779,13.546,228.0,0.1059,0.4603,4.7,0.1133,1,0,0
23.750000000000004,86.41805555555557,14.1298,228.0,0.1045,0.4501,4.7,0.1111,1,0,0
23.750000000000004,86.41833333333334,14.6906,228.0,0.099,0.447,4.7,0.1161,1,0,0
23.750000000000004,86.41861111111112,14.3821,228.0,0.1021,0.4493,4.7,0.1272,1,0,0
23.750000000000004,86.4188888888889,9.5069,228.0,0.1851,0.49,4.7,0.1432,1,0,0
23.750000000000004,86.41916666666667,5.0407,228.0,0.3147,0.5359,4.7,0.1626,1,0,0
23.750000000000004,86.41944444444445,6.1855,228.0,0.282,0.5211,4.7,0.1842,1,0,0
23.750000000000004,86.41972222222223,11.8219,228.0,0.1645,0.4684,4.7,0.2075,1,0,0
23.750000000000004,86.42000000000002,18.7826,228.0,0.0803,0.4027,4.7,0.2319,1,0,0
23.750000000000004,86.42027777777778,24.0903,228.0,0.0293,0.3486,4.7,0.2571,1,0,0
23.750000000000004,86.42055555555557,20.5873,228.0,0.0542,0.3799,4.7,0.2828,1,0,0
23.750000000000004,86.42083333333335,9.5117,228.0,0.193,0.4868,4.7,0.3091,1,0,0
23.750000000000004,86.42111111111112,4.0031,228.0,0.3394,0.5513,4.7,0.3356,1,0,0
23.750000000000004,86.4213888888889,2.4357,228.0,0.4158,0.5705,4.7,0.3624,1,0,0
23.750000000000004,86.42166666666668,0.5051,228.0,0.7185,0.5685,4.7,0.3894,1,0,0
23.750000000000004,86.42194444444445,4.4882,228.0,0.2784,0.546,4.7,0.4166,1,0,0
23.750000000000004,86.42222222222223,7.9839,228.0,0.1605,0.5222,4.7,0.4439,1,0,0
23.750000000000004,86.42250000000001,7.6504,228.0,0.1636,0.5257,4.7,0.4714,1,0,0
23.750000000000004,86.42277777777778,4.8972,228.0,0.2436,0.5413,4.7,0.4989,1,0,0
23.750000000000004,86.42305555555556,3.1659,228.0,0.3195,0.5648,4.7,0.5265,1,0,0
23.750000000000004,86.42333333333335,1.7756,228.0,0.427,0.574,4.7,0.5542,1,0,0
23.750000000000004,86.42361111111111,1.7756,228.0,0.4279,0.5732,4.7,0.5819,1,0,0
23.750000000000004,86.4238888888889,1.6404,228.0,0.4576,0.5765,4.7,0.6097,1,0,0
23.750000000000004,86.42416666666668,3.8458,228.0,0.3121,0.5572,4.7,0.6375,1,0,0
23.749722222222225,86.41527777777779,4.5685,228.0,0.2557,0.5502,4.7,0.3113,1,0,0
23.749722222222225,86.41555555555557,3.5745,228.0,0.2919,0.5583,4.7,0.2864,1,0,0
23.749722222222225,86.41583333333334,2.5494,228.0,0.3499,0.5664,4.7,0.2622,1,0,0
23.749722222222225,86.41611111111112,0.7393,228.0,0.5948,0.5826,4.7,0.2389,1,0,0
23.749722222222225,86.4163888888889,3.3304,228.0,0.2996,0.5683,4.7,0.2168,1,0,0
23.749722222222225,86.41666666666667,3.7899,228.0,0.2863,0.5576,4.7,0.1963,1,0,0
23.749722222222225,86.41694444444445,3.8149,228.0,0.3015,0.541,4.7,0.1779,1,0,0
23.749722222222225,86.41722222222224,7.1471,228.0,0.1928,0.5224,4.7,0.1624,1,0,0
23.749722222222225,86.4175,9.4399,228.0,0.1533,0.4972,4.7,0.1507,1,0,0
23.749722222222225,86.41777777777779,11.9573,228.0,0.1201,0.471,4.7,0.1436,1,0,0
23.749722222222225,86.41805555555557,13.7753,228.0,0.1033,0.4557,4.7,0.1419,1,0,0
23.749722222222225,86.41833333333334,15.7441,228.0,0.0846,0.4326,4.7,0.1458,1,0,0
23.749722222222225,86.41861111111112,18.4658,228.0,0.0568,0.4106,4.7,0.1549,1,0,0
23.749722222222225,86.4188888888889,16.8264,228.0,0.081,0.4245,4.7,0.1682,1,0,0
23.749722222222225,86.41916666666667,14.2032,228.0,0.1216,0.443,4.7,0.185,1,0,0
23.749722222222225,86.41944444444445,15.4275,228.0,0.1118,0.4315,4.7,0.2043,1,0,0
23.749722222222225,86.41972222222223,18.2024,228.0,0.0856,0.4125,4.7,0.2255,1,0,0
23.749722222222225,86.42000000000002,21.4845,228.0,0.0552,0.3727,4.7,0.2481,1,0,0
23.749722222222225,86.42027777777778,23.2308,228.0,0.0346,0.3605,4.7,0.2718,1,0,0
23.749722222222225,86.42055555555557,16.2811,228.0,0.0965,0.4204,4.7,0.2963,1,0,0
23.749722222222225,86.42083333333335,7.8891,228.0,0.2206,0.5067,4.7,0.3214,1,0,0
23.749722222222225,86.42111111111112,5.4581,228.0,0.2676,0.5392,4.7,0.347,1,0,0
23.749722222222225,86.4213888888889,3.5513,228.0,0.3338,0.5598,4.7,0.373,1,0,0
23.749722222222225,86.42166666666668,3.7899,228.0,0.3122,0.541,4.7,0.3993,1,0,0
23.749722222222225,86.42194444444445,8.0621,228.0,0.1591,0.5174,4.7,0.4259,1,0,0
23.749722222222225,86.42222222222223,7.8688,228.0,0.1635,0.5211,4.7,0.4526,1,0,0
23.749722222222225,86.42250000000001,4.2192,228.0,0.285,0.5454,4.7,0.4796,1,0,0
23.749722222222225,86.42277777777778,1.7825,228.0,0.45,0.5732,4.7,0.5066,1,0,0
23.749722222222225,86.42305555555556,2.3755,228.0,0.384,0.5705,4.7,0.5338,1,0,0
23.749722222222225,86.42333333333335,3.2878,228.0,0.3137,0.567,4.7,0.5612,1,0,0
23.749722222222225,86.42361111111111,3.3304,228.0,0.3139,0.5676,4.7,0.5886,1,0,0
23.749722222222225,86.4238888888889,1.6404,228.0,0.4699,0.5748,4.7,0.616,1,0,0
23.749722222222225,86.42416666666668,5.1218,228.0,0.2663,0.5468,4.7,0.6436,1,0,0
23.74944444444445,86.41527777777779,3.0706,228.0,0.3245,0.5648,4.7,0.3265,1,0,0
23.74944444444445,86.41555555555557,1.3894,228.0,0.469,0.5842,4.7,0.3029,1,0,0
23.74944444444445,86.41583333333334,0.0,228.0,0.9839,0.5842,4.7,0.2801,1,0,0
23.74944444444445,86.41611111111112,1.3836,228.0,0.4552,0.5851,4.7,0.2584,1,0,0
23.74944444444445,86.4163888888889,2.3755,228.0,0.3517,0.5727,4.7,0.2381,1,0,0
23.74944444444445,86.41666666666667,1.7756,228.0,0.4208,0.5732,4.7,0.2196,1,0,0
23.74944444444445,86.41694444444445,3.1624,228.0,0.3196,0.5623,4.7,0.2034,1,0,0
23.74944444444445,86.41722222222224,4.8627,228.0,0.2491,0.5496,4.7,0.19,1,0,0
23.74944444444445,86.4175,4.8587,228.0,0.2653,0.5453,4.7,0.18,1,0,0
23.74944444444445,86.41777777777779,6.1962,228.0,0.2326,0.5313,4.7,0.1741,1,0,0
23.74944444444445,86.41805555555557,7.7487,228.0,0.2033,0.518,4.7,0.1728,1,0,0
23.74944444444445,86.41833333333334,10.4944,228.0,0.1561,0.4872,4.7,0.176,1,0,0
23.74944444444445,86.41861111111112,14.7087,228.0,0.0986,0.4422,4.7,0.1835,1,0,0
23.74944444444445,86.4188888888889,17.2605,228.0,0.0747,0.4115,4.7,0.1949,1,0,0
23.74944444444445,86.41916666666667,19.3889,228.0,0.0579,0.3918,4.7,0.2096,1,0,0
23.74944444444445,86.41944444444445,19.6898,228.0,0.0614,0.3895,4.7,0.2268,1,0,0
23.74944444444445,86.41972222222223,17.5439,228.0,0.0911,0.4099,4.7,0.2461,1,0,0
23.74944444444445,86.42000000000002,17.588,228.0,0.0907,0.4144,4.7,0.267,1,0,0
23.74944444444445,86.42027777777778,18.0195,228.0,0.0775,0.4162,4.7,0.2891,1,0,0
23.74944444444445,86.42055555555557,9.3849,228.0,0.1949,0.4913,4.7,0.3122,1,0,0
23.74944444444445,86.42083333333335,3.9972,228.0,0.3422,0.5554,4.7,0.3362,1,0,0
23.74944444444445,86.42111111111112,3.7672,228.0,0.3302,0.5583,4.7,0.3607,1,0,0
23.74944444444445,86.4213888888889,3.4227,228.0,0.3345,0.5648,4.7,0.3858,1,0,0
23.74944444444445,86.42166666666668,7.3742,228.0,0.1759,0.5288,4.7,0.4113,1,0,0
23.74944444444445,86.42194444444445,9.017,228.0,0.1364,0.5131,4.7,0.4371,1,0,0
23.74944444444445,86.42222222222223,3.8458,228.0,0.3088,0.5438,4.7,0.4632,1,0,0
23.74944444444445,86.42250000000001,3.4791,228.0,0.3265,0.5502,4.7,0.4896,1,0,0
23.74944444444445,86.42277777777778,4.7317,228.0,0.2598,0.5466,4.7,0.5161,1,0,0
23.74944444444445,86.42305555555556,4.6474,228.0,0.2579,0.5466,4.7,0.5428,1,0,0
23.74944444444445,86.42333333333335,3.9552,228.0,0.2876,0.5572,4.7,0.5697,1,0,0
23.74944444444445,86.42361111111111,3.4103,228.0,0.3219,0.5567,4.7,0.5967,1,0,0
23.74944444444445,86.4238888888889,4.2817,228.0,0.291,0.5504,4.7,0.6239,1,0,0
23.74916666666667,86.41527777777779,2.3755,228.0,0.3638,0.5727,4.7,0.3438,1,0,0
23.74916666666667,86.41555555555557,1.0279,228.0,0.5183,0.5883,4.7,0.3215,1,0,0
23.74916666666667,86.41583333333334,1.515,228.0,0.4308,0.5842,4.7,0.3001,1,0,0
23.74916666666667,86.41611111111112,1.441,228.0,0.4373,0.5842,4.7,0.28,1,0,0
23.74916666666667,86.4163888888889,1.1112,228.0,0.4924,0.5851,4.7,0.2614,1,0,0
23.74916666666667,86.41666666666667,1.0551,228.0,0.5105,0.5783,4.7,0.2446,1,0,0
23.74916666666667,86.41694444444445,3.8088,228.0,0.2639,0.5614,4.7,0.2301,1,0,0
23.74916666666667,86.41722222222224,3.7641,228.0,0.2777,0.5623,4.7,0.2184,1,0,0
23.74916666666667,86.4175,2.0988,228.0,0.4073,0.5748,4.7,0.2098,1,0,0
23.74916666666667,86.41777777777779,2.4357,228.0,0.3923,0.5727,4.7,0.2048,1,0,0
23.74916666666667,86.41805555555557,3.7641,228.0,0.3217,0.5618,4.7,0.2036,1,0,0
23.74916666666667,86.41833333333334,5.8448,228.0,0.2507,0.5349,4.7,0.2063,1,0,0
23.74916666666667,86.41861111111112,8.246,228.0,0.1975,0.5036,4.7,0.2128,1,0,0
23.74916666666667,86.4188888888889,11.7136,228.0,0.1395,0.4675,4.7,0.2227,1,0,0
23.74916666666667,86.41916666666667,15.49,228.0,0.0916,0.4341,4.7,0.2356,1,0,0
23.74916666666667,86.41944444444445,15.8652,228.0,0.0931,0.4317,4.7,0.2511,1,0,0
23.74916666666667,86.41972222222223,12.904,228.0,0.1388,0.4551,4.7,0.2686,1,0,0
23.74916666666667,86.42000000000002,11.7994,228.0,0.1545,0.4692,4.7,0.2879,1,0,0
23.74916666666667,86.42027777777778,13.3638,228.0,0.1186,0.4622,4.7,0.3085,1,0,0
23.74916666666667,86.42055555555557,6.7769,228.0,0.2391,0.5249,4.7,0.3303,1,0,0
23.74916666666667,86.42083333333335,3.098,228.0,0.3742,0.5664,4.7,0.353,1,0,0
23.74916666666667,86.42111111111112,3.7641,228.0,0.3165,0.5618,4.7,0.3765,1,0,0
23.74916666666667,86.4213888888889,3.8831,228.0,0.3011,0.5583,4.7,0.4005,1,0,0
23.74916666666667,86.42166666666668,7.7079,228.0,0.163,0.5212,4.7,0.4251,1,0,0
23.74916666666667,86.42194444444445,9.3413,228.0,0.1276,0.5076,4.7,0.4502,1,0,0
23.74916666666667,86.42222222222223,6.6301,228.0,0.1992,0.5228,4.7,0.4756,1,0,0
23.74916666666667,86.42250000000001,8.5062,228.0,0.148,0.5108,4.7,0.5013,1,0,0
23.74916666666667,86.42277777777778,8.8019,228.0,0.1381,0.5071,4.7,0.5272,1,0,0
23.74916666666667,86.42305555555556,9.473,228.0,0.12,0.501,4.7,0.5534,1,0,0
23.74916666666667,86.42333333333335,6.949,228.0,0.1825,0.5241,4.7,0.5798,1,0,0
23.74916666666667,86.42361111111111,6.6909,228.0,0.1966,0.5263,4.7,0.6064,1,0,0
23.74916666666667,86.4238888888889,7.5214,228.0,0.1885,0.5241,4.7,0.6331,1,0,0
23.74888888888889,86.41583333333334,1.7825,228.0,0.3959,0.5826,4.7,0.3218,1,0,0
23.74888888888889,86.41611111111112,1.441,228.0,0.4353,0.5838,4.7,0.3031,1,0,0
23.74888888888889,86.4163888888889,1.3894,228.0,0.4434,0.5783,4.7,0.286,1,0,0
23.74888888888889,86.41666666666667,3.4103,228.0,0.2672,0.5634,4.7,0.2708,1,0,0
23.74888888888889,86.41694444444445,4.4459,228.0,0.2188,0.5576,4.7,0.2578,1,0,0
23.74888888888889,86.41722222222224,2.7312,228.0,0.3222,0.5685,4.7,0.2473,1,0,0
23.74888888888889,86.4175,1.1851,228.0,0.4968,0.5838,4.7,0.2398,1,0,0
23.74888888888889,86.41777777777779,1.3836,228.0,0.4767,0.5842,4.7,0.2354,1,0,0
23.74888888888889,86.41805555555557,2.7394,228.0,0.3548,0.5703,4.7,0.2344,1,0,0
23.74888888888889,86.41833333333334,4.1051,228.0,0.2911,0.5581,4.7,0.2368,1,0,0
23.74888888888889,86.41861111111112,4.1278,228.0,0.3076,0.5514,4.7,0.2425,1,0,0
23.74888888888889,86.4188888888889,6.0826,228.0,0.2449,0.5312,4.7,0.2512,1,0,0
23.74888888888889,86.41916666666667,8.3071,228.0,0.193,0.5105,4.7,0.2627,1,0,0
23.74888888888889,86.41944444444445,8.0876,228.0,0.2048,0.5109,4.7,0.2766,1,0,0
23.74888888888889,86.41972222222223,7.7001,228.0,0.2165,0.5196,4.7,0.2927,1,0,0
23.74888888888889,86.42000000000002,7.1437,228.0,0.2284,0.518,4.7,0.3104,1,0,0
23.74888888888889,86.42027777777778,10.4912,228.0,0.141,0.4958,4.7,0.3297,1,0,0
23.74888888888889,86.42055555555557,6.4613,228.0,0.2239,0.5312,4.7,0.3501,1,0,0
23.74888888888889,86.42083333333335,2.9546,228.0,0.3632,0.5658,4.7,0.3716,1,0,0
23.74888888888889,86.42111111111112,4.4296,228.0,0.2688,0.5562,4.7,0.394,1,0,0
23.74888888888889,86.4213888888889,4.8277,228.0,0.2472,0.5514,4.7,0.417,1,0,0
23.74888888888889,86.42166666666668,6.6487,228.0,0.1858,0.5309,4.7,0.4407,1,0,0
23.74888888888889,86.42194444444445,8.1445,228.0,0.15,0.5129,4.7,0.4649,1,0,0
23.74888888888889,86.42222222222223,8.0568,228.0,0.1555,0.5151,4.7,0.4896,1,0,0
23.74888888888889,86.42250000000001,8.0785,228.0,0.1553,0.5136,4.7,0.5146,1,0,0
23.74888888888889,86.42277777777778,7.5963,228.0,0.1662,0.513,4.7,0.5399,1,0,0
23.74888888888889,86.42305555555556,9.5415,228.0,0.1188,0.5009,4.7,0.5655,1,0,0
23.74888888888889,86.42333333333335,7.4343,228.0,0.1718,0.5241,4.7,0.5913,1,0,0
23.74888888888889,86.42361111111111,6.4577,228.0,0.2094,0.5309,4.7,0.6174,1,0,0
23.74888888888889,86.4238888888889,5.9054,228.0,0.2446,0.537,4.7,0.6437,1,0,0
23.748611111111117,86.4163888888889,3.1018,228.0,0.286,0.5689,4.7,0.3118,1,0,0
23.748611111111117,86.41666666666667,3.4103,228.0,0.2654,0.564,4.7,0.2979,1,0,0
23.748611111111117,86.41694444444445,2.2216,228.0,0.3503,0.571,4.7,0.2861,1,0,0
23.748611111111117,86.41722222222224,0.6853,228.0,0.5855,0.5838,4.7,0.2767,1,0,0
23.748611111111117,86.4175,0.7393,228.0,0.5727,0.5883,4.7,0.27,1,0,0
23.748611111111117,86.41777777777779,0.3427,228.0,0.7324,0.5883,4.7,0.2661,1,0,0
23.748611111111117,86.41805555555557,1.2836,228.0,0.479,0.5793,4.7,0.2652,1,0,0
23.748611111111117,86.41833333333334,2.2216,228.0,0.3839,0.5732,4.7,0.2673,1,0,0
23.748611111111117,86.41861111111112,1.4783,228.0,0.4816,0.5807,4.7,0.2724,1,0,0
23.748611111111117,86.4188888888889,4.1137,228.0,0.2915,0.5517,4.7,0.2802,1,0,0
23.748611111111117,86.41916666666667,5.9977,228.0,0.2265,0.541,4.7,0.2905,1,0,0
23.748611111111117,86.41944444444445,3.2615,228.0,0.3548,0.5618,4.7,0.3032,1,0,0
23.748611111111117,86.41972222222223,3.8149,228.0,0.3254,0.5591,4.7,0.3179,1,0,0
23.748611111111117,86.42000000000002,3.4103,228.0,0.3462,0.5527,4.7,0.3343,1,0,0
23.748611111111117,86.42027777777778,8.3548,228.0,0.1595,0.5166,4.7,0.3523,1,0,0
23.748611111111117,86.42055555555557,5.7937,228.0,0.2222,0.5406,4.7,0.3715,1,0,0
23.748611111111117,86.42083333333335,0.4632,228.0,0.7148,0.5807,4.7,0.3918,1,0,0
23.748611111111117,86.42111111111112,2.8803,228.0,0.3406,0.571,4.7,0.4131,1,0,0
23.748611111111117,86.4213888888889,4.3158,228.0,0.2582,0.5568,4.7,0.4351,1,0,0
23.748611111111117,86.42166666666668,4.7864,228.0,0.242,0.5466,4.7,0.4579,1,0,0
23.748611111111117,86.42194444444445,5.5836,228.0,0.2171,0.5402,4.7,0.4812,1,0,0
23.748611111111117,86.42222222222223,4.5685,228.0,0.2614,0.5423,4.7,0.505,1,0,0
23.748611111111117,86.42250000000001,1.1851,228.0,0.5324,0.5513,4.7,0.5293,1,0,0
23.748611111111117,86.42277777777778,4.6294,228.0,0.2593,0.5457,4.7,0.554,1,0,0
23.748611111111117,86.42305555555556,5.5581,228.0,0.2236,0.539,4.7,0.579,1,0,0
23.748611111111117,86.42333333333335,3.4227,228.0,0.327,0.5618,4.7,0.6042,1,0,0
23.748611111111117,86.42361111111111,2.8226,228.0,0.379,0.5664,4.7,0.6298,1,0,0
23.74833333333334,86.41722222222224,2.0988,228.0,0.3572,0.5765,4.7,0.3064,1,0,0
23.74833333333334,86.4175,2.5585,228.0,0.3153,0.5732,4.7,0.3003,1,0,0
23.74833333333334,86.41777777777779,2.5585,228.0,0.3166,0.5732,4.7,0.2969,1,0,0
23.74833333333334,86.41805555555557,1.9198,228.0,0.3797,0.5777,4.7,0.2961,1,0,0
23.74833333333334,86.41833333333334,1.7129,228.0,0.4126,0.5807,4.7,0.2979,1,0,0
23.74833333333334,86.41861111111112,0.7393,228.0,0.5935,0.5889,4.7,0.3025,1,0,0
23.74833333333334,86.4188888888889,4.2917,228.0,0.2544,0.5548,4.7,0.3095,1,0,0
23.74833333333334,86.41916666666667,5.7937,228.0,0.2037,0.5427,4.7,0.3189,1,0,0
23.74833333333334,86.41944444444445,1.441,228.0,0.4881,0.5732,4.7,0.3305,1,0,0
23.74833333333334,86.41972222222223,1.8989,228.0,0.4359,0.5793,4.7,0.344,1,0,0
23.74833333333334,86.42000000000002,1.5842,228.0,0.4728,0.571,4.7,0.3593,1,0,0
23.74833333333334,86.42027777777778,7.0956,228.0,0.1696,0.5306,4.7,0.376,1,0,0
23.74833333333334,86.42055555555557,5.5288,228.0,0.2132,0.5427,4.7,0.3941,1,0,0
23.74833333333334,86.42083333333335,1.789,228.0,0.4304,0.5803,4.7,0.4133,1,0,0
23.74833333333334,86.42111111111112,1.7756,228.0,0.4258,0.5777,4.7,0.4335,1,0,0
23.74833333333334,86.4213888888889,3.0279,228.0,0.319,0.5689,4.7,0.4546,1,0,0
23.74833333333334,86.42166666666668,2.3755,228.0,0.3725,0.5727,4.7,0.4764,1,0,0
23.74833333333334,86.42194444444445,2.566,228.0,0.3632,0.5683,4.7,0.4989,1,0,0
23.74833333333334,86.42222222222223,4.8972,228.0,0.2377,0.5406,4.7,0.5219,1,0,0
23.74833333333334,86.42250000000001,6.1415,228.0,0.1935,0.5375,4.7,0.5454,1,0,0
23.74833333333334,86.42277777777778,5.19,228.0,0.2283,0.542,4.7,0.5694,1,0,0
23.74833333333334,86.42305555555556,2.8803,228.0,0.3511,0.5572,4.7,0.5937,1,0,0
23.74833333333334,86.42333333333335,1.7825,228.0,0.4588,0.5826,4.7,0.6184,1,0,0
23.74833333333334,86.42361111111111,1.1851,228.0,0.559,0.5793,4.7,0.6433,1,0,0
23.74805555555556,86.41777777777779,1.789,228.0,0.3837,0.5793,4.7,0.3276,1,0,0
23.74805555555556,86.41805555555557,1.0551,228.0,0.4904,0.5842,4.7,0.3269,1,0,0
23.74805555555556,86.41833333333334,1.1112,228.0,0.4856,0.5866,4.7,0.3286,1,0,0
23.74805555555556,86.41861111111112,0.7393,228.0,0.5761,0.5889,4.7,0.3327,1,0,0
23.74805555555556,86.4188888888889,4.1137,228.0,0.2427,0.5541,4.7,0.3391,1,0,0
23.74805555555556,86.41916666666667,5.746,228.0,0.1837,0.5431,4.7,0.3477,1,0,0
23.74805555555556,86.41944444444445,3.1624,228.0,0.309,0.564,4.7,0.3584,1,0,0
23.74805555555556,86.41972222222223,1.4783,228.0,0.4652,0.5774,4.7,0.3709,1,0,0
23.74805555555556,86.42000000000002,1.7825,228.0,0.431,0.574,4.7,0.3851,1,0,0
23.74805555555556,86.42027777777778,6.0565,228.0,0.1868,0.54,4.7,0.4007,1,0,0
23.74805555555556,86.42055555555557,5.1218,228.0,0.2174,0.5477,4.7,0.4177,1,0,0
23.74805555555556,86.42083333333335,1.3705,228.0,0.4757,0.5842,4.7,0.4359,1,0,0
23.74805555555556,86.42111111111112,1.3705,228.0,0.4713,0.5842,4.7,0.4551,1,0,0
23.74805555555556,86.4213888888889,2.6882,228.0,0.3367,0.5717,4.7,0.4752,1,0,0
23.74805555555556,86.42166666666668,2.2216,228.0,0.3792,0.5765,4.7,0.4961,1,0,0
23.74805555555556,86.42194444444445,3.4772,228.0,0.2949,0.5646,4.7,0.5177,1,0,0
23.74805555555556,86.42222222222223,7.2711,228.0,0.1502,0.5297,4.7,0.54,1,0,0
23.74805555555556,86.42250000000001,5.2174,228.0,0.2189,0.5434,4.7,0.5627,1,0,0
23.74805555555556,86.42277777777778,0.9264,228.0,0.5685,0.5727,4.7,0.586,1,0,0
23.74805555555556,86.42305555555556,0.6853,228.0,0.6391,0.5826,4.7,0.6097,1,0,0
23.74805555555556,86.42333333333335,1.7176,228.0,0.474,0.5777,4.7,0.6337,1,0,0
23.74805555555556,86.42361111111111,3.7672,228.0,0.3403,0.5535,4.7,0.6581,1,0,0
23.74777777777778,86.41833333333334,1.1112,228.0,0.4812,0.5866,4.7,0.3593,1,0,0
23.74777777777778,86.41861111111112,0.6853,228.0,0.5829,0.5889,4.7,0.363,1,0,0
23.74777777777778,86.4188888888889,2.2836,228.0,0.3492,0.571,4.7,0.3689,1,0,0
23.74777777777778,86.41916666666667,4.1137,228.0,0.2379,0.5581,4.7,0.3769,1,0,0
23.74777777777778,86.41944444444445,3.1293,228.0,0.2981,0.5685,4.7,0.3867,1,0,0
23.74777777777778,86.41972222222223,1.7825,228.0,0.416,0.574,4.7,0.3983,1,0,0
23.74777777777778,86.42000000000002,2.5494,228.0,0.3497,0.574,4.7,0.4116,1,0,0
23.74777777777778,86.42027777777778,5.1218,228.0,0.2134,0.5484,4.7,0.4263,1,0,0
23.74777777777778,86.42055555555557,5.3336,228.0,0.2051,0.5454,4.7,0.4423,1,0,0
23.74777777777778,86.42083333333335,1.7129,228.0,0.4293,0.5777,4.7,0.4595,1,0,0
23.74777777777778,86.42111111111112,1.7756,228.0,0.4189,0.5777,4.7,0.4777,1,0,0
23.74777777777778,86.4213888888889,3.0279,228.0,0.3121,0.5696,4.7,0.4969,1,0,0
23.74777777777778,86.42166666666668,2.3755,228.0,0.3638,0.5751,4.7,0.517,1,0,0
23.74777777777778,86.42194444444445,3.063,228.0,0.3168,0.5676,4.7,0.5377,1,0,0
23.74777777777778,86.42222222222223,6.822,228.0,0.1587,0.5331,4.7,0.5592,1,0,0
23.74777777777778,86.42250000000001,4.4366,228.0,0.248,0.5488,4.7,0.5812,1,0,0
23.74777777777778,86.42277777777778,2.5252,228.0,0.3685,0.5748,4.7,0.6037,1,0,0
23.74777777777778,86.42305555555556,2.5585,228.0,0.383,0.5685,4.7,0.6267,1,0,0
23.74777777777778,86.42333333333335,3.7348,228.0,0.3326,0.5562,4.7,0.6502,1,0,0
23.7475,86.4188888888889,1.7129,228.0,0.4023,0.5814,4.7,0.3989,1,0,0
23.7475,86.41916666666667,2.2836,228.0,0.3493,0.574,4.7,0.4062,1,0,0
23.7475,86.41944444444445,3.063,228.0,0.2954,0.5703,4.7,0.4154,1,0,0
23.7475,86.41972222222223,3.5314,228.0,0.273,0.5666,4.7,0.4262,1,0,0
23.7475,86.42000000000002,2.8614,228.0,0.3221,0.5725,4.7,0.4386,1,0,0
23.7475,86.42027777777778,4.6294,228.0,0.2314,0.5513,4.7,0.4524,1,0,0
23.7475,86.42055555555557,6.1944,228.0,0.1751,0.5385,4.7,0.4676,1,0,0
23.7475,86.42083333333335,3.0706,228.0,0.3147,0.5652,4.7,0.4839,1,0,0
23.7475,86.42111111111112,3.4227,228.0,0.2908,0.5652,4.7,0.5012,1,0,0
23.7475,86.4213888888889,4.2653,228.0,0.2465,0.5568,4.7,0.5196,1,0,0
23.7475,86.42166666666668,3.063,228.0,0.3146,0.5685,4.7,0.5388,1,0,0
23.7475,86.42194444444445,3.063,228.0,0.3166,0.564,4.7,0.5587,1,0,0
23.7475,86.42222222222223,5.2937,228.0,0.2082,0.5457,4.7,0.5794,1,0,0
23.7475,86.42250000000001,3.0071,228.0,0.3253,0.5623,4.7,0.6007,1,0,0
23.7475,86.42277777777778,2.1095,228.0,0.4081,0.5774,4.7,0.6225,1,0,0
23.7475,86.42305555555556,2.5252,228.0,0.3954,0.5696,4.7,0.6448,1,0,0
23.7475,86.42333333333335,5.4738,228.0,0.2707,0.5333,4.7,0.6676,1,0,0
23.747222222222227,86.41972222222223,3.5314,228.0,0.2687,0.5666,4.7,0.4545,1,0,0
23.747222222222227,86.42000000000002,2.8614,228.0,0.3188,0.5725,4.7,0.4661,1,0,0
23.747222222222227,86.42027777777778,4.6294,228.0,0.2301,0.5539,4.7,0.4792,1,0,0
23.747222222222227,86.42055555555557,6.822,228.0,0.1567,0.5341,4.7,0.4935,1,0,0
23.747222222222227,86.42083333333335,3.2878,228.0,0.3041,0.5586,4.7,0.509,1,0,0
23.747222222222227,86.42111111111112,2.7394,228.0,0.3397,0.567,4.7,0.5255,1,0,0
23.747222222222227,86.4213888888889,5.2295,228.0,0.2097,0.55,4.7,0.543,1,0,0
23.747222222222227,86.42166666666668,4.9799,228.0,0.2199,0.5488,4.7,0.5614,1,0,0
23.747222222222227,86.42194444444445,4.6294,228.0,0.2345,0.553,4.7,0.5806,1,0,0
23.747222222222227,86.42222222222223,4.2917,228.0,0.2495,0.5548,4.7,0.6005,1,0,0
23.747222222222227,86.42250000000001,1.7129,228.0,0.4375,0.5717,4.7,0.621,1,0,0
23.747222222222227,86.42277777777778,2.4357,228.0,0.3819,0.5727,4.7,0.6422,1,0,0
23.747222222222227,86.42305555555556,3.432,228.0,0.3408,0.5629,4.7,0.6639,1,0,0
23.747222222222227,86.42333333333335,8.3171,228.0,0.1962,0.5074,4.7,0.686,1,0,0
23.74694444444445,86.42027777777778,4.7618,228.0,0.2217,0.5504,4.7,0.5064,1,0,0
23.74694444444445,86.42055555555557,7.2407,228.0,0.1441,0.5304,4.7,0.5199,1,0,0
23.74694444444445,86.42083333333335,5.2174,228.0,0.213,0.5477,4.7,0.5346,1,0,0
23.74694444444445,86.42111111111112,0.7922,228.0,0.5904,0.5685,4.7,0.5504,1,0,0
23.74694444444445,86.4213888888889,4.1486,228.0,0.2587,0.5554,4.7,0.5672,1,0,0
23.74694444444445,86.42166666666668,6.3173,228.0,0.1734,0.5378,4.7,0.5848,1,0,0
23.74694444444445,86.42194444444445,6.0088,228.0,0.1815,0.5413,4.7,0.6032,1,0,0
23.74694444444445,86.42222222222223,3.9855,228.0,0.2621,0.5598,4.7,0.6224,1,0,0
23.74694444444445,86.42250000000001,2.7772,228.0,0.3381,0.5689,4.7,0.6423,1,0,0
23.74694444444445,86.42277777777778,3.8921,228.0,0.2863,0.5607,4.7,0.6627,1,0,0
23.74694444444445,86.42305555555556,4.4755,228.0,0.2875,0.5548,4.7,0.6838,1,0,0
23.74666666666667,86.42083333333335,5.8368,228.0,0.189,0.5449,4.7,0.5609,1,0,0
23.74666666666667,86.42111111111112,3.4772,228.0,0.2944,0.564,4.7,0.5759,1,0,0
23.74666666666667,86.4213888888889,2.0196,228.0,0.4025,0.571,4.7,0.5919,1,0,0
23.74666666666667,86.42166666666668,6.5541,228.0,0.1643,0.538,4.7,0.6088,1,0,0
23.74666666666667,86.42194444444445,5.8301,228.0,0.1842,0.5431,4.7,0.6266,1,0,0
23.74666666666667,86.42222222222223,2.7898,228.0,0.3287,0.5683,4.7,0.6451,1,0,0
23.74666666666667,86.42250000000001,2.6561,228.0,0.3409,0.5717,4.7,0.6642,1,0,0
23.74666666666667,86.42277777777778,2.7657,228.0,0.3475,0.5703,4.7,0.684,1,0,0
23.74666666666667,86.42305555555556,1.1112,228.0,0.5579,0.5685,4.7,0.7044,1,0,0
23.74638888888889,86.42166666666668,5.2937,228.0,0.2025,0.5464,4.7,0.6335,1,0,0
23.74638888888889,86.42194444444445,5.2243,228.0,0.2002,0.548,4.7,0.6505,1,0,0
23.74638888888889,86.42222222222223,2.3923,228.0,0.3523,0.5725,4.7,0.6684,1,0,0
23.74638888888889,86.42250000000001,1.4783,228.0,0.4496,0.5826,4.7,0.6869,1,0,0
23.74638888888889,86.42277777777778,0.0,228.0,1.0,0.5826,4.7,0.7061,1,0,0
23.74638888888889,86.42305555555556,2.7312,228.0,0.3633,0.5652,4.7,0.7258,1,0,0
