latitude,longitude,model_A_probability,model_A_prediction,risk_class,elevation,slope,aspect,curvature,roughness,twi
23.765000000000004,86.41555555555557,0.006276,0,LOW,227.0,4.445918083190918,227.4773101806641,-0.0022765498142689,2.0061633586883545,10.033957481384276
23.765000000000004,86.41583333333334,0.010003,0,LOW,225.0,9.870806694030762,249.60581970214844,-0.0079679237678647,4.1365580558776855,9.290756225585938
23.764722222222225,86.41472222222224,0.004686,0,LOW,229.0,1.0550845861434937,151.39987182617188,-5.551115123125783e-17,0.6285393834114075,11.217652320861816
23.764722222222225,86.415,0.00456,0,LOW,230.0,0.739273190498352,199.97520446777344,-0.0056913741864264,0.6666666865348816,11.618260383605955
23.764722222222225,86.41527777777779,0.004905,0,LOW,229.0,1.584174633026123,253.00230407714844,-0.0022765498142689,0.8164965510368347,10.92773723602295
23.764722222222225,86.41555555555557,0.005251,0,LOW,228.0,2.3755056858062744,253.00230407714844,-0.0011382749071344,1.154700517654419,10.61087703704834
23.764722222222225,86.41583333333334,0.00906,0,LOW,227.0,8.716785430908203,257.823486328125,-0.0113827483728528,3.8297083377838135,9.38319969177246
23.764722222222225,86.41611111111112,0.013197,0,LOW,219.0,13.10731601715088,254.9051818847656,0.003414824604988,5.291502475738525,9.007365226745604
23.764444444444447,86.41388888888889,0.005414,0,LOW,228.0,2.731192350387573,319.6980285644531,0.0022765498142689,1.257078766822815,10.20600128173828
23.764444444444447,86.41416666666667,0.004992,0,LOW,228.0,1.789013385772705,25.048185348510746,0.0011382749071344,0.7856742143630981,10.631196022033691
23.764444444444447,86.41444444444446,0.004815,0,LOW,229.0,1.3704655170440674,47.4773063659668,-0.0022765498142689,0.6849349141120911,10.902931213378906
23.764444444444447,86.41472222222224,0.004634,0,LOW,229.0,0.9263691902160645,0.0,0.0,0.7856742143630981,11.312174797058104
23.764444444444447,86.415,0.005278,0,LOW,229.0,2.4357128143310547,328.79248046875,-0.0022765498142689,1.165343165397644,10.384273529052734
23.764444444444447,86.41527777777779,0.005319,0,LOW,228.0,2.5252227783203125,336.4342956542969,5.551115123125783e-17,1.154700517654419,10.414575576782228
23.764444444444447,86.41555555555557,0.004959,0,LOW,228.0,1.7128982543945312,312.522705078125,-0.003414824604988,0.9428090453147888,10.889713287353516
23.764444444444447,86.41583333333334,0.007114,0,LOW,226.0,5.902219295501709,258.72528076171875,1.1102230246251563e-16,2.87174391746521,9.734138488769531
23.764444444444447,86.41611111111112,0.011123,0,LOW,222.0,11.109883308410645,246.97552490234372,-0.0022765498142689,4.760952472686768,9.14795207977295
23.76416666666667,86.41277777777779,0.005944,0,LOW,228.0,3.814905166625977,31.927413940429688,5.551115123125783e-17,1.632993221282959,9.807085990905762
23.76416666666667,86.41305555555556,0.005954,0,LOW,229.0,3.835294246673584,15.248879432678224,-0.0011382749071344,1.6996731758117676,9.823352813720703
23.76416666666667,86.41333333333334,0.005811,0,LOW,229.0,3.551293134689331,347.6971130371094,-0.0011382749071344,1.5475987195968628,9.920692443847656
23.76416666666667,86.41361111111112,0.00592,0,LOW,228.0,3.7671732902526855,322.9500732421875,0.0011382749071344,1.6996731758117676,9.876089096069336
23.76416666666667,86.41388888888889,0.005619,0,LOW,227.0,3.162396192550659,331.3998718261719,-1.1102230246251563e-16,1.4740554094314575,10.05902862548828
23.76416666666667,86.41416666666667,0.00552,0,LOW,227.0,2.95463490486145,19.97521209716797,-5.551115123125783e-17,1.3333333730697632,10.129924774169922
23.76416666666667,86.41444444444446,0.005588,0,LOW,228.0,3.0980255603790283,34.757442474365234,-0.0011382749071344,1.342560648918152,10.0862398147583
23.76416666666667,86.41472222222224,0.005248,0,LOW,229.0,2.3692140579223637,347.6971130371094,-0.0056913741864264,1.2272623777389526,10.367003440856934
23.76416666666667,86.415,0.005911,0,LOW,227.0,3.750088930130005,317.7385559082031,0.0022765498142689,1.6178021430969238,9.93532943725586
23.76416666666667,86.41527777777779,0.005675,0,LOW,226.0,3.2781004905700684,351.1457824707031,0.0022765498142689,1.4907119274139404,10.121124267578123
23.76416666666667,86.41555555555557,0.005334,0,LOW,227.0,2.558522939682007,5.661292552947998,-0.0022765498142689,1.3146843910217283,10.441448211669922
23.76416666666667,86.41583333333334,0.005475,0,LOW,227.0,2.8613502979278564,284.0420227050781,-0.0056913741864264,1.7069212198257446,10.408061981201172
23.76416666666667,86.41611111111112,0.007881,0,LOW,225.0,7.094127655029297,253.00230407714844,-0.0079679237678647,3.2317864894866943,9.557458877563477
23.763888888888893,86.41250000000001,0.004739,0,LOW,226.0,1.185113549232483,12.302896499633787,0.0011382749071344,0.6849349141120911,10.940085411071776
23.763888888888893,86.41277777777779,0.005132,0,LOW,226.0,2.1094541549682617,28.60012626647949,0.003414824604988,1.0304020643234253,10.380093574523926
23.763888888888893,86.41305555555556,0.005319,0,LOW,227.0,2.5252227783203125,23.56569480895996,0.0,1.1331154108047483,10.225842475891112
23.763888888888893,86.41333333333334,0.005127,0,LOW,227.0,2.0988173484802246,353.0917053222656,0.0022765498142689,1.054092526435852,10.43758773803711
23.763888888888893,86.41361111111112,0.005418,0,LOW,227.0,2.739364624023437,312.522705078125,-0.0022765498142689,1.2272623777389526,10.192103385925291
23.763888888888893,86.41388888888889,0.005575,0,LOW,225.0,3.0706160068511963,318.90008544921875,0.0045530996285378,1.448711633682251,10.090985298156738
23.763888888888893,86.41416666666667,0.005675,0,LOW,225.0,3.2781004905700684,8.854219436645508,0.0011382749071344,1.498970866203308,10.032082557678224
23.763888888888893,86.41444444444446,0.006202,0,LOW,226.0,4.307967185974121,24.180326461791992,5.551115123125783e-17,1.9116278886795044,9.762242317199709
23.763888888888893,86.41472222222224,0.006008,0,LOW,227.0,3.939285039901733,356.3298645019531,-0.003414824604988,1.7284832000732422,9.859153747558594
23.763888888888893,86.415,0.006272,0,LOW,226.0,4.439479827880859,321.3521728515625,-0.0022765498142689,2.0061633586883545,9.755602836608888
23.763888888888893,86.41527777777779,0.005954,0,LOW,224.0,3.835294246673584,344.7511291503906,0.003414824604988,1.812167406082153,9.93490982055664
23.763888888888893,86.41555555555557,0.006281,0,LOW,225.0,4.456379413604736,9.76911449432373,-0.0022765498142689,1.949992060661316,9.836427688598633
23.763888888888893,86.41583333333334,0.006188,0,LOW,225.0,4.281691074371338,346.3786315917969,-0.0022765498142689,1.8856180906295776,9.942097663879396
23.763888888888893,86.41611111111112,0.005979,0,LOW,224.0,3.883143663406372,302.41094970703125,-0.0022765498142689,2.042752981185913,10.101486206054688
23.763888888888893,86.4163888888889,0.00742,0,LOW,222.0,6.39265775680542,259.6067810058594,-0.0045530996285378,2.935521125793457,9.63620948791504
23.763611111111118,86.41250000000001,0.004279,0,LOW,226.0,0.0,90.0,0.0,0.0,13.395137786865234
23.763611111111118,86.41277777777779,0.004407,0,LOW,226.0,0.3426776528358459,47.4773063659668,0.0,0.3142696917057037,12.178977012634276
23.763611111111118,86.41305555555556,0.004686,0,LOW,226.0,1.0550845861434937,28.60012626647949,0.0022765498142689,0.6285393834114075,11.08169937133789
23.763611111111118,86.41333333333334,0.004929,0,LOW,227.0,1.6403926610946655,351.1457824707031,-0.0045530996285378,0.7856742143630981,10.67046356201172
23.763611111111118,86.41361111111112,0.005418,0,LOW,226.0,2.739364624023437,312.522705078125,0.0,1.257078766822815,10.182790756225586
23.763611111111118,86.41388888888889,0.005603,0,LOW,225.0,3.129276990890503,306.2655639648437,-0.003414824604988,1.3333333730697632,10.066805839538574
23.763611111111118,86.41416666666667,0.005248,0,LOW,223.0,2.3692140579223637,347.6971130371094,0.0056913741864264,1.2472190856933594,10.354691505432127
23.763611111111118,86.41444444444446,0.005732,0,LOW,224.0,3.3923332691192627,17.304662704467773,-0.0011382749071344,1.5234787464141846,9.999046325683594
23.763611111111118,86.41472222222224,0.005775,0,LOW,224.0,3.4790728092193604,4.157864093780518,0.0022765498142689,1.5634719133377075,9.976417541503906
23.763611111111118,86.415,0.005588,0,LOW,224.0,3.0980255603790283,325.2425537109375,-0.0011382749071344,1.4907119274139404,10.099173545837402
23.763611111111118,86.41527777777779,0.005414,0,LOW,222.0,2.731192350387573,319.6980285644531,0.0056913741864264,1.4907119274139404,10.242314338684082
23.763611111111118,86.41555555555557,0.00555,0,LOW,222.0,3.018739700317383,355.20526123046875,0.0022765498142689,1.4740554094314575,10.175741195678713
23.763611111111118,86.41583333333334,0.005775,0,LOW,222.0,3.4790728092193604,355.8421325683594,0.0022765498142689,1.5713484287261963,10.084269523620604
23.763611111111118,86.41611111111112,0.005379,0,LOW,222.0,2.6561105251312256,343.4378967285156,0.0011382749071344,1.3146843910217283,10.4110107421875
23.763611111111118,86.4163888888889,0.006179,0,LOW,222.0,4.265336513519287,288.9779663085937,-0.0045530996285378,2.108185052871704,9.977724075317385
23.763333333333332,86.41250000000001,0.004407,0,LOW,226.0,0.3426776528358459,132.52268981933594,0.0011382749071344,0.4714045226573944,12.158369064331056
23.763333333333332,86.41277777777779,0.004469,0,LOW,226.0,0.5051064491271973,270.0,0.0,0.4714045226573944,11.78321361541748
23.763333333333332,86.41305555555556,0.004821,0,LOW,226.0,1.3836336135864258,326.8046875,-0.0022765498142689,0.8164966106414795,10.800000190734863
23.763333333333332,86.41333333333334,0.005319,0,LOW,225.0,2.5252227783203125,336.4342956542969,0.0022765498142689,1.1331154108047483,10.226099967956545
23.763333333333332,86.41361111111112,0.005751,0,LOW,225.0,3.432037830352783,323.9843139648437,-0.003414824604988,1.498970866203308,9.943347930908203
23.763333333333332,86.41388888888889,0.00574,0,LOW,223.0,3.41029953956604,318.2613220214844,0.003414824604988,1.498970866203308,9.966927528381348
23.763333333333332,86.41416666666667,0.005466,0,LOW,223.0,2.841192483901977,333.63446044921875,-0.003414824604988,1.4229165315628052,10.158945083618164
23.763333333333332,86.41444444444446,0.005457,0,LOW,222.0,2.822591543197632,10.30052089691162,0.0022765498142689,1.257078766822815,10.168207168579102
23.763333333333332,86.41472222222224,0.005258,0,LOW,223.0,2.392256498336792,39.27735900878906,-0.0011382749071344,1.2862040996551514,10.33330535888672
23.763333333333332,86.415,0.004539,0,LOW,223.0,0.6853308081626892,312.522705078125,0.0022765498142689,0.8164966106414795,11.584200859069824
23.763333333333332,86.41527777777779,0.005209,0,LOW,223.0,2.283597707748413,275.818115234375,-0.0045530996285378,1.0657403469085691,10.386860847473145
23.763333333333332,86.41555555555557,0.004845,0,LOW,221.0,1.4410357475280762,298.8211669921875,0.003414824604988,0.6666666865348816,10.867921829223633
23.763333333333332,86.41583333333334,0.004739,0,LOW,221.0,1.185113549232483,347.6971130371094,0.0011382749071344,0.6285393834114075,11.10134983062744
23.763333333333332,86.41611111111112,0.005049,0,LOW,221.0,1.919797658920288,344.7511291503906,5.551115123125783e-17,0.9428090453147888,10.6671781539917
23.763333333333332,86.4163888888889,0.006335,0,LOW,221.0,4.555778503417969,303.9212646484375,-0.0056913741864264,2.0,9.841974258422852
23.763333333333332,86.41666666666667,0.00777,0,LOW,217.0,6.929070949554443,289.42852783203125,0.0022765498142689,2.793290138244629,9.433382987976074
23.76305555555556,86.41250000000001,0.004675,0,LOW,227.0,1.0279349088668823,47.4773063659668,-0.0068296492099761,0.6285393834114075,11.06824016571045
23.76305555555556,86.41277777777779,0.004845,0,LOW,226.0,1.4410357475280762,298.8211669921875,0.0,0.8164966106414795,10.739914894104004
23.76305555555556,86.41305555555556,0.005285,0,LOW,225.0,2.450753927230835,304.5199890136719,1.1102230246251563e-16,1.054092526435852,10.22668170928955
23.76305555555556,86.41333333333334,0.005258,0,LOW,224.0,2.392256498336792,320.72265625,-1.1102230246251563e-16,1.0304020643234253,10.271688461303713
23.76305555555556,86.41361111111112,0.005261,0,LOW,223.0,2.397372007369995,312.522705078125,0.0022765498142689,1.054092526435852,10.28822898864746
23.76305555555556,86.41388888888889,0.005442,0,LOW,222.0,2.789794921875,305.49908447265625,0.0011382749071344,1.342560648918152,10.150044441223145
23.76305555555556,86.41416666666667,0.005414,0,LOW,221.0,2.731192350387573,319.6980285644531,0.0011382749071344,1.165343165397644,10.178560256958008
23.76305555555556,86.41444444444446,0.00518,0,LOW,220.0,2.2168357372283936,19.97521209716797,0.0056913741864264,1.154700517654419,10.389023780822754
23.76305555555556,86.41472222222224,0.005644,0,LOW,222.0,3.2132604122161865,59.73286056518555,-5.551115123125783e-17,1.2862040996551514,10.015460968017578
23.76305555555556,86.415,0.004929,0,LOW,224.0,1.6403926610946655,351.1457824707031,-0.0079679237678647,1.1331154108047483,10.686607360839844
23.76305555555556,86.41527777777779,0.005603,0,LOW,222.0,3.129276990890503,306.2655639648437,-5.551115123125783e-17,1.3146843910217283,10.042282104492188
23.76305555555556,86.41555555555557,0.004961,0,LOW,221.0,1.717559576034546,323.9843139648437,5.551115123125783e-17,0.9428090453147888,10.655685424804688
23.76305555555556,86.41583333333334,0.004686,0,LOW,221.0,1.0550845861434937,331.3998718261719,-0.0022765498142689,0.4969039857387543,11.171281814575195
23.76305555555556,86.41611111111112,0.005108,0,LOW,220.0,2.055208444595337,312.522705078125,0.0011382749071344,0.9938079714775084,10.543458938598633
23.76305555555556,86.4163888888889,0.006099,0,LOW,219.0,4.113659858703613,293.1690673828125,-0.0011382749071344,1.7497795820236206,9.883082389831545
23.76305555555556,86.41666666666667,0.006616,0,LOW,216.0,5.059201240539551,275.2397155761719,0.003414824604988,2.199887752532959,9.687655448913574
23.76277777777778,86.41250000000001,0.00518,0,LOW,225.0,2.2168357372283936,19.97521209716797,0.0022765498142689,0.9938079714775084,10.312926292419434
23.76277777777778,86.41277777777779,0.005278,0,LOW,226.0,2.4357128143310547,328.79248046875,-0.0056913741864264,1.196703314781189,10.225459098815918
23.76277777777778,86.41305555555556,0.005603,0,LOW,224.0,3.129276990890503,306.2655639648437,0.0011382749071344,1.2862040996551514,9.98543643951416
23.76277777777778,86.41333333333334,0.004961,0,LOW,223.0,1.717559576034546,323.9843139648437,0.0011382749071344,0.8164966106414795,10.597956657409668
23.76277777777778,86.41361111111112,0.004581,0,LOW,223.0,0.7922387719154358,286.9976806640625,-0.0011382749071344,0.6285393834114075,11.383257865905762
23.76277777777778,86.41388888888889,0.005338,0,LOW,222.0,2.566009759902954,259.6067810058594,0.0,1.054092526435852,10.21663761138916
23.76277777777778,86.41416666666667,0.005209,0,LOW,220.0,2.283597707748413,264.181884765625,0.0045530996285378,1.054092526435852,10.33888053894043
23.76277777777778,86.41444444444446,0.004539,0,LOW,220.0,0.6853308081626892,47.4773063659668,0.0011382749071344,0.6849349141120911,11.544262886047363
23.76277777777778,86.41472222222224,0.005418,0,LOW,221.0,2.739364624023437,47.4773063659668,5.551115123125783e-17,1.3333333730697632,10.156579971313477
23.76277777777778,86.415,0.00559,0,LOW,222.0,3.1017966270446777,345.8753356933594,-0.003414824604988,1.448711633682251,10.030631065368652
23.76277777777778,86.41527777777779,0.005751,0,LOW,220.0,3.432037830352783,323.9843139648437,0.003414824604988,1.5475987195968628,9.93106460571289
23.76277777777778,86.41555555555557,0.005019,0,LOW,220.0,1.8522542715072632,0.0,-1.1102230246251563e-16,0.916245698928833,10.558548927307127
23.76277777777778,86.41583333333334,0.004739,0,LOW,220.0,1.185113549232483,347.6971130371094,0.0011382749071344,0.6666666865348816,11.026983261108398
23.76277777777778,86.41611111111112,0.005182,0,LOW,220.0,2.2216413021087646,294.63287353515625,-0.003414824604988,0.9558139443397522,10.42848300933838
23.76277777777778,86.4163888888889,0.005571,0,LOW,218.0,3.0629920959472656,278.6900329589844,0.0022765498142689,1.3146843910217283,10.13341999053955
23.76277777777778,86.41666666666667,0.005816,0,LOW,217.0,3.5614569187164307,262.5362548828125,-0.0022765498142689,1.5713484287261963,9.990361213684082
23.76277777777778,86.41694444444445,0.005712,0,LOW,215.0,3.352165460586548,258.05084228515625,-5.551115123125783e-17,1.448711633682251,10.034339904785156
23.762500000000003,86.41250000000001,0.005224,0,LOW,224.0,2.31486439704895,0.0,-1.1102230246251563e-16,1.154700517654419,10.280592918395996
23.762500000000003,86.41277777777779,0.005667,0,LOW,224.0,3.2615230083465576,337.2467956542969,-0.0011382749071344,1.4229165315628052,9.94273281097412
23.762500000000003,86.41305555555556,0.005751,0,LOW,223.0,3.432037830352783,323.9843139648437,-0.0011382749071344,1.5234787464141846,9.897403717041016
23.762500000000003,86.41333333333334,0.004929,0,LOW,222.0,1.6403926610946655,8.854219436645508,0.0022765498142689,0.9558139443397522,10.641830444335938
23.762500000000003,86.41361111111112,0.004668,0,LOW,223.0,1.0101343393325806,90.0,-0.0011382749071344,0.8164966106414795,11.13254451751709
23.762500000000003,86.41388888888889,0.005261,0,LOW,223.0,2.397372007369995,227.4773101806641,-0.0022765498142689,1.165343165397644,10.273755073547363
23.762500000000003,86.41416666666667,0.005747,0,LOW,221.0,3.4227399826049805,227.4773101806641,0.0022765498142689,1.4142135381698608,9.921468734741213
23.762500000000003,86.41444444444446,0.004992,0,LOW,220.0,1.789013385772705,205.04818725585935,0.003414824604988,0.9938079714775084,10.572528839111328
23.762500000000003,86.41472222222224,0.004407,0,LOW,220.0,0.3426776528358459,312.522705078125,0.0022765498142689,0.9558139443397522,12.224757194519045
23.762500000000003,86.415,0.005107,0,LOW,220.0,2.0541701316833496,322.08544921875,-1.1102230246251563e-16,0.9938079714775084,10.433015823364258
23.762500000000003,86.41527777777779,0.005107,0,LOW,219.0,2.0541701316833496,322.08544921875,0.0022765498142689,1.0657403469085691,10.435688018798828
23.762500000000003,86.41555555555557,0.004929,0,LOW,219.0,1.6403926610946655,8.854219436645508,0.0011382749071344,0.7856742143630981,10.669917106628418
23.762500000000003,86.41583333333334,0.005127,0,LOW,220.0,2.0988173484802246,353.0917053222656,-0.0045530996285378,1.054092526435852,10.440826416015623
23.762500000000003,86.41611111111112,0.005414,0,LOW,219.0,2.731192350387573,319.6980285644531,-0.0011382749071344,1.165343165397644,10.199884414672852
23.762500000000003,86.4163888888889,0.005285,0,LOW,218.0,2.450753927230835,304.5199890136719,-0.0011382749071344,1.154700517654419,10.326908111572266
23.762500000000003,86.41666666666667,0.005475,0,LOW,217.0,2.8613502979278564,284.0420227050781,-0.0022765498142689,1.165343165397644,10.175427436828612
23.762500000000003,86.41694444444445,0.005816,0,LOW,215.0,3.5614569187164307,277.4637451171875,-2.775557561562892e-17,1.4142135381698608,9.941043853759766
23.762222222222228,86.41250000000001,0.004821,0,LOW,223.0,1.3836336135864258,326.8046875,5.551115123125783e-17,0.7370277047157288,10.806382179260254
23.762222222222228,86.41277777777779,0.005261,0,LOW,222.0,2.397372007369995,312.522705078125,0.0022765498142689,1.0657403469085691,10.262252807617188
23.762222222222228,86.41305555555556,0.004961,0,LOW,221.0,1.717559576034546,323.9843139648437,0.003414824604988,0.9428090453147888,10.599332809448242
23.762222222222228,86.41333333333334,0.004905,0,LOW,221.0,1.584174633026123,73.00230407714844,0.0045530996285378,0.8748897910118103,10.681979179382324
23.762222222222228,86.41361111111112,0.005209,0,LOW,223.0,2.283597707748413,95.81810760498048,-0.0011382749071344,0.916245698928833,10.318381309509276
23.762222222222228,86.41388888888889,0.004686,0,LOW,224.0,1.0550845861434937,208.60012817382807,-0.003414824604988,0.8164965510368347,11.09434413909912
23.762222222222228,86.41416666666667,0.005442,0,LOW,223.0,2.789794921875,234.50091552734372,-0.0022765498142689,1.257078766822815,10.124045372009276
23.762222222222228,86.41444444444446,0.005285,0,LOW,222.0,2.450753927230835,235.47999572753903,-0.0022765498142689,1.154700517654419,10.254228591918944
23.762222222222228,86.41472222222224,0.005209,0,LOW,221.0,2.283597707748413,264.181884765625,-0.003414824604988,1.054092526435852,10.32351303100586
23.762222222222228,86.415,0.00504,0,LOW,219.0,1.898866057395935,291.45611572265625,0.003414824604988,0.8314794301986694,10.507085800170898
23.762222222222228,86.41527777777779,0.004959,0,LOW,219.0,1.7128982543945312,312.522705078125,-0.0022765498142689,0.8164965510368347,10.612371444702148
23.762222222222228,86.41555555555557,0.00518,0,LOW,218.0,2.2168357372283936,340.0247802734375,0.0011382749071344,1.1331154108047483,10.362199783325195
23.762222222222228,86.41583333333334,0.005732,0,LOW,218.0,3.3923332691192627,342.6953430175781,-0.0011382749071344,1.4907119274139404,9.950390815734863
23.762222222222228,86.41611111111112,0.005881,0,LOW,217.0,3.6914548873901367,340.0247802734375,0.0011382749071344,1.6178021430969238,9.88297176361084
23.762222222222228,86.4163888888889,0.00552,0,LOW,217.0,2.95463490486145,340.0247802734375,-0.0022765498142689,1.342560648918152,10.119123458862305
23.762222222222228,86.41666666666667,0.005418,0,LOW,216.0,2.739364624023437,312.522705078125,0.0,1.2272623777389526,10.196301460266112
23.762222222222228,86.41694444444445,0.005774,0,LOW,215.0,3.477249383926392,289.42852783203125,-0.0022765498142689,1.498970866203308,9.945792198181152
23.762222222222228,86.41722222222224,0.005475,0,LOW,213.0,2.8613502979278564,284.0420227050781,0.0,1.196703314781189,10.125250816345217
23.76194444444445,86.41250000000001,0.004779,0,LOW,223.0,1.2836486101150513,259.6067810058594,-0.0011382749071344,0.6285393834114075,10.901713371276855
23.76194444444445,86.41277777777779,0.005092,0,LOW,222.0,2.019641160964966,270.0,0.0,0.8164966106414795,10.455303192138672
23.76194444444445,86.41305555555556,0.004407,0,LOW,221.0,0.3426776528358459,227.4773101806641,0.0022765498142689,0.4969039857387543,12.231700897216797
23.76194444444445,86.41333333333334,0.004989,0,LOW,222.0,1.7824501991271973,97.46372985839844,-0.0011382749071344,0.7856742143630981,10.58184051513672
23.76194444444445,86.41361111111112,0.00504,0,LOW,223.0,1.898866057395935,68.54389190673828,-0.0011382749071344,0.9558139443397522,10.51780128479004
23.76194444444445,86.41388888888889,0.004823,0,LOW,224.0,1.3894023895263672,0.0,-0.0045530996285378,0.7370277047157288,10.830008506774902
23.76194444444445,86.41416666666667,0.005133,0,LOW,223.0,2.112485885620117,303.2265319824219,-0.0011382749071344,0.9558139443397522,10.409574508666992
23.76194444444445,86.41444444444446,0.005394,0,LOW,222.0,2.688184261322021,290.1442565917969,-0.0022765498142689,1.0657403469085691,10.16517162322998
23.76194444444445,86.41472222222224,0.005475,0,LOW,220.0,2.8613502979278564,284.0420227050781,0.0022765498142689,1.154700517654419,10.097929954528809
23.76194444444445,86.415,0.005115,0,LOW,219.0,2.07199501991272,282.9127502441406,2.775557561562892e-17,0.916245698928833,10.416747093200684
23.76194444444445,86.41527777777779,0.00504,0,LOW,218.0,1.898866057395935,291.45611572265625,0.0011382749071344,0.7856742143630981,10.503006935119627
23.76194444444445,86.41555555555557,0.005285,0,LOW,217.0,2.450753927230835,304.5199890136719,0.0011382749071344,1.154700517654419,10.252509117126465
23.76194444444445,86.41583333333334,0.005414,0,LOW,216.0,2.731192350387573,319.6980285644531,0.0011382749071344,1.165343165397644,10.155352592468262
23.76194444444445,86.41611111111112,0.005319,0,LOW,215.0,2.5252227783203125,336.4342956542969,0.003414824604988,1.2272623777389526,10.248510360717772
23.76194444444445,86.4163888888889,0.00552,0,LOW,215.0,2.95463490486145,340.0247802734375,0.0011382749071344,1.448711633682251,10.103028297424316
23.76194444444445,86.41666666666667,0.005667,0,LOW,215.0,3.2615230083465576,337.2467956542969,-0.003414824604988,1.4229165315628052,10.00747013092041
23.76194444444445,86.41694444444445,0.00558,0,LOW,214.0,3.081161975860596,312.522705078125,-0.0011382749071344,1.4229165315628052,10.059598922729492
23.76194444444445,86.41722222222224,0.005182,0,LOW,212.0,2.2216413021087646,294.63287353515625,0.003414824604988,1.0304020643234253,10.382024765014648
23.76166666666667,86.41250000000001,0.005251,0,LOW,223.0,2.3755056858062744,286.9976806640625,-0.0011382749071344,1.165343165397644,10.319558143615724
23.76166666666667,86.41277777777779,0.005285,0,LOW,222.0,2.450753927230835,304.5199890136719,-0.0022765498142689,1.0657403469085691,10.29608917236328
23.76166666666667,86.41305555555556,0.004823,0,LOW,221.0,1.3894023895263672,0.0,0.0011382749071344,0.8748897910118103,10.864259719848633
23.76166666666667,86.41333333333334,0.005132,0,LOW,222.0,2.1094541549682617,28.60012626647949,-0.003414824604988,1.0304020643234253,10.442537307739258
23.76166666666667,86.41361111111112,0.005379,0,LOW,222.0,2.6561105251312256,16.562110900878906,-0.0011382749071344,1.2272623777389526,10.2066011428833
23.76166666666667,86.41388888888889,0.005334,0,LOW,222.0,2.558522939682007,5.661292552947998,0.0011382749071344,1.154700517654419,10.237969398498535
23.76166666666667,86.41416666666667,0.005132,0,LOW,222.0,2.1094541549682617,331.3998718261719,-0.0011382749071344,0.9938079714775084,10.42356014251709
23.76166666666667,86.41444444444446,0.005182,0,LOW,221.0,2.2216413021087646,294.63287353515625,0.0011382749071344,0.9938079714775084,10.362308502197266
23.76166666666667,86.41472222222224,0.005209,0,LOW,220.0,2.283597707748413,275.818115234375,-1.1102230246251563e-16,0.9938079714775084,10.32418155670166
23.76166666666667,86.415,0.005092,0,LOW,219.0,2.019641160964966,270.0,2.775557561562892e-17,0.8164966106414795,10.437063217163086
23.76166666666667,86.41527777777779,0.005209,0,LOW,218.0,2.283597707748413,275.818115234375,-2.775557561562892e-17,0.9938079714775084,10.30769157409668
23.76166666666667,86.41555555555557,0.005338,0,LOW,217.0,2.566009759902954,280.3932189941406,-0.0022765498142689,1.0304020643234253,10.19166088104248
23.76166666666667,86.41583333333334,0.004876,0,LOW,215.0,1.515005350112915,270.0,0.0045530996285378,0.7370277047157288,10.7284574508667
23.76166666666667,86.41611111111112,0.004779,0,LOW,215.0,1.2836486101150513,259.6067810058594,-2.775557561562892e-17,0.7370277047157288,10.910079956054688
23.76166666666667,86.4163888888889,0.005251,0,LOW,214.0,2.3755056858062744,286.9976806640625,5.551115123125783e-17,1.154700517654419,10.310663223266602
23.76166666666667,86.41666666666667,0.004961,0,LOW,212.0,1.717559576034546,323.9843139648437,0.0079679237678647,0.9428090453147888,10.646672248840332
23.76166666666667,86.41694444444445,0.004675,0,LOW,213.0,1.0279349088668823,312.522705078125,-0.0011382749071344,0.9428090453147888,11.165675163269045
23.76166666666667,86.41722222222224,0.004709,0,LOW,212.0,1.1112383604049685,245.36712646484372,0.0022765498142689,0.6666666865348816,11.09333610534668
23.76166666666667,86.4175,0.004539,0,LOW,212.0,0.6853308081626892,132.52268981933594,0.0022765498142689,0.4969039857387543,11.591670989990234
23.76166666666667,86.41777777777779,0.004739,0,LOW,213.0,1.185113549232483,347.6971130371094,-0.003414824604988,1.054092526435852,11.07117748260498
23.76138888888889,86.41250000000001,0.006299,0,LOW,222.0,4.488232612609863,308.1691589355469,-0.0011382749071344,1.8856180906295776,9.719843864440918
23.76138888888889,86.41277777777779,0.005944,0,LOW,220.0,3.814905166625977,328.0726013183594,0.0022765498142689,1.6405359506607056,9.89064121246338
23.76138888888889,86.41305555555556,0.005656,0,LOW,220.0,3.239119529724121,0.0,-0.0011382749071344,1.5234787464141846,10.051928520202637
23.76138888888889,86.41333333333334,0.005775,0,LOW,220.0,3.4790728092193604,4.157864093780518,-8.326672684688674e-17,1.5234787464141846,9.971830368041992
23.76138888888889,86.41361111111112,0.005811,0,LOW,220.0,3.551293134689331,12.302896499633787,0.0011382749071344,1.5475987195968628,9.940399169921877
23.76138888888889,86.41388888888889,0.005466,0,LOW,221.0,2.841192483901977,26.36554718017578,-0.0022765498142689,1.3333333730697632,10.151226997375488
23.76138888888889,86.41416666666667,0.004823,0,LOW,221.0,1.3894023895263672,0.0,0.0011382749071344,0.8748897910118103,10.85231876373291
23.76138888888889,86.41444444444446,0.004986,0,LOW,221.0,1.7755566835403442,301.44049072265625,-0.0022765498142689,0.8314794301986694,10.59034824371338
23.76138888888889,86.41472222222224,0.005182,0,LOW,220.0,2.2216413021087646,294.63287353515625,-0.0011382749071344,0.9428090453147888,10.348688125610352
23.76138888888889,86.415,0.005182,0,LOW,219.0,2.2216413021087646,294.63287353515625,-0.0011382749071344,0.9428090453147888,10.33245086669922
23.76138888888889,86.41527777777779,0.005251,0,LOW,218.0,2.3755056858062744,286.9976806640625,-0.0022765498142689,0.9428090453147888,10.253790855407717
23.76138888888889,86.41555555555557,0.004989,0,LOW,216.0,1.7824501991271973,262.5362548828125,0.0045530996285378,0.916245698928833,10.538823127746582
23.76138888888889,86.41583333333334,0.00486,0,LOW,216.0,1.4783002138137815,199.97520446777344,2.775557561562892e-17,0.7856742143630981,10.735921859741213
23.76138888888889,86.41611111111112,0.005258,0,LOW,216.0,2.392256498336792,219.27735900878903,-0.0022765498142689,1.0657403469085691,10.275472640991213
23.76138888888889,86.4163888888889,0.00577,0,LOW,214.0,3.4689884185791016,233.1183013916016,0.003414824604988,1.4907119274139404,9.93000316619873
23.76138888888889,86.41666666666667,0.005258,0,LOW,213.0,2.392256498336792,219.27735900878903,0.0022765498142689,1.154700517654419,10.326781272888184
23.76138888888889,86.41694444444445,0.004675,0,LOW,213.0,1.0279349088668823,227.4773101806641,0.0,0.8748897910118103,11.189483642578123
23.76138888888889,86.41722222222224,0.004709,0,LOW,213.0,1.1112383604049685,294.63287353515625,-0.0022765498142689,0.9428090453147888,11.124359130859377
23.76138888888889,86.4175,0.005132,0,LOW,213.0,2.1094541549682617,331.3998718261719,-0.0056913741864264,1.3146843910217283,10.4981689453125
23.76138888888889,86.41777777777779,0.006115,0,LOW,212.0,4.144464492797852,326.8046875,-0.003414824604988,1.9116278886795044,9.842364311218262
23.76138888888889,86.41805555555557,0.007261,0,LOW,210.0,6.141522407531738,322.08544921875,-0.0011382749071344,2.7125678062438965,9.467608451843262
23.76138888888889,86.41833333333334,0.007422,0,LOW,208.0,6.395598888397217,334.3685913085937,-2.775557561562892e-17,2.7261877059936523,9.436871528625488
23.76138888888889,86.41861111111112,0.006755,0,LOW,207.0,5.300853729248047,343.4378967285156,5.551115123125783e-17,2.357022523880005,9.62124729156494
23.76111111111112,86.41250000000001,0.006852,0,LOW,220.0,5.4662628173828125,312.522705078125,-5.551115123125783e-17,2.309401035308838,9.549424171447754
23.76111111111112,86.41277777777779,0.006151,0,LOW,218.0,4.213204860687256,331.3998718261719,0.0022765498142689,1.8856180906295776,9.818414688110352
23.76111111111112,86.41305555555556,0.005886,0,LOW,218.0,3.7006449699401855,0.0,0.0,1.632993221282959,9.94268035888672
23.76111111111112,86.41333333333334,0.005886,0,LOW,218.0,3.7006449699401855,0.0,0.0,1.632993221282959,9.92953395843506
23.76111111111112,86.41361111111112,0.005954,0,LOW,218.0,3.835294246673584,15.248879432678224,0.0011382749071344,1.6996731758117676,9.877442359924316
23.76111111111112,86.41388888888889,0.006115,0,LOW,219.0,4.144464492797852,33.19530487060547,0.0011382749071344,1.7638342380523682,9.781094551086426
23.76111111111112,86.41416666666667,0.00559,0,LOW,221.0,3.1017966270446777,14.12466049194336,-0.0068296492099761,1.498970866203308,10.050816535949709
23.76111111111112,86.41444444444446,0.005619,0,LOW,220.0,3.162396192550659,331.3998718261719,-0.0011382749071344,1.4229165315628052,10.009307861328123
23.76111111111112,86.41472222222224,0.005588,0,LOW,219.0,3.0980255603790283,325.2425537109375,-0.0011382749071344,1.3146843910217283,10.008038520812988
23.76111111111112,86.415,0.005258,0,LOW,218.0,2.392256498336792,320.72265625,0.0,1.054092526435852,10.247509956359863
23.76111111111112,86.41527777777779,0.004845,0,LOW,217.0,1.4410357475280762,298.8211669921875,0.0022765498142689,0.8164965510368347,10.74142360687256
23.76111111111112,86.41555555555557,0.004539,0,LOW,217.0,0.6853308081626892,227.4773101806641,-0.0011382749071344,0.5665577054023743,11.482548713684082
23.76111111111112,86.41583333333334,0.00456,0,LOW,217.0,0.739273190498352,199.97520446777344,-0.0011382749071344,0.4969039857387543,11.419803619384766
23.76111111111112,86.41611111111112,0.004845,0,LOW,217.0,1.4410357475280762,241.17881774902344,-0.003414824604988,0.8748897910118103,10.78100299835205
23.76111111111112,86.4163888888889,0.005285,0,LOW,216.0,2.450753927230835,235.47999572753903,-0.0022765498142689,1.154700517654419,10.288496971130373
23.76111111111112,86.41666666666667,0.005545,0,LOW,215.0,3.0070974826812744,247.37139892578125,-0.003414824604988,1.369869828224182,10.121747016906738
23.76111111111112,86.41694444444445,0.005621,0,LOW,213.0,3.165930986404419,286.9976806640625,0.0,1.6850833892822266,10.097234725952148
23.76111111111112,86.41722222222224,0.006272,0,LOW,212.0,4.439479827880859,321.3521728515625,-0.003414824604988,2.054804563522339,9.771595001220703
23.76111111111112,86.4175,0.006605,0,LOW,210.0,5.04067325592041,336.4342956542969,0.0011382749071344,2.108185052871704,9.650150299072266
23.76111111111112,86.41777777777779,0.006325,0,LOW,209.0,4.536911487579346,330.00250244140625,0.0011382749071344,2.096440315246582,9.76213836669922
23.76111111111112,86.41805555555557,0.006911,0,LOW,207.0,5.5664238929748535,305.49908447265625,0.0022765498142689,2.4494898319244385,9.562384605407717
23.76111111111112,86.41833333333334,0.006453,0,LOW,204.0,4.769110679626465,316.6182861328125,0.0079679237678647,2.211083173751831,9.716818809509276
23.76111111111112,86.41861111111112,0.005656,0,LOW,204.0,3.239119529724121,0.0,0.003414824604988,1.5634719133377075,10.094761848449709
23.76111111111112,86.4188888888889,0.005127,0,LOW,205.0,2.0988173484802246,353.0917053222656,-0.0022765498142689,1.154700517654419,10.5155668258667
23.76111111111112,86.41916666666667,0.005261,0,LOW,204.0,2.397372007369995,312.522705078125,0.0011382749071344,1.1331154108047483,10.371110916137695
23.760833333333338,86.41250000000001,0.006571,0,LOW,218.0,4.979940414428711,300.6845397949219,0.0011382749071344,2.1140329837799072,9.653125762939451
23.760833333333338,86.41277777777779,0.00592,0,LOW,216.0,3.7671732902526855,322.9500732421875,0.003414824604988,1.7284832000732422,9.94121551513672
23.760833333333338,86.41305555555556,0.005775,0,LOW,216.0,3.4790728092193604,355.8421325683594,-2.775557561562892e-17,1.5234787464141846,10.013494491577148
23.760833333333338,86.41333333333334,0.005775,0,LOW,216.0,3.4790728092193604,4.157864093780518,-2.775557561562892e-17,1.5234787464141846,9.9970703125
23.760833333333338,86.41361111111112,0.005667,0,LOW,216.0,3.2615230083465576,22.753196716308597,0.0022765498142689,1.498970866203308,10.041254997253418
23.760833333333338,86.41388888888889,0.00592,0,LOW,217.0,3.7671732902526855,37.04991149902344,0.0011382749071344,1.7069212198257446,9.873651504516602
23.760833333333338,86.41416666666667,0.005732,0,LOW,218.0,3.3923332691192627,17.304662704467773,0.0011382749071344,1.5234787464141846,9.953997611999512
23.760833333333338,86.41444444444446,0.00552,0,LOW,218.0,2.95463490486145,340.0247802734375,0.0,1.3966450691223145,10.068011283874512
23.760833333333338,86.41472222222224,0.005132,0,LOW,217.0,2.1094541549682617,331.3998718261719,0.003414824604988,1.0304020643234253,10.3836030960083
23.760833333333338,86.415,0.004686,0,LOW,217.0,1.0550845861434937,331.3998718261719,0.0011382749071344,0.6666666865348816,11.059924125671388
23.760833333333338,86.41527777777779,0.004407,0,LOW,217.0,0.3426776528358459,312.522705078125,0.0,0.3142696917057037,12.175637245178224
23.760833333333338,86.41555555555557,0.004407,0,LOW,217.0,0.3426776528358459,312.522705078125,0.0,0.3142696917057037,12.178131103515623
23.760833333333338,86.41583333333334,0.004815,0,LOW,217.0,1.3704655170440674,312.522705078125,-0.0022765498142689,0.6849349141120911,10.809551239013672
23.760833333333338,86.41611111111112,0.004821,0,LOW,216.0,1.3836336135864258,326.8046875,0.0011382749071344,0.6285393834114075,10.834650993347168
23.760833333333338,86.4163888888889,0.004709,0,LOW,216.0,1.1112383604049685,294.63287353515625,-0.0011382749071344,0.6666666865348816,11.100900650024414
23.760833333333338,86.41666666666667,0.006071,0,LOW,215.0,4.06060791015625,276.5394287109375,-0.0022765498142689,1.7638342380523682,9.849609375
23.760833333333338,86.41694444444445,0.007265,0,LOW,212.0,6.147861480712891,289.7405090332031,0.0,2.6434171199798584,9.462617874145508
23.760833333333338,86.41722222222224,0.007078,0,LOW,209.0,5.844771862030029,309.1856994628906,0.0022765498142689,2.403700828552246,9.520594596862791
23.760833333333338,86.4175,0.005732,0,LOW,207.0,3.3923332691192627,342.6953430175781,0.0056913741864264,1.7069212198257446,10.057677268981934
23.760833333333338,86.41777777777779,0.004739,0,LOW,208.0,1.185113549232483,347.6971130371094,-0.0011382749071344,1.1331154108047483,11.097583770751951
23.760833333333338,86.41805555555557,0.00596,0,LOW,207.0,3.845804214477539,259.6067810058594,-0.0011382749071344,1.6850833892822266,9.90936279296875
23.760833333333338,86.41833333333334,0.006112,0,LOW,204.0,4.138584613800049,257.0872497558594,0.0045530996285378,1.7916128635406494,9.827112197875977
23.760833333333338,86.41861111111112,0.004407,0,LOW,203.0,0.3426776528358459,312.522705078125,0.003414824604988,0.8748897910118103,12.311071395874023
23.760833333333338,86.4188888888889,0.004675,0,LOW,204.0,1.0279349088668823,47.4773063659668,0.0,0.5665577054023743,11.206995010375977
23.760833333333338,86.41916666666667,0.005115,0,LOW,204.0,2.07199501991272,282.9127502441406,-0.0022765498142689,0.9558139443397522,10.506709098815918
23.760833333333338,86.41944444444445,0.005712,0,LOW,202.0,3.352165460586548,281.9491577148437,0.0022765498142689,1.4142135381698608,10.026949882507324
23.760833333333338,86.41972222222223,0.005394,0,LOW,201.0,2.688184261322021,290.1442565917969,-0.0011382749071344,1.196703314781189,10.242277145385742
23.760833333333338,86.42000000000002,0.004686,0,LOW,200.0,1.0550845861434937,331.3998718261719,0.0011382749071344,0.7370277047157288,11.162489891052246
23.76055555555556,86.41250000000001,0.006491,0,LOW,217.0,4.837155342102051,278.2391052246094,0.0022765498142689,1.949992060661316,9.678030014038086
23.76055555555556,86.41277777777779,0.005394,0,LOW,215.0,2.688184261322021,290.1442565917969,0.0022765498142689,1.196703314781189,10.277782440185549
23.76055555555556,86.41305555555556,0.004686,0,LOW,214.0,1.0550845861434937,331.3998718261719,0.0045530996285378,0.7370277047157288,11.207952499389648
23.76055555555556,86.41333333333334,0.004675,0,LOW,214.0,1.0279349088668823,47.4773063659668,0.0045530996285378,0.7856742143630981,11.217480659484863
23.76055555555556,86.41361111111112,0.004989,0,LOW,215.0,1.7824501991271973,82.53627014160156,0.0022765498142689,0.916245698928833,10.64407444000244
23.76055555555556,86.41388888888889,0.004989,0,LOW,216.0,1.7824501991271973,82.53627014160156,0.0022765498142689,0.8314794301986694,10.617608070373535
23.76055555555556,86.41416666666667,0.004675,0,LOW,217.0,1.0279349088668823,47.4773063659668,0.0,0.5665577054023743,11.14079761505127
23.76055555555556,86.41444444444446,0.004686,0,LOW,217.0,1.0550845861434937,331.3998718261719,0.0011382749071344,0.5665577054023743,11.090216636657717
23.76055555555556,86.41472222222224,0.004686,0,LOW,217.0,1.0550845861434937,331.3998718261719,-0.0011382749071344,0.5665577054023743,11.072509765625
23.76055555555556,86.415,0.004634,0,LOW,217.0,0.9263691902160645,0.0,-0.0011382749071344,0.4714045226573944,11.194136619567873
23.76055555555556,86.41527777777779,0.004739,0,LOW,217.0,1.185113549232483,347.6971130371094,-0.0011382749071344,0.6849349141120911,10.949235916137695
23.76055555555556,86.41555555555557,0.004992,0,LOW,217.0,1.789013385772705,334.9518127441406,-0.003414824604988,0.8164966106414795,10.548810958862305
23.76055555555556,86.41583333333334,0.005107,0,LOW,216.0,2.0541701316833496,322.08544921875,0.0,0.8748897910118103,10.43346118927002
23.76055555555556,86.41611111111112,0.004739,0,LOW,215.0,1.185113549232483,347.6971130371094,0.003414824604988,0.6666666865348816,11.020078659057615
23.76055555555556,86.4163888888889,0.00456,0,LOW,216.0,0.739273190498352,340.0247802734375,-0.003414824604988,0.4714045226573944,11.538784980773926
23.76055555555556,86.41666666666667,0.006193,0,LOW,215.0,4.291714191436768,273.0877990722656,-0.003414824604988,1.7916128635406494,9.822469711303713
23.76055555555556,86.41694444444445,0.008014,0,LOW,211.0,7.288326740264893,271.8112487792969,0.0022765498142689,2.9101779460906982,9.3137845993042
23.76055555555556,86.41722222222224,0.006774,0,LOW,207.0,5.333616256713867,277.4637451171875,0.0068296492099761,2.309401035308838,9.624066352844238
23.76055555555556,86.4175,0.004634,0,LOW,206.0,0.9263691902160645,0.0,0.0045530996285378,0.9428090453147888,11.350868225097656
23.76055555555556,86.41777777777779,0.004845,0,LOW,208.0,1.4410357475280762,61.17882537841797,-0.003414824604988,0.7370277047157288,10.877570152282717
23.76055555555556,86.41805555555557,0.005209,0,LOW,208.0,2.283597707748413,264.181884765625,-0.0045530996285378,1.2272623777389526,10.394052505493164
23.76055555555556,86.41833333333334,0.006179,0,LOW,206.0,4.265336513519287,251.02203369140625,-0.003414824604988,1.7069212198257446,9.756253242492676
23.76055555555556,86.41861111111112,0.005108,0,LOW,203.0,2.055208444595337,227.4773101806641,0.0068296492099761,1.054092526435852,10.486018180847168
23.76055555555556,86.4188888888889,0.004675,0,LOW,204.0,1.0279349088668823,132.52268981933594,-0.0011382749071344,0.6666666865348816,11.188517570495604
23.76055555555556,86.41916666666667,0.00504,0,LOW,204.0,1.898866057395935,248.5438995361328,-0.0011382749071344,0.9558139443397522,10.593842506408691
23.76055555555556,86.41944444444445,0.00596,0,LOW,202.0,3.845804214477539,259.6067810058594,0.0011382749071344,1.5713484287261963,9.907191276550291
23.76055555555556,86.41972222222223,0.005554,0,LOW,200.0,3.027895212173462,270.0,0.003414824604988,1.3146843910217283,10.156414031982422
23.76055555555556,86.42000000000002,0.004815,0,LOW,199.0,1.3704655170440674,312.522705078125,0.0022765498142689,0.8748897910118103,10.94405746459961
23.76027777777778,86.41250000000001,0.006376,0,LOW,217.0,4.629415988922119,258.4813537597656,0.0022765498142689,1.8856180906295776,9.711771965026855
23.76027777777778,86.41277777777779,0.005418,0,LOW,215.0,2.739364624023437,227.4773101806641,0.0045530996285378,1.2862040996551514,10.254514694213867
23.76027777777778,86.41305555555556,0.005436,0,LOW,215.0,2.777172803878784,180.0,0.0011382749071344,1.342560648918152,10.241724014282228
23.76027777777778,86.41333333333334,0.005732,0,LOW,215.0,3.3923332691192627,162.69534301757812,0.003414824604988,1.4740554094314575,10.029393196105955
23.76027777777778,86.41361111111112,0.005619,0,LOW,216.0,3.162396192550659,151.39987182617188,0.0011382749071344,1.4142135381698608,10.078203201293944
23.76027777777778,86.41388888888889,0.004992,0,LOW,217.0,1.789013385772705,154.95181274414062,-0.0011382749071344,0.916245698928833,10.620131492614746
23.76027777777778,86.41416666666667,0.004407,0,LOW,217.0,0.3426776528358459,227.4773101806641,0.0,0.5665577054023743,12.242544174194336
23.76027777777778,86.41444444444446,0.004815,0,LOW,217.0,1.3704655170440674,312.522705078125,-0.0022765498142689,0.6849349141120911,10.83096694946289
23.76027777777778,86.41472222222224,0.005132,0,LOW,216.0,2.1094541549682617,331.3998718261719,0.0011382749071344,0.9938079714775084,10.386526107788086
23.76027777777778,86.415,0.005334,0,LOW,216.0,2.558522939682007,354.3387145996094,-0.0011382749071344,1.1331154108047483,10.195992469787598
23.76027777777778,86.41527777777779,0.005457,0,LOW,216.0,2.822591543197632,349.6994934082031,-0.0022765498142689,1.257078766822815,10.113600730895996
23.76027777777778,86.41555555555557,0.00552,0,LOW,215.0,2.95463490486145,340.0247802734375,0.0022765498142689,1.3146843910217283,10.09185791015625
23.76027777777778,86.41583333333334,0.005379,0,LOW,215.0,2.6561105251312256,343.4378967285156,-0.0011382749071344,1.2272623777389526,10.22747802734375
23.76027777777778,86.41611111111112,0.005049,0,LOW,215.0,1.919797658920288,15.248879432678224,-0.0022765498142689,1.0304020643234253,10.586776733398438
23.76027777777778,86.4163888888889,0.004686,0,LOW,215.0,1.0550845861434937,28.60012626647949,0.0011382749071344,0.7370277047157288,11.223922729492188
23.76027777777778,86.41666666666667,0.00568,0,LOW,215.0,3.2878224849700928,265.9648742675781,-0.003414824604988,1.5947444438934326,10.118632316589355
23.76027777777778,86.41694444444445,0.008073,0,LOW,212.0,7.374231338500977,261.01513671875,-0.0011382749071344,3.059088945388794,9.317328453063965
23.76027777777778,86.41722222222224,0.007114,0,LOW,208.0,5.902219295501709,258.72528076171875,0.0011382749071344,2.4944381713867188,9.522835731506348
23.76027777777778,86.4175,0.004539,0,LOW,206.0,0.6853308081626892,227.4773101806641,0.0045530996285378,0.7370277047157288,11.637303352355955
23.76027777777778,86.41777777777779,0.004709,0,LOW,207.0,1.1112383604049685,65.36711883544922,0.0,0.6666666865348816,11.107789039611816
23.76027777777778,86.41805555555557,0.004709,0,LOW,207.0,1.1112383604049685,294.63287353515625,2.775557561562892e-17,0.6666666865348816,11.075469017028809
23.76027777777778,86.41833333333334,0.005394,0,LOW,206.0,2.688184261322021,249.85574340820312,0.0011382749071344,1.369869828224182,10.17961883544922
23.76027777777778,86.41861111111112,0.00543,0,LOW,205.0,2.765655279159546,213.1953125,-0.0011382749071344,1.3333333730697632,10.15929889678955
23.76027777777778,86.4188888888889,0.005334,0,LOW,204.0,2.558522939682007,174.33871459960938,0.0056913741864264,1.196703314781189,10.26382827758789
23.76027777777778,86.41916666666667,0.00543,0,LOW,205.0,2.765655279159546,213.1953125,-0.003414824604988,1.4229165315628052,10.225802421569824
23.76027777777778,86.41944444444445,0.006299,0,LOW,203.0,4.488232612609863,231.8308258056641,0.0011382749071344,1.8856180906295776,9.781601905822754
23.76027777777778,86.41972222222223,0.006462,0,LOW,201.0,4.786378860473633,227.4773101806641,0.0022765498142689,2.0,9.745049476623535
23.76027777777778,86.42000000000002,0.005747,0,LOW,199.0,3.4227399826049805,227.4773101806641,0.0056913741864264,1.6850833892822266,10.087394714355469
23.760000000000005,86.41250000000001,0.005545,0,LOW,218.0,3.0070974826812744,247.37139892578125,2.775557561562892e-17,1.5234787464141846,10.13428020477295
23.760000000000005,86.41277777777779,0.005675,0,LOW,217.0,3.2781004905700684,188.85421752929688,0.0011382749071344,1.5634719133377075,10.073503494262695
23.760000000000005,86.41305555555556,0.006281,0,LOW,217.0,4.456379413604736,170.2308807373047,0.0022765498142689,1.9436506032943728,9.777606010437012
23.760000000000005,86.41333333333334,0.00614,0,LOW,218.0,4.192017078399658,173.09170532226562,-0.0022765498142689,1.832491397857666,9.836909294128418
23.760000000000005,86.41361111111112,0.005334,0,LOW,218.0,2.558522939682007,185.66128540039065,-0.0011382749071344,1.4229165315628052,10.315699577331545
23.760000000000005,86.41388888888889,0.004779,0,LOW,218.0,1.2836486101150513,259.6067810058594,-0.003414824604988,1.0999438762664795,10.977370262145996
23.760000000000005,86.41416666666667,0.005108,0,LOW,217.0,2.055208444595337,312.522705078125,-0.0022765498142689,0.9558139443397522,10.471803665161133
23.760000000000005,86.41444444444446,0.005258,0,LOW,216.0,2.392256498336792,320.72265625,0.0,1.0304020643234253,10.291215896606444
23.760000000000005,86.41472222222224,0.005258,0,LOW,215.0,2.392256498336792,320.72265625,-5.551115123125783e-17,1.0304020643234253,10.281556129455566
23.760000000000005,86.415,0.005049,0,LOW,214.0,1.919797658920288,344.7511291503906,0.003414824604988,0.916245698928833,10.516301155090332
23.760000000000005,86.41527777777779,0.005049,0,LOW,214.0,1.919797658920288,344.7511291503906,0.0022765498142689,0.9558139443397522,10.548893928527832
23.760000000000005,86.41555555555557,0.00543,0,LOW,214.0,2.765655279159546,326.8046875,-0.0011382749071344,1.369869828224182,10.22203540802002
23.760000000000005,86.41583333333334,0.00559,0,LOW,213.0,3.1017966270446777,345.8753356933594,0.0011382749071344,1.342560648918152,10.142897605895996
23.760000000000005,86.41611111111112,0.005588,0,LOW,213.0,3.0980255603790283,34.757442474365234,0.003414824604988,1.4142135381698608,10.174859046936035
23.760000000000005,86.4163888888889,0.005108,0,LOW,215.0,2.055208444595337,47.4773063659668,-0.003414824604988,1.0304020643234253,10.61083698272705
23.760000000000005,86.41666666666667,0.005394,0,LOW,215.0,2.688184261322021,290.1442565917969,-0.003414824604988,1.3966450691223145,10.355389595031738
23.760000000000005,86.41694444444445,0.007357,0,LOW,213.0,6.292815208435059,272.1007995605469,-0.0068296492099761,2.5724081993103027,9.492928504943848
23.760000000000005,86.41722222222224,0.006711,0,LOW,208.0,5.224344253540039,254.61746215820312,0.0068296492099761,2.211083173751831,9.64437484741211
23.760000000000005,86.4175,0.005278,0,LOW,207.0,2.4357128143310547,211.2075042724609,0.0022765498142689,1.1331154108047483,10.354065895080566
23.760000000000005,86.41777777777779,0.004823,0,LOW,207.0,1.3894023895263672,180.0,0.0011382749071344,0.8164966106414795,10.859234809875488
23.760000000000005,86.41805555555557,0.004686,0,LOW,207.0,1.0550845861434937,208.60012817382807,0.0011382749071344,0.5665577054023743,11.095661163330078
23.760000000000005,86.41833333333334,0.004959,0,LOW,207.0,1.7128982543945312,227.4773101806641,-0.0022765498142689,0.8164966106414795,10.599081993103027
23.760000000000005,86.41861111111112,0.005049,0,LOW,206.0,1.919797658920288,195.24888610839844,0.0022765498142689,1.0304020643234253,10.50114631652832
23.760000000000005,86.4188888888889,0.005334,0,LOW,207.0,2.558522939682007,174.33871459960938,-0.0056913741864264,1.196703314781189,10.254746437072754
23.760000000000005,86.41916666666667,0.005732,0,LOW,206.0,3.3923332691192627,197.30465698242188,0.0011382749071344,1.6629588603973389,10.030409812927246
23.760000000000005,86.41944444444445,0.006549,0,LOW,205.0,4.940727233886719,207.3174743652344,0.0011382749071344,2.199887752532959,9.714166641235352
23.760000000000005,86.41972222222223,0.007284,0,LOW,204.0,6.178041458129883,214.7574462890625,-0.0011382749071344,2.6666667461395264,9.535550117492676
23.760000000000005,86.42000000000002,0.007323,0,LOW,202.0,6.239995956420898,233.73443603515625,-0.0022765498142689,2.753224849700928,9.543017387390137
23.759722222222223,86.41250000000001,0.004739,0,LOW,218.0,1.185113549232483,192.3029022216797,0.003414824604988,1.0999438762664795,11.058465957641602
23.759722222222223,86.41277777777779,0.005822,0,LOW,219.0,3.574545383453369,154.95181274414062,5.551115123125783e-17,1.632993221282959,9.989688873291016
23.759722222222223,86.41305555555556,0.006188,0,LOW,220.0,4.281691074371338,166.37863159179688,-0.0022765498142689,1.832491397857666,9.834333419799805
23.759722222222223,86.41333333333334,0.005811,0,LOW,220.0,3.551293134689331,192.3029022216797,-0.0011382749071344,1.6405359506607056,10.032944679260254
23.759722222222223,86.41361111111112,0.005644,0,LOW,219.0,3.2132604122161865,239.7328643798828,-0.0011382749071344,1.5475987195968628,10.125702857971191
23.759722222222223,86.41388888888889,0.00596,0,LOW,217.0,3.845804214477539,280.3932189941406,0.0011382749071344,1.7497795820236206,9.91852569580078
23.759722222222223,86.41416666666667,0.005747,0,LOW,215.0,3.4227399826049805,312.522705078125,0.003414824604988,1.5475987195968628,9.99642848968506
23.759722222222223,86.41444444444446,0.005319,0,LOW,215.0,2.5252227783203125,336.4342956542969,-0.0022765498142689,1.1331154108047483,10.268250465393066
23.759722222222223,86.41472222222224,0.004821,0,LOW,214.0,1.3836336135864258,326.8046875,0.0022765498142689,0.8164966106414795,10.86380672454834
23.759722222222223,86.415,0.004539,0,LOW,214.0,0.6853308081626892,312.522705078125,0.0,0.4714045226573944,11.59388542175293
23.759722222222223,86.41527777777779,0.004959,0,LOW,214.0,1.7128982543945312,312.522705078125,-0.0022765498142689,0.9558139443397522,10.72758674621582
23.759722222222223,86.41555555555557,0.005918,0,LOW,213.0,3.764074563980103,312.522705078125,-0.0022765498142689,1.6405359506607056,9.992020606994627
23.759722222222223,86.41583333333334,0.005732,0,LOW,211.0,3.3923332691192627,342.6953430175781,0.003414824604988,1.5475987195968628,10.137995719909668
23.759722222222223,86.41611111111112,0.006093,0,LOW,212.0,4.103073120117188,37.91454315185547,0.0,1.8257418870925903,9.973498344421388
23.759722222222223,86.4163888888889,0.005984,0,LOW,214.0,3.892144203186035,26.970293045043945,-0.0045530996285378,1.7497795820236206,10.03707790374756
23.759722222222223,86.41666666666667,0.005944,0,LOW,214.0,3.814905166625977,328.0726013183594,-0.0056913741864264,1.6850833892822266,10.049627304077148
23.759722222222223,86.41694444444445,0.006016,0,LOW,211.0,3.9551517963409424,286.9976806640625,0.0045530996285378,2.0061633586883545,9.98297882080078
23.759722222222223,86.41722222222224,0.005644,0,LOW,210.0,3.2132604122161865,239.7328643798828,-0.0011382749071344,1.6996731758117676,10.13754177093506
23.759722222222223,86.4175,0.005575,0,LOW,209.0,3.0706160068511963,221.09991455078125,-0.0011382749071344,1.3333333730697632,10.11534023284912
23.759722222222223,86.41777777777779,0.004959,0,LOW,208.0,1.7128982543945312,227.4773101806641,0.0,0.9938079714775084,10.6353759765625
23.759722222222223,86.41805555555557,0.004581,0,LOW,208.0,0.7922387719154358,253.00230407714844,-0.003414824604988,0.4714045226573944,11.363113403320312
23.759722222222223,86.41833333333334,0.004668,0,LOW,207.0,1.0101343393325806,270.0,0.0011382749071344,0.5665577054023743,11.10732078552246
23.759722222222223,86.41861111111112,0.004279,0,LOW,207.0,0.0,90.0,-0.0022765498142689,0.4157397150993347,13.440251350402832
23.759722222222223,86.4188888888889,0.004845,0,LOW,207.0,1.4410357475280762,118.82117462158205,0.0011382749071344,0.9428090453147888,10.821812629699709
23.759722222222223,86.41916666666667,0.005379,0,LOW,208.0,2.6561105251312256,163.43789672851562,-0.0022765498142689,1.4229165315628052,10.28011703491211
23.759722222222223,86.41944444444445,0.006188,0,LOW,208.0,4.281691074371338,193.62136840820312,-0.0022765498142689,1.8856180906295776,9.876776695251465
23.759722222222223,86.41972222222223,0.007043,0,LOW,207.0,5.786287307739258,224.10630798339844,-0.003414824604988,2.4944381713867188,9.63426399230957
23.759722222222223,86.42000000000002,0.00865,0,LOW,204.0,8.177470207214355,251.97467041015625,-0.003414824604988,3.4462361335754395,9.31176471710205
23.759444444444448,86.41250000000001,0.005588,0,LOW,219.0,3.0980255603790283,145.2425537109375,0.003414824604988,1.448711633682251,10.092583656311035
23.759444444444448,86.41277777777779,0.006272,0,LOW,221.0,4.439479827880859,141.35218811035156,-0.0011382749071344,1.8724777698516848,9.778818130493164
23.759444444444448,86.41305555555556,0.005811,0,LOW,222.0,3.551293134689331,167.6970977783203,-0.0011382749071344,1.5713484287261963,10.042153358459473
23.759444444444448,86.41333333333334,0.005751,0,LOW,222.0,3.432037830352783,216.01568603515625,-0.003414824604988,1.5475987195968628,10.100906372070312
23.759444444444448,86.41361111111112,0.006612,0,LOW,220.0,5.051990032196045,251.33172607421875,-0.0011382749071344,2.1140329837799072,9.714550971984863
23.759444444444448,86.41388888888889,0.007198,0,LOW,217.0,6.038971900939941,270.0,0.0,2.538591146469116,9.51035499572754
23.759444444444448,86.41416666666667,0.005774,0,LOW,214.0,3.477249383926392,289.42852783203125,0.0022765498142689,1.5634719133377075,10.023370742797852
23.759444444444448,86.41444444444446,0.00456,0,LOW,213.0,0.739273190498352,19.97521209716797,0.0056913741864264,0.7370277047157288,11.53891372680664
23.759444444444448,86.41472222222224,0.004407,0,LOW,214.0,0.3426776528358459,132.52268981933594,0.0,0.5665577054023743,12.308080673217772
23.759444444444448,86.415,0.004779,0,LOW,214.0,1.2836486101150513,280.3932189941406,-0.0011382749071344,0.7856742143630981,11.029426574707031
23.759444444444448,86.41527777777779,0.005979,0,LOW,213.0,3.883143663406372,302.41094970703125,-0.0011382749071344,1.892154097557068,9.987308502197266
23.759444444444448,86.41555555555557,0.007055,0,LOW,211.0,5.805638313293457,312.522705078125,-0.0011382749071344,2.4845199584960938,9.646764755249023
23.759444444444448,86.41583333333334,0.006589,0,LOW,209.0,5.012292861938477,345.4457092285156,0.0022765498142689,2.3622546195983887,9.83840560913086
23.759444444444448,86.41611111111112,0.007289,0,LOW,210.0,6.18551778793335,14.12466049194336,-0.0022765498142689,2.905932664871216,9.646641731262209
23.759444444444448,86.4163888888889,0.008118,0,LOW,211.0,7.438065052032471,7.761875629425049,-0.0045530996285378,3.247030973434448,9.45760726928711
23.759444444444448,86.41666666666667,0.007319,0,LOW,211.0,6.2339186668396,2.3127310276031494,-0.0022765498142689,2.935521125793457,9.609936714172363
23.759444444444448,86.41694444444445,0.005436,0,LOW,211.0,2.777172803878784,0.0,-0.0022765498142689,2.0,10.371499061584473
23.759444444444448,86.41722222222224,0.004581,0,LOW,211.0,0.7922387719154358,286.9976806640625,-0.003414824604988,0.7370277047157288,11.555740356445312
23.759444444444448,86.4175,0.005338,0,LOW,210.0,2.566009759902954,259.6067810058594,-0.0022765498142689,1.054092526435852,10.300298690795898
23.759444444444448,86.41777777777779,0.005318,0,LOW,208.0,2.523963689804077,270.0,0.0011382749071344,1.054092526435852,10.245752334594728
23.759444444444448,86.41805555555557,0.004845,0,LOW,207.0,1.4410357475280762,298.8211669921875,0.0022765498142689,0.6666666865348816,10.759773254394531
23.759444444444448,86.41833333333334,0.004815,0,LOW,207.0,1.3704655170440674,312.522705078125,-0.0022765498142689,0.6285393834114075,10.796152114868164
23.759444444444448,86.41861111111112,0.00456,0,LOW,206.0,0.739273190498352,19.97521209716797,0.003414824604988,0.4714045226573944,11.434367179870604
23.759444444444448,86.4188888888889,0.005209,0,LOW,207.0,2.283597707748413,84.18189239501953,0.0011382749071344,0.916245698928833,10.357850074768066
23.759444444444448,86.41916666666667,0.005209,0,LOW,209.0,2.283597707748413,95.81810760498048,-0.003414824604988,0.9938079714775084,10.431593894958496
23.759444444444448,86.41944444444445,0.00456,0,LOW,210.0,0.739273190498352,199.97520446777344,-0.0056913741864264,0.8314794301986694,11.640189170837402
23.759444444444448,86.41972222222223,0.006272,0,LOW,209.0,4.438055515289307,254.9051818847656,-0.0068296492099761,1.8856180906295776,9.911877632141112
23.759444444444448,86.42000000000002,0.009551,0,LOW,205.0,9.332769393920898,262.9355163574219,-0.0022765498142689,3.80058479309082,9.19283390045166
23.75916666666667,86.41250000000001,0.005941,0,LOW,221.0,3.808784008026123,127.38766479492188,5.551115123125783e-17,1.632993221282959,9.887145042419434
23.75916666666667,86.41277777777779,0.006094,0,LOW,223.0,4.105141639709473,132.52268981933594,-0.0022765498142689,1.7638342380523682,9.869047164916992
23.75916666666667,86.41305555555556,0.005334,0,LOW,224.0,2.558522939682007,174.33871459960938,-0.003414824604988,1.196703314781189,10.394618034362791
23.75916666666667,86.41333333333334,0.005809,0,LOW,223.0,3.5477097034454346,238.5594940185547,-0.0011382749071344,1.5713484287261963,10.103199005126951
23.75916666666667,86.41361111111112,0.007378,0,LOW,221.0,6.326276779174805,263.72003173828125,-0.003414824604988,2.685121297836304,9.531230926513672
23.75916666666667,86.41388888888889,0.008194,0,LOW,217.0,7.546988010406494,273.4985656738281,-0.0011382749071344,3.034777879714966,9.33155345916748
23.75916666666667,86.41416666666667,0.005571,0,LOW,213.0,3.0629920959472656,278.6900329589844,0.0068296492099761,1.5713484287261963,10.198697090148926
23.75916666666667,86.41444444444446,0.004905,0,LOW,214.0,1.584174633026123,106.99769592285156,-0.0011382749071344,0.7370277047157288,10.830877304077148
23.75916666666667,86.41472222222224,0.004686,0,LOW,215.0,1.0550845861434937,151.39987182617188,-0.003414824604988,0.6285393834114075,11.250484466552734
23.75916666666667,86.415,0.005338,0,LOW,214.0,2.566009759902954,259.6067810058594,5.551115123125783e-17,1.1331154108047483,10.419135093688965
23.75916666666667,86.41527777777779,0.00694,0,LOW,212.0,5.614977836608887,279.46630859375,-0.0011382749071344,2.377881526947021,9.7117338180542
23.75916666666667,86.41555555555557,0.007791,0,LOW,208.0,6.96072244644165,295.4951171875,0.0056913741864264,3.07117223739624,9.562980651855469
23.75916666666667,86.41583333333334,0.007365,0,LOW,206.0,6.305641174316406,331.3998718261719,0.0022765498142689,3.07117223739624,9.70308780670166
23.75916666666667,86.41611111111112,0.008404,0,LOW,206.0,7.841675758361816,356.3298645019531,-0.0022765498142689,3.488959550857544,9.493852615356444
23.75916666666667,86.4163888888889,0.009083,0,LOW,205.0,8.747159957885742,3.2846953868865967,0.0045530996285378,3.8425815105438232,9.36814308166504
23.75916666666667,86.41666666666667,0.0088,0,LOW,206.0,8.377677917480469,21.04979705810547,0.003414824604988,3.675074577331543,9.372105598449709
23.75916666666667,86.41694444444445,0.007571,0,LOW,209.0,6.62669038772583,29.55451011657715,-0.0045530996285378,3.0184617042541504,9.544031143188477
23.75916666666667,86.41722222222224,0.006041,0,LOW,210.0,4.003123283386231,10.892328262329102,-0.003414824604988,1.968893885612488,9.965438842773438
23.75916666666667,86.4175,0.00543,0,LOW,210.0,2.765655279159546,326.8046875,-0.0056913741864264,1.3966450691223145,10.24466037750244
23.75916666666667,86.41777777777779,0.005115,0,LOW,208.0,2.07199501991272,282.9127502441406,0.0011382749071344,1.0999438762664795,10.455499649047852
23.75916666666667,86.41805555555557,0.004905,0,LOW,207.0,1.584174633026123,253.00230407714844,0.0011382749071344,0.6666666865348816,10.67440700531006
23.75916666666667,86.41833333333334,0.004779,0,LOW,206.0,1.2836486101150513,259.6067810058594,0.003414824604988,0.6666666865348816,10.870135307312012
23.75916666666667,86.41861111111112,0.004407,0,LOW,206.0,0.3426776528358459,47.4773063659668,0.0011382749071344,0.4969039857387543,12.21012020111084
23.75916666666667,86.4188888888889,0.005182,0,LOW,207.0,2.2216413021087646,65.36711883544922,-0.0011382749071344,0.9938079714775084,10.388189315795898
23.75916666666667,86.41916666666667,0.005418,0,LOW,208.0,2.739364624023437,47.4773063659668,-2.775557561562892e-17,1.2272623777389526,10.24630069732666
23.75916666666667,86.41944444444445,0.005224,0,LOW,209.0,2.31486439704895,0.0,-0.003414824604988,1.0304020643234253,10.489283561706545
23.75916666666667,86.41972222222223,0.006032,0,LOW,208.0,3.9854736328125,297.65606689453125,-0.0011382749071344,1.8724777698516848,10.00673007965088
23.75916666666667,86.42000000000002,0.009333,0,LOW,206.0,9.062881469726562,275.818115234375,-0.0091061992570757,3.80058479309082,9.207992553710938
23.75888888888889,86.41250000000001,0.006099,0,LOW,222.0,4.113659858703613,113.16905212402344,-1.1102230246251563e-16,1.6629588603973389,9.820265769958496
23.75888888888889,86.41277777777779,0.005484,0,LOW,224.0,2.8802506923675537,118.82117462158205,-0.0011382749071344,1.257078766822815,10.2447509765625
23.75888888888889,86.41305555555556,0.004581,0,LOW,225.0,0.7922387719154358,253.00230407714844,-0.0045530996285378,0.916245698928833,11.59869384765625
23.75888888888889,86.41333333333334,0.006272,0,LOW,224.0,4.438055515289307,285.0948181152344,-0.0056913741864264,2.0608041286468506,9.918241500854492
23.75888888888889,86.41361111111112,0.008427,0,LOW,221.0,7.872964859008789,286.9976806640625,-0.0056913741864264,3.235604286193848,9.355545997619627
23.75888888888889,86.41388888888889,0.008002,0,LOW,216.0,7.271103858947754,284.68243408203125,0.0011382749071344,2.981423854827881,9.419838905334473
23.75888888888889,86.41416666666667,0.004779,0,LOW,213.0,1.2836486101150513,259.6067810058594,0.0056913741864264,1.342560648918152,11.12922477722168
23.75888888888889,86.41444444444446,0.005285,0,LOW,214.0,2.450753927230835,124.52000427246094,0.0022765498142689,1.0657403469085691,10.46976089477539
23.75888888888889,86.41472222222224,0.004739,0,LOW,215.0,1.185113549232483,167.6970977783203,-2.775557561562892e-17,0.7370277047157288,11.227768898010254
23.75888888888889,86.415,0.005621,0,LOW,215.0,3.165930986404419,253.00230407714844,-0.0045530996285378,1.369869828224182,10.315840721130373
23.75888888888889,86.41527777777779,0.007555,0,LOW,212.0,6.602209091186523,261.9693603515625,2.775557561562892e-17,2.657391309738159,9.66101360321045
23.75888888888889,86.41555555555557,0.009305,0,LOW,208.0,9.028467178344728,272.91656494140625,-2.775557561562892e-17,3.887301206588745,9.409360885620115
23.75888888888889,86.41583333333334,0.008392,0,LOW,203.0,7.825211524963379,300.00250244140625,0.0045530996285378,3.624334812164306,9.586886405944824
23.75888888888889,86.41611111111112,0.00747,0,LOW,201.0,6.470980644226074,344.2140197753906,0.0045530996285378,2.779999017715454,9.779792785644531
23.75888888888889,86.4163888888889,0.007016,0,LOW,201.0,5.742246150970459,15.248879432678224,0.003414824604988,2.7397396564483643,9.875465393066406
23.75888888888889,86.41666666666667,0.007287,0,LOW,202.0,6.18314790725708,50.630184173583984,0.0068296492099761,2.922877073287964,9.751713752746582
23.75888888888889,86.41694444444445,0.006959,0,LOW,205.0,5.646697521209717,57.89328384399414,0.0045530996285378,2.58198881149292,9.767467498779297
23.75888888888889,86.41722222222224,0.005619,0,LOW,207.0,3.162396192550659,28.60012626647949,0.0011382749071344,1.6405359506607056,10.25186824798584
23.75888888888889,86.4175,0.005224,0,LOW,207.0,2.31486439704895,0.0,0.0045530996285378,1.196703314781189,10.460835456848145
23.75888888888889,86.41777777777779,0.00456,0,LOW,208.0,0.739273190498352,19.97521209716797,-0.0022765498142689,0.9938079714775084,11.51551628112793
23.75888888888889,86.41805555555557,0.004815,0,LOW,208.0,1.3704655170440674,227.4773101806641,-0.0011382749071344,0.8314794301986694,10.843685150146484
23.75888888888889,86.41833333333334,0.005251,0,LOW,207.0,2.3755056858062744,253.00230407714844,-0.0011382749071344,1.1331154108047483,10.27552318572998
23.75888888888889,86.41861111111112,0.004675,0,LOW,206.0,1.0279349088668823,312.522705078125,-2.775557561562892e-17,0.7370277047157288,11.127347946166992
23.75888888888889,86.4188888888889,0.00518,0,LOW,206.0,2.2168357372283936,19.97521209716797,0.0011382749071344,1.154700517654419,10.395814895629885
23.75888888888889,86.41916666666667,0.005811,0,LOW,207.0,3.551293134689331,12.302896499633787,-0.003414824604988,1.632993221282959,9.977065086364746
23.75888888888889,86.41944444444445,0.006251,0,LOW,207.0,4.3992133140563965,356.7153015136719,-0.0011382749071344,2.0,9.82111644744873
23.75888888888889,86.41972222222223,0.006883,0,LOW,207.0,5.518482208251953,326.8046875,-0.0068296492099761,2.4545247554779053,9.642854690551758
23.758611111111115,86.41250000000001,0.005712,0,LOW,223.0,3.352165460586548,101.94915771484376,-0.0011382749071344,1.4229165315628052,10.046728134155272
23.758611111111115,86.41277777777779,0.004815,0,LOW,225.0,1.3704655170440674,47.4773063659668,-0.0068296492099761,1.0657403469085691,11.020106315612791
23.758611111111115,86.41305555555556,0.00574,0,LOW,224.0,3.41029953956604,318.2613220214844,-0.0022765498142689,1.5475987195968628,10.178839683532717
23.758611111111115,86.41333333333334,0.007585,0,LOW,222.0,6.648736000061035,303.701416015625,-0.0022765498142689,2.7888667583465576,9.558340072631836
23.758611111111115,86.41361111111112,0.009044,0,LOW,218.0,8.696274757385254,296.697998046875,0.0011382749071344,3.55208158493042,9.306903839111328
23.758611111111115,86.41388888888889,0.006449,0,LOW,214.0,4.761790752410889,295.8966979980469,0.0056913741864264,2.4545247554779053,9.908768653869627
23.758611111111115,86.41416666666667,0.004709,0,LOW,214.0,1.1112383604049685,114.63288116455078,0.0022765498142689,1.0657403469085691,11.354830741882324
23.758611111111115,86.41444444444446,0.004845,0,LOW,216.0,1.4410357475280762,118.82117462158205,-0.0056913741864264,0.9428090453147888,11.106378555297852
23.758611111111115,86.41472222222224,0.004675,0,LOW,216.0,1.0279349088668823,312.522705078125,-0.0045530996285378,0.916245698928833,11.49480152130127
23.758611111111115,86.415,0.005545,0,LOW,215.0,3.0070974826812744,292.62860107421875,-0.003414824604988,1.369869828224182,10.50042724609375
23.758611111111115,86.41527777777779,0.007209,0,LOW,213.0,6.056450366973877,274.3701477050781,-0.0045530996285378,2.58198881149292,9.878901481628418
23.758611111111115,86.41555555555557,0.011499,0,LOW,209.0,11.497764587402344,274.5593566894531,-0.0068296492099761,4.802262783050537,9.285346031188965
23.758611111111115,86.41583333333334,0.010434,0,LOW,201.0,10.363232612609863,285.3825378417969,0.0056913741864264,4.346135139465332,9.414629936218262
23.758611111111115,86.41611111111112,0.005822,0,LOW,198.0,3.574545383453369,334.9518127441406,0.0068296492099761,1.7497795820236206,10.481218338012695
23.758611111111115,86.4163888888889,0.006376,0,LOW,199.0,4.629415988922119,78.48136138916016,0.0045530996285378,2.543449640274048,10.19083023071289
23.758611111111115,86.41666666666667,0.008532,0,LOW,202.0,8.017727851867676,110.14424896240234,0.0056913741864264,3.685138702392578,9.582785606384276
23.758611111111115,86.41694444444445,0.007698,0,LOW,206.0,6.821223735809326,132.52268981933594,0.0011382749071344,3.0550503730773926,9.663747787475586
23.758611111111115,86.41722222222224,0.005903,0,LOW,207.0,3.73476767539978,172.23812866210938,0.003414824604988,1.987615942955017,10.161696434020996
23.758611111111115,86.4175,0.005049,0,LOW,207.0,1.919797658920288,195.24888610839844,0.0022765498142689,1.2862040996551514,10.712051391601562
23.758611111111115,86.41777777777779,0.004709,0,LOW,207.0,1.1112383604049685,114.63288116455078,0.0045530996285378,0.7370277047157288,11.159488677978516
23.758611111111115,86.41805555555557,0.004469,0,LOW,209.0,0.5051064491271973,270.0,-0.0068296492099761,0.6666666865348816,11.88357925415039
23.758611111111115,86.41833333333334,0.005554,0,LOW,207.0,3.027895212173462,270.0,5.551115123125783e-17,1.154700517654419,10.064826965332031
23.758611111111115,86.41861111111112,0.005115,0,LOW,205.0,2.07199501991272,282.9127502441406,0.0045530996285378,0.9938079714775084,10.446196556091309
23.758611111111115,86.4188888888889,0.005278,0,LOW,205.0,2.4357128143310547,328.79248046875,-0.0011382749071344,1.4142135381698608,10.304327964782717
23.758611111111115,86.41916666666667,0.006041,0,LOW,204.0,4.003123283386231,349.107666015625,0.0022765498142689,1.7708196640014648,9.838180541992188
23.758611111111115,86.41944444444445,0.006387,0,LOW,204.0,4.649475574493408,353.7768249511719,2.775557561562892e-17,2.096440315246582,9.72512912750244
23.758611111111115,86.41972222222223,0.006505,0,LOW,203.0,4.862653732299805,328.79248046875,0.0022765498142689,2.165954351425171,9.713652610778809
23.758333333333336,86.41250000000001,0.004905,0,LOW,223.0,1.584174633026123,73.00230407714844,-0.0011382749071344,1.054092526435852,10.82723903656006
23.758333333333336,86.41277777777779,0.005466,0,LOW,223.0,2.841192483901977,333.63446044921875,0.0,1.5634719133377075,10.331181526184082
23.758333333333336,86.41305555555556,0.006647,0,LOW,222.0,5.1130900382995605,320.1763916015625,-0.0022765498142689,2.1602468490600586,9.820186614990234
23.758333333333336,86.41333333333334,0.008033,0,LOW,220.0,7.316715240478516,304.5199890136719,-0.0022765498142689,3.177855491638184,9.514163970947266
23.758333333333336,86.41361111111112,0.00847,0,LOW,216.0,7.932748794555664,297.65606689453125,-5.551115123125783e-17,3.2923405170440674,9.460705757141112
23.758333333333336,86.41388888888889,0.00543,0,LOW,213.0,2.765655279159546,326.8046875,0.0056913741864264,1.7497795820236206,10.531821250915527
23.758333333333336,86.41416666666667,0.005278,0,LOW,215.0,2.4357128143310547,31.20750617980957,-0.0056913741864264,1.4907119274139404,10.674960136413574
23.758333333333336,86.41444444444446,0.006188,0,LOW,215.0,4.281691074371338,346.3786315917969,-0.0045530996285378,2.211083173751831,10.149005889892578
23.758333333333336,86.41472222222224,0.007193,0,LOW,214.0,6.031810283660889,343.0213317871094,-0.003414824604988,2.6434171199798584,9.87180519104004
23.758333333333336,86.415,0.007108,0,LOW,213.0,5.893638610839844,340.0247802734375,-0.0022765498142689,2.685121297836304,9.976739883422852
23.758333333333336,86.41527777777779,0.008643,0,LOW,212.0,8.168563842773438,312.522705078125,-0.0068296492099761,3.909469366073608,9.72020149230957
23.758333333333336,86.41555555555557,0.015053,0,LOW,208.0,14.648605346679688,296.6469421386719,-0.0125210238620638,6.314787864685059,9.167150497436523
23.758333333333336,86.41583333333334,0.012507,0,LOW,199.0,12.479498863220217,303.2265319824219,0.003414824604988,5.513171672821045,9.347614288330078
23.758333333333336,86.41611111111112,0.006643,0,LOW,197.0,5.106882572174072,5.661292552947998,2.775557561562892e-17,2.779999017715454,10.242195129394531
23.758333333333336,86.4163888888889,0.00906,0,LOW,199.0,8.716785430908203,77.82347106933594,0.003414824604988,3.9440531730651855,9.670066833496094
23.758333333333336,86.41666666666667,0.011076,0,LOW,206.0,11.05974292755127,97.12804412841795,-0.0091061992570757,4.661372661590576,9.372064590454102
23.758333333333336,86.41694444444445,0.007429,0,LOW,211.0,6.406434535980225,120.2671356201172,-0.0125210238620638,3.1661794185638428,9.841017723083496
23.758333333333336,86.41722222222224,0.005903,0,LOW,211.0,3.73476767539978,187.76187133789065,-0.0068296492099761,1.9309052228927608,10.268488883972168
23.758333333333336,86.4175,0.005944,0,LOW,209.0,3.814905166625977,211.9274139404297,0.0011382749071344,1.6629588603973389,10.119214057922363
23.758333333333336,86.41777777777779,0.004961,0,LOW,208.0,1.717559576034546,216.01568603515625,0.0011382749071344,1.2472190856933594,10.803749084472656
23.758333333333336,86.41805555555557,0.004845,0,LOW,208.0,1.4410357475280762,298.8211669921875,-0.0011382749071344,0.9558139443397522,10.89840030670166
23.758333333333336,86.41833333333334,0.005545,0,LOW,207.0,3.0070974826812744,292.62860107421875,-0.0011382749071344,1.4229165315628052,10.11745262145996
23.758333333333336,86.41861111111112,0.005545,0,LOW,206.0,3.0070974826812744,292.62860107421875,-0.0045530996285378,1.3146843910217283,10.098824501037598
23.758333333333336,86.4188888888889,0.005644,0,LOW,204.0,3.2132604122161865,300.26715087890625,2.775557561562892e-17,1.2862040996551514,10.02877426147461
23.758333333333336,86.41916666666667,0.005414,0,LOW,202.0,2.731192350387573,319.6980285644531,0.0045530996285378,1.2472190856933594,10.197542190551758
23.758333333333336,86.41944444444445,0.005127,0,LOW,202.0,2.0988173484802246,353.0917053222656,0.0011382749071344,0.9558139443397522,10.474746704101562
23.758333333333336,86.41972222222223,0.004815,0,LOW,202.0,1.3704655170440674,312.522705078125,-2.775557561562892e-17,0.9428090453147888,10.9194974899292
23.75805555555556,86.41250000000001,0.004823,0,LOW,223.0,1.3894023895263672,0.0,-0.003414824604988,0.9428090453147888,10.990092277526855
23.75805555555556,86.41277777777779,0.006485,0,LOW,222.0,4.827740669250488,308.4771728515625,-0.003414824604988,2.233305692672729,9.840147018432615
23.75805555555556,86.41305555555556,0.008139,0,LOW,219.0,7.468320369720459,317.7385559082031,0.0022765498142689,3.4960293769836426,9.484626770019531
23.75805555555556,86.41333333333334,0.009668,0,LOW,218.0,9.474014282226562,318.6719970703125,-0.0102444738149642,4.055174827575684,9.304465293884276
23.75805555555556,86.41361111111112,0.008875,0,LOW,213.0,8.477484703063965,319.4108581542969,0.003414824604988,3.7712361812591553,9.459270477294922
23.75805555555556,86.41388888888889,0.00691,0,LOW,212.0,5.564045429229736,354.80780029296875,-0.0011382749071344,2.766644239425659,9.921271324157717
23.75805555555556,86.41416666666667,0.007474,0,LOW,213.0,6.477058410644531,355.5462951660156,-0.0068296492099761,3.046957492828369,9.815933227539062
23.75805555555556,86.41444444444446,0.00903,0,LOW,211.0,8.679099082946777,337.9510192871094,-0.0011382749071344,3.803831815719605,9.58572483062744
23.75805555555556,86.41472222222224,0.009701,0,LOW,209.0,9.51416015625,344.7511291503906,0.0022765498142689,4.262961387634277,9.570714950561523
23.75805555555556,86.415,0.010358,0,LOW,209.0,10.277639389038086,348.7858581542969,-0.0045530996285378,4.653420448303223,9.569062232971191
23.75805555555556,86.41527777777779,0.013739,0,LOW,208.0,13.57894802093506,326.8046875,-0.0113827483728528,6.154392242431641,9.342778205871582
23.75805555555556,86.41555555555557,0.019901,0,LOW,201.0,17.928539276123047,311.4674377441406,-0.0022765498142689,7.568616390228271,9.084095001220703
23.75805555555556,86.41583333333334,0.013568,0,LOW,193.0,13.432263374328612,321.1319274902344,0.0091061992570757,6.13027286529541,9.394143104553224
23.75805555555556,86.41611111111112,0.009346,0,LOW,192.0,9.079699516296388,16.01126480102539,0.0079679237678647,4.216370105743408,9.782245635986328
23.75805555555556,86.4163888888889,0.013359,0,LOW,197.0,13.25089168548584,51.83082962036133,-0.003414824604988,5.656854152679443,9.365095138549805
23.75805555555556,86.41666666666667,0.015242,0,LOW,204.0,14.794568061828612,56.56388473510742,-0.0068296492099761,6.390579700469971,9.199258804321287
23.75805555555556,86.41694444444445,0.010233,0,LOW,210.0,10.13693141937256,43.65550231933594,-0.0136592984199523,4.597369194030762,9.50653076171875
23.75805555555556,86.41722222222224,0.006505,0,LOW,211.0,4.862107753753662,18.11459350585937,-0.0068296492099761,2.897423267364502,10.133308410644531
23.75805555555556,86.4175,0.004961,0,LOW,211.0,1.717559576034546,323.9843139648437,-0.0079679237678647,1.5947444438934326,11.041351318359377
23.75805555555556,86.41777777777779,0.005571,0,LOW,209.0,3.0629920959472656,278.6900329589844,-0.0011382749071344,1.5475987195968628,10.334515571594238
23.75805555555556,86.41805555555557,0.005644,0,LOW,207.0,3.2132604122161865,300.26715087890625,8.326672684688674e-17,1.448711633682251,10.18695068359375
23.75805555555556,86.41833333333334,0.00558,0,LOW,206.0,3.081161975860596,312.522705078125,-0.0011382749071344,1.3146843910217283,10.162004470825195
23.75805555555556,86.41861111111112,0.005644,0,LOW,204.0,3.2132604122161865,300.26715087890625,0.003414824604988,1.3333333730697632,10.076364517211914
23.75805555555556,86.4188888888889,0.005394,0,LOW,203.0,2.688184261322021,290.1442565917969,0.0011382749071344,1.2472190856933594,10.224656105041504
23.75805555555556,86.41916666666667,0.004989,0,LOW,202.0,1.7824501991271973,277.4637451171875,-2.775557561562892e-17,0.8164966106414795,10.614770889282228
23.75805555555556,86.41944444444445,0.004279,0,LOW,201.0,0.0,90.0,0.0045530996285378,0.3142696917057037,13.485757827758787
23.75805555555556,86.41972222222223,0.004279,0,LOW,202.0,0.0,90.0,-0.0011382749071344,0.4714045226573944,13.49021339416504
23.757777777777783,86.41250000000001,0.005822,0,LOW,222.0,3.574545383453369,334.9518127441406,-0.0045530996285378,1.9436506032943728,10.067296028137209
23.757777777777783,86.41277777777779,0.00867,0,LOW,220.0,8.204474449157715,310.1541748046875,-0.0045530996285378,3.614101409912109,9.336026191711426
23.757777777777783,86.41305555555556,0.009956,0,LOW,216.0,9.816850662231444,314.4961242675781,-0.003414824604988,4.094561100006104,9.244494438171388
23.757777777777783,86.41333333333334,0.009133,0,LOW,211.0,8.810100555419922,319.14569091796875,0.0102444738149642,3.764683246612549,9.426824569702148
23.757777777777783,86.41361111111112,0.007933,0,LOW,209.0,7.170790672302246,323.44305419921875,0.0045530996285378,3.499559164047241,9.698026657104492
23.757777777777783,86.41388888888889,0.007759,0,LOW,208.0,6.911808490753174,345.253662109375,0.0022765498142689,3.2584173679351807,9.802373886108398
23.757777777777783,86.41416666666667,0.009346,0,LOW,208.0,9.079699516296388,343.9887390136719,-0.0022765498142689,4.055174827575684,9.60491943359375
23.757777777777783,86.41444444444446,0.011039,0,LOW,206.0,11.020987510681152,335.9588623046875,-0.0011382749071344,4.898979663848877,9.493000030517578
23.757777777777783,86.41472222222224,0.01209,0,LOW,204.0,12.083033561706545,340.7640075683594,-0.0022765498142689,5.4794793128967285,9.479936599731444
23.757777777777783,86.415,0.014123,0,LOW,202.0,13.901200294494627,344.5049743652344,-0.0011382749071344,6.238075256347656,9.401126861572266
23.757777777777783,86.41527777777779,0.018307,0,LOW,200.0,16.946060180664062,329.5802307128906,-0.0068296492099761,7.519521713256836,9.236958503723145
23.757777777777783,86.41555555555557,0.02136,0,LOW,193.0,18.76262092590332,318.5639343261719,0.0022765498142689,8.345916748046875,9.1473388671875
23.757777777777783,86.41583333333334,0.01581,0,LOW,188.0,15.223883628845217,333.0296936035156,0.0011382749071344,7.211102485656738,9.368034362792969
23.757777777777783,86.41611111111112,0.014171,0,LOW,188.0,13.941566467285156,12.302896499633787,-0.0068296492099761,6.429100513458252,9.446582794189451
23.757777777777783,86.4163888888889,0.018302,0,LOW,190.0,16.943212509155273,38.47515869140625,0.0056913741864264,7.77460241317749,9.218281745910645
23.757777777777783,86.41666666666667,0.019746,0,LOW,197.0,17.83658790588379,42.16463470458984,-0.003414824604988,7.831560134887695,9.121177673339844
23.757777777777783,86.41694444444445,0.016123,0,LOW,202.0,15.453715324401855,35.030372619628906,0.0,6.751314640045166,9.19933795928955
23.757777777777783,86.41722222222224,0.011264,0,LOW,206.0,11.256526947021484,33.62005615234375,-0.003414824604988,5.187829971313477,9.419536590576172
23.757777777777783,86.4175,0.006921,0,LOW,208.0,5.583623886108398,29.73429298400879,0.0011382749071344,3.130889415740967,9.999074935913086
23.757777777777783,86.41777777777779,0.005941,0,LOW,209.0,3.808784008026123,307.3876647949219,-0.0079679237678647,1.832491397857666,10.251683235168455
23.757777777777783,86.41805555555557,0.006032,0,LOW,205.0,3.9854736328125,297.65606689453125,0.0068296492099761,1.6996731758117676,10.09471321105957
23.757777777777783,86.41833333333334,0.005108,0,LOW,205.0,2.055208444595337,312.522705078125,-0.0011382749071344,0.9938079714775084,10.67297649383545
23.757777777777783,86.41861111111112,0.005115,0,LOW,204.0,2.07199501991272,282.9127502441406,-2.775557561562892e-17,0.9428090453147888,10.599126815795898
23.757777777777783,86.4188888888889,0.004989,0,LOW,203.0,1.7824501991271973,262.5362548828125,2.775557561562892e-17,0.7370277047157288,10.694610595703123
23.757777777777783,86.41916666666667,0.004815,0,LOW,202.0,1.3704655170440674,227.4773101806641,0.0022765498142689,0.6849349141120911,10.910283088684082
23.757777777777783,86.41944444444445,0.004739,0,LOW,202.0,1.185113549232483,192.3029022216797,2.775557561562892e-17,0.5665577054023743,11.021227836608888
23.757777777777783,86.41972222222223,0.004581,0,LOW,202.0,0.7922387719154358,253.00230407714844,-0.0011382749071344,0.6285393834114075,11.411209106445312
23.757777777777783,86.42000000000002,0.005115,0,LOW,201.0,2.07199501991272,282.9127502441406,0.0011382749071344,0.8748897910118103,10.46338939666748
23.757500000000004,86.41250000000001,0.005918,0,LOW,220.0,3.764074563980103,312.522705078125,-0.003414824604988,1.7638342380523682,10.024109840393066
23.757500000000004,86.41277777777779,0.008532,0,LOW,216.0,8.017727851867676,290.1442565917969,0.0045530996285378,3.3481154441833496,9.37606143951416
23.757500000000004,86.41305555555556,0.007678,0,LOW,211.0,6.790986061096191,285.7575988769531,0.0125210238620638,3.197221040725708,9.646790504455566
23.757500000000004,86.41333333333334,0.006491,0,LOW,210.0,4.837155342102051,278.2391052246094,0.0022765498142689,2.5724081993103027,10.079952239990234
23.757500000000004,86.41361111111112,0.006889,0,LOW,208.0,5.528800010681152,286.9976806640625,-0.0011382749071344,2.4845199584960938,10.036582946777344
23.757500000000004,86.41388888888889,0.007478,0,LOW,205.0,6.483141899108887,312.522705078125,0.003414824604988,3.0550503730773926,9.97541046142578
23.757500000000004,86.41416666666667,0.00973,0,LOW,203.0,9.54832649230957,324.7939758300781,0.0,4.346135139465332,9.686982154846191
23.757500000000004,86.41444444444446,0.013089,0,LOW,200.0,13.011707305908203,329.0002136230469,-8.326672684688674e-17,5.915036201477051,9.464455604553224
23.757500000000004,86.41472222222224,0.015277,0,LOW,197.0,14.821456909179688,336.4342956542969,-0.0022765498142689,6.528191566467285,9.403053283691406
23.757500000000004,86.415,0.017078,0,LOW,194.0,16.129579544067383,339.47760009765625,-2.775557561562892e-17,7.348469257354736,9.362034797668455
23.757500000000004,86.41527777777779,0.019978,0,LOW,191.0,17.974454879760742,330.71636962890625,-0.0045530996285378,7.894364356994629,9.2694730758667
23.757500000000004,86.41555555555557,0.022091,0,LOW,185.0,19.15977478027344,323.3963623046875,0.0,8.659541130065918,9.203169822692873
23.757500000000004,86.41583333333334,0.01941,0,LOW,179.0,17.634416580200195,334.5404968261719,0.003414824604988,7.931807994842529,9.283074378967283
23.757500000000004,86.41611111111112,0.017975,0,LOW,176.0,16.731178283691406,10.98939037322998,0.0170741230249404,7.617393970489502,9.326927185058594
23.757500000000004,86.4163888888889,0.022229,0,LOW,183.0,19.23318099975586,34.64930725097656,-0.0045530996285378,8.602325439453125,9.162920951843262
23.757500000000004,86.41666666666667,0.022528,0,LOW,189.0,19.391298294067383,39.69393539428711,-0.0022765498142689,8.564929962158203,9.124744415283203
23.757500000000004,86.41694444444445,0.018761,0,LOW,195.0,17.234098434448242,45.2756233215332,-0.0011382749071344,7.809459209442139,9.193325996398926
23.757500000000004,86.41722222222224,0.014052,0,LOW,200.0,13.842416763305664,57.2227897644043,0.0068296492099761,6.164413928985596,9.33186149597168
23.757500000000004,86.4175,0.008033,0,LOW,207.0,7.316715240478516,55.47999954223633,-0.0091061992570757,3.464101552963257,9.866843223571776
23.757500000000004,86.41777777777779,0.00592,0,LOW,207.0,3.7671732902526855,322.9500732421875,-0.0022765498142689,1.7638342380523682,10.411877632141112
23.757500000000004,86.41805555555557,0.006117,0,LOW,205.0,4.148559093475342,307.8105163574219,-0.0011382749071344,1.9436506032943728,10.204705238342283
23.757500000000004,86.41833333333334,0.005319,0,LOW,204.0,2.5252227783203125,336.4342956542969,0.0,1.1331154108047483,10.611042976379396
23.757500000000004,86.41861111111112,0.004992,0,LOW,204.0,1.789013385772705,334.9518127441406,-0.003414824604988,0.9428090453147888,10.87896728515625
23.757500000000004,86.4188888888889,0.004469,0,LOW,203.0,0.5051064491271973,270.0,0.0011382749071344,0.7370277047157288,12.072338104248049
23.757500000000004,86.41916666666667,0.004823,0,LOW,203.0,1.3894023895263672,180.0,-2.775557561562892e-17,0.6666666865348816,10.990693092346191
23.757500000000004,86.41944444444445,0.004992,0,LOW,203.0,1.789013385772705,205.04818725585935,-0.0011382749071344,0.7856742143630981,10.676077842712402
23.757500000000004,86.41972222222223,0.005133,0,LOW,202.0,2.112485885620117,236.7734832763672,0.0011382749071344,0.916245698928833,10.469799041748049
23.757500000000004,86.42000000000002,0.005133,0,LOW,201.0,2.112485885620117,236.7734832763672,0.0011382749071344,0.9558139443397522,10.464533805847168
23.757500000000004,86.42027777777778,0.00518,0,LOW,200.0,2.2168357372283936,160.02479553222656,0.0056913741864264,1.2472190856933594,10.446313858032228
23.757222222222225,86.41250000000001,0.005182,0,LOW,219.0,2.2216413021087646,245.36712646484372,0.0011382749071344,1.448711633682251,10.546863555908203
23.757222222222225,86.41277777777779,0.007981,0,LOW,217.0,7.240716934204102,249.51345825195312,-0.0011382749071344,3.154459953308105,9.485471725463867
23.757222222222225,86.41305555555556,0.007498,0,LOW,213.0,6.514632701873779,242.60055541992188,0.003414824604988,2.8458330631256104,9.715004920959473
23.757222222222225,86.41333333333334,0.007074,0,LOW,212.0,5.836845874786377,251.55767822265625,-0.0068296492099761,2.4944381713867188,9.945859909057615
23.757222222222225,86.41361111111112,0.008014,0,LOW,207.0,7.288326740264893,268.1887512207031,0.0045530996285378,2.935521125793457,9.845869064331056
23.757222222222225,86.41388888888889,0.008272,0,LOW,204.0,7.65726375579834,280.3932189941406,-0.0011382749071344,3.2126293182373047,9.923338890075684
23.757222222222225,86.41416666666667,0.011298,0,LOW,199.0,11.291871070861816,295.1600952148437,0.0045530996285378,5.230489730834961,9.645368576049805
23.757222222222225,86.41444444444446,0.016961,0,LOW,194.0,16.048551559448242,311.3357849121094,-0.0011382749071344,7.483314990997314,9.370960235595703
23.757222222222225,86.41472222222224,0.023188,0,LOW,188.0,19.732574462890625,328.92633056640625,0.003414824604988,9.433326721191406,9.204920768737791
23.757222222222225,86.415,0.029772,0,LOW,186.0,22.695905685424805,339.6464233398437,-0.0147975739091634,10.503379821777344,9.071791648864746
23.757222222222225,86.41527777777779,0.031002,0,LOW,181.0,23.17786979675293,340.7640075683594,-0.0056913741864264,10.72322940826416,9.043927192687988
23.757222222222225,86.41555555555557,0.027469,0,LOW,177.0,21.73897361755371,334.4599609375,-0.0102444738149642,10.023428916931152,9.098275184631348
23.757222222222225,86.41583333333334,0.020571,0,LOW,170.0,18.319074630737305,338.1126403808594,0.0056913741864264,8.379870414733887,9.267518997192385
23.757222222222225,86.41611111111112,0.016667,0,LOW,169.0,15.84324550628662,14.390217781066896,0.003414824604988,7.512951850891113,9.413052558898926
23.757222222222225,86.4163888888889,0.020891,0,LOW,173.0,18.500659942626957,38.25481796264648,0.0056913741864264,8.299933433532715,9.244807243347168
23.757222222222225,86.41666666666667,0.022615,0,LOW,179.0,19.4366397857666,47.4773063659668,0.0091061992570757,8.55627727508545,9.179341316223145
23.757222222222225,86.41694444444445,0.022764,0,LOW,188.0,19.51429557800293,59.11708831787109,0.003414824604988,8.332592964172363,9.138129234313965
23.757222222222225,86.41722222222224,0.018304,0,LOW,198.0,16.944353103637695,65.71263885498047,-0.0056913741864264,7.241853713989258,9.220768928527832
23.757222222222225,86.4175,0.009403,0,LOW,205.0,9.150527000427246,45.35735321044922,-0.0113827483728528,4.268749713897705,9.763938903808594
23.757222222222225,86.41777777777779,0.008153,0,LOW,205.0,7.488266468048096,342.4332580566406,-0.0068296492099761,3.4138424396514893,9.863252639770508
23.757222222222225,86.41805555555557,0.008058,0,LOW,203.0,7.35251522064209,340.0247802734375,-0.003414824604988,3.2923405170440674,9.784050941467283
23.757222222222225,86.41833333333334,0.007037,0,LOW,202.0,5.776169300079346,357.5024719238281,-0.0011382749071344,2.7125678062438965,9.943140983581545
23.757222222222225,86.41861111111112,0.006281,0,LOW,202.0,4.456379413604736,9.76911449432373,-2.775557561562892e-17,2.054804563522339,10.128747940063477
23.757222222222225,86.4188888888889,0.005619,0,LOW,203.0,3.162396192550659,28.60012626647949,-0.003414824604988,1.6178021430969238,10.396856307983398
23.757222222222225,86.41916666666667,0.004959,0,LOW,204.0,1.7128982543945312,47.4773063659668,-0.0045530996285378,1.1331154108047483,10.927131652832031
23.757222222222225,86.41944444444445,0.004469,0,LOW,204.0,0.5051064491271973,270.0,-0.003414824604988,0.6666666865348816,12.060730934143066
23.757222222222225,86.41972222222223,0.004986,0,LOW,203.0,1.7755566835403442,238.5594940185547,-0.0011382749071344,0.8164965510368347,10.72767448425293
23.757222222222225,86.42000000000002,0.005132,0,LOW,202.0,2.1094541549682617,208.60012817382807,0.0011382749071344,0.9938079714775084,10.513919830322266
23.757222222222225,86.42027777777778,0.005588,0,LOW,202.0,3.0980255603790283,145.2425537109375,0.0011382749071344,1.4229165315628052,10.133551597595217
23.756944444444446,86.41250000000001,0.005049,0,LOW,221.0,1.919797658920288,195.24888610839844,-0.0068296492099761,1.165343165397644,10.678949356079102
23.756944444444446,86.41277777777779,0.007291,0,LOW,219.0,6.188504219055176,243.42510986328125,-0.003414824604988,2.58198881149292,9.645936965942385
23.756944444444446,86.41305555555556,0.007881,0,LOW,215.0,7.094052314758301,247.05908203125,0.0011382749071344,2.8674416542053223,9.657976150512695
23.756944444444446,86.41333333333334,0.008272,0,LOW,212.0,7.65726375579834,259.6067810058594,2.775557561562892e-17,3.3370349407196045,9.734747886657717
23.756944444444446,86.41361111111112,0.008726,0,LOW,208.0,8.279573440551758,268.4081726074219,-0.0022765498142689,3.4462361335754395,9.811691284179688
23.756944444444446,86.41388888888889,0.009733,0,LOW,204.0,9.552383422851562,275.5138244628906,-0.0011382749071344,4.163331985473633,9.813800811767578
23.756944444444446,86.41416666666667,0.019169,0,LOW,199.0,17.487228393554688,287.93511962890625,-0.0113827483728528,8.184598922729492,9.306015014648438
23.756944444444446,86.41444444444446,0.033657,0,LOW,188.0,24.15823745727539,303.3499450683594,-0.003414824604988,11.259016036987305,9.026970863342283
23.756944444444446,86.41472222222224,0.041405,0,LOW,178.0,26.642852783203125,321.40460205078125,-0.0056913741864264,12.34783935546875,8.9396333694458
23.756944444444446,86.415,0.042316,0,LOW,168.0,26.905351638793945,337.5292358398437,0.0136592984199523,12.418623924255373,8.913033485412598
23.756944444444446,86.41527777777779,0.034734,0,LOW,165.0,24.53459930419922,349.4272766113281,0.0045530996285378,11.50308609008789,8.982542037963867
23.756944444444446,86.41555555555557,0.026415,0,LOW,163.0,21.274639129638672,344.9075622558594,0.0056913741864264,10.176224708557127,9.104212760925291
23.756944444444446,86.41583333333334,0.020297,0,LOW,160.0,18.16071891784668,346.7943420410156,0.003414824604988,8.429811477661133,9.253119468688965
23.756944444444446,86.41611111111112,0.01767,0,LOW,160.0,16.529821395874023,19.97521209716797,0.0079679237678647,7.586537837982178,9.35115909576416
23.756944444444446,86.4163888888889,0.020822,0,LOW,166.0,18.46215438842773,44.408084869384766,0.0011382749071344,8.07067584991455,9.24446964263916
23.756944444444446,86.41666666666667,0.023336,0,LOW,174.0,19.807769775390625,55.08262252807617,-0.0011382749071344,8.663817405700684,9.175621032714844
23.756944444444446,86.41694444444445,0.026441,0,LOW,183.0,21.286598205566406,58.05229949951172,2.775557561562892e-17,9.250959396362305,9.082996368408203
23.756944444444446,86.41722222222224,0.02401,0,LOW,194.0,20.144142150878903,50.27051544189453,-0.0136592984199523,8.819170951843262,9.100008964538574
23.756944444444446,86.4175,0.016111,0,LOW,200.0,15.44503116607666,20.547964096069336,-0.0147975739091634,7.272474765777588,9.314751625061035
23.756944444444446,86.41777777777779,0.015355,0,LOW,199.0,14.881519317626951,351.4140930175781,-0.0068296492099761,6.690697193145752,9.272466659545898
23.756944444444446,86.41805555555557,0.013571,0,LOW,197.0,13.434388160705566,356.826416015625,2.775557561562892e-17,6.146362781524658,9.299753189086914
23.756944444444446,86.41833333333334,0.011713,0,LOW,198.0,11.713576316833496,6.102085590362549,-0.0045530996285378,5.459163665771484,9.371753692626951
23.756944444444446,86.41861111111112,0.010921,0,LOW,199.0,10.895163536071776,9.224645614624023,-0.0068296492099761,4.966554641723633,9.383002281188965
23.756944444444446,86.4188888888889,0.010324,0,LOW,200.0,10.239961624145508,19.97521209716797,-0.0045530996285378,4.690415859222412,9.378141403198242
23.756944444444446,86.41916666666667,0.008566,0,LOW,202.0,8.064456939697266,27.817598342895508,-0.0056913741864264,3.83293080329895,9.535552024841309
23.756944444444446,86.41944444444445,0.006151,0,LOW,203.0,4.213204860687256,28.60012626647949,-0.003414824604988,2.403700828552246,10.084586143493652
23.756944444444446,86.41972222222223,0.00456,0,LOW,203.0,0.739273190498352,19.97521209716797,0.0,1.054092526435852,11.716511726379396
23.756944444444446,86.42000000000002,0.004634,0,LOW,203.0,0.9263691902160645,180.0,-0.0011382749071344,0.5665577054023743,11.404279708862305
23.756944444444446,86.42027777777778,0.005285,0,LOW,203.0,2.450753927230835,124.52000427246094,0.0022765498142689,1.0657403469085691,10.393609046936035
23.756944444444446,86.42055555555557,0.006016,0,LOW,205.0,3.9551517963409424,106.99769592285156,-0.0011382749071344,1.6178021430969238,9.928155899047852
23.75666666666667,86.41250000000001,0.00456,0,LOW,221.0,0.739273190498352,160.02479553222656,-0.0022765498142689,0.7856742143630981,11.616792678833008
23.75666666666667,86.41277777777779,0.006206,0,LOW,220.0,4.315837860107422,241.17881774902344,-0.0022765498142689,2.0061633586883545,10.009089469909668
23.75666666666667,86.41305555555556,0.008237,0,LOW,217.0,7.608089447021484,243.00216674804688,5.551115123125783e-17,3.107140302658081,9.616292953491213
23.75666666666667,86.41333333333334,0.010021,0,LOW,213.0,9.892141342163086,253.84909057617188,-0.0011382749071344,4.094561100006104,9.535886764526367
23.75666666666667,86.41361111111112,0.010123,0,LOW,207.0,10.009904861450195,267.3746643066406,0.0068296492099761,4.382907390594482,9.70595645904541
23.75666666666667,86.41388888888889,0.015146,0,LOW,204.0,14.720795631408691,286.9976806640625,-0.0102444738149642,7.16472864151001,9.467196464538574
23.75666666666667,86.41416666666667,0.041458,0,LOW,195.0,26.65827369689941,295.2619323730469,-0.0159358475357294,12.278657913208008,8.93289566040039
23.75666666666667,86.41444444444446,0.061011,0,LOW,178.0,31.356922149658203,302.9539794921875,-2.775557561562892e-17,14.229165077209473,8.79089641571045
23.75666666666667,86.41472222222224,0.042268,0,LOW,163.0,26.89157485961914,314.54266357421875,0.0147975739091634,12.027745246887209,8.964548110961914
23.75666666666667,86.415,0.021654,0,LOW,155.0,18.923887252807617,330.7530822753906,0.0147975739091634,8.982836723327637,9.301156997680664
23.75666666666667,86.41527777777779,0.014189,0,LOW,152.0,13.95583724975586,352.86749267578125,0.0204889476299285,6.79869270324707,9.551636695861816
23.75666666666667,86.41555555555557,0.013481,0,LOW,155.0,13.356724739074709,346.0340270996094,-0.0079679237678647,6.238075256347656,9.538909912109377
23.75666666666667,86.41583333333334,0.012308,0,LOW,150.0,12.292015075683594,349.5093994140625,0.0159358475357294,5.715476036071777,9.598093032836914
23.75666666666667,86.41611111111112,0.013443,0,LOW,152.0,13.32359218597412,31.410202026367188,0.0091061992570757,6.063450336456299,9.521145820617676
23.75666666666667,86.4163888888889,0.02003,0,LOW,158.0,18.004758834838867,50.630184173583984,0.0068296492099761,7.766658782958984,9.230433464050291
23.75666666666667,86.41666666666667,0.024421,0,LOW,167.0,20.34506225585937,53.93588638305664,0.0011382749071344,8.819170951843262,9.123469352722168
23.75666666666667,86.41694444444445,0.025692,0,LOW,176.0,20.945804595947266,47.4773063659668,-0.003414824604988,9.44117546081543,9.098183631896973
23.75666666666667,86.41722222222224,0.027121,0,LOW,183.0,21.587820053100582,36.187774658203125,5.551115123125783e-17,9.683892250061035,9.044805526733398
23.75666666666667,86.4175,0.022641,0,LOW,189.0,19.450061798095703,15.938902854919434,-0.0079679237678647,8.87498950958252,9.11364459991455
23.75666666666667,86.41777777777779,0.018524,0,LOW,188.0,17.084753036499023,358.3562927246094,0.0045530996285378,7.837862968444824,9.19329071044922
23.75666666666667,86.41805555555557,0.016049,0,LOW,188.0,15.400118827819824,3.6701292991638175,0.0045530996285378,7.12498664855957,9.242902755737305
23.75666666666667,86.41833333333334,0.016101,0,LOW,190.0,15.437631607055664,5.495818614959717,-0.003414824604988,6.977919101715088,9.18887996673584
23.75666666666667,86.41861111111112,0.01677,0,LOW,190.0,15.915864944458008,7.103681564331055,0.0022765498142689,7.135375499725342,9.112101554870604
23.75666666666667,86.4188888888889,0.016199,0,LOW,192.0,15.508875846862791,23.398845672607425,0.0011382749071344,6.928203105926514,9.088091850280762
23.75666666666667,86.41916666666667,0.013201,0,LOW,196.0,13.111393928527832,38.6478157043457,0.0011382749071344,6.036923408508301,9.187891006469728
23.75666666666667,86.41944444444445,0.008923,0,LOW,200.0,8.539615631103516,49.75151824951172,-0.0011382749071344,3.9440531730651855,9.517870903015137
23.75666666666667,86.41972222222223,0.005809,0,LOW,203.0,3.5477097034454346,58.55949401855469,-0.0045530996285378,1.968893885612488,10.268305778503418
23.75666666666667,86.42000000000002,0.004581,0,LOW,203.0,0.7922387719154358,73.00230407714844,0.0011382749071344,0.4714045226573944,11.639066696166992
23.75666666666667,86.42027777777778,0.005092,0,LOW,204.0,2.019641160964966,90.0,-0.0022765498142689,0.916245698928833,10.615917205810549
23.75666666666667,86.42055555555557,0.00568,0,LOW,205.0,3.2878224849700928,85.9648666381836,0.0011382749071344,1.4142135381698608,10.103647232055664
23.756388888888893,86.41277777777779,0.005278,0,LOW,221.0,2.4357128143310547,211.2075042724609,-0.0011382749071344,1.4229165315628052,10.58074188232422
23.756388888888893,86.41305555555556,0.007864,0,LOW,220.0,7.068422317504883,238.5594940185547,-0.0056913741864264,3.0225489139556885,9.711400032043455
23.756388888888893,86.41333333333334,0.011555,0,LOW,215.0,11.554997444152832,251.55767822265625,-0.0011382749071344,4.809968948364258,9.421926498413086
23.756388888888893,86.41361111111112,0.013596,0,LOW,209.0,13.455880165100098,264.181884765625,-0.003414824604988,5.659036159515381,9.465002059936523
23.756388888888893,86.41388888888889,0.025344,0,LOW,201.0,20.78449440002441,279.1927185058594,-0.0068296492099761,8.94565200805664,9.169022560119627
23.756388888888893,86.41416666666667,0.058383,0,LOW,185.0,30.816242218017575,284.5214538574219,0.0079679237678647,13.865313529968262,8.823253631591797
23.756388888888893,86.41444444444446,0.056238,0,LOW,166.0,30.357908248901367,288.5105285644531,0.0204889476299285,13.953184127807615,8.873872756958008
23.756388888888893,86.41472222222224,0.021289,0,LOW,154.0,18.723493576049805,296.1859741210937,0.0182123985141515,8.706460952758789,9.381221771240234
23.756388888888893,86.415,0.007698,0,LOW,150.0,6.821223735809326,312.522705078125,0.0125210238620638,3.823255777359009,10.332484245300291
23.756388888888893,86.41527777777779,0.006691,0,LOW,151.0,5.189964771270752,327.7354431152344,-0.0045530996285378,3.197221040725708,10.50380802154541
23.756388888888893,86.41555555555557,0.008992,0,LOW,148.0,8.628910064697266,328.4761657714844,0.0056913741864264,3.794082403182984,9.911487579345703
23.756388888888893,86.41583333333334,0.008071,0,LOW,147.0,7.370669364929199,0.0,-2.775557561562892e-17,3.6951754093170166,10.03888702392578
23.756388888888893,86.41611111111112,0.009536,0,LOW,148.0,9.314249992370604,53.73443603515625,0.0079679237678647,4.306182861328125,9.812664985656738
23.756388888888893,86.4163888888889,0.01428,0,LOW,153.0,14.030981063842772,64.10331726074219,0.0079679237678647,6.036923408508301,9.42593765258789
23.756388888888893,86.41666666666667,0.017894,0,LOW,161.0,16.67815399169922,55.47999954223633,0.0011382749071344,7.302967548370361,9.279765129089355
23.756388888888893,86.41694444444445,0.019772,0,LOW,168.0,17.85200309753418,40.03616714477539,-0.0022765498142689,7.916228294372559,9.227437019348145
23.756388888888893,86.41722222222224,0.02251,0,LOW,173.0,19.38153839111328,31.753324508666992,0.0011382749071344,8.692270278930664,9.13644790649414
23.756388888888893,86.4175,0.020091,0,LOW,178.0,18.04062271118164,21.43292617797852,-0.0011382749071344,8.055363655090332,9.188726425170898
23.756388888888893,86.41777777777779,0.015686,0,LOW,180.0,15.131752014160156,9.381563186645508,-0.0011382749071344,6.951329708099365,9.335756301879885
23.756388888888893,86.41805555555557,0.013673,0,LOW,181.0,13.522239685058594,7.371658802032471,-0.0011382749071344,6.2003583908081055,9.412371635437012
23.756388888888893,86.41833333333334,0.013571,0,LOW,181.0,13.434388160705566,3.17358136177063,0.003414824604988,6.036923408508301,9.38759422302246
23.756388888888893,86.41861111111112,0.013552,0,LOW,181.0,13.41806983947754,10.647720336914062,0.0056913741864264,6.063450336456299,9.366497039794922
23.756388888888893,86.4188888888889,0.015114,0,LOW,183.0,14.69627285003662,40.95478057861328,0.0125210238620638,6.5395283699035645,9.24375343322754
23.756388888888893,86.41916666666667,0.015463,0,LOW,191.0,14.96337604522705,59.05241394042969,5.551115123125783e-17,6.459752082824707,9.168434143066406
23.756388888888893,86.41944444444445,0.011298,0,LOW,197.0,11.291871070861816,64.83991241455078,0.0,4.724509239196777,9.358115196228027
23.756388888888893,86.41972222222223,0.007372,0,LOW,202.0,6.317302227020264,66.31803131103516,-0.0056913741864264,2.7888667583465576,9.802249908447266
23.756388888888893,86.42000000000002,0.00504,0,LOW,203.0,1.898866057395935,68.54389190673828,-0.0011382749071344,1.1331154108047483,10.845149993896484
23.756388888888893,86.42027777777778,0.005092,0,LOW,203.0,2.019641160964966,90.0,0.0045530996285378,0.8748897910118103,10.64866542816162
23.756388888888893,86.42055555555557,0.005338,0,LOW,205.0,2.566009759902954,79.60678100585938,-0.0011382749071344,1.0999438762664795,10.339953422546388
23.756388888888893,86.42083333333335,0.004739,0,LOW,206.0,1.185113549232483,347.6971130371094,-0.0022765498142689,0.7856742143630981,11.111116409301758
23.756111111111117,86.41277777777779,0.004407,0,LOW,222.0,0.3426776528358459,312.522705078125,-0.003414824604988,0.8748897910118103,12.535801887512209
23.756111111111117,86.41305555555556,0.006751,0,LOW,222.0,5.293695449829102,272.50048828125,-0.0113827483728528,2.4845199584960938,10.007322311401367
23.756111111111117,86.41333333333334,0.011006,0,LOW,217.0,10.985650062561035,267.613037109375,-0.0056913741864264,4.4721360206604,9.491850852966309
23.756111111111117,86.41361111111112,0.015631,0,LOW,210.0,15.0906982421875,265.70123291015625,-0.0045530996285378,6.073622226715088,9.374507904052734
23.756111111111117,86.41388888888889,0.030533,0,LOW,200.0,22.996458053588867,265.6298522949219,-0.0011382749071344,9.865765571594238,9.091660499572754
23.756111111111117,86.41416666666667,0.062911,0,LOW,185.0,31.73440742492676,266.2522277832031,-0.0022765498142689,14.384490966796877,8.820019721984863
23.756111111111117,86.41444444444446,0.05309,0,LOW,165.0,29.65439796447754,267.1511535644531,0.0136592984199523,13.349989891052246,8.927013397216797
23.756111111111117,86.41472222222224,0.017941,0,LOW,153.0,16.708694458007812,273.0877990722656,0.0136592984199523,7.795218467712402,9.512890815734863
23.756111111111117,86.415,0.007478,0,LOW,151.0,6.483141899108887,312.522705078125,-0.0079679237678647,3.5728745460510254,10.37397575378418
23.756111111111117,86.41527777777779,0.008162,0,LOW,150.0,7.502054214477539,322.9500732421875,-0.0113827483728528,3.381138563156128,10.100470542907717
23.756111111111117,86.41555555555557,0.009138,0,LOW,144.0,8.816438674926758,314.724365234375,0.0068296492099761,3.794082403182984,9.8392333984375
23.756111111111117,86.41583333333334,0.007573,0,LOW,142.0,6.630087852478027,13.152094841003418,0.0102444738149642,3.0912060737609863,10.083701133728027
23.756111111111117,86.41611111111112,0.01059,0,LOW,147.0,10.53635311126709,58.55949401855469,-0.0045530996285378,4.449996471405029,9.617664337158203
23.756111111111117,86.4163888888889,0.011806,0,LOW,152.0,11.805778503417969,62.34391784667969,-0.0022765498142689,5.279824256896973,9.529762268066406
23.756111111111117,86.41666666666667,0.012464,0,LOW,157.0,12.439290046691896,44.38035583496094,-0.0045530996285378,5.715476036071777,9.5076904296875
23.756111111111117,86.41694444444445,0.015598,0,LOW,160.0,15.065841674804688,29.423921585083008,0.0022765498142689,6.778688430786133,9.330930709838867
23.756111111111117,86.41722222222224,0.019262,0,LOW,164.0,17.54469871520996,31.055673599243164,0.0011382749071344,7.717224597930908,9.177776336669922
23.756111111111117,86.4175,0.017953,0,LOW,169.0,16.716798782348633,28.96928977966309,8.326672684688674e-17,7.5424723625183105,9.221550941467283
23.756111111111117,86.41777777777779,0.014632,0,LOW,172.0,14.315892219543455,18.11459350585937,-5.551115123125783e-17,6.394442081451416,9.366015434265137
23.756111111111117,86.41805555555557,0.012876,0,LOW,174.0,12.81980323791504,12.302896499633787,-0.0011382749071344,5.711154460906982,9.461318969726562
23.756111111111117,86.41833333333334,0.011278,0,LOW,175.0,11.271364212036133,6.349155902862549,-0.0011382749071344,5.094174861907959,9.5845308303833
23.756111111111117,86.41861111111112,0.010705,0,LOW,175.0,10.662115097045898,19.134653091430664,0.0056913741864264,4.755763053894043,9.643122673034668
23.756111111111117,86.4188888888889,0.015266,0,LOW,179.0,14.813443183898926,50.06003189086914,0.003414824604988,6.411794662475586,9.29992389678955
23.756111111111117,86.41916666666667,0.019872,0,LOW,188.0,17.91133689880371,62.4345932006836,-0.0079679237678647,7.6610283851623535,9.063888549804688
23.756111111111117,86.41944444444445,0.014757,0,LOW,195.0,14.415461540222168,67.82506561279297,-0.003414824604988,6.4940619468688965,9.202905654907228
23.756111111111117,86.41972222222223,0.009143,0,LOW,200.0,8.823485374450684,74.90518951416016,-0.0011382749071344,3.8618104457855225,9.55862045288086
23.756111111111117,86.42000000000002,0.005801,0,LOW,203.0,3.531358242034912,90.0,-0.0011382749071344,1.7069212198257446,10.296460151672363
23.756111111111117,86.42027777777778,0.004905,0,LOW,204.0,1.584174633026123,106.99769592285156,-0.0011382749071344,0.7370277047157288,10.92612648010254
23.756111111111117,86.42055555555557,0.004845,0,LOW,205.0,1.4410357475280762,61.17882537841797,-0.0022765498142689,0.8314794301986694,10.909783363342283
23.756111111111117,86.42083333333335,0.00486,0,LOW,205.0,1.4783002138137815,340.0247802734375,-0.0011382749071344,0.6666666865348816,10.852516174316406
23.756111111111117,86.42111111111112,0.005115,0,LOW,204.0,2.07199501991272,282.9127502441406,0.0011382749071344,1.0999438762664795,10.538254737854004
23.75583333333334,86.41277777777779,0.005984,0,LOW,221.0,3.892144203186035,333.0296936035156,-0.0045530996285378,1.8856180906295776,10.090893745422363
23.75583333333334,86.41305555555556,0.007698,0,LOW,219.0,6.821223735809326,312.522705078125,-0.0011382749071344,2.897423267364502,9.7369966506958
23.75583333333334,86.41333333333334,0.010003,0,LOW,216.0,9.870806694030762,290.3941955566406,-0.0056913741864264,4.216370105743408,9.588842391967772
23.75583333333334,86.41361111111112,0.013264,0,LOW,210.0,13.16690158843994,272.97149658203125,-0.0022765498142689,5.617433071136475,9.509387016296388
23.75583333333334,86.41388888888889,0.025627,0,LOW,203.0,20.91580581665039,262.7079467773437,-0.0125210238620638,9.018499374389648,9.195809364318848
23.75583333333334,86.41416666666667,0.057633,0,LOW,188.0,30.657882690429688,258.9918518066406,-0.0045530996285378,13.646326065063477,8.868803024291992
23.75583333333334,86.41444444444446,0.062556,0,LOW,168.0,31.664661407470703,258.2769470214844,0.0125210238620638,14.391355514526367,8.860390663146973
23.75583333333334,86.41472222222224,0.029455,0,LOW,154.0,22.568357467651367,265.5372314453125,0.0045530996285378,10.263202667236328,9.20680809020996
23.75583333333334,86.415,0.0102,0,LOW,144.0,10.098284721374512,296.9978332519531,0.0193506721407175,4.76354455947876,9.94636058807373
23.75583333333334,86.41527777777779,0.008229,0,LOW,144.0,7.596282005310059,328.0726013183594,0.0022765498142689,3.593547105789185,10.105356216430664
23.75583333333334,86.41555555555557,0.009155,0,LOW,142.0,8.838932991027832,312.522705078125,-0.0022765498142689,4.130584716796875,9.841729164123535
23.75583333333334,86.41583333333334,0.007917,0,LOW,139.0,7.147124767303467,2.014578104019165,0.0045530996285378,3.6514837741851807,9.993674278259276
23.75583333333334,86.41611111111112,0.012895,0,LOW,142.0,12.836780548095703,48.9757080078125,0.0045530996285378,5.452375411987305,9.377235412597656
23.75583333333334,86.4163888888889,0.012859,0,LOW,149.0,12.804397583007812,47.4773063659668,-0.0091061992570757,5.632796287536621,9.384832382202148
23.75583333333334,86.41666666666667,0.010663,0,LOW,151.0,10.616278648376465,32.744285583496094,0.0022765498142689,4.784233570098877,9.589559555053713
23.75583333333334,86.41694444444445,0.010945,0,LOW,153.0,10.920897483825684,25.725828170776367,0.0045530996285378,5.050363540649414,9.573158264160156
23.75583333333334,86.41722222222224,0.01401,0,LOW,155.0,13.806991577148438,36.29276657104492,0.0113827483728528,6.032832145690918,9.343146324157717
23.75583333333334,86.4175,0.015235,0,LOW,162.0,14.789507865905762,35.75775909423828,-0.003414824604988,6.497862815856934,9.281005859375
23.75583333333334,86.41777777777779,0.013355,0,LOW,165.0,13.247349739074709,21.99216079711914,-0.0011382749071344,5.8203558921813965,9.401784896850586
23.75583333333334,86.41805555555557,0.012264,0,LOW,167.0,12.2507963180542,21.43292617797852,0.0011382749071344,5.436501979827881,9.48918628692627
23.75583333333334,86.41833333333334,0.010453,0,LOW,169.0,10.38403606414795,13.919032096862791,0.0011382749071344,4.794544219970703,9.673160552978516
23.75583333333334,86.41861111111112,0.01083,0,LOW,170.0,10.797800064086914,17.48527717590332,0.0011382749071344,4.876246452331543,9.655786514282228
23.75583333333334,86.4188888888889,0.016408,0,LOW,173.0,15.65944766998291,45.040809631347656,0.003414824604988,6.993824481964111,9.285747528076172
23.75583333333334,86.41916666666667,0.025536,0,LOW,180.0,20.873685836791992,62.88190460205078,0.0102444738149642,9.067646980285645,8.957505226135254
23.75583333333334,86.41944444444445,0.022323,0,LOW,192.0,19.283451080322266,75.95796966552734,-0.0056913741864264,8.589399337768555,8.962650299072266
23.75583333333334,86.41972222222223,0.011958,0,LOW,199.0,11.955141067504885,92.1882553100586,0.003414824604988,5.363341331481934,9.316353797912598
23.75583333333334,86.42000000000002,0.005933,0,LOW,204.0,3.793570041656494,111.45610809326172,-0.0056913741864264,1.8724777698516848,10.281024932861328
23.75583333333334,86.42027777777778,0.004453,0,LOW,204.0,0.4632148444652557,0.0,-0.0011382749071344,0.7370277047157288,12.188145637512209
23.75583333333334,86.42055555555557,0.00486,0,LOW,204.0,1.4783002138137815,19.97521209716797,-2.775557561562892e-17,0.6666666865348816,10.885470390319824
23.75583333333334,86.42083333333335,0.00456,0,LOW,204.0,0.739273190498352,19.97521209716797,0.0011382749071344,0.6285393834114075,11.520182609558104
23.75583333333334,86.42111111111112,0.00456,0,LOW,204.0,0.739273190498352,199.97520446777344,0.0011382749071344,0.6285393834114075,11.53007698059082
23.75583333333334,86.4213888888889,0.005108,0,LOW,204.0,2.055208444595337,227.4773101806641,-0.0011382749071344,0.9428090453147888,10.548758506774902
23.75555555555556,86.41305555555556,0.006823,0,LOW,216.0,5.4168381690979,297.96514892578125,0.0022765498142689,2.3465235233306885,9.936004638671877
23.75555555555556,86.41333333333334,0.008132,0,LOW,213.0,7.459103107452393,282.481689453125,0.003414824604988,3.2317864894866943,9.833019256591797
23.75555555555556,86.41361111111112,0.010772,0,LOW,209.0,10.73513126373291,271.2217712402344,-5.551115123125783e-17,4.581228256225586,9.679737091064451
23.75555555555556,86.41388888888889,0.01917,0,LOW,203.0,17.488361358642578,263.3692932128906,-0.0045530996285378,7.646511554718018,9.35678482055664
23.75555555555556,86.41416666666667,0.042166,0,LOW,192.0,26.862428665161133,257.0872497558594,-0.0068296492099761,12.147244453430176,9.008426666259766
23.75555555555556,86.41444444444446,0.064883,0,LOW,176.0,32.11505126953125,252.7670440673828,-0.0091061992570757,14.332902908325195,8.845490455627441
23.75555555555556,86.41472222222224,0.047603,0,LOW,155.0,28.328351974487305,247.5156097412109,0.0239037722349166,12.455352783203123,8.973347663879395
23.75555555555556,86.415,0.017657,0,LOW,144.0,16.521480560302734,237.89328002929688,0.0239037722349166,7.842586994171143,9.486028671264648
23.75555555555556,86.41527777777779,0.00865,0,LOW,142.0,8.177470207214355,251.97467041015625,0.0056913741864264,5.050363540649414,10.09484577178955
23.75555555555556,86.41555555555557,0.009118,0,LOW,139.0,8.792013168334961,289.8630676269531,-0.0011382749071344,3.9721250534057617,9.908729553222656
23.75555555555556,86.41583333333334,0.00614,0,LOW,134.0,4.192017078399658,353.0917053222656,0.0147975739091634,2.766644239425659,10.570752143859863
23.75555555555556,86.41611111111112,0.010864,0,LOW,137.0,10.83456802368164,75.31758117675781,0.0113827483728528,5.1448163986206055,9.557759284973145
23.75555555555556,86.4163888888889,0.010789,0,LOW,143.0,10.754180908203123,86.33914947509766,0.0102444738149642,5.166368007659912,9.53317928314209
23.75555555555556,86.41666666666667,0.006906,0,LOW,147.0,5.5580902099609375,94.76567840576172,0.0102444738149642,3.059088945388794,10.182653427124023
23.75555555555556,86.41694444444445,0.005475,0,LOW,150.0,2.8613502979278564,75.95796966552734,0.003414824604988,2.1140329837799072,10.84445095062256
23.75555555555556,86.41722222222224,0.007538,0,LOW,151.0,6.576496124267578,53.41047286987305,0.0102444738149642,3.4318766593933105,10.023195266723633
23.75555555555556,86.4175,0.01026,0,LOW,156.0,10.16717529296875,37.91454315185547,-0.0011382749071344,4.570436477661133,9.611553192138672
23.75555555555556,86.41777777777779,0.011014,0,LOW,158.0,10.994918823242188,31.454578399658203,0.003414824604988,4.807401657104492,9.567557334899902
23.75555555555556,86.41805555555557,0.010244,0,LOW,161.0,10.149043083190918,45.56979370117188,0.0068296492099761,4.6693115234375,9.684588432312012
23.75555555555556,86.41833333333334,0.007261,0,LOW,165.0,6.141522407531738,37.91454315185547,-0.0022765498142689,3.1426968574523926,10.227931022644045
23.75555555555556,86.41861111111112,0.006453,0,LOW,164.0,4.769110679626465,43.3817253112793,0.0125210238620638,3.0951974391937256,10.515340805053713
23.75555555555556,86.4188888888889,0.01188,0,LOW,166.0,11.87877368927002,80.04000091552734,0.0227654967457056,5.4772257804870605,9.609759330749512
23.75555555555556,86.41916666666667,0.025331,0,LOW,176.0,20.778379440307617,87.55758666992188,0.0113827483728528,8.891666412353516,9.001052856445312
23.75555555555556,86.41944444444445,0.03039,0,LOW,189.0,22.94027709960937,91.0945281982422,0.0079679237678647,9.542627334594728,8.811925888061523
23.75555555555556,86.41972222222223,0.014475,0,LOW,203.0,14.189523696899414,96.4256591796875,-0.0193506721407175,5.962847709655762,9.1786470413208
23.75555555555556,86.42000000000002,0.004845,0,LOW,205.0,1.4410357475280762,118.82117462158205,-0.0056913741864264,1.7638342380523682,11.287127494812012
23.75555555555556,86.42027777777778,0.005133,0,LOW,203.0,2.112485885620117,303.2265319824219,0.0022765498142689,1.0657403469085691,10.699198722839355
23.75555555555556,86.42055555555557,0.004961,0,LOW,203.0,1.717559576034546,36.01567840576172,0.0011382749071344,0.8164966106414795,10.74982452392578
23.75555555555556,86.42083333333335,0.004989,0,LOW,204.0,1.7824501991271973,82.53627014160156,2.775557561562892e-17,0.8748897910118103,10.635631561279297
23.75555555555556,86.42111111111112,0.004539,0,LOW,205.0,0.6853308081626892,132.52268981933594,-0.0022765498142689,0.4714045226573944,11.585046768188477
23.75555555555556,86.4213888888889,0.004905,0,LOW,205.0,1.584174633026123,253.00230407714844,-0.0045530996285378,0.7370277047157288,10.780263900756836
23.75555555555556,86.42166666666668,0.006219,0,LOW,203.0,4.34105110168457,260.8072814941406,0.0,1.7638342380523682,9.813867568969728
23.75527777777778,86.41305555555556,0.006449,0,LOW,216.0,4.761790752410889,244.1033172607422,0.0022765498142689,2.0608041286468506,10.01724910736084
23.75527777777778,86.41333333333334,0.007578,0,LOW,214.0,6.638401031494141,245.36712646484372,-0.0011382749071344,2.806518077850342,9.887876510620115
23.75527777777778,86.41361111111112,0.010271,0,LOW,210.0,10.17941188812256,248.88690185546875,-5.551115123125783e-17,4.216370105743408,9.666576385498049
23.75527777777778,86.41388888888889,0.01653,0,LOW,204.0,15.74686336517334,252.4786071777344,2.775557561562892e-17,6.73300313949585,9.407158851623535
23.75527777777778,86.41416666666667,0.031457,0,LOW,195.0,23.351511001586918,253.68637084960935,-0.0045530996285378,10.26801300048828,9.125685691833496
23.75527777777778,86.41444444444446,0.050966,0,LOW,181.0,29.15713119506836,250.089599609375,0.0011382749071344,13.48341464996338,8.948993682861328
23.75527777777778,86.41472222222224,0.047113,0,LOW,167.0,28.202911376953125,239.6650390625,-0.003414824604988,12.978614807128906,8.9994535446167
23.75527777777778,86.415,0.031901,0,LOW,156.0,23.518524169921875,232.18946838378903,-0.003414824604988,10.24996280670166,9.159835815429688
23.75527777777778,86.41527777777779,0.019743,0,LOW,146.0,17.835025787353516,238.1500396728516,0.0011382749071344,8.041558265686035,9.37376594543457
23.75527777777778,86.41555555555557,0.011924,0,LOW,137.0,11.921685218811035,238.87147521972656,0.0182123985141515,5.173532009124756,9.691162109375
23.75527777777778,86.41583333333334,0.007988,0,LOW,134.0,7.251226425170898,170.0249786376953,0.0170741230249404,4.447221279144287,10.097798347473145
23.75527777777778,86.41611111111112,0.016332,0,LOW,139.0,15.604987144470217,126.39928436279295,0.0125210238620638,6.7072834968566895,9.225415229797363
23.75527777777778,86.4163888888889,0.016509,0,LOW,148.0,15.731627464294434,131.3105926513672,-0.0022765498142689,6.66851806640625,9.146306037902832
23.75527777777778,86.41666666666667,0.011236,0,LOW,153.0,11.228118896484377,153.6344451904297,-0.0079679237678647,5.115939617156982,9.445764541625977
23.75527777777778,86.41694444444445,0.008726,0,LOW,152.0,8.279925346374512,180.0,0.0079679237678647,3.852207899093628,9.73768424987793
23.75527777777778,86.41722222222224,0.005903,0,LOW,152.0,3.73476767539978,187.76187133789065,0.003414824604988,3.0225489139556885,10.561264991760254
23.75527777777778,86.4175,0.005285,0,LOW,152.0,2.450753927230835,55.47999954223633,0.0056913741864264,2.282515287399292,11.0376558303833
23.75527777777778,86.41777777777779,0.008427,0,LOW,153.0,7.872964859008789,73.00230407714844,0.0147975739091634,3.499559164047241,9.930098533630373
23.75527777777778,86.41805555555557,0.010547,0,LOW,160.0,10.488751411437988,90.0,-0.0011382749071344,4.499657154083252,9.695483207702637
23.75527777777778,86.41833333333334,0.00871,0,LOW,164.0,8.257845878601074,118.26189422607422,0.003414824604988,4.331908702850342,9.981204986572266
23.75527777777778,86.41861111111112,0.011499,0,LOW,166.0,11.498139381408691,142.6451873779297,0.0113827483728528,5.465943813323975,9.6705904006958
23.75527777777778,86.4188888888889,0.018296,0,LOW,171.0,16.939104080200195,133.64369201660156,0.0091061992570757,7.34006404876709,9.272741317749023
23.75527777777778,86.41916666666667,0.025766,0,LOW,179.0,20.9797477722168,116.28023529052734,0.0113827483728528,9.067646980285645,9.010878562927246
23.75527777777778,86.41944444444445,0.027774,0,LOW,192.0,21.870101928710938,102.20970153808594,-0.0045530996285378,9.451631546020508,8.878453254699707
23.75527777777778,86.41972222222223,0.013596,0,LOW,202.0,13.455880165100098,95.81810760498048,-0.0056913741864264,6.045097827911377,9.248047828674316
23.75527777777778,86.42000000000002,0.00456,0,LOW,205.0,0.739273190498352,160.02479553222656,-0.0056913741864264,1.3333333730697632,11.97606086730957
23.75527777777778,86.42027777777778,0.005475,0,LOW,202.0,2.8613502979278564,255.95797729492188,0.0068296492099761,1.3333333730697632,10.425827980041504
23.75527777777778,86.42055555555557,0.004668,0,LOW,202.0,1.0101343393325806,90.0,0.0045530996285378,0.7370277047157288,11.314300537109377
23.75527777777778,86.42083333333335,0.005182,0,LOW,204.0,2.2216413021087646,65.36711883544922,-0.0022765498142689,0.9558139443397522,10.439309120178224
23.75527777777778,86.42111111111112,0.004929,0,LOW,205.0,1.6403926610946655,8.854219436645508,-0.0045530996285378,0.8164966106414795,10.716825485229492
23.75527777777778,86.4213888888889,0.005107,0,LOW,204.0,2.0541701316833496,322.08544921875,0.0011382749071344,1.0304020643234253,10.505086898803713
23.75527777777778,86.42166666666668,0.005571,0,LOW,204.0,3.0629920959472656,278.6900329589844,-0.0068296492099761,1.4907119274139404,10.136761665344238
23.75527777777778,86.42194444444445,0.006612,0,LOW,201.0,5.051990032196045,251.33172607421875,0.0011382749071344,2.249828577041626,9.6682710647583
23.75527777777778,86.42222222222223,0.006644,0,LOW,199.0,5.10844087600708,223.65550231933597,-0.0022765498142689,2.309401035308838,9.682520866394045
23.755000000000003,86.41333333333334,0.006895,0,LOW,216.0,5.539562702178955,245.36712646484372,-0.003414824604988,2.403700828552246,9.989713668823242
23.755000000000003,86.41361111111112,0.008956,0,LOW,213.0,8.583248138427734,241.17881774902344,-0.0045530996285378,3.725123167037964,9.74889087677002
23.755000000000003,86.41388888888889,0.014911,0,LOW,208.0,14.537715911865234,242.11788940429688,-0.0045530996285378,6.146362781524658,9.402207374572754
23.755000000000003,86.41416666666667,0.027039,0,LOW,199.0,21.55189323425293,243.23439025878903,-0.0011382749071344,9.416297912597656,9.143170356750488
23.755000000000003,86.41444444444446,0.041629,0,LOW,187.0,26.70799446105957,241.17881774902344,0.0022765498142689,11.85092544555664,9.010974884033203
23.755000000000003,86.41472222222224,0.041205,0,LOW,173.0,26.58470344543457,235.0033264160156,0.0125210238620638,12.031850814819336,9.066694259643556
23.755000000000003,86.415,0.040283,0,LOW,164.0,26.31239891052246,235.09408569335935,-0.0022765498142689,11.794537544250488,9.072453498840332
23.755000000000003,86.41527777777779,0.031017,0,LOW,150.0,23.183801651000977,231.4663848876953,0.0170741230249404,10.718623161315918,9.164155960083008
23.755000000000003,86.41555555555557,0.020484,0,LOW,145.0,18.268781661987305,209.60775756835935,0.0045530996285378,8.198163032531738,9.340742111206056
23.755000000000003,86.41583333333334,0.017315,0,LOW,141.0,16.291109085083008,174.8077850341797,0.0182123985141515,7.53919792175293,9.361729621887209
23.755000000000003,86.41611111111112,0.017775,0,LOW,148.0,16.5992431640625,139.41085815429688,-0.003414824604988,7.319852828979492,9.23682689666748
23.755000000000003,86.4163888888889,0.012238,0,LOW,155.0,12.225543975830078,129.36981201171875,-0.0125210238620638,5.7348833084106445,9.45970630645752
23.755000000000003,86.41666666666667,0.008145,0,LOW,158.0,7.477535724639893,140.3502655029297,-0.0068296492099761,3.774508476257324,9.891651153564451
23.755000000000003,86.41694444444445,0.007395,0,LOW,160.0,6.3535919189453125,191.4164123535156,-0.0159358475357294,3.0550503730773926,10.03408145904541
23.755000000000003,86.41722222222224,0.00819,0,LOW,156.0,7.54171895980835,214.4724884033203,-0.0022765498142689,3.464101552963257,9.89454460144043
23.755000000000003,86.4175,0.007809,0,LOW,152.0,6.986595153808594,171.7276153564453,0.0159358475357294,3.624334812164306,10.044626235961914
23.755000000000003,86.41777777777779,0.014366,0,LOW,155.0,14.100872993469238,132.52268981933594,0.0102444738149642,6.887096405029297,9.40706729888916
23.755000000000003,86.41805555555557,0.021429,0,LOW,161.0,18.80105400085449,133.52554321289062,0.0159358475357294,8.731947898864746,9.164528846740724
23.755000000000003,86.41833333333334,0.023375,0,LOW,168.0,19.82724380493164,144.92864990234375,0.0113827483728528,9.104333877563477,9.140027046203612
23.755000000000003,86.41861111111112,0.025357,0,LOW,175.0,20.79045867919922,150.81582641601562,0.003414824604988,9.21083641052246,9.09423828125
23.755000000000003,86.4188888888889,0.023188,0,LOW,181.0,19.732574462890625,148.9263153076172,0.0,8.778480529785156,9.131044387817385
23.755000000000003,86.41916666666667,0.019333,0,LOW,187.0,17.588043212890625,132.52268981933594,-0.0011382749071344,8.038487434387207,9.201834678649902
23.755000000000003,86.41944444444445,0.017793,0,LOW,194.0,16.611312866210938,108.97796630859376,0.003414824604988,7.423686027526855,9.16610050201416
23.755000000000003,86.41972222222223,0.011283,0,LOW,203.0,11.276161193847656,95.81810760498048,-0.0091061992570757,4.807401657104492,9.426222801208496
23.755000000000003,86.42000000000002,0.004709,0,LOW,206.0,1.1112383604049685,114.63288116455078,-0.0079679237678647,1.4142135381698608,11.582550048828123
23.755000000000003,86.42027777777778,0.005545,0,LOW,204.0,3.0070974826812744,247.37139892578125,-0.0011382749071344,1.3146843910217283,10.414423942565918
23.755000000000003,86.42055555555557,0.004539,0,LOW,203.0,0.6853308081626892,227.4773101806641,0.0,0.8164965510368347,11.75766658782959
23.755000000000003,86.42083333333335,0.00486,0,LOW,203.0,1.4783002138137815,19.97521209716797,2.775557561562892e-17,0.9428090453147888,10.901008605957031
23.755000000000003,86.42111111111112,0.005334,0,LOW,203.0,2.558522939682007,354.3387145996094,0.0011382749071344,1.154700517654419,10.306151390075684
23.755000000000003,86.4213888888889,0.005379,0,LOW,203.0,2.6561105251312256,343.4378967285156,-0.0022765498142689,1.196703314781189,10.253061294555664
23.755000000000003,86.42166666666668,0.004821,0,LOW,202.0,1.3836336135864258,326.8046875,0.003414824604988,1.0657403469085691,10.912059783935549
23.755000000000003,86.42194444444445,0.00533,0,LOW,202.0,2.5493571758270264,243.00216674804688,-0.0022765498142689,1.4142135381698608,10.32192611694336
23.755000000000003,86.42222222222223,0.005779,0,LOW,200.0,3.48730993270874,210.41978454589844,0.0045530996285378,1.7497795820236206,10.03722095489502
23.755000000000003,86.42250000000001,0.006266,0,LOW,201.0,4.427053928375244,199.97520446777344,-0.0068296492099761,2.0,9.826292037963867
23.754722222222227,86.41333333333334,0.006272,0,LOW,216.0,4.438055515289307,254.9051818847656,0.0011382749071344,1.8724777698516848,10.119383811950684
23.754722222222227,86.41361111111112,0.006979,0,LOW,214.0,5.680004119873047,248.5438995361328,5.551115123125783e-17,2.624669313430786,10.054265022277832
23.754722222222227,86.41388888888889,0.010483,0,LOW,212.0,10.418377876281738,242.50331115722656,-0.0102444738149642,4.802262783050537,9.628824234008787
23.754722222222227,86.41416666666667,0.018579,0,LOW,205.0,17.11971664428711,231.915283203125,-0.0022765498142689,7.884975433349609,9.285726547241213
23.754722222222227,86.41444444444446,0.036015,0,LOW,197.0,24.968172073364254,226.0107421875,-0.003414824604988,11.440668106079102,9.009486198425291
23.754722222222227,86.41472222222224,0.050288,0,LOW,185.0,28.994430541992188,223.1609039306641,0.0056913741864264,13.26742935180664,8.924602508544922
23.754722222222227,86.415,0.058332,0,LOW,175.0,30.805700302124023,224.6132354736328,-0.0022765498142689,14.548344612121582,8.889404296875
23.754722222222227,86.41527777777779,0.04845,0,LOW,160.0,28.542200088500977,218.0192108154297,0.0216272231191396,13.339813232421877,8.971001625061035
23.754722222222227,86.41555555555557,0.031698,0,LOW,156.0,23.442596435546875,203.9927978515625,0.0045530996285378,11.059882164001465,9.146100997924805
23.754722222222227,86.41583333333334,0.018367,0,LOW,153.0,16.984603881835938,191.6565704345703,5.551115123125783e-17,8.198163032531738,9.413726806640623
23.754722222222227,86.41611111111112,0.008786,0,LOW,154.0,8.359265327453613,164.3365478515625,-0.003414824604988,5.363341331481934,10.044974327087402
23.754722222222227,86.4163888888889,0.005816,0,LOW,155.0,3.5614569187164307,82.53627014160156,-0.0011382749071344,3.0225489139556885,10.80566692352295
23.754722222222227,86.41666666666667,0.007261,0,LOW,158.0,6.141522407531738,37.91454315185547,-0.0068296492099761,3.034777879714966,10.18834400177002
23.754722222222227,86.41694444444445,0.006765,0,LOW,160.0,5.317748546600342,357.2856140136719,-0.0136592984199523,2.793290138244629,10.316004753112791
23.754722222222227,86.41722222222224,0.004961,0,LOW,158.0,1.717559576034546,323.9843139648437,-0.003414824604988,3.0225489139556885,11.488072395324709
23.754722222222227,86.4175,0.008643,0,LOW,159.0,8.168563842773438,132.52268981933594,-0.0056913741864264,4.848316669464111,9.99513339996338
23.754722222222227,86.41777777777779,0.022991,0,LOW,163.0,19.63150405883789,127.73160552978516,0.0068296492099761,9.006170272827148,9.15651512145996
23.754722222222227,86.41805555555557,0.035176,0,LOW,175.0,24.685998916625977,134.00833129882812,-0.0147975739091634,11.288582801818848,8.947226524353027
23.754722222222227,86.41833333333334,0.035757,0,LOW,182.0,24.882099151611328,145.893310546875,-0.0045530996285378,11.508451461791992,8.946220397949219
23.754722222222227,86.41861111111112,0.030082,0,LOW,188.0,22.8189640045166,155.88409423828125,-0.0045530996285378,10.446807861328123,9.019444465637209
23.754722222222227,86.4188888888889,0.021412,0,LOW,191.0,18.791194915771484,161.88540649414062,-0.0011382749071344,8.736187934875488,9.182243347167969
23.754722222222227,86.41916666666667,0.014646,0,LOW,193.0,14.327783584594728,154.43991088867188,0.0056913741864264,6.657401084899902,9.395254135131836
23.754722222222227,86.41944444444445,0.010987,0,LOW,197.0,10.966055870056152,127.22937774658205,0.0022765498142689,5.3124589920043945,9.569358825683594
23.754722222222227,86.41972222222223,0.008839,0,LOW,202.0,8.429353713989258,101.00814819335938,-5.551115123125783e-17,3.8425815105438232,9.707050323486328
23.754722222222227,86.42000000000002,0.005545,0,LOW,205.0,3.0070974826812744,112.62859344482422,-0.0022765498142689,2.0,10.597983360290527
23.754722222222227,86.42027777777778,0.005822,0,LOW,204.0,3.574545383453369,205.04818725585935,0.0056913741864264,1.8724777698516848,10.28600788116455
23.754722222222227,86.42055555555557,0.006093,0,LOW,203.0,4.103073120117188,217.91455078125,0.0045530996285378,2.108185052871704,10.035475730895996
23.754722222222227,86.42083333333335,0.005133,0,LOW,202.0,2.112485885620117,236.7734832763672,0.0045530996285378,1.4740554094314575,10.617948532104492
23.754722222222227,86.42111111111112,0.004709,0,LOW,202.0,1.1112383604049685,294.63287353515625,-2.775557561562892e-17,0.8314794301986694,11.199771881103516
23.754722222222227,86.4213888888889,0.00456,0,LOW,201.0,0.739273190498352,340.0247802734375,0.0056913741864264,0.5665577054023743,11.563000679016112
23.754722222222227,86.42166666666668,0.004668,0,LOW,202.0,1.0101343393325806,90.0,2.775557561562892e-17,0.6285393834114075,11.225234985351562
23.754722222222227,86.42194444444445,0.004739,0,LOW,203.0,1.185113549232483,192.3029022216797,-0.003414824604988,0.8748897910118103,11.063802719116213
23.754722222222227,86.42222222222223,0.00518,0,LOW,202.0,2.2168357372283936,199.97520446777344,2.775557561562892e-17,0.9938079714775084,10.459026336669922
23.754722222222227,86.42250000000001,0.005319,0,LOW,202.0,2.5252227783203125,203.5656890869141,-0.0011382749071344,1.257078766822815,10.363245010375977
23.754722222222227,86.42277777777778,0.006117,0,LOW,201.0,4.148559093475342,232.18946838378903,-0.0011382749071344,2.0,9.895150184631348
23.75444444444445,86.41388888888889,0.007074,0,LOW,212.0,5.836845874786377,251.55767822265625,0.0011382749071344,2.8846123218536377,10.07282543182373
23.75444444444445,86.41416666666667,0.00913,0,LOW,210.0,8.80681324005127,223.06578063964844,-0.003414824604988,4.73234224319458,9.830013275146484
23.75444444444445,86.41444444444446,0.018253,0,LOW,208.0,16.91122055053711,220.7243194580078,-0.0159358475357294,8.171011924743652,9.312084197998049
23.75444444444445,86.41472222222224,0.035069,0,LOW,200.0,24.64950942993164,221.51466369628903,-0.0125210238620638,11.268879890441896,9.02424144744873
23.75444444444445,86.415,0.053791,0,LOW,189.0,29.814496994018555,219.10678100585935,-0.0011382749071344,14.140389442443848,8.883728981018066
23.75444444444445,86.41527777777779,0.058152,0,LOW,178.0,30.76781463623047,214.7574462890625,0.0011382749071344,14.330318450927734,8.881680488586426
23.75444444444445,86.41555555555557,0.041994,0,LOW,170.0,26.813217163085938,214.53350830078125,-0.003414824604988,12.67543601989746,9.037779808044434
23.75444444444445,86.41583333333334,0.021934,0,LOW,161.0,19.075511932373047,220.54953002929688,0.0068296492099761,9.081252098083496,9.371994018554688
23.75444444444445,86.41611111111112,0.010386,0,LOW,157.0,10.30988883972168,240.7326202392578,-0.0022765498142689,5.691666126251221,9.94340705871582
23.75444444444445,86.4163888888889,0.006654,0,LOW,152.0,5.126501560211182,312.522705078125,0.0079679237678647,3.464101552963257,10.573827743530272
23.75444444444445,86.41666666666667,0.009083,0,LOW,153.0,8.747159957885742,3.2846953868865967,-0.0022765498142689,4.076430320739746,9.97894287109375
23.75444444444445,86.41694444444445,0.009604,0,LOW,152.0,9.397086143493652,12.302896499633787,0.0068296492099761,4.184037685394287,9.89329433441162
23.75444444444445,86.41722222222224,0.008656,0,LOW,154.0,8.185340881347656,66.83094787597656,0.0068296492099761,5.12317419052124,10.064257621765137
23.75444444444445,86.4175,0.016728,0,LOW,158.0,15.886260986328123,111.6725082397461,0.0182123985141515,7.627111911773682,9.433483123779297
23.75444444444445,86.41777777777779,0.031441,0,LOW,169.0,23.345497131347656,119.7615203857422,0.0056913741864264,10.055401802062988,9.058995246887209
23.75444444444445,86.41805555555557,0.036312,0,LOW,181.0,25.066638946533203,122.98981475830078,0.0022765498142689,11.135528564453123,8.989420890808105
23.75444444444445,86.41833333333334,0.028337,0,LOW,193.0,22.10846519470215,133.36314392089844,-0.0091061992570757,9.592949867248535,9.104000091552734
23.75444444444445,86.41861111111112,0.018794,0,LOW,200.0,17.254777908325195,153.89938354492188,-0.0147975739091634,7.889671325683594,9.315630912780762
23.75444444444445,86.4188888888889,0.015581,0,LOW,201.0,15.052531242370604,167.6970977783203,-0.0045530996285378,6.929985046386719,9.383673667907717
23.75444444444445,86.41916666666667,0.013967,0,LOW,202.0,13.771389961242676,171.7276153564453,-0.0045530996285378,6.190394878387451,9.388166427612305
23.75444444444445,86.41944444444445,0.011375,0,LOW,201.0,11.371402740478516,164.75111389160156,0.0079679237678647,5.404616355895996,9.485885620117188
23.75444444444445,86.41972222222223,0.010044,0,LOW,203.0,9.91945743560791,146.32127380371094,0.0079679237678647,4.700932502746582,9.514640808105469
23.75444444444445,86.42000000000002,0.009555,0,LOW,206.0,9.33672332763672,149.37643432617188,0.0068296492099761,4.297573089599609,9.462054252624512
23.75444444444445,86.42027777777778,0.009253,0,LOW,209.0,8.962591171264648,181.60157775878903,-0.0045530996285378,4.021546840667725,9.399003982543944
23.75444444444445,86.42055555555557,0.009616,0,LOW,207.0,9.411270141601562,208.60012817382807,8.326672684688674e-17,4.157397270202637,9.26222801208496
23.75444444444445,86.42083333333335,0.00819,0,LOW,204.0,7.54171895980835,214.4724884033203,0.0045530996285378,3.359159231185913,9.41437530517578
23.75444444444445,86.42111111111112,0.006474,0,LOW,202.0,4.807541847229004,215.2060089111328,0.0068296492099761,2.408831596374512,9.801872253417969
23.75444444444445,86.4213888888889,0.00518,0,LOW,202.0,2.2168357372283936,199.97520446777344,2.775557561562892e-17,1.342560648918152,10.515076637268066
23.75444444444445,86.42166666666668,0.004675,0,LOW,202.0,1.0279349088668823,132.52268981933594,0.0022765498142689,0.6666666865348816,11.231988906860352
23.75444444444445,86.42194444444445,0.004469,0,LOW,203.0,0.5051064491271973,90.0,-0.0022765498142689,0.4969039857387543,11.91493797302246
23.75444444444445,86.42222222222223,0.004453,0,LOW,203.0,0.4632148444652557,180.0,-0.0011382749071344,0.4714045226573944,12.006547927856444
23.75444444444445,86.42250000000001,0.004845,0,LOW,203.0,1.4410357475280762,241.17881774902344,-0.0022765498142689,0.7856742143630981,10.901050567626951
23.75444444444445,86.42277777777778,0.005931,0,LOW,202.0,3.7899327278137207,273.4985656738281,-0.0045530996285378,1.632993221282959,9.964313507080078
23.75444444444445,86.42305555555556,0.006652,0,LOW,199.0,5.121767520904541,280.3932189941406,0.0011382749071344,2.1314806938171387,9.672592163085938
23.75416666666667,86.415,0.027121,0,LOW,202.0,21.587820053100582,216.18777465820312,-0.0102444738149642,10.166515350341797,9.152339935302734
23.75416666666667,86.41527777777779,0.044505,0,LOW,194.0,27.51387405395508,216.93084716796875,-0.0091061992570757,12.485053062438965,8.961929321289062
23.75416666666667,86.41555555555557,0.053729,0,LOW,182.0,29.800466537475582,219.70407104492188,0.003414824604988,13.819828033447266,8.910831451416016
23.75416666666667,86.41583333333334,0.047133,0,LOW,170.0,28.20807266235352,223.65550231933597,0.0113827483728528,12.896549224853516,8.981547355651855
23.75416666666667,86.41611111111112,0.03114,0,LOW,159.0,23.230772018432617,232.2550506591797,0.0147975739091634,11.103330612182615,9.179067611694336
23.75416666666667,86.4163888888889,0.013214,0,LOW,150.0,13.123085021972656,236.298583984375,0.0216272231191396,6.756798267364502,9.749247550964355
23.75416666666667,86.41666666666667,0.006115,0,LOW,148.0,4.144464492797852,213.1953125,0.0136592984199523,3.8904757499694815,10.883464813232422
23.75416666666667,86.41694444444445,0.008423,0,LOW,147.0,7.868791103363037,130.05169677734375,0.0261803232133388,4.939135551452637,10.22589874267578
23.75416666666667,86.41722222222224,0.024073,0,LOW,154.0,20.175296783447266,124.13047790527344,0.0182123985141515,9.776515007019045,9.25932502746582
23.75416666666667,86.4175,0.043022,0,LOW,166.0,27.104692459106445,129.18569946289062,0.0102444738149642,12.038005828857422,8.94558048248291
23.75416666666667,86.41777777777779,0.042554,0,LOW,179.0,26.972909927368164,131.8518524169922,-0.0022765498142689,12.218181610107422,8.953004837036133
23.75416666666667,86.41805555555557,0.036922,0,LOW,189.0,25.26612091064453,127.45265197753906,0.0045530996285378,11.27216625213623,8.99889087677002
23.75416666666667,86.41833333333334,0.022811,0,LOW,201.0,19.53848648071289,129.6353759765625,-0.0113827483728528,8.705042839050293,9.22107219696045
23.75416666666667,86.41861111111112,0.012339,0,LOW,205.0,12.321699142456056,148.35296630859375,-0.0022765498142689,5.685154914855957,9.619550704956056
23.75416666666667,86.4188888888889,0.011378,0,LOW,207.0,11.37434196472168,160.81143188476562,5.551115123125783e-17,5.020943641662598,9.60592269897461
23.75416666666667,86.41916666666667,0.011965,0,LOW,209.0,11.961926460266112,172.82872009277344,-0.003414824604988,5.374838352203369,9.459696769714355
23.75416666666667,86.41944444444445,0.012372,0,LOW,209.0,12.352787017822266,175.38204956054688,-0.0011382749071344,5.486234188079834,9.336183547973633
23.75416666666667,86.41972222222223,0.012228,0,LOW,210.0,12.216322898864746,162.218017578125,0.0011382749071344,5.436501979827881,9.26022720336914
23.75416666666667,86.42000000000002,0.010482,0,LOW,213.0,10.417329788208008,157.4416961669922,-0.0045530996285378,4.666666507720947,9.340951919555664
23.75416666666667,86.42027777777778,0.008118,0,LOW,215.0,7.438065052032471,187.76187133789065,-0.0113827483728528,3.725123167037964,9.609407424926758
23.75416666666667,86.42055555555557,0.008889,0,LOW,212.0,8.495500564575195,218.2956695556641,-0.003414824604988,3.725123167037964,9.410881996154783
23.75416666666667,86.42083333333335,0.009168,0,LOW,209.0,8.855290412902832,216.4527587890625,-0.0022765498142689,3.774508476257324,9.309666633605955
23.75416666666667,86.42111111111112,0.008665,0,LOW,206.0,8.198390007019043,215.54302978515625,5.551115123125783e-17,3.4462361335754395,9.32611083984375
23.75416666666667,86.4213888888889,0.006883,0,LOW,203.0,5.518482208251953,213.1953125,0.0068296492099761,2.624669313430786,9.658661842346191
23.75416666666667,86.42166666666668,0.005278,0,LOW,203.0,2.4357128143310547,211.2075042724609,-0.0011382749071344,1.4740554094314575,10.413987159729004
23.75416666666667,86.42194444444445,0.004453,0,LOW,202.0,0.4632148444652557,180.0,0.0045530996285378,0.5665577054023743,12.02747631072998
23.75416666666667,86.42222222222223,0.004407,0,LOW,203.0,0.3426776528358459,47.4773063659668,-0.0011382749071344,0.4157397150993347,12.314538955688477
23.75416666666667,86.42250000000001,0.00504,0,LOW,203.0,1.898866057395935,291.45611572265625,-0.003414824604988,0.8164966106414795,10.6176118850708
23.75416666666667,86.42277777777778,0.006376,0,LOW,201.0,4.629415988922119,281.5186462402344,-5.551115123125783e-17,1.8724777698516848,9.748510360717772
23.75416666666667,86.42305555555556,0.006652,0,LOW,198.0,5.121767520904541,280.3932189941406,0.0022765498142689,2.108185052871704,9.653972625732422
23.75388888888889,86.41583333333334,0.080416,0,LOW,188.0,34.78622055053711,213.0736083984375,-0.0056913741864264,16.870603561401367,8.712910652160645
23.75388888888889,86.41611111111112,0.095115,0,LOW,172.0,36.910247802734375,215.10903930664065,0.0193506721407175,18.31682777404785,8.658568382263184
23.75388888888889,86.4163888888889,0.068017,0,LOW,160.0,32.69840240478516,207.3910675048828,0.0250420477241277,16.328418731689453,8.814306259155273
23.75388888888889,86.41666666666667,0.044166,0,LOW,154.0,27.42141342163086,188.30450439453125,0.0307334214448928,13.928388595581056,9.014586448669434
23.75388888888889,86.41694444444445,0.041955,0,LOW,157.0,26.80200958251953,163.78639221191406,0.0182123985141515,12.87643051147461,9.029059410095217
23.75388888888889,86.41722222222224,0.054998,0,LOW,165.0,30.08531951904297,141.3975830078125,0.0170741230249404,14.06686019897461,8.882428169250488
23.75388888888889,86.4175,0.053764,0,LOW,182.0,29.808311462402344,134.3107452392578,-0.0182123985141515,13.79837131500244,8.877020835876465
23.75388888888889,86.41777777777779,0.036746,0,LOW,190.0,25.208864212036133,136.8782196044922,5.551115123125783e-17,11.678829193115234,9.036036491394045
23.75388888888889,86.41805555555557,0.029102,0,LOW,199.0,22.425146102905277,132.52268981933594,-0.003414824604988,10.03327751159668,9.100744247436523
23.75388888888889,86.41833333333334,0.017769,0,LOW,207.0,16.595800399780273,135.9613037109375,-0.0056913741864264,7.641665935516357,9.33159637451172
23.75388888888889,86.41861111111112,0.011764,0,LOW,210.0,11.763867378234863,150.8674774169922,0.0011382749071344,5.185449600219727,9.58039093017578
23.75388888888889,86.4188888888889,0.010757,0,LOW,213.0,10.718584060668944,156.6789093017578,-0.0022765498142689,4.6693115234375,9.568602561950684
23.75388888888889,86.41916666666667,0.009747,0,LOW,215.0,9.56929874420166,169.4538116455078,-0.0045530996285378,4.314774990081787,9.592185020446776
23.75388888888889,86.41944444444445,0.009475,0,LOW,215.0,9.238511085510254,173.77682495117188,-0.0011382749071344,4.1365580558776855,9.553232192993164
23.75388888888889,86.41972222222223,0.008905,0,LOW,216.0,8.51608657836914,166.37863159179688,-0.0022765498142689,3.741657495498657,9.574444770812988
23.75388888888889,86.42000000000002,0.006765,0,LOW,217.0,5.317748546600342,177.28561401367188,-0.0045530996285378,2.819683790206909,9.997382164001465
23.75388888888889,86.42027777777778,0.005979,0,LOW,216.0,3.883143663406372,237.5890350341797,-0.0022765498142689,2.108185052871704,10.26728630065918
23.75388888888889,86.42055555555557,0.006438,0,LOW,214.0,4.74287223815918,253.00230407714844,-0.003414824604988,2.1487865447998047,10.024177551269531
23.75388888888889,86.42083333333335,0.006522,0,LOW,212.0,4.892572402954102,235.47999572753903,-0.003414824604988,2.2607767581939697,9.948650360107422
23.75388888888889,86.42111111111112,0.007478,0,LOW,210.0,6.483141899108887,227.4773101806641,-0.0045530996285378,2.819683790206909,9.61329460144043
23.75388888888889,86.4213888888889,0.007685,0,LOW,207.0,6.8004584312438965,224.6132354736328,-0.0022765498142689,2.7888667583465576,9.503226280212402
23.75388888888889,86.42166666666668,0.006644,0,LOW,204.0,5.10844087600708,223.65550231933597,0.0045530996285378,2.2607767581939697,9.725398063659668
23.75388888888889,86.42194444444445,0.005258,0,LOW,203.0,2.392256498336792,219.27735900878903,0.0011382749071344,1.342560648918152,10.430609703063965
23.75388888888889,86.42222222222223,0.004539,0,LOW,203.0,0.6853308081626892,227.4773101806641,-0.0011382749071344,0.5665577054023743,11.652043342590332
23.75388888888889,86.42250000000001,0.005092,0,LOW,202.0,2.019641160964966,270.0,0.0022765498142689,0.916245698928833,10.570313453674316
23.75388888888889,86.42277777777778,0.006193,0,LOW,201.0,4.291714191436768,266.9122009277344,-0.0022765498142689,1.8257418870925903,9.826068878173828
23.75388888888889,86.42305555555556,0.006376,0,LOW,198.0,4.629415988922119,258.4813537597656,0.0022765498142689,1.8856180906295776,9.74927806854248
23.75361111111112,86.41666666666667,0.09772,0,LOW,178.0,37.25556564331055,188.66673278808597,0.0091061992570757,19.03667640686035,8.641626358032227
23.75361111111112,86.41694444444445,0.077507,0,LOW,178.0,34.324310302734375,174.0709991455078,0.0056913741864264,17.269826889038086,8.739068031311035
23.75361111111112,86.41722222222224,0.057039,0,LOW,182.0,30.530988693237305,155.72775268554688,0.0056913741864264,15.142125129699709,8.86052417755127
23.75361111111112,86.4175,0.043296,0,LOW,191.0,27.18141746520996,141.1985321044922,0.0045530996285378,13.124287605285645,8.956130981445312
23.75361111111112,86.41777777777779,0.029717,0,LOW,200.0,22.673725128173828,140.72264099121094,-0.0011382749071344,10.093391418457031,9.095401763916016
23.75361111111112,86.41805555555557,0.021375,0,LOW,207.0,18.771150588989254,139.57208251953125,-0.0011382749071344,8.419553756713867,9.207743644714355
23.75361111111112,86.41833333333334,0.013972,0,LOW,213.0,13.775814056396484,142.31765747070312,-0.0045530996285378,6.218252658843994,9.419357299804688
23.75361111111112,86.41861111111112,0.00995,0,LOW,216.0,9.809049606323242,152.68252563476562,-0.003414824604988,4.294699668884277,9.647995948791504
23.75361111111112,86.4188888888889,0.008407,0,LOW,218.0,7.845661640167236,155.42623901367188,-0.0045530996285378,3.620926856994629,9.76729679107666
23.75361111111112,86.41916666666667,0.007573,0,LOW,219.0,6.630087852478027,166.847900390625,-0.0022765498142689,2.997941732406616,9.855749130249023
23.75361111111112,86.41944444444445,0.007511,0,LOW,219.0,6.534879207611084,171.14578247070312,5.551115123125783e-17,2.905932664871216,9.815919876098633
23.75361111111112,86.41972222222223,0.007186,0,LOW,220.0,6.020812034606934,175.2052459716797,-0.003414824604988,2.657391309738159,9.86441135406494
23.75361111111112,86.42000000000002,0.006883,0,LOW,219.0,5.518482208251953,213.1953125,-0.0011382749071344,2.4944381713867188,9.92957878112793
23.75361111111112,86.42027777777778,0.007291,0,LOW,216.0,6.188504219055176,243.42510986328125,0.003414824604988,2.657391309738159,9.795562744140623
23.75361111111112,86.42055555555557,0.006348,0,LOW,213.0,4.579650402069092,249.3128204345703,0.0056913741864264,2.1140329837799072,10.07705020904541
23.75361111111112,86.42083333333335,0.005644,0,LOW,212.0,3.2132604122161865,239.7328643798828,0.0022765498142689,1.498970866203308,10.40273380279541
23.75361111111112,86.42111111111112,0.006155,0,LOW,211.0,4.219244003295898,236.7734832763672,-0.0011382749071344,1.9116278886795044,10.087614059448242
23.75361111111112,86.4213888888889,0.006911,0,LOW,209.0,5.5664238929748535,234.50091552734372,-8.326672684688674e-17,2.393406629562378,9.75441837310791
23.75361111111112,86.42166666666668,0.007114,0,LOW,207.0,5.903284072875977,234.0956573486328,-0.003414824604988,2.4545247554779053,9.633151054382324
23.75361111111112,86.42194444444445,0.006117,0,LOW,204.0,4.148559093475342,232.18946838378903,0.003414824604988,1.7638342380523682,9.93087673187256
23.75361111111112,86.42222222222223,0.005108,0,LOW,203.0,2.055208444595337,227.4773101806641,0.0022765498142689,1.0657403469085691,10.597667694091797
23.75361111111112,86.42250000000001,0.005251,0,LOW,203.0,2.3755056858062744,253.00230407714844,-0.003414824604988,1.054092526435852,10.44010066986084
23.75361111111112,86.42277777777778,0.006193,0,LOW,201.0,4.291714191436768,266.9122009277344,-2.775557561562892e-17,1.8257418870925903,9.846938133239746
23.75361111111112,86.42305555555556,0.005931,0,LOW,199.0,3.7899327278137207,266.5014343261719,-0.0011382749071344,1.7497795820236206,9.96402072906494
23.753333333333337,86.41722222222224,0.027559,0,LOW,199.0,21.778026580810547,163.98873901367188,-0.0045530996285378,10.614455223083496,9.154851913452148
23.753333333333337,86.4175,0.02582,0,LOW,204.0,21.004735946655277,144.1616668701172,-0.0056913741864264,9.820612907409668,9.13745403289795
23.753333333333337,86.41777777777779,0.019261,0,LOW,211.0,17.54366111755371,140.10421752929688,-0.0113827483728528,8.033879280090332,9.249032974243164
23.753333333333337,86.41805555555557,0.012843,0,LOW,215.0,12.78988265991211,141.58389282226562,-0.0068296492099761,5.92546272277832,9.474550247192385
23.753333333333337,86.41833333333334,0.009145,0,LOW,218.0,8.826284408569336,141.35218811035156,-0.0045530996285378,4.139541149139404,9.735310554504396
23.753333333333337,86.41861111111112,0.006921,0,LOW,220.0,5.583623886108398,150.2657012939453,-0.0056913741864264,2.624669313430786,10.081901550292969
23.753333333333337,86.4188888888889,0.006325,0,LOW,220.0,4.536911487579346,150.0024871826172,0.0022765498142689,2.0786986351013184,10.195045471191406
23.753333333333337,86.41916666666667,0.006202,0,LOW,222.0,4.307967185974121,155.81967163085938,-0.0045530996285378,1.9436506032943728,10.183122634887695
23.753333333333337,86.41944444444445,0.006342,0,LOW,222.0,4.5685319900512695,163.98873901367188,-1.1102230246251563e-16,2.024540901184082,10.092218399047852
23.753333333333337,86.41972222222223,0.006792,0,LOW,223.0,5.364965438842773,171.905029296875,-0.003414824604988,2.58198881149292,9.923019409179688
23.753333333333337,86.42000000000002,0.008187,0,LOW,222.0,7.536803722381592,203.5656890869141,-5.551115123125783e-17,3.359159231185913,9.58592128753662
23.753333333333337,86.42027777777778,0.010241,0,LOW,219.0,10.146014213562012,219.8236083984375,0.0022765498142689,4.346135139465332,9.291706085205078
23.753333333333337,86.42055555555557,0.009168,0,LOW,215.0,8.855290412902832,216.4527587890625,0.0079679237678647,3.9440531730651855,9.43015480041504
23.753333333333337,86.42083333333335,0.007527,0,LOW,214.0,6.559160232543945,212.4600524902344,0.0011382749071344,3.0225489139556885,9.718595504760742
23.753333333333337,86.42111111111112,0.006841,0,LOW,212.0,5.447513580322266,223.89501953125,0.003414824604988,2.4944381713867188,9.871942520141602
23.753333333333337,86.4213888888889,0.006714,0,LOW,211.0,5.229490756988525,234.958740234375,-0.003414824604988,2.266230821609497,9.86256980895996
23.753333333333337,86.42166666666668,0.007019,0,LOW,208.0,5.746016979217529,241.17881774902344,0.0022765498142689,2.393406629562378,9.708078384399414
23.753333333333337,86.42194444444445,0.006571,0,LOW,206.0,4.979940414428711,239.31546020507807,-0.0011382749071344,2.108185052871704,9.796067237854004
23.753333333333337,86.42222222222223,0.005701,0,LOW,204.0,3.3303771018981934,245.36712646484372,0.0011382749071344,1.5234787464141846,10.161051750183104
23.753333333333337,86.42250000000001,0.00568,0,LOW,203.0,3.2878224849700928,274.0351257324219,-0.0022765498142689,1.498970866203308,10.156634330749512
23.753333333333337,86.42277777777778,0.006219,0,LOW,201.0,4.34105110168457,279.1927185058594,-0.0022765498142689,1.6996731758117676,9.872604370117188
23.75305555555556,86.41694444444445,0.013142,0,LOW,206.0,13.059134483337402,196.5621032714844,0.0068296492099761,5.807615280151367,9.553800582885742
23.75305555555556,86.41722222222224,0.011527,0,LOW,206.0,11.52606201171875,166.24488830566406,0.003414824604988,5.194964408874512,9.653190612792969
23.75305555555556,86.4175,0.012136,0,LOW,210.0,12.127273559570312,134.1116943359375,-0.0022765498142689,5.374838352203369,9.542916297912598
23.75305555555556,86.41777777777779,0.010152,0,LOW,215.0,10.04428005218506,124.7893524169922,-0.0045530996285378,4.424957275390625,9.654351234436035
23.75305555555556,86.41805555555557,0.007538,0,LOW,218.0,6.576496124267578,126.58952331542967,-0.003414824604988,2.8846123218536377,9.985203742980955
23.75305555555556,86.41833333333334,0.006485,0,LOW,220.0,4.827740669250488,128.47715759277344,-0.0022765498142689,2.165954351425171,10.192151069641112
23.75305555555556,86.41861111111112,0.006093,0,LOW,221.0,4.103073120117188,142.08544921875,0.0011382749071344,1.9116278886795044,10.25968074798584
23.75305555555556,86.4188888888889,0.006325,0,LOW,222.0,4.536911487579346,150.0024871826172,0.0011382749071344,1.949992060661316,10.084671974182127
23.75305555555556,86.41916666666667,0.006372,0,LOW,223.0,4.622771263122559,154.14329528808594,0.0022765498142689,2.1140329837799072,10.021550178527832
23.75305555555556,86.41944444444445,0.006605,0,LOW,224.0,5.04067325592041,156.43431091308594,0.0011382749071344,2.266230821609497,9.921292304992676
23.75305555555556,86.41972222222223,0.007296,0,LOW,225.0,6.19621467590332,158.56707763671875,0.003414824604988,2.793290138244629,9.726203918457031
23.75305555555556,86.42000000000002,0.007988,0,LOW,227.0,7.251226425170898,189.9750213623047,-0.0068296492099761,3.366501569747925,9.596396446228027
23.75305555555556,86.42027777777778,0.010288,0,LOW,225.0,10.199329376220703,216.01568603515625,-0.0056913741864264,4.474895477294922,9.282075881958008
23.75305555555556,86.42055555555557,0.010579,0,LOW,221.0,10.524521827697754,216.38221740722656,-0.0011382749071344,4.466611385345459,9.271472930908203
23.75305555555556,86.42083333333335,0.009408,0,LOW,218.0,9.156779289245604,218.97413635253903,0.0,4.0,9.413354873657228
23.75305555555556,86.42111111111112,0.008267,0,LOW,215.0,7.650447845458984,235.1248321533203,-0.0011382749071344,3.4246745109558105,9.569300651550291
23.75305555555556,86.4213888888889,0.006979,0,LOW,212.0,5.680004119873047,248.5438995361328,5.551115123125783e-17,2.557969808578491,9.820494651794434
23.75305555555556,86.42166666666668,0.006711,0,LOW,210.0,5.224344253540039,254.61746215820312,-0.003414824604988,2.1487865447998047,9.843894958496094
23.75305555555556,86.42194444444445,0.00654,0,LOW,207.0,4.924236297607422,256.4321594238281,5.551115123125783e-17,2.024540901184082,9.847689628601074
23.75305555555556,86.42222222222223,0.006112,0,LOW,205.0,4.138584613800049,257.0872497558594,-0.0022765498142689,1.6178021430969238,9.985401153564451
23.75305555555556,86.42250000000001,0.006112,0,LOW,202.0,4.138584613800049,257.0872497558594,0.0045530996285378,1.6629588603973389,9.970170021057127
23.75305555555556,86.42277777777778,0.005933,0,LOW,200.0,3.793570041656494,248.5438995361328,0.0045530996285378,1.7916128635406494,10.054367065429688
23.75305555555556,86.42305555555556,0.00577,0,LOW,199.0,3.4689884185791016,233.1183013916016,0.0011382749071344,1.5713484287261963,10.138504028320312
23.75277777777778,86.41694444444445,0.010862,0,LOW,214.0,10.831960678100586,201.6295166015625,-0.0045530996285378,4.724509239196777,9.51606559753418
23.75277777777778,86.41722222222224,0.0089,0,LOW,212.0,8.510241508483887,181.68809509277344,0.0011382749071344,3.9659039974212646,9.7432861328125
23.75277777777778,86.4175,0.007911,0,LOW,213.0,7.137692928314209,135.25003051757812,0.0022765498142689,3.435472249984741,9.876562118530272
23.75277777777778,86.41777777777779,0.007464,0,LOW,217.0,6.461338520050049,110.91227722167967,-0.0045530996285378,2.806518077850342,9.914023399353027
23.75277777777778,86.41805555555557,0.006112,0,LOW,219.0,4.138584613800049,102.91276550292967,-0.0011382749071344,1.7708196640014648,10.28941249847412
23.75277777777778,86.41833333333334,0.00596,0,LOW,221.0,3.845804214477539,100.39321899414062,-0.0022765498142689,1.6405359506607056,10.289469718933104
23.75277777777778,86.41861111111112,0.006449,0,LOW,223.0,4.761790752410889,115.8966827392578,-0.0022765498142689,2.2166597843170166,10.008308410644531
23.75277777777778,86.4188888888889,0.006457,0,LOW,225.0,4.776201248168945,140.72264099121094,-0.0022765498142689,2.0786986351013184,9.952580451965332
23.75277777777778,86.41916666666667,0.006372,0,LOW,226.0,4.622771263122559,154.14329528808594,-0.0022765498142689,2.1140329837799072,9.953880310058594
23.75277777777778,86.41944444444445,0.00708,0,LOW,227.0,5.847918510437012,145.97927856445312,-1.1102230246251563e-16,2.6434171199798584,9.712982177734377
23.75277777777778,86.41972222222223,0.007365,0,LOW,229.0,6.305641174316406,151.39987182617188,-0.0022765498142689,2.6666667461395264,9.660938262939451
23.75277777777778,86.42000000000002,0.006685,0,LOW,230.0,5.180491924285889,191.2141571044922,-0.0045530996285378,2.4944381713867188,9.905043601989746
23.75277777777778,86.42027777777778,0.007925,0,LOW,228.0,7.158829689025879,227.4773101806641,-0.0022765498142689,3.119037628173828,9.633378982543944
23.75277777777778,86.42055555555557,0.008643,0,LOW,225.0,8.168563842773438,227.4773101806641,-0.0022765498142689,3.499559164047241,9.543071746826172
23.75277777777778,86.42083333333335,0.009536,0,LOW,222.0,9.314249992370604,233.73443603515625,-0.003414824604988,3.858612298965454,9.425268173217772
23.75277777777778,86.42111111111112,0.010146,0,LOW,217.0,10.036428451538086,247.1517791748047,0.0,4.175176620483398,9.32927417755127
23.75277777777778,86.4213888888889,0.008002,0,LOW,212.0,7.271103858947754,255.3175811767578,0.0056913741864264,3.0832083225250244,9.6060209274292
23.75277777777778,86.42166666666668,0.006774,0,LOW,210.0,5.333616256713867,262.5362548828125,-0.0011382749071344,2.2607767581939697,9.85392951965332
23.75277777777778,86.42194444444445,0.006376,0,LOW,207.0,4.629415988922119,258.4813537597656,0.0022765498142689,1.8856180906295776,9.939682960510254
23.75277777777778,86.42222222222223,0.005979,0,LOW,205.0,3.883143663406372,237.5890350341797,0.003414824604988,1.7638342380523682,10.082877159118652
23.75277777777778,86.42250000000001,0.006453,0,LOW,204.0,4.769110679626465,223.38172912597656,-0.0011382749071344,2.108185052871704,9.867216110229492
23.75277777777778,86.42277777777778,0.006691,0,LOW,202.0,5.189964771270752,212.26454162597656,0.0022765498142689,2.2166597843170166,9.785360336303713
23.75277777777778,86.42305555555556,0.006691,0,LOW,201.0,5.189964771270752,212.26454162597656,-5.551115123125783e-17,2.233305692672729,9.787165641784668
23.75277777777778,86.42333333333335,0.007287,0,LOW,199.0,6.18314790725708,230.63018798828125,0.0011382749071344,2.657391309738159,9.601454734802246
23.752500000000005,86.41666666666667,0.006151,0,LOW,220.0,4.213204860687256,208.60012817382807,-0.0068296492099761,2.042752981185913,10.218589782714844
23.752500000000005,86.41694444444445,0.007043,0,LOW,218.0,5.786923408508301,220.7243194580078,-0.003414824604988,2.557969808578491,9.923134803771973
23.752500000000005,86.41722222222224,0.006549,0,LOW,216.0,4.940727233886719,207.3174743652344,-0.0022765498142689,2.211083173751831,10.08075714111328
23.752500000000005,86.4175,0.005944,0,LOW,215.0,3.814905166625977,148.0725860595703,0.003414824604988,1.9309052228927608,10.320770263671877
23.752500000000005,86.41777777777779,0.006179,0,LOW,217.0,4.265336513519287,108.97796630859376,0.0011382749071344,1.9116278886795044,10.178643226623535
23.752500000000005,86.41805555555557,0.005554,0,LOW,219.0,3.027895212173462,90.0,-0.0011382749071344,1.2862040996551514,10.486868858337402
23.752500000000005,86.41833333333334,0.006193,0,LOW,220.0,4.291714191436768,86.91218566894531,0.003414824604988,1.8525924682617188,10.098294258117676
23.752500000000005,86.41861111111112,0.007378,0,LOW,223.0,6.326276779174805,96.27996826171876,0.0022765498142689,2.538591146469116,9.665993690490724
23.752500000000005,86.4188888888889,0.006271,0,LOW,227.0,4.436622142791748,114.63288116455078,-0.0068296492099761,1.9436506032943728,9.98130226135254
23.752500000000005,86.41916666666667,0.00574,0,LOW,227.0,3.41029953956604,138.26132202148438,0.003414824604988,1.498970866203308,10.214516639709473
23.752500000000005,86.41944444444445,0.006522,0,LOW,229.0,4.892572402954102,124.52000427246094,-5.551115123125783e-17,2.0,9.846604347229004
23.752500000000005,86.41972222222223,0.005918,0,LOW,232.0,3.764074563980103,132.52268981933594,-0.0068296492099761,1.6996731758117676,10.138917922973633
23.752500000000005,86.42000000000002,0.005414,0,LOW,232.0,2.731192350387573,220.30197143554688,-0.0045530996285378,1.4229165315628052,10.521775245666504
23.752500000000005,86.42027777777778,0.006707,0,LOW,230.0,5.217365741729736,246.52001953125,-0.003414824604988,2.1829869747161865,9.948307037353516
23.752500000000005,86.42055555555557,0.007265,0,LOW,227.0,6.147861480712891,250.25949096679688,-1.6653345369377348e-16,2.7125678062438965,9.84664535522461
23.752500000000005,86.42083333333335,0.008995,0,LOW,225.0,8.632827758789062,260.8072814941406,-0.0102444738149642,3.741657495498657,9.531644821166992
23.752500000000005,86.42111111111112,0.010789,0,LOW,219.0,10.754180908203123,266.3391418457031,-0.0022765498142689,4.4721360206604,9.290793418884276
23.752500000000005,86.4213888888889,0.008911,0,LOW,214.0,8.523591995239258,270.0,-0.003414824604988,3.531166315078736,9.4728422164917
23.752500000000005,86.42166666666668,0.006604,0,LOW,210.0,5.038169860839844,270.0,0.0011382749071344,2.0786986351013184,9.932884216308594
23.752500000000005,86.42194444444445,0.005603,0,LOW,208.0,3.129276990890503,233.73443603515625,0.0011382749071344,1.632993221282959,10.351713180541992
23.752500000000005,86.42222222222223,0.006202,0,LOW,207.0,4.307967185974121,204.18032836914065,0.0011382749071344,1.8724777698516848,10.000602722167969
23.752500000000005,86.42250000000001,0.006785,0,LOW,206.0,5.353154182434082,205.04818725585935,0.0011382749071344,2.393406629562378,9.778227806091309
23.752500000000005,86.42277777777778,0.007034,0,LOW,205.0,5.772159099578857,203.107666015625,2.775557561562892e-17,2.51415753364563,9.71109390258789
23.752500000000005,86.42305555555556,0.007319,0,LOW,204.0,6.232912540435791,211.64703369140625,-0.0011382749071344,2.7125678062438965,9.642284393310549
23.752500000000005,86.42333333333335,0.007907,0,LOW,202.0,7.132636070251465,222.0124969482422,-0.0022765498142689,3.126943826675415,9.507140159606934
23.752222222222223,86.41666666666667,0.004779,0,LOW,220.0,1.2836486101150513,280.3932189941406,-0.0011382749071344,0.8164965510368347,11.237189292907717
23.752222222222223,86.41694444444445,0.00568,0,LOW,219.0,3.2878224849700928,265.9648742675781,-0.003414824604988,1.4142135381698608,10.32632827758789
23.752222222222223,86.41722222222224,0.005133,0,LOW,217.0,2.112485885620117,236.7734832763672,0.0011382749071344,1.1331154108047483,10.787430763244627
23.752222222222223,86.4175,0.00543,0,LOW,217.0,2.765655279159546,146.8046875,0.0,1.3146843910217283,10.527580261230469
23.752222222222223,86.41777777777779,0.005747,0,LOW,218.0,3.4227399826049805,132.52268981933594,0.0011382749071344,1.5234787464141846,10.318345069885254
23.752222222222223,86.41805555555557,0.005603,0,LOW,219.0,3.129276990890503,126.26556396484376,0.0011382749071344,1.5713484287261963,10.405202865600586
23.752222222222223,86.41833333333334,0.00709,0,LOW,220.0,5.863388538360596,115.65798950195312,0.0068296492099761,2.58198881149292,9.759060859680176
23.752222222222223,86.41861111111112,0.008325,0,LOW,224.0,7.732356071472168,114.63288116455078,0.0011382749071344,3.235604286193848,9.44754123687744
23.752222222222223,86.4188888888889,0.006522,0,LOW,227.0,4.892572402954102,124.52000427246094,0.0022765498142689,2.1602468490600586,9.864982604980469
23.752222222222223,86.41916666666667,0.005418,0,LOW,229.0,2.739364624023437,132.52268981933594,-0.003414824604988,1.2472190856933594,10.407730102539062
23.752222222222223,86.41944444444445,0.00586,0,LOW,230.0,3.650248527526856,104.6824188232422,5.551115123125783e-17,1.632993221282959,10.109760284423828
23.752222222222223,86.41972222222223,0.005338,0,LOW,232.0,2.566009759902954,100.39321899414062,-0.0022765498142689,1.2472190856933594,10.498878479003906
23.752222222222223,86.42000000000002,0.004959,0,LOW,232.0,1.7128982543945312,227.4773101806641,-0.0011382749071344,1.0304020643234253,10.983110427856444
23.752222222222223,86.42027777777778,0.006449,0,LOW,230.0,4.761790752410889,244.1033172607422,0.003414824604988,2.0608041286468506,10.056013107299805
23.752222222222223,86.42055555555557,0.008073,0,LOW,228.0,7.374231338500977,261.01513671875,-0.003414824604988,3.201080083847046,9.694591522216797
23.752222222222223,86.42083333333335,0.010384,0,LOW,223.0,10.30687141418457,276.3812561035156,0.0022765498142689,4.357482433319092,9.388093948364258
23.752222222222223,86.42111111111112,0.011492,0,LOW,218.0,11.490679740905762,282.6351318359375,-0.0022765498142689,4.771313667297363,9.255929946899414
23.752222222222223,86.4213888888889,0.009143,0,LOW,212.0,8.823485374450684,285.0948181152344,0.0045530996285378,3.6038389205932617,9.461846351623535
23.752222222222223,86.42166666666668,0.005571,0,LOW,209.0,3.0629920959472656,278.6900329589844,0.0045530996285378,1.7638342380523682,10.447514533996582
23.752222222222223,86.42194444444445,0.00552,0,LOW,209.0,2.95463490486145,160.02479553222656,0.0022765498142689,1.8856180906295776,10.41964054107666
23.752222222222223,86.42222222222223,0.007037,0,LOW,210.0,5.776169300079346,177.50247192382812,-0.0011382749071344,2.657391309738159,9.715015411376951
23.752222222222223,86.42250000000001,0.007952,0,LOW,209.0,7.198066234588623,196.21360778808597,0.0022765498142689,3.130889415740967,9.489128112792969
23.752222222222223,86.42277777777778,0.007691,0,LOW,208.0,6.810611724853516,203.953369140625,0.0011382749071344,3.046957492828369,9.554181098937988
23.752222222222223,86.42305555555556,0.007473,0,LOW,207.0,6.475607395172119,218.4161071777344,-0.003414824604988,2.87174391746521,9.61624240875244
23.752222222222223,86.42333333333335,0.007494,0,LOW,204.0,6.50866174697876,215.41880798339844,0.003414824604988,2.943920373916626,9.620373725891112
23.752222222222223,86.42361111111111,0.008058,0,LOW,203.0,7.35251522064209,199.97520446777344,-2.775557561562892e-17,3.265986442565918,9.50261688232422
23.751944444444447,86.4163888888889,0.00558,0,LOW,219.0,3.081161975860596,47.4773063659668,-0.0011382749071344,1.342560648918152,10.249021530151367
23.751944444444447,86.41666666666667,0.005278,0,LOW,220.0,2.4357128143310547,328.79248046875,-0.0056913741864264,1.2472190856933594,10.524876594543455
23.751944444444447,86.41694444444445,0.005442,0,LOW,218.0,2.789794921875,305.49908447265625,2.775557561562892e-17,1.2862040996551514,10.425700187683104
23.751944444444447,86.41722222222224,0.004675,0,LOW,217.0,1.0279349088668823,132.52268981933594,0.003414824604988,1.369869828224182,11.458962440490724
23.751944444444447,86.4175,0.006086,0,LOW,218.0,4.089873790740967,137.3028564453125,0.003414824604988,1.7638342380523682,10.107961654663086
23.751944444444447,86.41777777777779,0.006325,0,LOW,220.0,4.536911487579346,150.0024871826172,-0.0022765498142689,2.0786986351013184,10.028834342956545
23.751944444444447,86.41805555555557,0.00708,0,LOW,220.0,5.847918510437012,145.97927856445312,0.0068296492099761,2.671292304992676,9.784244537353516
23.751944444444447,86.41833333333334,0.009155,0,LOW,223.0,8.838932991027832,132.52268981933594,0.0022765498142689,3.725123167037964,9.354536056518556
23.751944444444447,86.41861111111112,0.009155,0,LOW,227.0,8.838932991027832,132.52268981933594,-1.1102230246251563e-16,3.7051849365234375,9.31659698486328
23.751944444444447,86.4188888888889,0.006372,0,LOW,230.0,4.622771263122559,154.14329528808594,-0.0056913741864264,2.298684597015381,9.915660858154297
23.751944444444447,86.41916666666667,0.004929,0,LOW,229.0,1.6403926610946655,171.14578247070312,0.003414824604988,1.2472190856933594,10.905338287353516
23.751944444444447,86.41944444444445,0.005571,0,LOW,230.0,3.0629920959472656,98.69002532958984,0.0011382749071344,1.342560648918152,10.27072048187256
23.751944444444447,86.41972222222223,0.005621,0,LOW,232.0,3.165930986404419,106.99769592285156,1.1102230246251563e-16,1.3966450691223145,10.28897190093994
23.751944444444447,86.42000000000002,0.004929,0,LOW,233.0,1.6403926610946655,188.85421752929688,-0.0011382749071344,1.054092526435852,11.050650596618652
23.751944444444447,86.42027777777778,0.00654,0,LOW,233.0,4.924236297607422,256.4321594238281,-0.0091061992570757,2.330686330795288,10.066299438476562
23.751944444444447,86.42055555555557,0.009924,0,LOW,229.0,9.7782564163208,274.0351257324219,-0.0056913741864264,4.157397270202637,9.460088729858398
23.751944444444447,86.42083333333335,0.012764,0,LOW,223.0,12.71719455718994,282.4125671386719,-0.0045530996285378,5.258737564086914,9.220168113708496
23.751944444444447,86.42111111111112,0.011425,0,LOW,216.0,11.422282218933104,286.2668151855469,0.0011382749071344,4.618802070617676,9.29888153076172
23.751944444444447,86.4213888888889,0.007241,0,LOW,211.0,6.108575820922852,278.6900329589844,0.0045530996285378,2.8284270763397217,9.85792350769043
23.751944444444447,86.42166666666668,0.005224,0,LOW,209.0,2.31486439704895,180.0,0.0079679237678647,1.5947444438934326,10.742097854614258
23.751944444444447,86.42194444444445,0.007043,0,LOW,211.0,5.786923408508301,139.2756805419922,0.0022765498142689,2.4545247554779053,9.751908302307127
23.751944444444447,86.42222222222223,0.007108,0,LOW,214.0,5.893638610839844,160.02479553222656,-0.0056913741864264,2.671292304992676,9.695292472839355
23.751944444444447,86.42250000000001,0.00747,0,LOW,214.0,6.470980644226074,195.7859649658203,-0.0056913741864264,2.8674416542053223,9.589723587036133
23.751944444444447,86.42277777777778,0.007933,0,LOW,212.0,7.170790672302246,216.5569305419922,-0.0022765498142689,3.046957492828369,9.487737655639648
23.751944444444447,86.42305555555556,0.007698,0,LOW,209.0,6.821223735809326,227.4773101806641,0.0011382749071344,3.034777879714966,9.54521369934082
23.751944444444447,86.42333333333335,0.006732,0,LOW,207.0,5.2611823081970215,208.60012817382807,0.0011382749071344,2.403700828552246,9.819796562194824
23.751944444444447,86.42361111111111,0.00695,0,LOW,207.0,5.631548881530762,190.30052185058597,-0.003414824604988,2.528846025466919,9.771214485168455
23.751944444444447,86.4238888888889,0.008382,0,LOW,206.0,7.811152458190918,219.98995971679688,-0.0056913741864264,3.3370349407196045,9.460288047790527
23.75166666666667,86.4163888888889,0.006202,0,LOW,218.0,4.307967185974121,24.180326461791992,-0.0045530996285378,2.042752981185913,9.921701431274414
23.75166666666667,86.41666666666667,0.006342,0,LOW,218.0,4.5685319900512695,343.9887390136719,-0.0045530996285378,1.9436506032943728,9.906901359558104
23.75166666666667,86.41694444444445,0.005248,0,LOW,216.0,2.3692140579223637,12.302896499633787,0.0056913741864264,1.812167406082153,10.609264373779297
23.75166666666667,86.41722222222224,0.006438,0,LOW,218.0,4.74287223815918,106.99769592285156,0.0011382749071344,2.309401035308838,9.957242012023926
23.75166666666667,86.4175,0.007478,0,LOW,221.0,6.483141899108887,132.52268981933594,-0.003414824604988,2.948110818862915,9.68209743499756
23.75166666666667,86.41777777777779,0.008053,0,LOW,222.0,7.34591007232666,151.39987182617188,0.0045530996285378,3.3333332538604736,9.58286190032959
23.75166666666667,86.41805555555557,0.009555,0,LOW,224.0,9.33672332763672,149.37643432617188,0.0022765498142689,4.109609127044678,9.344335556030272
23.75166666666667,86.41833333333334,0.010852,0,LOW,227.0,10.821159362792969,141.48977661132812,0.003414824604988,4.594682693481445,9.169000625610352
23.75166666666667,86.41861111111112,0.008947,0,LOW,231.0,8.571399688720703,146.24380493164062,-0.003414824604988,3.80058479309082,9.353116035461426
23.75166666666667,86.4188888888889,0.006532,0,LOW,232.0,4.910464763641357,188.85421752929688,-0.0022765498142689,2.4845199584960938,9.847031593322754
23.75166666666667,86.41916666666667,0.005751,0,LOW,230.0,3.432037830352783,216.01568603515625,0.003414824604988,1.6996731758117676,10.153767585754396
23.75166666666667,86.41944444444445,0.005484,0,LOW,230.0,2.8802506923675537,118.82117462158205,0.0045530996285378,1.369869828224182,10.330657958984377
23.75166666666667,86.41972222222223,0.00586,0,LOW,233.0,3.650248527526856,104.6824188232422,-0.003414824604988,1.4740554094314575,10.16940689086914
23.75166666666667,86.42000000000002,0.004668,0,LOW,234.0,1.0101343393325806,270.0,-0.0045530996285378,1.154700517654419,11.585165023803713
23.75166666666667,86.42027777777778,0.008532,0,LOW,232.0,8.017727851867676,290.1442565917969,-0.0045530996285378,3.744955539703369,9.638933181762695
23.75166666666667,86.42055555555557,0.014662,0,LOW,227.0,14.339923858642578,296.2802429199219,-0.0056913741864264,6.359594821929932,9.129368782043455
23.75166666666667,86.42083333333335,0.017197,0,LOW,220.0,16.211313247680664,301.89361572265625,-0.0056913741864264,6.892472267150879,9.018770217895508
23.75166666666667,86.42111111111112,0.011208,0,LOW,213.0,11.198424339294434,310.7979736328125,0.0022765498142689,5.013561725616455,9.355786323547363
23.75166666666667,86.4213888888889,0.00552,0,LOW,211.0,2.95463490486145,340.0247802734375,0.0,2.58198881149292,10.61121940612793
23.75166666666667,86.42166666666668,0.005701,0,LOW,212.0,3.3303771018981934,114.63288116455078,-0.0022765498142689,1.8856180906295776,10.39446258544922
23.75166666666667,86.42194444444445,0.006386,0,LOW,214.0,4.64743709564209,119.81971740722656,-0.003414824604988,2.054804563522339,9.983412742614746
23.75166666666667,86.42222222222223,0.005285,0,LOW,216.0,2.450753927230835,124.52000427246094,-0.0056913741864264,1.4142135381698608,10.577557563781738
23.75166666666667,86.42250000000001,0.004986,0,LOW,216.0,1.7755566835403442,238.5594940185547,-0.0045530996285378,1.257078766822815,10.874764442443848
23.75166666666667,86.42277777777778,0.00654,0,LOW,215.0,4.924236297607422,256.4321594238281,-0.0091061992570757,2.1829869747161865,9.838388442993164
23.75166666666667,86.42305555555556,0.006707,0,LOW,211.0,5.217365741729736,246.52001953125,0.0,2.233305692672729,9.77461051940918
23.75166666666667,86.42333333333335,0.005822,0,LOW,209.0,3.574545383453369,205.04818725585935,0.0022765498142689,1.5713484287261963,10.163554191589355
23.75166666666667,86.42361111111111,0.005903,0,LOW,209.0,3.73476767539978,187.76187133789065,0.0,1.6850833892822266,10.148921012878418
23.75166666666667,86.4238888888889,0.007251,0,LOW,209.0,6.124725341796875,224.29409790039065,-0.0068296492099761,2.8674416542053223,9.69318675994873
23.75166666666667,86.42416666666668,0.00987,0,LOW,205.0,9.714818000793455,235.47999572753903,-0.0011382749071344,4.058218479156494,9.260086059570312
23.751388888888894,86.41611111111112,0.006342,0,LOW,214.0,4.5685319900512695,16.01126480102539,5.551115123125783e-17,2.282515287399292,9.854053497314451
23.751388888888894,86.4163888888889,0.007319,0,LOW,215.0,6.2339186668396,2.3127310276031494,-0.0045530996285378,2.6988794803619385,9.593937873840332
23.751388888888894,86.41666666666667,0.006792,0,LOW,214.0,5.364965438842773,8.094966888427734,0.003414824604988,2.58198881149292,9.798718452453612
23.751388888888894,86.41694444444445,0.006524,0,LOW,215.0,4.897218704223633,67.82506561279297,0.0045530996285378,2.51415753364563,9.94302749633789
23.751388888888894,86.41722222222224,0.008034,0,LOW,219.0,7.317078590393066,95.4193344116211,-0.0011382749071344,2.935521125793457,9.586942672729492
23.751388888888894,86.4175,0.008308,0,LOW,223.0,7.70786190032959,109.18025207519533,-0.0022765498142689,3.2923405170440674,9.572040557861328
23.751388888888894,86.41777777777779,0.008423,0,LOW,227.0,7.868791103363037,130.05169677734375,-0.0068296492099761,3.499559164047241,9.568703651428224
23.751388888888894,86.41805555555557,0.009668,0,LOW,229.0,9.474014282226562,138.6719970703125,-1.1102230246251563e-16,4.163331985473633,9.368810653686523
23.751388888888894,86.41833333333334,0.009408,0,LOW,233.0,9.156779289245604,141.02586364746094,-0.0056913741864264,3.918931484222412,9.359126091003418
23.751388888888894,86.41861111111112,0.006851,0,LOW,235.0,5.464808940887451,158.3704833984375,-0.0056913741864264,2.7888667583465576,9.80889129638672
23.751388888888894,86.4188888888889,0.006093,0,LOW,235.0,4.103073120117188,217.91455078125,-0.0068296492099761,1.987615942955017,10.016961097717283
23.751388888888894,86.41916666666667,0.006117,0,LOW,232.0,4.148559093475342,232.18946838378903,0.0011382749071344,1.7497795820236206,9.954648971557615
23.751388888888894,86.41944444444445,0.005107,0,LOW,231.0,2.0541701316833496,142.08544921875,0.003414824604988,1.196703314781189,10.678516387939451
23.751388888888894,86.41972222222223,0.005318,0,LOW,233.0,2.523963689804077,90.0,-0.0011382749071344,1.257078766822815,10.577091217041016
23.751388888888894,86.42000000000002,0.005979,0,LOW,234.0,3.883143663406372,302.41094970703125,-0.0079679237678647,2.108185052871704,10.29815673828125
23.751388888888894,86.42027777777778,0.013545,0,LOW,230.0,13.412556648254396,295.0743103027344,-0.0056913741864264,6.164413928985596,9.18050765991211
23.751388888888894,86.42055555555557,0.022764,0,LOW,222.0,19.51429557800293,300.8829040527344,-0.0056913741864264,8.3725004196167,8.86269474029541
23.751388888888894,86.42083333333335,0.01996,0,LOW,212.0,17.96384048461914,310.416259765625,0.0079679237678647,7.673909664154053,8.953352928161621
23.751388888888894,86.42111111111112,0.010945,0,LOW,207.0,10.920897483825684,334.274169921875,0.0079679237678647,5.137612342834473,9.40887451171875
23.751388888888894,86.4213888888889,0.008278,0,LOW,208.0,7.66541051864624,29.423921585083008,0.0022765498142689,3.593547105789185,9.671131134033203
23.751388888888894,86.42166666666668,0.007806,0,LOW,212.0,6.9827880859375,55.8695182800293,-0.0068296492099761,3.0951974391937256,9.667888641357422
23.751388888888894,86.42194444444445,0.006335,0,LOW,214.0,4.555778503417969,56.0787467956543,-0.003414824604988,2.1829869747161865,10.021888732910156
23.751388888888894,86.42222222222223,0.00552,0,LOW,215.0,2.95463490486145,19.97521209716797,-0.0022765498142689,1.448711633682251,10.402924537658691
23.751388888888894,86.42250000000001,0.005984,0,LOW,215.0,3.892144203186035,333.0296936035156,-0.0045530996285378,1.6996731758117676,10.08632469177246
23.751388888888894,86.42277777777778,0.006299,0,LOW,213.0,4.488232612609863,308.1691589355469,5.551115123125783e-17,1.9309052228927608,9.908430099487305
23.751388888888894,86.42305555555556,0.005338,0,LOW,211.0,2.566009759902954,280.3932189941406,0.0022765498142689,1.5713484287261963,10.442950248718262
23.751388888888894,86.42333333333335,0.004929,0,LOW,211.0,1.6403926610946655,188.85421752929688,-0.0022765498142689,0.9428090453147888,10.887320518493652
23.751388888888894,86.42361111111111,0.005248,0,LOW,211.0,2.3692140579223637,192.3029022216797,-0.0022765498142689,1.054092526435852,10.549721717834473
23.751388888888894,86.4238888888889,0.006155,0,LOW,210.0,4.219244003295898,236.7734832763672,-0.0011382749071344,1.987615942955017,10.029273986816406
23.751388888888894,86.42416666666668,0.008199,0,LOW,208.0,7.554168224334717,248.5438995361328,-0.0068296492099761,3.1622776985168457,9.505873680114746
23.751388888888894,86.42444444444445,0.008879,0,LOW,203.0,8.482076644897461,239.00119018554688,0.0022765498142689,3.6514837741851807,9.433676719665527
23.751111111111115,86.41611111111112,0.006188,0,LOW,212.0,4.281691074371338,346.3786315917969,-0.0022765498142689,2.1140329837799072,9.958317756652832
23.751111111111115,86.4163888888889,0.00695,0,LOW,210.0,5.631548881530762,349.6994934082031,0.0068296492099761,2.4494898319244385,9.743550300598145
23.751111111111115,86.41666666666667,0.007261,0,LOW,211.0,6.141522407531738,37.91454315185547,0.003414824604988,2.766644239425659,9.719249725341797
23.751111111111115,86.41694444444445,0.008532,0,LOW,215.0,8.017727851867676,69.85575103759766,-0.0022765498142689,3.4029762744903564,9.51046371459961
23.751111111111115,86.41722222222224,0.008692,0,LOW,219.0,8.234429359436035,77.08723449707031,-0.0022765498142689,3.399346351623535,9.535304069519045
23.751111111111115,86.4175,0.009379,0,LOW,223.0,9.119930267333984,81.30997467041016,-0.0011382749071344,3.7712361812591553,9.466413497924805
23.751111111111115,86.41777777777779,0.009515,0,LOW,228.0,9.288278579711914,94.25247192382812,-0.003414824604988,4.039924144744873,9.456171989440918
23.751111111111115,86.41805555555557,0.008532,0,LOW,232.0,8.017727851867676,110.14424896240234,-0.0011382749071344,3.3259177207946777,9.580080032348633
23.751111111111115,86.41833333333334,0.006206,0,LOW,236.0,4.315837860107422,118.82117462158205,-0.0091061992570757,2.1314806938171387,10.143634796142578
23.751111111111115,86.41861111111112,0.004469,0,LOW,236.0,0.5051064491271973,270.0,-0.003414824604988,1.0304020643234253,12.20462131500244
23.751111111111115,86.4188888888889,0.005475,0,LOW,235.0,2.8613502979278564,284.0420227050781,-0.003414824604988,1.2862040996551514,10.382399559020996
23.751111111111115,86.41916666666667,0.005338,0,LOW,233.0,2.566009759902954,259.6067810058594,-1.1102230246251563e-16,1.2472190856933594,10.445464134216309
23.751111111111115,86.41944444444445,0.004739,0,LOW,232.0,1.185113549232483,167.6970977783203,0.0022765498142689,0.6849349141120911,11.25709342956543
23.751111111111115,86.41972222222223,0.004407,0,LOW,233.0,0.3426776528358459,47.4773063659668,-0.0022765498142689,0.9558139443397522,12.625650405883787
23.751111111111115,86.42000000000002,0.007372,0,LOW,232.0,6.317302227020264,293.6819763183594,-0.003414824604988,2.8846123218536377,9.872857093811035
23.751111111111115,86.42027777777778,0.017833,0,LOW,227.0,16.637784957885742,286.5035400390625,-0.0079679237678647,7.025526523590088,9.016066551208496
23.751111111111115,86.42055555555557,0.024945,0,LOW,214.0,20.59624481201172,288.17657470703125,0.0147975739091634,8.761588096618652,8.850651741027832
23.751111111111115,86.42083333333335,0.014521,0,LOW,206.0,14.22686004638672,297.5404968261719,0.0091061992570757,6.355710983276367,9.226275444030762
23.751111111111115,86.42111111111112,0.007225,0,LOW,202.0,6.08259916305542,335.5653076171875,0.0125210238620638,3.189488887786865,10.013400077819824
23.751111111111115,86.4213888888889,0.008143,0,LOW,204.0,7.474467277526855,44.87425231933594,0.0045530996285378,3.265986442565918,9.702059745788574
23.751111111111115,86.42166666666668,0.009326,0,LOW,208.0,9.054667472839355,56.0787467956543,0.0022765498142689,3.744955539703369,9.41612148284912
23.751111111111115,86.42194444444445,0.007251,0,LOW,212.0,6.124725341796875,44.294090270996094,-0.003414824604988,2.7261877059936523,9.744917869567873
23.751111111111115,86.42222222222223,0.006372,0,LOW,213.0,4.622196197509766,0.0,-0.003414824604988,2.096440315246582,9.976913452148438
23.751111111111115,86.42250000000001,0.006674,0,LOW,212.0,5.16119384765625,340.0247802734375,0.0,2.1829869747161865,9.816482543945312
23.751111111111115,86.42277777777778,0.005881,0,LOW,211.0,3.6914548873901367,340.0247802734375,0.0011382749071344,1.812167406082153,10.099504470825195
23.751111111111115,86.42305555555556,0.004739,0,LOW,211.0,1.185113549232483,12.302896499633787,-0.0011382749071344,1.054092526435852,11.188262939453123
23.751111111111115,86.42333333333335,0.004709,0,LOW,211.0,1.1112383604049685,114.63288116455078,0.0022765498142689,0.6285393834114075,11.229568481445312
23.751111111111115,86.42361111111111,0.004739,0,LOW,212.0,1.185113549232483,192.3029022216797,-0.003414824604988,0.6666666865348816,11.187190055847168
23.751111111111115,86.4238888888889,0.005809,0,LOW,211.0,3.5477097034454346,238.5594940185547,-0.0022765498142689,1.498970866203308,10.155970573425291
23.751111111111115,86.42416666666668,0.007429,0,LOW,208.0,6.406434535980225,239.7328643798828,0.003414824604988,2.793290138244629,9.649867057800291
23.751111111111115,86.42444444444445,0.007911,0,LOW,205.0,7.137692928314209,224.74996948242188,0.0045530996285378,3.2126293182373047,9.62123203277588
23.750833333333336,86.41583333333334,0.005822,0,LOW,210.0,3.574545383453369,334.9518127441406,0.0011382749071344,1.8525924682617188,10.12075138092041
23.750833333333336,86.41611111111112,0.006785,0,LOW,210.0,5.353154182434082,334.9518127441406,-0.0045530996285378,2.309401035308838,9.76417064666748
23.750833333333336,86.4163888888889,0.006589,0,LOW,208.0,5.012292861938477,345.4457092285156,0.0011382749071344,2.3147406578063965,9.892419815063477
23.750833333333336,86.41666666666667,0.007698,0,LOW,208.0,6.821223735809326,47.4773063659668,0.0068296492099761,3.0225489139556885,9.65066146850586
23.750833333333336,86.41694444444445,0.009924,0,LOW,213.0,9.778355598449709,63.53438186645508,-0.0022765498142689,4.027681827545166,9.352890968322754
23.750833333333336,86.41722222222224,0.009501,0,LOW,217.0,9.270780563354492,66.65701293945312,-5.551115123125783e-17,3.915780067443848,9.464305877685549
23.750833333333336,86.4175,0.010137,0,LOW,221.0,10.02662467956543,71.33172607421875,0.003414824604988,4.112612247467041,9.421534538269045
23.750833333333336,86.41777777777779,0.011425,0,LOW,227.0,11.422282218933104,73.73318481445312,-0.0011382749071344,4.548775672912598,9.29598903656006
23.750833333333336,86.41805555555557,0.008895,0,LOW,234.0,8.502586364746094,66.07128143310547,-0.0147975739091634,3.7712361812591553,9.569326400756836
23.750833333333336,86.41833333333334,0.006372,0,LOW,235.0,4.622771263122559,25.85670661926269,-0.0045530996285378,2.393406629562378,10.120332717895508
23.750833333333336,86.41861111111112,0.006342,0,LOW,235.0,4.5685319900512695,343.9887390136719,-0.0056913741864264,2.054804563522339,10.043926239013672
23.750833333333336,86.4188888888889,0.005667,0,LOW,233.0,3.2615230083465576,337.2467956542969,0.0022765498142689,1.632993221282959,10.296278953552246
23.750833333333336,86.41916666666667,0.00456,0,LOW,233.0,0.739273190498352,340.0247802734375,0.0,0.9938079714775084,11.74314308166504
23.750833333333336,86.41944444444445,0.004407,0,LOW,233.0,0.3426776528358459,227.4773101806641,-0.0011382749071344,0.4157397150993347,12.56264877319336
23.750833333333336,86.41972222222223,0.004668,0,LOW,233.0,1.0101343393325806,270.0,-0.003414824604988,0.6849349141120911,11.616982460021973
23.750833333333336,86.42000000000002,0.007678,0,LOW,231.0,6.791064739227295,268.0546875,-0.0011382749071344,2.943920373916626,9.86892318725586
23.750833333333336,86.42027777777778,0.018994,0,LOW,225.0,17.379810333251953,269.2599792480469,-0.0011382749071344,7.549016952514648,9.024258613586426
23.750833333333336,86.42055555555557,0.024829,0,LOW,214.0,20.54106330871582,270.6181335449219,0.0011382749071344,8.774260520935059,8.886754989624023
23.750833333333336,86.42083333333335,0.012218,0,LOW,204.0,12.206814765930176,273.2135925292969,0.0125210238620638,5.237565994262695,9.395472526550291
23.750833333333336,86.42111111111112,0.005484,0,LOW,202.0,2.8802506923675537,298.8211669921875,0.0011382749071344,1.6996731758117676,10.757237434387209
23.750833333333336,86.4213888888889,0.006485,0,LOW,202.0,4.827740669250488,51.52283477783203,0.0056913741864264,2.282515287399292,10.131224632263184
23.750833333333336,86.42166666666668,0.009008,0,LOW,206.0,8.649896621704102,54.22547149658203,-0.0022765498142689,3.593547105789185,9.460253715515137
23.750833333333336,86.42194444444445,0.008278,0,LOW,210.0,7.66541051864624,29.423921585083008,-0.0079679237678647,3.55208158493042,9.530404090881348
23.750833333333336,86.42222222222223,0.008256,0,LOW,210.0,7.635156631469727,354.3387145996094,-0.0045530996285378,3.359159231185913,9.492772102355955
23.750833333333336,86.42250000000001,0.007773,0,LOW,209.0,6.93267822265625,355.8421325683594,-0.0011382749071344,3.126943826675415,9.540204048156738
23.750833333333336,86.42277777777778,0.006432,0,LOW,209.0,4.731696605682373,21.88737297058105,-2.775557561562892e-17,2.424158334732056,9.8609619140625
23.750833333333336,86.42305555555556,0.005701,0,LOW,210.0,3.3303771018981934,65.36711883544922,0.0022765498142689,1.7497795820236206,10.14730453491211
23.750833333333336,86.42333333333335,0.004989,0,LOW,212.0,1.7824501991271973,97.46372985839844,-0.003414824604988,0.8164966106414795,10.730875015258787
23.750833333333336,86.42361111111111,0.004453,0,LOW,212.0,0.4632148444652557,180.0,0.0,0.4157397150993347,12.087651252746582
23.750833333333336,86.4238888888889,0.005107,0,LOW,212.0,2.0541701316833496,217.91455078125,-0.0022765498142689,1.342560648918152,10.665635108947754
23.750833333333336,86.42416666666668,0.006662,0,LOW,211.0,5.140386581420898,216.01568603515625,-0.0022765498142689,2.403700828552246,9.85238265991211
23.750833333333336,86.42444444444445,0.007682,0,LOW,209.0,6.796605110168457,221.7386779785156,-0.0011382749071344,2.9101779460906982,9.681961059570312
23.75055555555556,86.41583333333334,0.007465,0,LOW,208.0,6.462792873382568,315.5379333496094,-2.775557561562892e-17,2.905932664871216,9.54869556427002
23.75055555555556,86.41611111111112,0.007691,0,LOW,206.0,6.810611724853516,336.046630859375,0.0011382749071344,2.85881781578064,9.53188705444336
23.75055555555556,86.4163888888889,0.007037,0,LOW,205.0,5.776169300079346,357.5024719238281,0.0022765498142689,2.671292304992676,9.754328727722168
23.75055555555556,86.41666666666667,0.007925,0,LOW,206.0,7.158829689025879,47.4773063659668,0.0022765498142689,3.2317864894866943,9.60806369781494
23.75055555555556,86.41694444444445,0.010306,0,LOW,210.0,10.219285011291504,64.78318786621094,0.0022765498142689,4.268749713897705,9.320448875427246
23.75055555555556,86.41722222222224,0.01003,0,LOW,215.0,9.902605056762695,65.36711883544922,-2.775557561562892e-17,4.049081802368164,9.418248176574709
23.75055555555556,86.4175,0.010103,0,LOW,220.0,9.986989974975586,61.17882537841797,-0.0045530996285378,4.21051025390625,9.456377983093262
23.75055555555556,86.41777777777779,0.011684,0,LOW,224.0,11.683830261230469,54.09565734863281,1.1102230246251563e-16,5.159193992614746,9.31450653076172
23.75055555555556,86.41805555555557,0.011159,0,LOW,229.0,11.14748477935791,38.78128433227539,-0.0045530996285378,4.760952472686768,9.34751796722412
23.75055555555556,86.41833333333334,0.008897,0,LOW,231.0,8.506224632263184,18.917102813720703,-0.003414824604988,3.858612298965454,9.57380485534668
23.75055555555556,86.41861111111112,0.006792,0,LOW,231.0,5.364965438842773,8.094966888427734,0.0022765498142689,2.6666667461395264,9.965853691101074
23.75055555555556,86.4188888888889,0.00543,0,LOW,231.0,2.765655279159546,33.19530487060547,0.0045530996285378,1.6629588603973389,10.55951690673828
23.75055555555556,86.41916666666667,0.004905,0,LOW,233.0,1.584174633026123,73.00230407714844,-0.0022765498142689,0.8314794301986694,11.090126991271973
23.75055555555556,86.41944444444445,0.004469,0,LOW,233.0,0.5051064491271973,270.0,-0.0011382749071344,0.3142696917057037,12.286284446716309
23.75055555555556,86.41972222222223,0.004668,0,LOW,232.0,1.0101343393325806,270.0,0.0045530996285378,0.8314794301986694,11.71760082244873
23.75055555555556,86.42000000000002,0.007513,0,LOW,233.0,6.538027763366699,270.0,-0.0125210238620638,3.197221040725708,9.9859619140625
23.75055555555556,86.42027777777778,0.020547,0,LOW,227.0,18.305368423461918,272.1007995605469,-0.0125210238620638,7.861454486846924,9.020465850830078
23.75055555555556,86.42055555555557,0.026401,0,LOW,214.0,21.26845932006836,274.76568603515625,0.0011382749071344,9.097551345825195,8.872308731079102
23.75055555555556,86.42083333333335,0.012374,0,LOW,205.0,12.354647636413574,279.5611267089844,0.0011382749071344,5.279824256896973,9.381302833557127
23.75055555555556,86.42111111111112,0.005979,0,LOW,201.0,3.883143663406372,302.41094970703125,0.0045530996285378,1.7497795820236206,10.437726020812988
23.75055555555556,86.4213888888889,0.005954,0,LOW,201.0,3.835294246673584,15.248879432678224,0.0,2.1487865447998047,10.336381912231444
23.75055555555556,86.42166666666668,0.008634,0,LOW,202.0,8.156272888183594,25.504314422607425,0.0022765498142689,3.937787771224976,9.501747131347656
23.75055555555556,86.42194444444445,0.010599,0,LOW,205.0,10.54678440093994,12.302896499633787,-0.0079679237678647,4.573136806488037,9.202274322509766
23.75055555555556,86.42222222222223,0.009997,0,LOW,204.0,9.863919258117676,1.4526578187942505,0.0022765498142689,4.4721360206604,9.241521835327148
23.75055555555556,86.42250000000001,0.008058,0,LOW,204.0,7.35251522064209,19.97521209716797,0.0045530996285378,3.5276684761047363,9.49567699432373
23.75055555555556,86.42277777777778,0.007429,0,LOW,206.0,6.406434535980225,59.73286056518555,0.0056913741864264,3.010270595550537,9.569915771484377
23.75055555555556,86.42305555555556,0.006652,0,LOW,210.0,5.121767520904541,79.60678100585938,-0.0022765498142689,2.1140329837799072,9.722272872924805
23.75055555555556,86.42333333333335,0.004986,0,LOW,212.0,1.7755566835403442,58.55949401855469,-0.003414824604988,0.9428090453147888,10.730822563171388
23.75055555555556,86.42361111111111,0.004823,0,LOW,212.0,1.3894023895263672,0.0,-0.0022765498142689,0.6849349141120911,10.975305557250977
23.75055555555556,86.4238888888889,0.004686,0,LOW,212.0,1.0550845861434937,28.60012626647949,0.0,0.8314794301986694,11.317376136779783
23.75055555555556,86.42416666666668,0.004779,0,LOW,213.0,1.2836486101150513,280.3932189941406,-0.0068296492099761,1.2862040996551514,11.239458084106444
23.75055555555556,86.42444444444445,0.006906,0,LOW,212.0,5.5580902099609375,274.76568603515625,-0.0113827483728528,2.4944381713867188,9.903645515441896
23.750277777777782,86.41555555555557,0.007698,0,LOW,209.0,6.821223735809326,312.522705078125,-0.003414824604988,2.8674416542053223,9.50400161743164
23.750277777777782,86.41583333333334,0.00822,0,LOW,205.0,7.584200382232666,307.3876647949219,0.0022765498142689,3.126943826675415,9.38675022125244
23.750277777777782,86.41611111111112,0.006691,0,LOW,202.0,5.189964771270752,327.7354431152344,0.0068296492099761,2.309401035308838,9.786919593811035
23.750277777777782,86.4163888888889,0.005954,0,LOW,202.0,3.835294246673584,15.248879432678224,0.003414824604988,1.8724777698516848,10.13726043701172
23.750277777777782,86.41666666666667,0.007498,0,LOW,203.0,6.514632701873779,62.600563049316406,0.0079679237678647,2.8284270763397217,9.674070358276367
23.750277777777782,86.41694444444445,0.009877,0,LOW,208.0,9.723384857177734,72.1405258178711,0.0011382749071344,3.9471821784973145,9.348088264465332
23.750277777777782,86.41722222222224,0.009133,0,LOW,213.0,8.810519218444824,58.55949401855469,-0.0022765498142689,3.887301206588745,9.52487850189209
23.750277777777782,86.4175,0.009946,0,LOW,216.0,9.80523681640625,41.540409088134766,-2.775557561562892e-17,4.216370105743408,9.477720260620115
23.750277777777782,86.41777777777779,0.011799,0,LOW,220.0,11.798587799072266,39.27735900878906,-0.003414824604988,5.166368007659912,9.326443672180176
23.750277777777782,86.41805555555557,0.01163,0,LOW,223.0,11.629762649536133,32.37377166748047,0.0011382749071344,5.094174861907959,9.350069999694824
23.750277777777782,86.41833333333334,0.010374,0,LOW,226.0,10.296133041381836,32.26454544067383,-0.0011382749071344,4.433319568634033,9.453417778015137
23.750277777777782,86.41861111111112,0.007925,0,LOW,229.0,7.158829689025879,47.4773063659668,-0.0022765498142689,3.593547105789185,9.77891445159912
23.750277777777782,86.4188888888889,0.006179,0,LOW,231.0,4.265336513519287,71.02203369140625,-5.551115123125783e-17,2.042752981185913,10.255982398986816
23.750277777777782,86.41916666666667,0.005115,0,LOW,233.0,2.07199501991272,77.08723449707031,-0.003414824604988,0.916245698928833,10.96818733215332
23.750277777777782,86.41944444444445,0.004407,0,LOW,233.0,0.3426776528358459,312.522705078125,0.0,0.4714045226573944,12.816685676574709
23.750277777777782,86.41972222222223,0.005809,0,LOW,233.0,3.5477097034454346,301.44049072265625,-0.0045530996285378,2.4494898319244385,10.577677726745604
23.750277777777782,86.42000000000002,0.01081,0,LOW,231.0,10.776633262634276,303.5173645019531,-0.0091061992570757,5.05525016784668,9.560365676879885
23.750277777777782,86.42027777777778,0.025284,0,LOW,225.0,20.75639915466309,293.24395751953125,-0.0159358475357294,9.02397346496582,8.929587364196777
23.750277777777782,86.42055555555557,0.027353,0,LOW,211.0,21.688655853271484,289.5975036621094,0.0022765498142689,9.222891807556152,8.863517761230469
23.750277777777782,86.42083333333335,0.011298,0,LOW,202.0,11.291871070861816,295.1600952148437,0.0091061992570757,4.954110622406006,9.460966110229492
23.750277777777782,86.42111111111112,0.005918,0,LOW,200.0,3.764074563980103,312.522705078125,0.0011382749071344,1.8257418870925903,10.43964672088623
23.750277777777782,86.4213888888889,0.005466,0,LOW,199.0,2.841192483901977,333.63446044921875,0.0022765498142689,1.498970866203308,10.603182792663574
23.750277777777782,86.42166666666668,0.006387,0,LOW,198.0,4.649475574493408,353.7768249511719,0.003414824604988,2.586766004562378,10.04093074798584
23.750277777777782,86.42194444444445,0.007193,0,LOW,197.0,6.031810283660889,16.978662490844727,0.0125210238620638,2.922877073287964,9.753055572509766
23.750277777777782,86.42222222222223,0.006654,0,LOW,199.0,5.126501560211182,47.4773063659668,0.0068296492099761,3.0912060737609863,9.898820877075195
23.750277777777782,86.42250000000001,0.007047,0,LOW,201.0,5.7936625480651855,87.71670532226562,0.0113827483728528,2.7125678062438965,9.740035057067873
23.750277777777782,86.42277777777778,0.007852,0,LOW,206.0,7.051016807556152,93.74776458740234,5.551115123125783e-17,2.793290138244629,9.48300552368164
23.750277777777782,86.42305555555556,0.006491,0,LOW,210.0,4.837155342102051,81.76089477539062,-0.0045530996285378,2.054804563522339,9.79328727722168
23.750277777777782,86.42333333333335,0.004992,0,LOW,211.0,1.789013385772705,25.048185348510746,-0.0022765498142689,0.9558139443397522,10.737893104553224
23.750277777777782,86.42361111111111,0.004929,0,LOW,210.0,1.6403926610946655,8.854219436645508,0.0045530996285378,0.8164966106414795,10.82268238067627
23.750277777777782,86.4238888888889,0.004992,0,LOW,211.0,1.789013385772705,25.048185348510746,0.0,0.9938079714775084,10.803080558776855
23.750277777777782,86.42416666666668,0.005751,0,LOW,211.0,3.432037830352783,323.9843139648437,-0.0011382749071344,1.6996731758117676,10.27507209777832
23.750000000000004,86.41555555555557,0.007494,0,LOW,206.0,6.50866174697876,324.5811767578125,-0.0022765498142689,2.9101779460906982,9.54198932647705
23.750000000000004,86.41583333333334,0.006959,0,LOW,203.0,5.646697521209717,302.1067199707031,0.0022765498142689,2.499382734298706,9.652771949768066
23.750000000000004,86.41611111111112,0.005133,0,LOW,201.0,2.112485885620117,303.2265319824219,0.003414824604988,1.196703314781189,10.63845920562744
23.750000000000004,86.4163888888889,0.005209,0,LOW,201.0,2.283597707748413,95.81810760498048,0.0045530996285378,1.2272623777389526,10.597211837768556
23.750000000000004,86.41666666666667,0.006906,0,LOW,203.0,5.5580902099609375,94.76567840576172,0.0045530996285378,2.330686330795288,9.772542953491213
23.750000000000004,86.41694444444445,0.007881,0,LOW,207.0,7.094127655029297,73.00230407714844,5.551115123125783e-17,3.177855491638184,9.610503196716309
23.750000000000004,86.41722222222224,0.008003,0,LOW,211.0,7.272238731384277,31.20750617980957,-0.0079679237678647,3.5206620693206787,9.671159744262695
23.750000000000004,86.4175,0.010442,0,LOW,211.0,10.371781349182127,18.245746612548828,0.0022765498142689,4.760952472686768,9.386998176574709
23.750000000000004,86.41777777777779,0.013701,0,LOW,214.0,13.545952796936035,27.219432830810547,-0.0011382749071344,5.908771514892578,9.171623229980469
23.750000000000004,86.41805555555557,0.014401,0,LOW,218.0,14.129777908325195,23.749616622924805,-0.0068296492099761,6.342099189758301,9.16480827331543
23.750000000000004,86.41833333333334,0.015107,0,LOW,220.0,14.690581321716309,30.29197120666504,0.0011382749071344,6.471208572387695,9.137042045593262
23.750000000000004,86.41861111111112,0.014715,0,LOW,226.0,14.382118225097656,44.81355667114258,-0.0079679237678647,6.377042293548584,9.152785301208496
23.750000000000004,86.4188888888889,0.009695,0,LOW,231.0,9.506871223449709,47.4773063659668,-0.0113827483728528,4.653420448303223,9.567914009094238
23.750000000000004,86.41916666666667,0.006605,0,LOW,232.0,5.04067325592041,23.56569480895996,-0.0022765498142689,2.7125678062438965,10.216285705566406
23.750000000000004,86.41944444444445,0.007289,0,LOW,233.0,6.18551778793335,345.8753356933594,-0.0091061992570757,3.3370349407196045,10.052815437316896
23.750000000000004,86.41972222222223,0.011822,0,LOW,232.0,11.82185173034668,322.3574523925781,-0.0159358475357294,5.56665563583374,9.46483039855957
23.750000000000004,86.42000000000002,0.021396,0,LOW,225.0,18.782575607299805,314.53082275390625,-0.0045530996285378,8.345916748046875,9.043434143066406
23.750000000000004,86.42027777777778,0.033466,0,LOW,217.0,24.0903434753418,307.9364624023437,-0.0079679237678647,10.635371208190918,8.788375854492188
23.750000000000004,86.42055555555557,0.024926,0,LOW,205.0,20.587278366088867,307.06103515625,0.0045530996285378,9.309493064880373,8.912956237792969
23.750000000000004,86.42083333333335,0.009699,0,LOW,200.0,9.51173496246338,322.7650146484375,0.0011382749071344,4.786813259124756,9.607455253601074
23.750000000000004,86.42111111111112,0.006041,0,LOW,199.0,4.003123283386231,349.107666015625,-0.0011382749071344,2.0608041286468506,10.340206146240234
23.750000000000004,86.4213888888889,0.005278,0,LOW,199.0,2.4357128143310547,328.79248046875,-0.0045530996285378,1.2472190856933594,10.722514152526855
23.750000000000004,86.42166666666668,0.004469,0,LOW,197.0,0.5051064491271973,270.0,0.003414824604988,1.3333333730697632,12.237313270568848
23.750000000000004,86.42194444444445,0.006299,0,LOW,197.0,4.488232612609863,128.16917419433594,0.0079679237678647,2.282515287399292,10.03464126586914
23.750000000000004,86.42222222222223,0.008507,0,LOW,200.0,7.983924388885498,125.20032501220705,0.0056913741864264,3.2923405170440674,9.444656372070312
23.750000000000004,86.42250000000001,0.008267,0,LOW,205.0,7.650447845458984,124.87517547607422,-0.0056913741864264,3.1426968574523926,9.46029281616211
23.750000000000004,86.42277777777778,0.006524,0,LOW,207.0,4.897218704223633,112.17493438720705,8.326672684688674e-17,2.4845199584960938,9.86075496673584
23.750000000000004,86.42305555555556,0.005621,0,LOW,209.0,3.165930986404419,73.00230407714844,-0.0011382749071344,1.4907119274139404,10.240704536437988
23.750000000000004,86.42333333333335,0.004986,0,LOW,210.0,1.7755566835403442,58.55949401855469,-0.0011382749071344,1.0999438762664795,10.778366088867188
23.750000000000004,86.42361111111111,0.004986,0,LOW,210.0,1.7755566835403442,121.44050598144533,0.003414824604988,1.1331154108047483,10.783007621765137
23.750000000000004,86.4238888888889,0.004929,0,LOW,211.0,1.6403926610946655,171.14578247070312,2.775557561562892e-17,0.9938079714775084,10.93169403076172
23.750000000000004,86.42416666666668,0.00596,0,LOW,210.0,3.845804214477539,259.6067810058594,0.0011382749071344,1.812167406082153,10.203680038452148
23.749722222222225,86.41527777777779,0.006342,0,LOW,203.0,4.5685319900512695,16.01126480102539,0.0022765498142689,2.108185052871704,9.921157836914062
23.749722222222225,86.41555555555557,0.005822,0,LOW,203.0,3.574545383453369,334.9518127441406,0.0011382749071344,1.7638342380523682,10.102630615234377
23.749722222222225,86.41583333333334,0.00533,0,LOW,202.0,2.5493571758270264,296.9978332519531,0.0011382749071344,1.4229165315628052,10.392698287963867
23.749722222222225,86.41611111111112,0.00456,0,LOW,201.0,0.739273190498352,199.97520446777344,0.003414824604988,0.7370277047157288,11.618168830871582
23.749722222222225,86.4163888888889,0.005701,0,LOW,202.0,3.3303771018981934,114.63288116455078,0.0022765498142689,1.342560648918152,10.14080810546875
23.749722222222225,86.41666666666667,0.005931,0,LOW,205.0,3.7899327278137207,93.4985580444336,-0.0056913741864264,1.7916128635406494,10.07444667816162
23.749722222222225,86.41694444444445,0.005944,0,LOW,206.0,3.814905166625977,31.927413940429688,-0.0022765498142689,2.4944381713867188,10.15033721923828
23.749722222222225,86.41722222222224,0.007917,0,LOW,206.0,7.147124767303467,357.98541259765625,2.775557561562892e-17,3.281071901321411,9.606700897216797
23.749722222222225,86.4175,0.00964,0,LOW,205.0,9.439936637878418,4.561872959136963,0.0045530996285378,4.348974704742432,9.409049034118652
23.749722222222225,86.41777777777779,0.01196,0,LOW,206.0,11.957342147827148,20.722448348999023,0.0068296492099761,5.456902027130127,9.242718696594238
23.749722222222225,86.41805555555557,0.013972,0,LOW,209.0,13.77526569366455,19.97521209716797,0.0022765498142689,6.106058597564697,9.15867805480957
23.749722222222225,86.41833333333334,0.016527,0,LOW,211.0,15.744078636169434,28.99340438842773,0.0079679237678647,7.083278656005859,9.064997673034668
23.749722222222225,86.41861111111112,0.020829,0,LOW,217.0,18.46576690673828,40.30197143554688,0.0045530996285378,8.010795593261719,8.926056861877441
23.749722222222225,86.4188888888889,0.018121,0,LOW,225.0,16.82635498046875,32.63622283935547,-0.0091061992570757,7.42534875869751,9.046916961669922
23.749722222222225,86.41916666666667,0.014492,0,LOW,229.0,14.20315647125244,8.009058952331543,-0.0170741230249404,6.640690326690674,9.250113487243652
23.749722222222225,86.41944444444445,0.016087,0,LOW,227.0,15.427536964416504,345.1925964355469,-0.0068296492099761,7.13018274307251,9.201091766357422
23.749722222222225,86.41972222222223,0.020369,0,LOW,223.0,18.202362060546875,329.3764343261719,-0.0045530996285378,7.930251598358154,9.069815635681152
23.749722222222225,86.42000000000002,0.026886,0,LOW,216.0,21.484474182128903,315.1257629394531,-0.0011382749071344,9.616086959838867,8.91771125793457
23.749722222222225,86.42027777777778,0.03114,0,LOW,206.0,23.230772018432617,307.74493408203125,0.0045530996285378,10.130019187927246,8.814850807189941
23.749722222222225,86.42055555555557,0.0173,0,LOW,196.0,16.28114128112793,316.0316772460937,0.0159358475357294,7.5979204177856445,9.124714851379396
23.749722222222225,86.42083333333335,0.008438,0,LOW,195.0,7.88912296295166,352.6896057128906,0.0045530996285378,3.9471821784973145,9.745834350585938
23.749722222222225,86.42111111111112,0.006847,0,LOW,196.0,5.4581451416015625,13.33594036102295,0.0011382749071344,2.5724081993103027,9.981029510498049
23.749722222222225,86.4213888888889,0.005811,0,LOW,197.0,3.551293134689331,12.302896499633787,-0.0022765498142689,1.6996731758117676,10.311999320983888
23.749722222222225,86.42166666666668,0.005931,0,LOW,197.0,3.7899327278137207,93.4985580444336,0.0045530996285378,2.4944381713867188,10.203782081604004
23.749722222222225,86.42194444444445,0.008565,0,LOW,201.0,8.062148094177246,122.8357162475586,-0.003414824604988,3.4960293769836426,9.438044548034668
23.749722222222225,86.42222222222223,0.008423,0,LOW,204.0,7.868791103363037,130.05169677734375,-0.0011382749071344,3.3370349407196045,9.45974349975586
23.749722222222225,86.42250000000001,0.006155,0,LOW,207.0,4.219244003295898,123.2265167236328,-0.0045530996285378,2.309401035308838,10.067673683166504
23.749722222222225,86.42277777777778,0.004989,0,LOW,208.0,1.7824501991271973,82.53627014160156,-0.0045530996285378,1.1331154108047483,10.893481254577637
23.749722222222225,86.42305555555556,0.005251,0,LOW,208.0,2.3755056858062744,73.00230407714844,0.0022765498142689,1.2472190856933594,10.56354522705078
23.749722222222225,86.42333333333335,0.00568,0,LOW,209.0,3.2878224849700928,94.0351333618164,0.0045530996285378,1.3966450691223145,10.211328506469728
23.749722222222225,86.42361111111111,0.005701,0,LOW,212.0,3.3303771018981934,114.63288116455078,-0.0045530996285378,1.369869828224182,10.212509155273438
23.749722222222225,86.4238888888889,0.004929,0,LOW,213.0,1.6403926610946655,188.85421752929688,-0.0045530996285378,1.0657403469085691,10.99316120147705
23.749722222222225,86.42416666666668,0.006652,0,LOW,212.0,5.121767520904541,259.6067810058594,-0.0068296492099761,2.249828577041626,9.9741792678833
23.74944444444445,86.41527777777779,0.005575,0,LOW,202.0,3.0706160068511963,41.099910736083984,-0.0022765498142689,1.4907119274139404,10.265501022338867
23.74944444444445,86.41555555555557,0.004823,0,LOW,202.0,1.3894023895263672,0.0,-2.775557561562892e-17,0.6666666865348816,10.98874855041504
23.74944444444445,86.41583333333334,0.004279,0,LOW,202.0,0.0,90.0,0.0,0.6666666865348816,13.565729141235352
23.74944444444445,86.41611111111112,0.004821,0,LOW,202.0,1.3836336135864258,146.8046875,0.0011382749071344,0.6285393834114075,10.919875144958496
23.74944444444445,86.4163888888889,0.005251,0,LOW,203.0,2.3755056858062744,106.99769592285156,-0.0011382749071344,1.154700517654419,10.40169906616211
23.74944444444445,86.41666666666667,0.004986,0,LOW,204.0,1.7755566835403442,58.55949401855469,0.0,1.1331154108047483,10.747437477111816
23.74944444444445,86.41694444444445,0.005619,0,LOW,204.0,3.162396192550659,331.3998718261719,-0.0011382749071344,1.5947444438934326,10.241250038146973
23.74944444444445,86.41722222222224,0.006505,0,LOW,202.0,4.862653732299805,328.79248046875,0.0045530996285378,2.1314806938171387,9.88800048828125
23.74944444444445,86.4175,0.006503,0,LOW,201.0,4.858734607696533,357.0275573730469,0.0056913741864264,2.3147406578063965,9.96938705444336
23.74944444444445,86.41777777777779,0.007296,0,LOW,202.0,6.19621467590332,21.43292617797852,0.0022765498142689,2.905932664871216,9.805888175964355
23.74944444444445,86.41805555555557,0.008337,0,LOW,203.0,7.748694896697998,26.970293045043945,0.0056913741864264,3.4676637649536133,9.659096717834473
23.74944444444445,86.41833333333334,0.010552,0,LOW,205.0,10.49437427520752,38.22187423706055,0.0079679237678647,4.771313667297363,9.422773361206056
23.74944444444445,86.41861111111112,0.01513,0,LOW,210.0,14.708695411682127,39.64973831176758,0.0022765498142689,6.674069881439209,9.135173797607422
23.74944444444445,86.4188888888889,0.018803,0,LOW,215.0,17.260465621948242,22.52255249023437,-0.0011382749071344,7.973722457885742,9.015685081481934
23.74944444444445,86.41916666666667,0.022524,0,LOW,217.0,19.38887405395508,2.153388023376465,-0.0011382749071344,8.806563377380371,8.931253433227539
23.74944444444445,86.41944444444445,0.023105,0,LOW,217.0,19.68976783752441,349.352294921875,-0.0079679237678647,8.906926155090332,8.948904037475586
23.74944444444445,86.41972222222223,0.019261,0,LOW,213.0,17.543888092041016,337.0201110839844,0.0022765498142689,8.041558265686035,9.09744930267334
23.74944444444445,86.42000000000002,0.019333,0,LOW,209.0,17.588043212890625,312.522705078125,-0.0056913741864264,7.852026462554932,9.09565258026123
23.74944444444445,86.42027777777778,0.020055,0,LOW,199.0,18.01946258544922,296.57489013671875,0.0091061992570757,7.77460241317749,9.029257774353027
23.74944444444445,86.42055555555557,0.009594,0,LOW,192.0,9.384931564331056,304.2313537597656,0.0113827483728528,4.597369194030762,9.616864204406738
23.74944444444445,86.42083333333335,0.006038,0,LOW,192.0,3.997158765792847,22.24040985107422,0.0045530996285378,1.8856180906295776,10.354175567626951
23.74944444444445,86.42111111111112,0.00592,0,LOW,194.0,3.7671732902526855,37.04991149902344,-0.0011382749071344,1.7638342380523682,10.294219970703123
23.74944444444445,86.4213888888889,0.005747,0,LOW,194.0,3.4227399826049805,47.4773063659668,0.0068296492099761,1.4907119274139404,10.315387725830078
23.74944444444445,86.42166666666668,0.008073,0,LOW,197.0,7.374231338500977,81.01512908935547,0.0022765498142689,3.010270595550537,9.521841049194336
23.74944444444445,86.42194444444445,0.009296,0,LOW,203.0,9.01696491241455,90.0,-0.0068296492099761,3.675074577331543,9.324104309082031
23.74944444444445,86.42222222222223,0.00596,0,LOW,207.0,3.845804214477539,79.60678100585938,-0.0102444738149642,2.377881526947021,10.187003135681152
23.74944444444445,86.42250000000001,0.005775,0,LOW,207.0,3.4790728092193604,355.8421325683594,-0.0068296492099761,2.108185052871704,10.275753021240234
23.74944444444445,86.42277777777778,0.006432,0,LOW,206.0,4.731696605682373,21.88737297058105,0.0011382749071344,2.2607767581939697,9.94190788269043
23.74944444444445,86.42305555555556,0.006386,0,LOW,208.0,4.64743709564209,60.18027877807617,-0.0022765498142689,2.2607767581939697,9.932217597961426
23.74944444444445,86.42333333333335,0.006016,0,LOW,210.0,3.9551517963409424,73.00230407714844,-0.0022765498142689,1.812167406082153,10.081141471862791
23.74944444444445,86.42361111111111,0.00574,0,LOW,212.0,3.41029953956604,41.73867416381836,-0.0045530996285378,1.832491397857666,10.252727508544922
23.74944444444445,86.4238888888889,0.006188,0,LOW,213.0,4.281691074371338,346.3786315917969,-0.0091061992570757,2.096440315246582,10.098020553588867
23.74916666666667,86.41527777777779,0.005251,0,LOW,201.0,2.3755056858062744,73.00230407714844,-0.0022765498142689,1.154700517654419,10.462014198303224
23.74916666666667,86.41555555555557,0.004675,0,LOW,201.0,1.0279349088668823,47.4773063659668,0.0022765498142689,0.4969039857387543,11.235305786132812
23.74916666666667,86.41583333333334,0.004876,0,LOW,202.0,1.515005350112915,90.0,2.775557561562892e-17,0.6666666865348816,10.797783851623535
23.74916666666667,86.41611111111112,0.004845,0,LOW,203.0,1.4410357475280762,118.82117462158205,-0.0022765498142689,0.6666666865348816,10.830178260803224
23.74916666666667,86.4163888888889,0.004709,0,LOW,203.0,1.1112383604049685,114.63288116455078,0.0022765498142689,0.6285393834114075,11.105636596679688
23.74916666666667,86.41666666666667,0.004686,0,LOW,204.0,1.0550845861434937,331.3998718261719,-0.003414824604988,0.916245698928833,11.196494102478027
23.74916666666667,86.41694444444445,0.005941,0,LOW,203.0,3.808784008026123,307.3876647949219,-0.0022765498142689,1.632993221282959,9.962475776672363
23.74916666666667,86.41722222222224,0.005918,0,LOW,201.0,3.764074563980103,312.522705078125,-5.551115123125783e-17,1.5947444438934326,10.03131103515625
23.74916666666667,86.4175,0.005127,0,LOW,200.0,2.0988173484802246,353.0917053222656,0.0011382749071344,1.0657403469085691,10.680150032043455
23.74916666666667,86.41777777777779,0.005278,0,LOW,200.0,2.4357128143310547,31.20750617980957,0.003414824604988,1.154700517654419,10.604728698730469
23.74916666666667,86.41805555555557,0.005918,0,LOW,201.0,3.764074563980103,47.4773063659668,0.0022765498142689,1.6178021430969238,10.251733779907228
23.74916666666667,86.41833333333334,0.007078,0,LOW,203.0,5.844771862030029,50.81430435180664,0.0011382749071344,2.753224849700928,9.896305084228516
23.74916666666667,86.41861111111112,0.008701,0,LOW,205.0,8.246006965637207,33.19530487060547,0.003414824604988,4.076430320739746,9.629913330078123
23.74916666666667,86.4188888888889,0.011713,0,LOW,207.0,11.713576316833496,6.102085590362549,5.551115123125783e-17,5.606433868408203,9.339719772338867
23.74916666666667,86.41916666666667,0.016173,0,LOW,206.0,15.489965438842772,352.6896057128906,0.003414824604988,7.020252704620361,9.100190162658691
23.74916666666667,86.41944444444445,0.016698,0,LOW,204.0,15.865220069885254,354.6602783203125,0.0113827483728528,7.119786262512207,9.10771942138672
23.74916666666667,86.41972222222223,0.012969,0,LOW,205.0,12.904030799865724,351.1457824707031,-0.0011382749071344,6.12825870513916,9.33633804321289
23.74916666666667,86.42000000000002,0.0118,0,LOW,203.0,11.799447059631348,314.1571960449219,-0.0011382749071344,5.533288478851318,9.414847373962402
23.74916666666667,86.42027777777778,0.013489,0,LOW,197.0,13.363811492919922,288.8627319335937,2.775557561562892e-17,5.830951690673828,9.235259056091309
23.74916666666667,86.42055555555557,0.007669,0,LOW,191.0,6.776853084564209,291.9743957519531,0.0068296492099761,3.177855491638184,9.838088035583496
23.74916666666667,86.42083333333335,0.005588,0,LOW,191.0,3.0980255603790283,34.757442474365234,0.0011382749071344,1.4229165315628052,10.514322280883787
23.74916666666667,86.42111111111112,0.005918,0,LOW,193.0,3.764074563980103,47.4773063659668,-0.0022765498142689,1.6178021430969238,10.22555923461914
23.74916666666667,86.4213888888889,0.005979,0,LOW,194.0,3.883143663406372,57.58903503417969,-0.0011382749071344,1.7638342380523682,10.148252487182615
23.74916666666667,86.42166666666668,0.008308,0,LOW,196.0,7.70786190032959,70.81974792480469,0.003414824604988,3.3333332538604736,9.457594871520996
23.74916666666667,86.42194444444445,0.009558,0,LOW,201.0,9.341259956359863,62.16575241088867,-0.0022765498142689,3.909469366073608,9.28010082244873
23.74916666666667,86.42222222222223,0.007573,0,LOW,205.0,6.630087852478027,13.152094841003418,-0.0113827483728528,3.265986442565918,9.638385772705078
23.74916666666667,86.42250000000001,0.008897,0,LOW,202.0,8.506224632263184,341.0828857421875,0.0045530996285378,3.774508476257324,9.382331848144531
23.74916666666667,86.42277777777778,0.009126,0,LOW,202.0,8.801870346069336,19.97521209716797,0.0022765498142689,3.928370952606201,9.33261775970459
23.74916666666667,86.42305555555556,0.009667,0,LOW,206.0,9.473037719726562,43.3817253112793,-0.0045530996285378,4.189935207366943,9.24205493927002
23.74916666666667,86.42333333333335,0.007783,0,LOW,209.0,6.948971748352051,30.419776916503903,-0.0079679237678647,3.2126293182373047,9.555024147033691
23.74916666666667,86.42361111111111,0.007613,0,LOW,209.0,6.6909260749816895,2.153388023376465,-0.0022765498142689,3.119037628173828,9.625686645507812
23.74916666666667,86.4238888888889,0.008176,0,LOW,208.0,7.521421909332275,348.4447021484375,0.0011382749071344,3.2126293182373047,9.58499813079834
23.74888888888889,86.41583333333334,0.004989,0,LOW,202.0,1.7824501991271973,82.53627014160156,2.775557561562892e-17,0.7370277047157288,10.622708320617676
23.74888888888889,86.41611111111112,0.004845,0,LOW,203.0,1.4410357475280762,61.17882537841797,-0.0011382749071344,0.6849349141120911,10.819809913635254
23.74888888888889,86.4163888888889,0.004823,0,LOW,204.0,1.3894023895263672,0.0,-0.0056913741864264,0.916245698928833,10.860417366027832
23.74888888888889,86.41666666666667,0.00574,0,LOW,203.0,3.41029953956604,318.2613220214844,-0.0022765498142689,1.5475987195968628,9.978718757629396
23.74888888888889,86.41694444444445,0.006276,0,LOW,201.0,4.445918083190918,312.522705078125,-5.551115123125783e-17,1.7916128635406494,9.73652172088623
23.74888888888889,86.41722222222224,0.005414,0,LOW,199.0,2.731192350387573,319.6980285644531,0.0045530996285378,1.3333333730697632,10.253833770751951
23.74888888888889,86.4175,0.004739,0,LOW,199.0,1.185113549232483,12.302896499633787,0.0022765498142689,0.6849349141120911,11.127724647521973
23.74888888888889,86.41777777777779,0.004821,0,LOW,200.0,1.3836336135864258,33.19530487060547,-0.0022765498142689,0.6666666865348816,11.02747917175293
23.74888888888889,86.41805555555557,0.005418,0,LOW,200.0,2.739364624023437,47.4773063659668,0.0022765498142689,1.257078766822815,10.417263984680176
23.74888888888889,86.41833333333334,0.006094,0,LOW,202.0,4.105141639709473,47.4773063659668,-0.0022765498142689,1.7708196640014648,10.098358154296877
23.74888888888889,86.41861111111112,0.006106,0,LOW,203.0,4.127801418304443,17.781978607177734,-0.0022765498142689,2.054804563522339,10.18084716796875
23.74888888888889,86.4188888888889,0.007225,0,LOW,202.0,6.08259916305542,335.5653076171875,0.0022765498142689,2.9101779460906982,9.867387771606444
23.74888888888889,86.41916666666667,0.008747,0,LOW,199.0,8.30709171295166,329.1212463378906,0.0091061992570757,3.784308195114136,9.60770034790039
23.74888888888889,86.41944444444445,0.008583,0,LOW,198.0,8.087621688842773,354.6602783203125,0.0056913741864264,3.7712361812591553,9.666521072387695
23.74888888888889,86.41972222222223,0.008302,0,LOW,199.0,7.700132369995117,9.381563186645508,0.003414824604988,3.399346351623535,9.72514533996582
23.74888888888889,86.42000000000002,0.007915,0,LOW,200.0,7.1436944007873535,320.72265625,-0.0068296492099761,3.4676637649536133,9.78482151031494
23.74888888888889,86.42027777777778,0.010549,0,LOW,195.0,10.491180419921877,287.7951354980469,0.0011382749071344,4.4081854820251465,9.347393989562988
23.74888888888889,86.42055555555557,0.007464,0,LOW,190.0,6.461338520050049,290.9122619628906,0.0045530996285378,2.9101779460906982,9.761992454528809
23.74888888888889,86.42083333333335,0.00552,0,LOW,189.0,2.95463490486145,19.97521209716797,0.0045530996285378,1.448711633682251,10.459478378295898
23.74888888888889,86.42111111111112,0.006267,0,LOW,191.0,4.429569721221924,43.06578063964844,-0.0011382749071344,1.8525924682617188,9.98691463470459
23.74888888888889,86.4213888888889,0.006485,0,LOW,192.0,4.827740669250488,51.52283477783203,0.003414824604988,2.054804563522339,9.87848663330078
23.74888888888889,86.42166666666668,0.007585,0,LOW,195.0,6.648736000061035,56.298583984375,-0.0011382749071344,2.922877073287964,9.5713472366333
23.74888888888889,86.42194444444445,0.008625,0,LOW,198.0,8.144486427307129,40.30197143554688,-0.0022765498142689,3.685138702392578,9.392212867736816
23.74888888888889,86.42222222222223,0.008561,0,LOW,200.0,8.056842803955078,1.784499168395996,-0.0045530996285378,3.593547105789185,9.41989517211914
23.74888888888889,86.42250000000001,0.008577,0,LOW,198.0,8.07849407196045,340.0247802734375,5.551115123125783e-17,3.654863119125366,9.419005393981934
23.74888888888889,86.42277777777778,0.008229,0,LOW,196.0,7.596282005310059,31.927413940429688,0.0136592984199523,3.681787014007568,9.473553657531738
23.74888888888889,86.42305555555556,0.009724,0,LOW,201.0,9.541543960571287,49.508819580078125,0.0022765498142689,4.192880630493164,9.236164093017578
23.74888888888889,86.42333333333335,0.008115,0,LOW,204.0,7.434278964996338,26.05023765563965,0.0,3.2126293182373047,9.50128173828125
23.74888888888889,86.42361111111111,0.007462,0,LOW,205.0,6.457665920257568,0.0,-0.0011382749071344,2.922877073287964,9.68979835510254
23.74888888888889,86.4238888888889,0.007116,0,LOW,204.0,5.905412673950195,347.6971130371094,0.003414824604988,2.6666667461395264,9.86587619781494
23.748611111111117,86.4163888888889,0.00559,0,LOW,202.0,3.1017966270446777,345.8753356933594,-0.0011382749071344,1.3146843910217283,10.072997093200684
23.748611111111117,86.41666666666667,0.00574,0,LOW,201.0,3.41029953956604,318.2613220214844,-5.551115123125783e-17,1.5234787464141846,9.969890594482422
23.748611111111117,86.41694444444445,0.005182,0,LOW,199.0,2.2216413021087646,294.63287353515625,0.0056913741864264,1.2272623777389526,10.39444351196289
23.748611111111117,86.41722222222224,0.004539,0,LOW,199.0,0.6853308081626892,227.4773101806641,0.0011382749071344,0.6849349141120911,11.571757316589355
23.748611111111117,86.4175,0.00456,0,LOW,199.0,0.739273190498352,160.02479553222656,0.0011382749071344,0.4969039857387543,11.507797241210938
23.748611111111117,86.41777777777779,0.004407,0,LOW,199.0,0.3426776528358459,132.52268981933594,0.0022765498142689,0.4969039857387543,12.306882858276367
23.748611111111117,86.41805555555557,0.004779,0,LOW,199.0,1.2836486101150513,79.60678100585938,0.003414824604988,0.8748897910118103,11.03891658782959
23.748611111111117,86.41833333333334,0.005182,0,LOW,200.0,2.2216413021087646,65.36711883544922,0.003414824604988,1.1331154108047483,10.562710762023926
23.748611111111117,86.41861111111112,0.00486,0,LOW,201.0,1.4783002138137815,19.97521209716797,0.0011382749071344,0.8164966106414795,11.05154514312744
23.748611111111117,86.4188888888889,0.006099,0,LOW,201.0,4.113659858703613,293.1690673828125,-0.0022765498142689,2.042752981185913,10.100454330444336
23.748611111111117,86.41916666666667,0.007172,0,LOW,198.0,5.9977192878723145,292.62860107421875,-0.0011382749071344,2.4944381713867188,9.775214195251465
23.748611111111117,86.41944444444445,0.005667,0,LOW,195.0,3.2615230083465576,337.2467956542969,0.0079679237678647,1.6178021430969238,10.417261123657228
23.748611111111117,86.41972222222223,0.005944,0,LOW,196.0,3.814905166625977,31.927413940429688,0.0022765498142689,1.7284832000732422,10.27031707763672
23.748611111111117,86.42000000000002,0.00574,0,LOW,197.0,3.41029953956604,318.2613220214844,-0.0011382749071344,2.0,10.373977661132812
23.748611111111117,86.42027777777778,0.008782,0,LOW,194.0,8.354818344116211,277.9105224609375,-0.0011382749071344,3.5276684761047363,9.439860343933104
23.748611111111117,86.42055555555557,0.007047,0,LOW,189.0,5.7936625480651855,272.2832946777344,0.0068296492099761,2.51415753364563,9.753629684448242
23.748611111111117,86.42083333333335,0.004453,0,LOW,188.0,0.4632148444652557,0.0,0.0045530996285378,0.8164966106414795,12.218976974487305
23.748611111111117,86.42111111111112,0.005484,0,LOW,189.0,2.8802506923675537,61.17882537841797,0.003414824604988,1.2272623777389526,10.345958709716797
23.748611111111117,86.4213888888889,0.006206,0,LOW,191.0,4.315837860107422,61.17882537841797,5.551115123125783e-17,1.8257418870925903,9.933564186096191
23.748611111111117,86.42166666666668,0.006462,0,LOW,193.0,4.786378860473633,47.4773063659668,-5.551115123125783e-17,2.2607767581939697,9.85279369354248
23.748611111111117,86.42194444444445,0.006921,0,LOW,194.0,5.583623886108398,29.73429298400879,0.0022765498142689,2.528846025466919,9.728278160095217
23.748611111111117,86.42222222222223,0.006342,0,LOW,195.0,4.5685319900512695,16.01126480102539,0.0022765498142689,2.4393887519836426,9.949810028076172
23.748611111111117,86.42250000000001,0.004739,0,LOW,194.0,1.185113549232483,12.302896499633787,0.0102444738149642,2.0608041286468506,11.306112289428713
23.748611111111117,86.42277777777778,0.006376,0,LOW,195.0,4.629415988922119,101.51863861083984,0.0102444738149642,2.298684597015381,9.939094543457031
23.748611111111117,86.42305555555556,0.006906,0,LOW,200.0,5.5580902099609375,85.23432159423828,-0.003414824604988,2.58198881149292,9.760719299316406
23.748611111111117,86.42333333333335,0.005747,0,LOW,201.0,3.4227399826049805,47.4773063659668,0.003414824604988,1.6178021430969238,10.278244972229004
23.748611111111117,86.42361111111111,0.005457,0,LOW,202.0,2.822591543197632,10.30052089691162,0.0022765498142689,1.4229165315628052,10.538453102111816
23.74833333333334,86.41722222222224,0.005127,0,LOW,200.0,2.0988173484802246,173.09170532226562,-2.775557561562892e-17,0.9938079714775084,10.429265022277832
23.74833333333334,86.4175,0.005334,0,LOW,200.0,2.558522939682007,174.33871459960938,0.0011382749071344,1.1331154108047483,10.219745635986328
23.74833333333334,86.41777777777779,0.005334,0,LOW,200.0,2.558522939682007,185.66128540039065,0.0011382749071344,1.1331154108047483,10.225930213928224
23.74833333333334,86.41805555555557,0.005049,0,LOW,200.0,1.919797658920288,164.75111389160156,0.0011382749071344,0.9428090453147888,10.54171085357666
23.74833333333334,86.41833333333334,0.004959,0,LOW,201.0,1.7128982543945312,132.52268981933594,-0.0022765498142689,0.8164965510368347,10.706501007080078
23.74833333333334,86.41861111111112,0.00456,0,LOW,201.0,0.739273190498352,160.02479553222656,0.0011382749071344,0.4714045226573944,11.611940383911133
23.74833333333334,86.4188888888889,0.006193,0,LOW,201.0,4.291714191436768,266.9122009277344,-0.0056913741864264,1.9116278886795044,9.914861679077148
23.74833333333334,86.41916666666667,0.007047,0,LOW,196.0,5.7936625480651855,267.7167053222656,0.0091061992570757,2.424158334732056,9.661144256591797
23.74833333333334,86.41944444444445,0.004845,0,LOW,195.0,1.4410357475280762,241.17881774902344,0.0022765498142689,1.1331154108047483,11.08437156677246
23.74833333333334,86.41972222222223,0.00504,0,LOW,195.0,1.898866057395935,111.45610809326172,0.0056913741864264,0.8748897910118103,10.822943687438965
23.74833333333334,86.42000000000002,0.004905,0,LOW,197.0,1.584174633026123,253.00230407714844,-0.0056913741864264,1.2272623777389526,11.007797241210938
23.74833333333334,86.42027777777778,0.007882,0,LOW,194.0,7.095602989196777,262.5362548828125,-5.551115123125783e-17,2.935521125793457,9.490524291992188
23.74833333333334,86.42055555555557,0.006889,0,LOW,190.0,5.528800010681152,253.00230407714844,0.003414824604988,2.424158334732056,9.708352088928224
23.74833333333334,86.42083333333335,0.004992,0,LOW,189.0,1.789013385772705,205.04818725585935,0.0011382749071344,0.8314794301986694,10.795621871948242
23.74833333333334,86.42111111111112,0.004986,0,LOW,189.0,1.7755566835403442,121.44050598144533,0.0022765498142689,0.9428090453147888,10.772672653198242
23.74833333333334,86.4213888888889,0.005554,0,LOW,190.0,3.027895212173462,90.0,0.003414824604988,1.3146843910217283,10.23790168762207
23.74833333333334,86.42166666666668,0.005251,0,LOW,192.0,2.3755056858062744,73.00230407714844,-0.0011382749071344,1.154700517654419,10.505645751953123
23.74833333333334,86.42194444444445,0.005338,0,LOW,192.0,2.566009759902954,79.60678100585938,0.0056913741864264,1.342560648918152,10.458989143371582
23.74833333333334,86.42222222222223,0.006524,0,LOW,194.0,4.897218704223633,112.17493438720705,0.0045530996285378,2.51415753364563,9.831066131591797
23.74833333333334,86.42250000000001,0.007261,0,LOW,197.0,6.141522407531738,142.08544921875,2.775557561562892e-17,2.6434171199798584,9.609990119934082
23.74833333333334,86.42277777777778,0.006691,0,LOW,199.0,5.189964771270752,147.73545837402344,-0.003414824604988,2.4545247554779053,9.78435516357422
23.74833333333334,86.42305555555556,0.005484,0,LOW,200.0,2.8802506923675537,118.82117462158205,-2.775557561562892e-17,1.812167406082153,10.39865779876709
23.74833333333334,86.42333333333335,0.004989,0,LOW,201.0,1.7824501991271973,82.53627014160156,-2.775557561562892e-17,0.7370277047157288,10.937681198120115
23.74833333333334,86.42361111111111,0.004739,0,LOW,202.0,1.185113549232483,347.6971130371094,-0.003414824604988,0.8748897910118103,11.43887710571289
23.74805555555556,86.41777777777779,0.004992,0,LOW,202.0,1.789013385772705,205.04818725585935,-0.003414824604988,0.8748897910118103,10.561650276184082
23.74805555555556,86.41805555555557,0.004686,0,LOW,201.0,1.0550845861434937,208.60012817382807,0.0,0.6666666865348816,11.09585189819336
23.74805555555556,86.41833333333334,0.004709,0,LOW,201.0,1.1112383604049685,114.63288116455078,0.0011382749071344,0.5665577054023743,11.071785926818848
23.74805555555556,86.41861111111112,0.00456,0,LOW,202.0,0.739273190498352,160.02479553222656,-0.003414824604988,0.4714045226573944,11.52456283569336
23.74805555555556,86.4188888888889,0.006099,0,LOW,201.0,4.113659858703613,246.83094787597656,-0.0011382749071344,1.9436506032943728,9.856085777282717
23.74805555555556,86.41916666666667,0.007019,0,LOW,198.0,5.746016979217529,241.17881774902344,0.0011382749071344,2.408831596374512,9.560791969299316
23.74805555555556,86.41944444444445,0.005619,0,LOW,196.0,3.162396192550659,208.60012817382807,0.0045530996285378,1.5234787464141846,10.188043594360352
23.74805555555556,86.41972222222223,0.00486,0,LOW,197.0,1.4783002138137815,160.02479553222656,-0.003414824604988,0.9558139443397522,10.969743728637695
23.74805555555556,86.42000000000002,0.004989,0,LOW,197.0,1.7824501991271973,262.5362548828125,-0.003414824604988,1.0999438762664795,10.79855251312256
23.74805555555556,86.42027777777778,0.007209,0,LOW,195.0,6.056450366973877,265.6298522949219,-0.003414824604988,2.538591146469116,9.576281547546388
23.74805555555556,86.42055555555557,0.006652,0,LOW,191.0,5.121767520904541,259.6067810058594,0.0022765498142689,2.211083173751831,9.729811668395996
23.74805555555556,86.42083333333335,0.004815,0,LOW,190.0,1.3704655170440674,227.4773101806641,0.0,0.6666666865348816,11.022217750549316
23.74805555555556,86.42111111111112,0.004815,0,LOW,190.0,1.3704655170440674,132.52268981933594,2.775557561562892e-17,0.6666666865348816,11.000267028808594
23.74805555555556,86.4213888888889,0.005394,0,LOW,191.0,2.688184261322021,110.14424896240234,-0.0011382749071344,1.196703314781189,10.326812744140623
23.74805555555556,86.42166666666668,0.005182,0,LOW,192.0,2.2216413021087646,114.63288116455078,0.0011382749071344,0.9938079714775084,10.53933334350586
23.74805555555556,86.42194444444445,0.005774,0,LOW,193.0,3.477249383926392,109.42852783203124,0.0011382749071344,1.498970866203308,10.117371559143066
23.74805555555556,86.42222222222223,0.008002,0,LOW,196.0,7.271103858947754,104.6824188232422,0.0,2.973130702972412,9.393451690673828
23.74805555555556,86.42250000000001,0.006707,0,LOW,201.0,5.217365741729736,113.47997283935548,-0.0113827483728528,2.393406629562378,9.737340927124023
23.74805555555556,86.42277777777778,0.004634,0,LOW,201.0,0.9263691902160645,180.0,-0.0045530996285378,1.154700517654419,11.48686981201172
23.74805555555556,86.42305555555556,0.004539,0,LOW,200.0,0.6853308081626892,47.4773063659668,0.0011382749071344,0.7370277047157288,11.839722633361816
23.74805555555556,86.42333333333335,0.004961,0,LOW,201.0,1.717559576034546,36.01567840576172,-0.0022765498142689,0.9428090453147888,11.013916969299316
23.74805555555556,86.42361111111111,0.00592,0,LOW,201.0,3.7671732902526855,322.9500732421875,-0.003414824604988,1.968893885612488,10.344457626342772
23.74777777777778,86.41833333333334,0.004709,0,LOW,201.0,1.1112383604049685,65.36711883544922,0.0011382749071344,0.5665577054023743,11.049612998962402
23.74777777777778,86.41861111111112,0.004539,0,LOW,202.0,0.6853308081626892,47.4773063659668,-0.0022765498142689,0.4714045226573944,11.558818817138672
23.74777777777778,86.4188888888889,0.005209,0,LOW,202.0,2.283597707748413,264.181884765625,-0.0045530996285378,1.2272623777389526,10.389130592346191
23.74777777777778,86.41916666666667,0.006099,0,LOW,200.0,4.113659858703613,246.83094787597656,-0.0022765498142689,1.7708196640014648,9.831933975219728
23.74777777777778,86.41944444444445,0.005603,0,LOW,198.0,3.129276990890503,233.73443603515625,0.0,1.3333333730697632,10.133509635925291
23.74777777777778,86.41972222222223,0.004989,0,LOW,197.0,1.7824501991271973,262.5362548828125,-2.775557561562892e-17,1.0999438762664795,10.723349571228027
23.74777777777778,86.42000000000002,0.00533,0,LOW,196.0,2.5493571758270264,296.9978332519531,0.0,1.0999438762664795,10.391676902770996
23.74777777777778,86.42027777777778,0.006652,0,LOW,195.0,5.121767520904541,280.3932189941406,-0.0045530996285378,2.1829869747161865,9.709793090820312
23.74777777777778,86.42055555555557,0.006774,0,LOW,191.0,5.333616256713867,277.4637451171875,0.003414824604988,2.309401035308838,9.668150901794434
23.74777777777778,86.42083333333335,0.004959,0,LOW,190.0,1.7128982543945312,312.522705078125,-0.0011382749071344,0.9428090453147888,10.789958953857422
23.74777777777778,86.42111111111112,0.004986,0,LOW,190.0,1.7755566835403442,58.55949401855469,0.0,0.9428090453147888,10.738088607788086
23.74777777777778,86.4213888888889,0.005554,0,LOW,191.0,3.027895212173462,90.0,0.0011382749071344,1.2862040996551514,10.203672409057615
23.74777777777778,86.42166666666668,0.005251,0,LOW,193.0,2.3755056858062744,106.99769592285156,-0.003414824604988,1.054092526435852,10.46247673034668
23.74777777777778,86.42194444444445,0.005571,0,LOW,193.0,3.0629920959472656,98.69002532958984,0.0045530996285378,1.369869828224182,10.2272367477417
23.74777777777778,86.42222222222223,0.007699,0,LOW,196.0,6.822000503540039,84.18189239501953,5.551115123125783e-17,2.8284270763397217,9.435994148254396
23.74777777777778,86.42250000000001,0.006271,0,LOW,200.0,4.436622142791748,65.36711883544922,-0.0045530996285378,2.165954351425171,9.882784843444824
23.74777777777778,86.42277777777778,0.005319,0,LOW,200.0,2.5252227783203125,336.4342956542969,-0.0022765498142689,1.0657403469085691,10.485921859741213
23.74777777777778,86.42305555555556,0.005334,0,LOW,199.0,2.558522939682007,354.3387145996094,0.0022765498142689,1.3333333730697632,10.558143615722656
23.74777777777778,86.42333333333335,0.005903,0,LOW,200.0,3.73476767539978,352.2381286621094,-0.0045530996285378,1.8525924682617188,10.305904388427734
23.7475,86.4188888888889,0.004959,0,LOW,201.0,1.7128982543945312,312.522705078125,-0.0011382749071344,0.7856742143630981,10.654947280883787
23.7475,86.41916666666667,0.005209,0,LOW,200.0,2.283597707748413,275.818115234375,-5.551115123125783e-17,1.0999438762664795,10.389477729797363
23.7475,86.41944444444445,0.005571,0,LOW,199.0,3.0629920959472656,261.3099670410156,-0.0022765498142689,1.257078766822815,10.120177268981934
23.7475,86.41972222222223,0.005801,0,LOW,197.0,3.531358242034912,270.0,0.0,1.4142135381698608,10.00776195526123
23.7475,86.42000000000002,0.005475,0,LOW,195.0,2.8613502979278564,284.0420227050781,0.0022765498142689,1.165343165397644,10.25330924987793
23.7475,86.42027777777778,0.006376,0,LOW,194.0,4.629415988922119,281.5186462402344,-0.0011382749071344,2.0608041286468506,9.799626350402832
23.7475,86.42055555555557,0.007295,0,LOW,191.0,6.194447994232178,282.9127502441406,-0.0011382749071344,2.6010444164276123,9.517864227294922
23.7475,86.42083333333335,0.005575,0,LOW,188.0,3.0706160068511963,318.90008544921875,0.0056913741864264,1.4740554094314575,10.21632480621338
23.7475,86.42111111111112,0.005747,0,LOW,189.0,3.4227399826049805,47.4773063659668,0.0,1.4740554094314575,10.097161293029783
23.7475,86.4213888888889,0.006179,0,LOW,191.0,4.265336513519287,71.02203369140625,-0.0011382749071344,1.8257418870925903,9.875340461730955
23.7475,86.42166666666668,0.005571,0,LOW,193.0,3.0629920959472656,81.30997467041016,-0.0022765498142689,1.3333333730697632,10.216197967529297
23.7475,86.42194444444445,0.005571,0,LOW,194.0,3.0629920959472656,98.69002532958984,-0.0011382749071344,1.5234787464141846,10.225850105285645
23.7475,86.42222222222223,0.006751,0,LOW,195.0,5.293695449829102,92.50048828125,0.0068296492099761,2.298684597015381,9.683659553527832
23.7475,86.42250000000001,0.005545,0,LOW,199.0,3.0070974826812744,67.37140655517578,-0.0056913741864264,1.5947444438934326,10.269597053527832
23.7475,86.42277777777778,0.005132,0,LOW,198.0,2.1094541549682617,331.3998718261719,0.003414824604988,0.9558139443397522,10.683792114257812
23.7475,86.42305555555556,0.005319,0,LOW,198.0,2.5252227783203125,336.4342956542969,-0.0011382749071344,1.2862040996551514,10.620229721069336
23.7475,86.42333333333335,0.006856,0,LOW,197.0,5.47377872467041,323.2737121582031,0.0011382749071344,2.819683790206909,9.996456146240234
23.747222222222227,86.41972222222223,0.005801,0,LOW,197.0,3.531358242034912,270.0,0.0,1.4142135381698608,9.986303329467772
23.747222222222227,86.42000000000002,0.005475,0,LOW,195.0,2.8613502979278564,255.95797729492188,0.0022765498142689,1.165343165397644,10.237247467041016
23.747222222222227,86.42027777777778,0.006376,0,LOW,194.0,4.629415988922119,258.4813537597656,-0.0022765498142689,1.949992060661316,9.793258666992188
23.747222222222227,86.42055555555557,0.007699,0,LOW,190.0,6.822000503540039,264.181884765625,0.0045530996285378,2.7888667583465576,9.425728797912598
23.747222222222227,86.42083333333335,0.00568,0,LOW,187.0,3.2878224849700928,274.0351257324219,0.0056913741864264,1.7497795820236206,10.163252830505373
23.747222222222227,86.42111111111112,0.005418,0,LOW,187.0,2.739364624023437,47.4773063659668,0.0056913741864264,1.3966450691223145,10.341397285461426
23.747222222222227,86.4213888888889,0.006714,0,LOW,190.0,5.229490756988525,54.958740234375,-0.003414824604988,2.1140329837799072,9.690994262695312
23.747222222222227,86.42166666666668,0.006571,0,LOW,192.0,4.979940414428711,59.3154525756836,-0.0011382749071344,2.165954351425171,9.742175102233888
23.747222222222227,86.42194444444445,0.006376,0,LOW,194.0,4.629415988922119,78.48136138916016,0.0,1.987615942955017,9.815057754516602
23.747222222222227,86.42222222222223,0.006193,0,LOW,197.0,4.291714191436768,86.91218566894531,-0.0056913741864264,1.9116278886795044,9.890254974365234
23.747222222222227,86.42250000000001,0.004959,0,LOW,198.0,1.7128982543945312,47.4773063659668,-0.0011382749071344,1.196703314781189,10.830860137939451
23.747222222222227,86.42277777777778,0.005278,0,LOW,198.0,2.4357128143310547,328.79248046875,-0.003414824604988,1.154700517654419,10.5527925491333
23.747222222222227,86.42305555555556,0.005751,0,LOW,197.0,3.432037830352783,323.9843139648437,-0.0011382749071344,1.5713484287261963,10.347031593322754
23.747222222222227,86.42333333333335,0.008754,0,LOW,196.0,8.317090034484863,305.49908447265625,-0.0079679237678647,3.915780067443848,9.623703956604004
23.74694444444445,86.42027777777778,0.006449,0,LOW,195.0,4.761790752410889,244.1033172607422,-0.0022765498142689,2.096440315246582,9.750890731811523
23.74694444444445,86.42055555555557,0.007981,0,LOW,192.0,7.240716934204102,249.51345825195312,-0.0022765498142689,2.943920373916626,9.362872123718262
23.74694444444445,86.42083333333335,0.006707,0,LOW,188.0,5.217365741729736,246.52001953125,0.0045530996285378,2.211083173751831,9.707573890686035
23.74694444444445,86.42111111111112,0.004581,0,LOW,187.0,0.7922387719154358,286.9976806640625,0.0011382749071344,1.3333333730697632,11.596293449401855
23.74694444444445,86.4213888888889,0.006117,0,LOW,187.0,4.148559093475342,52.18946838378906,0.0056913741864264,1.8856180906295776,9.936503410339355
23.74694444444445,86.42166666666668,0.007372,0,LOW,190.0,6.317302227020264,66.31803131103516,0.0011382749071344,2.629368782043457,9.50922393798828
23.74694444444445,86.42194444444445,0.007179,0,LOW,193.0,6.008760929107666,74.40530395507812,0.0011382749071344,2.4845199584960938,9.549712181091309
23.74694444444445,86.42222222222223,0.006032,0,LOW,196.0,3.9854736328125,62.34391784667969,-0.0022765498142689,1.6996731758117676,9.953205108642578
23.74694444444445,86.42250000000001,0.005436,0,LOW,197.0,2.777172803878784,0.0,-0.003414824604988,1.3146843910217283,10.333441734313965
23.74694444444445,86.42277777777778,0.005984,0,LOW,196.0,3.892144203186035,333.0296936035156,-2.775557561562892e-17,1.6629588603973389,10.074427604675291
23.74694444444445,86.42305555555556,0.006292,0,LOW,195.0,4.475470542907715,325.7245788574219,-0.0011382749071344,1.9116278886795044,10.080155372619627
23.74666666666667,86.42083333333335,0.007074,0,LOW,190.0,5.836845874786377,251.55767822265625,-0.0011382749071344,2.330686330795288,9.587650299072266
23.74666666666667,86.42111111111112,0.005774,0,LOW,187.0,3.477249383926392,250.57147216796875,0.003414824604988,1.5234787464141846,10.11490535736084
23.74666666666667,86.4213888888889,0.005092,0,LOW,186.0,2.019641160964966,90.0,0.0068296492099761,1.2272623777389526,10.655855178833008
23.74666666666667,86.42166666666668,0.007524,0,LOW,189.0,6.554133892059326,85.9648666381836,0.0022765498142689,2.624669313430786,9.464046478271484
23.74666666666667,86.42194444444445,0.00707,0,LOW,193.0,5.830079078674316,83.17888641357422,-0.0022765498142689,2.408831596374512,9.563554763793944
23.74666666666667,86.42222222222223,0.005442,0,LOW,195.0,2.789794921875,54.50091552734375,-0.0022765498142689,1.342560648918152,10.286334037780762
23.74666666666667,86.42250000000001,0.005379,0,LOW,195.0,2.6561105251312256,343.4378967285156,0.0,1.196703314781189,10.347569465637209
23.74666666666667,86.42277777777778,0.00543,0,LOW,194.0,2.765655279159546,326.8046875,0.0011382749071344,1.257078766822815,10.380818367004396
23.74666666666667,86.42305555555556,0.004709,0,LOW,193.0,1.1112383604049685,294.63287353515625,0.003414824604988,1.3333333730697632,11.433582305908203
23.74638888888889,86.42166666666668,0.006751,0,LOW,189.0,5.293695449829102,92.50048828125,0.0022765498142689,2.266230821609497,9.655038833618164
23.74638888888889,86.42194444444445,0.006711,0,LOW,193.0,5.224344253540039,74.61746215820312,-0.0056913741864264,2.199887752532959,9.643549919128418
23.74638888888889,86.42222222222223,0.005258,0,LOW,194.0,2.392256498336792,39.27735900878906,-0.0011382749071344,1.165343165397644,10.404672622680664
23.74638888888889,86.42250000000001,0.00486,0,LOW,194.0,1.4783002138137815,340.0247802734375,-0.0011382749071344,0.7370277047157288,10.891712188720703
23.74638888888889,86.42277777777778,0.004279,0,LOW,193.0,0.0,90.0,0.0045530996285378,0.7370277047157288,13.646056175231934
23.74638888888889,86.42305555555556,0.005414,0,LOW,194.0,2.731192350387573,139.69802856445312,0.0011382749071344,1.4740554094314575,10.45979118347168
