split,image_file,mask_file,image_path,mask_path,image_size_bytes,mask_size_bytes,width,height,channels,format
train,image_0.png,mask_0.png,data/dataset/train/images\image_0.png,data/dataset/train/masks\mask_0.png,25905,670,128,128,4,PNG
train,image_10.png,mask_10.png,data/dataset/train/images\image_10.png,data/dataset/train/masks\mask_10.png,29809,1154,128,128,4,PNG
train,image_1001.png,mask_1001.png,data/dataset/train/images\image_1001.png,data/dataset/train/masks\mask_1001.png,28512,513,128,128,4,PNG
train,image_1002.png,mask_1002.png,data/dataset/train/images\image_1002.png,data/dataset/train/masks\mask_1002.png,29101,1439,128,128,4,PNG
train,image_1003.png,mask_1003.png,data/dataset/train/images\image_1003.png,data/dataset/train/masks\mask_1003.png,27259,1127,128,128,4,PNG
train,image_1004.png,mask_1004.png,data/dataset/train/images\image_1004.png,data/dataset/train/masks\mask_1004.png,27354,818,128,128,4,PNG
train,image_1005.png,mask_1005.png,data/dataset/train/images\image_1005.png,data/dataset/train/masks\mask_1005.png,26280,798,128,128,4,PNG
train,image_1006.png,mask_1006.png,data/dataset/train/images\image_1006.png,data/dataset/train/masks\mask_1006.png,27439,699,128,128,4,PNG
train,image_1007.png,mask_1007.png,data/dataset/train/images\image_1007.png,data/dataset/train/masks\mask_1007.png,28257,706,128,128,4,PNG
train,image_1008.png,mask_1008.png,data/dataset/train/images\image_1008.png,data/dataset/train/masks\mask_1008.png,24933,674,128,128,4,PNG
train,image_1009.png,mask_1009.png,data/dataset/train/images\image_1009.png,data/dataset/train/masks\mask_1009.png,27905,782,128,128,4,PNG
train,image_1010.png,mask_1010.png,data/dataset/train/images\image_1010.png,data/dataset/train/masks\mask_1010.png,25239,578,128,128,4,PNG
train,image_1011.png,mask_1011.png,data/dataset/train/images\image_1011.png,data/dataset/train/masks\mask_1011.png,26112,550,128,128,4,PNG
train,image_1012.png,mask_1012.png,data/dataset/train/images\image_1012.png,data/dataset/train/masks\mask_1012.png,30857,1430,128,128,4,PNG
train,image_1015.png,mask_1015.png,data/dataset/train/images\image_1015.png,data/dataset/train/masks\mask_1015.png,27878,561,128,128,4,PNG
train,image_1016.png,mask_1016.png,data/dataset/train/images\image_1016.png,data/dataset/train/masks\mask_1016.png,28889,751,128,128,4,PNG
train,image_1018.png,mask_1018.png,data/dataset/train/images\image_1018.png,data/dataset/train/masks\mask_1018.png,26798,518,128,128,4,PNG
train,image_1019.png,mask_1019.png,data/dataset/train/images\image_1019.png,data/dataset/train/masks\mask_1019.png,28362,685,128,128,4,PNG
train,image_102.png,mask_102.png,data/dataset/train/images\image_102.png,data/dataset/train/masks\mask_102.png,24202,737,128,128,4,PNG
train,image_1020.png,mask_1020.png,data/dataset/train/images\image_1020.png,data/dataset/train/masks\mask_1020.png,26082,527,128,128,4,PNG
train,image_1021.png,mask_1021.png,data/dataset/train/images\image_1021.png,data/dataset/train/masks\mask_1021.png,26896,556,128,128,4,PNG
train,image_1024.png,mask_1024.png,data/dataset/train/images\image_1024.png,data/dataset/train/masks\mask_1024.png,28187,601,128,128,4,PNG
train,image_103.png,mask_103.png,data/dataset/train/images\image_103.png,data/dataset/train/masks\mask_103.png,24818,600,128,128,4,PNG
train,image_1034.png,mask_1034.png,data/dataset/train/images\image_1034.png,data/dataset/train/masks\mask_1034.png,26065,734,128,128,4,PNG
train,image_1038.png,mask_1038.png,data/dataset/train/images\image_1038.png,data/dataset/train/masks\mask_1038.png,28365,548,128,128,4,PNG
train,image_1039.png,mask_1039.png,data/dataset/train/images\image_1039.png,data/dataset/train/masks\mask_1039.png,27685,511,128,128,4,PNG
train,image_1044.png,mask_1044.png,data/dataset/train/images\image_1044.png,data/dataset/train/masks\mask_1044.png,24755,715,128,128,4,PNG
train,image_1046.png,mask_1046.png,data/dataset/train/images\image_1046.png,data/dataset/train/masks\mask_1046.png,26725,903,128,128,4,PNG
train,image_1047.png,mask_1047.png,data/dataset/train/images\image_1047.png,data/dataset/train/masks\mask_1047.png,27959,1190,128,128,4,PNG
train,image_1048.png,mask_1048.png,data/dataset/train/images\image_1048.png,data/dataset/train/masks\mask_1048.png,28380,953,128,128,4,PNG
train,image_1049.png,mask_1049.png,data/dataset/train/images\image_1049.png,data/dataset/train/masks\mask_1049.png,24791,691,128,128,4,PNG
train,image_1050.png,mask_1050.png,data/dataset/train/images\image_1050.png,data/dataset/train/masks\mask_1050.png,27641,817,128,128,4,PNG
train,image_1051.png,mask_1051.png,data/dataset/train/images\image_1051.png,data/dataset/train/masks\mask_1051.png,27187,535,128,128,4,PNG
train,image_1052.png,mask_1052.png,data/dataset/train/images\image_1052.png,data/dataset/train/masks\mask_1052.png,24516,735,128,128,4,PNG
train,image_1053.png,mask_1053.png,data/dataset/train/images\image_1053.png,data/dataset/train/masks\mask_1053.png,27155,892,128,128,4,PNG
train,image_1054.png,mask_1054.png,data/dataset/train/images\image_1054.png,data/dataset/train/masks\mask_1054.png,26157,723,128,128,4,PNG
train,image_1055.png,mask_1055.png,data/dataset/train/images\image_1055.png,data/dataset/train/masks\mask_1055.png,24565,715,128,128,4,PNG
train,image_106.png,mask_106.png,data/dataset/train/images\image_106.png,data/dataset/train/masks\mask_106.png,25361,745,128,128,4,PNG
train,image_1060.png,mask_1060.png,data/dataset/train/images\image_1060.png,data/dataset/train/masks\mask_1060.png,27044,908,128,128,4,PNG
train,image_1061.png,mask_1061.png,data/dataset/train/images\image_1061.png,data/dataset/train/masks\mask_1061.png,24875,717,128,128,4,PNG
train,image_1063.png,mask_1063.png,data/dataset/train/images\image_1063.png,data/dataset/train/masks\mask_1063.png,25928,505,128,128,4,PNG
train,image_1065.png,mask_1065.png,data/dataset/train/images\image_1065.png,data/dataset/train/masks\mask_1065.png,27654,886,128,128,4,PNG
train,image_1067.png,mask_1067.png,data/dataset/train/images\image_1067.png,data/dataset/train/masks\mask_1067.png,26536,615,128,128,4,PNG
train,image_1068.png,mask_1068.png,data/dataset/train/images\image_1068.png,data/dataset/train/masks\mask_1068.png,28806,594,128,128,4,PNG
train,image_107.png,mask_107.png,data/dataset/train/images\image_107.png,data/dataset/train/masks\mask_107.png,23898,880,128,128,4,PNG
train,image_1081.png,mask_1081.png,data/dataset/train/images\image_1081.png,data/dataset/train/masks\mask_1081.png,26647,543,128,128,4,PNG
train,image_1083.png,mask_1083.png,data/dataset/train/images\image_1083.png,data/dataset/train/masks\mask_1083.png,28064,626,128,128,4,PNG
train,image_1085.png,mask_1085.png,data/dataset/train/images\image_1085.png,data/dataset/train/masks\mask_1085.png,27949,921,128,128,4,PNG
train,image_1086.png,mask_1086.png,data/dataset/train/images\image_1086.png,data/dataset/train/masks\mask_1086.png,28698,938,128,128,4,PNG
train,image_1087.png,mask_1087.png,data/dataset/train/images\image_1087.png,data/dataset/train/masks\mask_1087.png,25499,652,128,128,4,PNG
train,image_1089.png,mask_1089.png,data/dataset/train/images\image_1089.png,data/dataset/train/masks\mask_1089.png,29845,585,128,128,4,PNG
train,image_1091.png,mask_1091.png,data/dataset/train/images\image_1091.png,data/dataset/train/masks\mask_1091.png,26030,693,128,128,4,PNG
train,image_1093.png,mask_1093.png,data/dataset/train/images\image_1093.png,data/dataset/train/masks\mask_1093.png,24114,662,128,128,4,PNG
train,image_1099.png,mask_1099.png,data/dataset/train/images\image_1099.png,data/dataset/train/masks\mask_1099.png,27770,788,128,128,4,PNG
train,image_11.png,mask_11.png,data/dataset/train/images\image_11.png,data/dataset/train/masks\mask_11.png,29382,1152,128,128,4,PNG
train,image_1101.png,mask_1101.png,data/dataset/train/images\image_1101.png,data/dataset/train/masks\mask_1101.png,24969,724,128,128,4,PNG
train,image_1103.png,mask_1103.png,data/dataset/train/images\image_1103.png,data/dataset/train/masks\mask_1103.png,28535,771,128,128,4,PNG
train,image_1104.png,mask_1104.png,data/dataset/train/images\image_1104.png,data/dataset/train/masks\mask_1104.png,27336,821,128,128,4,PNG
train,image_1105.png,mask_1105.png,data/dataset/train/images\image_1105.png,data/dataset/train/masks\mask_1105.png,27221,819,128,128,4,PNG
train,image_1106.png,mask_1106.png,data/dataset/train/images\image_1106.png,data/dataset/train/masks\mask_1106.png,29010,961,128,128,4,PNG
train,image_1107.png,mask_1107.png,data/dataset/train/images\image_1107.png,data/dataset/train/masks\mask_1107.png,28540,916,128,128,4,PNG
train,image_1108.png,mask_1108.png,data/dataset/train/images\image_1108.png,data/dataset/train/masks\mask_1108.png,28157,542,128,128,4,PNG
train,image_1109.png,mask_1109.png,data/dataset/train/images\image_1109.png,data/dataset/train/masks\mask_1109.png,27886,818,128,128,4,PNG
train,image_1110.png,mask_1110.png,data/dataset/train/images\image_1110.png,data/dataset/train/masks\mask_1110.png,26482,578,128,128,4,PNG
train,image_1111.png,mask_1111.png,data/dataset/train/images\image_1111.png,data/dataset/train/masks\mask_1111.png,29788,786,128,128,4,PNG
train,image_1114.png,mask_1114.png,data/dataset/train/images\image_1114.png,data/dataset/train/masks\mask_1114.png,28795,659,128,128,4,PNG
train,image_1115.png,mask_1115.png,data/dataset/train/images\image_1115.png,data/dataset/train/masks\mask_1115.png,25902,503,128,128,4,PNG
train,image_1124.png,mask_1124.png,data/dataset/train/images\image_1124.png,data/dataset/train/masks\mask_1124.png,29107,530,128,128,4,PNG
train,image_1130.png,mask_1130.png,data/dataset/train/images\image_1130.png,data/dataset/train/masks\mask_1130.png,25118,528,128,128,4,PNG
train,image_1131.png,mask_1131.png,data/dataset/train/images\image_1131.png,data/dataset/train/masks\mask_1131.png,24518,602,128,128,4,PNG
train,image_1132.png,mask_1132.png,data/dataset/train/images\image_1132.png,data/dataset/train/masks\mask_1132.png,26686,826,128,128,4,PNG
train,image_1133.png,mask_1133.png,data/dataset/train/images\image_1133.png,data/dataset/train/masks\mask_1133.png,27490,521,128,128,4,PNG
train,image_1134.png,mask_1134.png,data/dataset/train/images\image_1134.png,data/dataset/train/masks\mask_1134.png,29980,670,128,128,4,PNG
train,image_1135.png,mask_1135.png,data/dataset/train/images\image_1135.png,data/dataset/train/masks\mask_1135.png,28181,687,128,128,4,PNG
train,image_1136.png,mask_1136.png,data/dataset/train/images\image_1136.png,data/dataset/train/masks\mask_1136.png,28633,994,128,128,4,PNG
train,image_1137.png,mask_1137.png,data/dataset/train/images\image_1137.png,data/dataset/train/masks\mask_1137.png,26829,1006,128,128,4,PNG
train,image_1141.png,mask_1141.png,data/dataset/train/images\image_1141.png,data/dataset/train/masks\mask_1141.png,31801,1276,128,128,4,PNG
train,image_1142.png,mask_1142.png,data/dataset/train/images\image_1142.png,data/dataset/train/masks\mask_1142.png,29473,967,128,128,4,PNG
train,image_1143.png,mask_1143.png,data/dataset/train/images\image_1143.png,data/dataset/train/masks\mask_1143.png,27368,818,128,128,4,PNG
train,image_1144.png,mask_1144.png,data/dataset/train/images\image_1144.png,data/dataset/train/masks\mask_1144.png,29178,746,128,128,4,PNG
train,image_1145.png,mask_1145.png,data/dataset/train/images\image_1145.png,data/dataset/train/masks\mask_1145.png,26115,896,128,128,4,PNG
train,image_1147.png,mask_1147.png,data/dataset/train/images\image_1147.png,data/dataset/train/masks\mask_1147.png,28387,913,128,128,4,PNG
train,image_1149.png,mask_1149.png,data/dataset/train/images\image_1149.png,data/dataset/train/masks\mask_1149.png,28545,1012,128,128,4,PNG
train,image_1151.png,mask_1151.png,data/dataset/train/images\image_1151.png,data/dataset/train/masks\mask_1151.png,26396,555,128,128,4,PNG
train,image_1152.png,mask_1152.png,data/dataset/train/images\image_1152.png,data/dataset/train/masks\mask_1152.png,24293,734,128,128,4,PNG
train,image_1153.png,mask_1153.png,data/dataset/train/images\image_1153.png,data/dataset/train/masks\mask_1153.png,28321,765,128,128,4,PNG
train,image_1156.png,mask_1156.png,data/dataset/train/images\image_1156.png,data/dataset/train/masks\mask_1156.png,27535,512,128,128,4,PNG
train,image_1157.png,mask_1157.png,data/dataset/train/images\image_1157.png,data/dataset/train/masks\mask_1157.png,28998,633,128,128,4,PNG
train,image_116.png,mask_116.png,data/dataset/train/images\image_116.png,data/dataset/train/masks\mask_116.png,27247,684,128,128,4,PNG
train,image_1168.png,mask_1168.png,data/dataset/train/images\image_1168.png,data/dataset/train/masks\mask_1168.png,31493,509,128,128,4,PNG
train,image_1175.png,mask_1175.png,data/dataset/train/images\image_1175.png,data/dataset/train/masks\mask_1175.png,28267,751,128,128,4,PNG
train,image_1176.png,mask_1176.png,data/dataset/train/images\image_1176.png,data/dataset/train/masks\mask_1176.png,29802,720,128,128,4,PNG
train,image_1180.png,mask_1180.png,data/dataset/train/images\image_1180.png,data/dataset/train/masks\mask_1180.png,23761,817,128,128,4,PNG
train,image_1181.png,mask_1181.png,data/dataset/train/images\image_1181.png,data/dataset/train/masks\mask_1181.png,27160,774,128,128,4,PNG
train,image_1182.png,mask_1182.png,data/dataset/train/images\image_1182.png,data/dataset/train/masks\mask_1182.png,24898,594,128,128,4,PNG
train,image_1184.png,mask_1184.png,data/dataset/train/images\image_1184.png,data/dataset/train/masks\mask_1184.png,29073,1011,128,128,4,PNG
train,image_1185.png,mask_1185.png,data/dataset/train/images\image_1185.png,data/dataset/train/masks\mask_1185.png,30030,1230,128,128,4,PNG
train,image_1186.png,mask_1186.png,data/dataset/train/images\image_1186.png,data/dataset/train/masks\mask_1186.png,28706,1080,128,128,4,PNG
train,image_1187.png,mask_1187.png,data/dataset/train/images\image_1187.png,data/dataset/train/masks\mask_1187.png,30372,1260,128,128,4,PNG
train,image_1188.png,mask_1188.png,data/dataset/train/images\image_1188.png,data/dataset/train/masks\mask_1188.png,25794,852,128,128,4,PNG
train,image_1189.png,mask_1189.png,data/dataset/train/images\image_1189.png,data/dataset/train/masks\mask_1189.png,28410,663,128,128,4,PNG
train,image_1192.png,mask_1192.png,data/dataset/train/images\image_1192.png,data/dataset/train/masks\mask_1192.png,26535,724,128,128,4,PNG
train,image_1193.png,mask_1193.png,data/dataset/train/images\image_1193.png,data/dataset/train/masks\mask_1193.png,29360,655,128,128,4,PNG
train,image_1194.png,mask_1194.png,data/dataset/train/images\image_1194.png,data/dataset/train/masks\mask_1194.png,23505,519,128,128,4,PNG
train,image_1195.png,mask_1195.png,data/dataset/train/images\image_1195.png,data/dataset/train/masks\mask_1195.png,25628,703,128,128,4,PNG
train,image_1196.png,mask_1196.png,data/dataset/train/images\image_1196.png,data/dataset/train/masks\mask_1196.png,28242,551,128,128,4,PNG
train,image_1200.png,mask_1200.png,data/dataset/train/images\image_1200.png,data/dataset/train/masks\mask_1200.png,28287,556,128,128,4,PNG
train,image_1201.png,mask_1201.png,data/dataset/train/images\image_1201.png,data/dataset/train/masks\mask_1201.png,25600,530,128,128,4,PNG
train,image_1212.png,mask_1212.png,data/dataset/train/images\image_1212.png,data/dataset/train/masks\mask_1212.png,27521,610,128,128,4,PNG
train,image_1219.png,mask_1219.png,data/dataset/train/images\image_1219.png,data/dataset/train/masks\mask_1219.png,26776,874,128,128,4,PNG
train,image_122.png,mask_122.png,data/dataset/train/images\image_122.png,data/dataset/train/masks\mask_122.png,29636,560,128,128,4,PNG
train,image_1220.png,mask_1220.png,data/dataset/train/images\image_1220.png,data/dataset/train/masks\mask_1220.png,26981,767,128,128,4,PNG
train,image_1226.png,mask_1226.png,data/dataset/train/images\image_1226.png,data/dataset/train/masks\mask_1226.png,24611,808,128,128,4,PNG
train,image_1227.png,mask_1227.png,data/dataset/train/images\image_1227.png,data/dataset/train/masks\mask_1227.png,28124,1095,128,128,4,PNG
train,image_1228.png,mask_1228.png,data/dataset/train/images\image_1228.png,data/dataset/train/masks\mask_1228.png,27629,927,128,128,4,PNG
train,image_1229.png,mask_1229.png,data/dataset/train/images\image_1229.png,data/dataset/train/masks\mask_1229.png,30495,1135,128,128,4,PNG
train,image_1230.png,mask_1230.png,data/dataset/train/images\image_1230.png,data/dataset/train/masks\mask_1230.png,29396,1007,128,128,4,PNG
train,image_1231.png,mask_1231.png,data/dataset/train/images\image_1231.png,data/dataset/train/masks\mask_1231.png,30522,1111,128,128,4,PNG
train,image_1232.png,mask_1232.png,data/dataset/train/images\image_1232.png,data/dataset/train/masks\mask_1232.png,30606,1276,128,128,4,PNG
train,image_1233.png,mask_1233.png,data/dataset/train/images\image_1233.png,data/dataset/train/masks\mask_1233.png,27756,886,128,128,4,PNG
train,image_1234.png,mask_1234.png,data/dataset/train/images\image_1234.png,data/dataset/train/masks\mask_1234.png,27405,914,128,128,4,PNG
train,image_1236.png,mask_1236.png,data/dataset/train/images\image_1236.png,data/dataset/train/masks\mask_1236.png,26709,503,128,128,4,PNG
train,image_1237.png,mask_1237.png,data/dataset/train/images\image_1237.png,data/dataset/train/masks\mask_1237.png,28960,566,128,128,4,PNG
train,image_1238.png,mask_1238.png,data/dataset/train/images\image_1238.png,data/dataset/train/masks\mask_1238.png,26810,717,128,128,4,PNG
train,image_124.png,mask_124.png,data/dataset/train/images\image_124.png,data/dataset/train/masks\mask_124.png,28060,544,128,128,4,PNG
train,image_1244.png,mask_1244.png,data/dataset/train/images\image_1244.png,data/dataset/train/masks\mask_1244.png,28531,529,128,128,4,PNG
train,image_1245.png,mask_1245.png,data/dataset/train/images\image_1245.png,data/dataset/train/masks\mask_1245.png,33410,514,128,128,4,PNG
train,image_1247.png,mask_1247.png,data/dataset/train/images\image_1247.png,data/dataset/train/masks\mask_1247.png,29227,535,128,128,4,PNG
train,image_1248.png,mask_1248.png,data/dataset/train/images\image_1248.png,data/dataset/train/masks\mask_1248.png,30614,544,128,128,4,PNG
train,image_1250.png,mask_1250.png,data/dataset/train/images\image_1250.png,data/dataset/train/masks\mask_1250.png,28363,615,128,128,4,PNG
train,image_1252.png,mask_1252.png,data/dataset/train/images\image_1252.png,data/dataset/train/masks\mask_1252.png,32569,566,128,128,4,PNG
train,image_126.png,mask_126.png,data/dataset/train/images\image_126.png,data/dataset/train/masks\mask_126.png,30659,595,128,128,4,PNG
train,image_1264.png,mask_1264.png,data/dataset/train/images\image_1264.png,data/dataset/train/masks\mask_1264.png,25449,563,128,128,4,PNG
train,image_1267.png,mask_1267.png,data/dataset/train/images\image_1267.png,data/dataset/train/masks\mask_1267.png,26613,577,128,128,4,PNG
train,image_1269.png,mask_1269.png,data/dataset/train/images\image_1269.png,data/dataset/train/masks\mask_1269.png,25107,545,128,128,4,PNG
train,image_127.png,mask_127.png,data/dataset/train/images\image_127.png,data/dataset/train/masks\mask_127.png,30786,901,128,128,4,PNG
train,image_1271.png,mask_1271.png,data/dataset/train/images\image_1271.png,data/dataset/train/masks\mask_1271.png,27334,968,128,128,4,PNG
train,image_1272.png,mask_1272.png,data/dataset/train/images\image_1272.png,data/dataset/train/masks\mask_1272.png,26177,822,128,128,4,PNG
train,image_1273.png,mask_1273.png,data/dataset/train/images\image_1273.png,data/dataset/train/masks\mask_1273.png,29357,1028,128,128,4,PNG
train,image_1275.png,mask_1275.png,data/dataset/train/images\image_1275.png,data/dataset/train/masks\mask_1275.png,30611,1262,128,128,4,PNG
train,image_1278.png,mask_1278.png,data/dataset/train/images\image_1278.png,data/dataset/train/masks\mask_1278.png,25801,942,128,128,4,PNG
train,image_1279.png,mask_1279.png,data/dataset/train/images\image_1279.png,data/dataset/train/masks\mask_1279.png,25855,504,128,128,4,PNG
train,image_1280.png,mask_1280.png,data/dataset/train/images\image_1280.png,data/dataset/train/masks\mask_1280.png,25750,773,128,128,4,PNG
train,image_1281.png,mask_1281.png,data/dataset/train/images\image_1281.png,data/dataset/train/masks\mask_1281.png,25266,657,128,128,4,PNG
train,image_1282.png,mask_1282.png,data/dataset/train/images\image_1282.png,data/dataset/train/masks\mask_1282.png,28631,576,128,128,4,PNG
train,image_1287.png,mask_1287.png,data/dataset/train/images\image_1287.png,data/dataset/train/masks\mask_1287.png,26982,736,128,128,4,PNG
train,image_129.png,mask_129.png,data/dataset/train/images\image_129.png,data/dataset/train/masks\mask_129.png,27275,698,128,128,4,PNG
train,image_1292.png,mask_1292.png,data/dataset/train/images\image_1292.png,data/dataset/train/masks\mask_1292.png,27967,572,128,128,4,PNG
train,image_13.png,mask_13.png,data/dataset/train/images\image_13.png,data/dataset/train/masks\mask_13.png,31370,644,128,128,4,PNG
train,image_130.png,mask_130.png,data/dataset/train/images\image_130.png,data/dataset/train/masks\mask_130.png,26890,703,128,128,4,PNG
train,image_1301.png,mask_1301.png,data/dataset/train/images\image_1301.png,data/dataset/train/masks\mask_1301.png,29585,533,128,128,4,PNG
train,image_1309.png,mask_1309.png,data/dataset/train/images\image_1309.png,data/dataset/train/masks\mask_1309.png,27518,608,128,128,4,PNG
train,image_131.png,mask_131.png,data/dataset/train/images\image_131.png,data/dataset/train/masks\mask_131.png,30322,871,128,128,4,PNG
train,image_1310.png,mask_1310.png,data/dataset/train/images\image_1310.png,data/dataset/train/masks\mask_1310.png,28600,578,128,128,4,PNG
train,image_1311.png,mask_1311.png,data/dataset/train/images\image_1311.png,data/dataset/train/masks\mask_1311.png,30273,588,128,128,4,PNG
train,image_1315.png,mask_1315.png,data/dataset/train/images\image_1315.png,data/dataset/train/masks\mask_1315.png,26545,763,128,128,4,PNG
train,image_1316.png,mask_1316.png,data/dataset/train/images\image_1316.png,data/dataset/train/masks\mask_1316.png,28329,622,128,128,4,PNG
train,image_132.png,mask_132.png,data/dataset/train/images\image_132.png,data/dataset/train/masks\mask_132.png,29119,697,128,128,4,PNG
train,image_1320.png,mask_1320.png,data/dataset/train/images\image_1320.png,data/dataset/train/masks\mask_1320.png,33374,1796,128,128,4,PNG
train,image_1321.png,mask_1321.png,data/dataset/train/images\image_1321.png,data/dataset/train/masks\mask_1321.png,29126,1008,128,128,4,PNG
train,image_1322.png,mask_1322.png,data/dataset/train/images\image_1322.png,data/dataset/train/masks\mask_1322.png,29026,1252,128,128,4,PNG
train,image_1323.png,mask_1323.png,data/dataset/train/images\image_1323.png,data/dataset/train/masks\mask_1323.png,31419,585,128,128,4,PNG
train,image_1325.png,mask_1325.png,data/dataset/train/images\image_1325.png,data/dataset/train/masks\mask_1325.png,25784,823,128,128,4,PNG
train,image_1327.png,mask_1327.png,data/dataset/train/images\image_1327.png,data/dataset/train/masks\mask_1327.png,27273,781,128,128,4,PNG
train,image_1333.png,mask_1333.png,data/dataset/train/images\image_1333.png,data/dataset/train/masks\mask_1333.png,30595,709,128,128,4,PNG
train,image_1335.png,mask_1335.png,data/dataset/train/images\image_1335.png,data/dataset/train/masks\mask_1335.png,28580,633,128,128,4,PNG
train,image_1336.png,mask_1336.png,data/dataset/train/images\image_1336.png,data/dataset/train/masks\mask_1336.png,30263,567,128,128,4,PNG
train,image_1337.png,mask_1337.png,data/dataset/train/images\image_1337.png,data/dataset/train/masks\mask_1337.png,26875,562,128,128,4,PNG
train,image_1339.png,mask_1339.png,data/dataset/train/images\image_1339.png,data/dataset/train/masks\mask_1339.png,29229,626,128,128,4,PNG
train,image_134.png,mask_134.png,data/dataset/train/images\image_134.png,data/dataset/train/masks\mask_134.png,27964,818,128,128,4,PNG
train,image_1340.png,mask_1340.png,data/dataset/train/images\image_1340.png,data/dataset/train/masks\mask_1340.png,27269,537,128,128,4,PNG
train,image_1343.png,mask_1343.png,data/dataset/train/images\image_1343.png,data/dataset/train/masks\mask_1343.png,26531,557,128,128,4,PNG
train,image_135.png,mask_135.png,data/dataset/train/images\image_135.png,data/dataset/train/masks\mask_135.png,24821,876,128,128,4,PNG
train,image_1357.png,mask_1357.png,data/dataset/train/images\image_1357.png,data/dataset/train/masks\mask_1357.png,30867,841,128,128,4,PNG
train,image_1359.png,mask_1359.png,data/dataset/train/images\image_1359.png,data/dataset/train/masks\mask_1359.png,28183,618,128,128,4,PNG
train,image_136.png,mask_136.png,data/dataset/train/images\image_136.png,data/dataset/train/masks\mask_136.png,30922,657,128,128,4,PNG
train,image_1361.png,mask_1361.png,data/dataset/train/images\image_1361.png,data/dataset/train/masks\mask_1361.png,28195,833,128,128,4,PNG
train,image_1364.png,mask_1364.png,data/dataset/train/images\image_1364.png,data/dataset/train/masks\mask_1364.png,27350,698,128,128,4,PNG
train,image_1365.png,mask_1365.png,data/dataset/train/images\image_1365.png,data/dataset/train/masks\mask_1365.png,27396,1070,128,128,4,PNG
train,image_1366.png,mask_1366.png,data/dataset/train/images\image_1366.png,data/dataset/train/masks\mask_1366.png,30585,1540,128,128,4,PNG
train,image_1368.png,mask_1368.png,data/dataset/train/images\image_1368.png,data/dataset/train/masks\mask_1368.png,31645,729,128,128,4,PNG
train,image_1369.png,mask_1369.png,data/dataset/train/images\image_1369.png,data/dataset/train/masks\mask_1369.png,27619,1498,128,128,4,PNG
train,image_1370.png,mask_1370.png,data/dataset/train/images\image_1370.png,data/dataset/train/masks\mask_1370.png,25861,976,128,128,4,PNG
train,image_1371.png,mask_1371.png,data/dataset/train/images\image_1371.png,data/dataset/train/masks\mask_1371.png,27003,954,128,128,4,PNG
train,image_1377.png,mask_1377.png,data/dataset/train/images\image_1377.png,data/dataset/train/masks\mask_1377.png,25585,546,128,128,4,PNG
train,image_1379.png,mask_1379.png,data/dataset/train/images\image_1379.png,data/dataset/train/masks\mask_1379.png,29772,862,128,128,4,PNG
train,image_1382.png,mask_1382.png,data/dataset/train/images\image_1382.png,data/dataset/train/masks\mask_1382.png,28073,778,128,128,4,PNG
train,image_139.png,mask_139.png,data/dataset/train/images\image_139.png,data/dataset/train/masks\mask_139.png,28517,772,128,128,4,PNG
train,image_1390.png,mask_1390.png,data/dataset/train/images\image_1390.png,data/dataset/train/masks\mask_1390.png,30428,943,128,128,4,PNG
train,image_140.png,mask_140.png,data/dataset/train/images\image_140.png,data/dataset/train/masks\mask_140.png,29727,797,128,128,4,PNG
train,image_1404.png,mask_1404.png,data/dataset/train/images\image_1404.png,data/dataset/train/masks\mask_1404.png,26035,692,128,128,4,PNG
train,image_1405.png,mask_1405.png,data/dataset/train/images\image_1405.png,data/dataset/train/masks\mask_1405.png,28351,591,128,128,4,PNG
train,image_1406.png,mask_1406.png,data/dataset/train/images\image_1406.png,data/dataset/train/masks\mask_1406.png,25190,824,128,128,4,PNG
train,image_1409.png,mask_1409.png,data/dataset/train/images\image_1409.png,data/dataset/train/masks\mask_1409.png,29234,956,128,128,4,PNG
train,image_1410.png,mask_1410.png,data/dataset/train/images\image_1410.png,data/dataset/train/masks\mask_1410.png,29684,1098,128,128,4,PNG
train,image_1411.png,mask_1411.png,data/dataset/train/images\image_1411.png,data/dataset/train/masks\mask_1411.png,28148,1000,128,128,4,PNG
train,image_1419.png,mask_1419.png,data/dataset/train/images\image_1419.png,data/dataset/train/masks\mask_1419.png,28840,531,128,128,4,PNG
train,image_142.png,mask_142.png,data/dataset/train/images\image_142.png,data/dataset/train/masks\mask_142.png,29115,642,128,128,4,PNG
train,image_1421.png,mask_1421.png,data/dataset/train/images\image_1421.png,data/dataset/train/masks\mask_1421.png,26246,842,128,128,4,PNG
train,image_1422.png,mask_1422.png,data/dataset/train/images\image_1422.png,data/dataset/train/masks\mask_1422.png,27598,539,128,128,4,PNG
train,image_1423.png,mask_1423.png,data/dataset/train/images\image_1423.png,data/dataset/train/masks\mask_1423.png,29271,865,128,128,4,PNG
train,image_1425.png,mask_1425.png,data/dataset/train/images\image_1425.png,data/dataset/train/masks\mask_1425.png,29919,628,128,128,4,PNG
train,image_1426.png,mask_1426.png,data/dataset/train/images\image_1426.png,data/dataset/train/masks\mask_1426.png,28486,579,128,128,4,PNG
train,image_1428.png,mask_1428.png,data/dataset/train/images\image_1428.png,data/dataset/train/masks\mask_1428.png,28135,533,128,128,4,PNG
train,image_1429.png,mask_1429.png,data/dataset/train/images\image_1429.png,data/dataset/train/masks\mask_1429.png,28892,604,128,128,4,PNG
train,image_143.png,mask_143.png,data/dataset/train/images\image_143.png,data/dataset/train/masks\mask_143.png,31003,1169,128,128,4,PNG
train,image_1445.png,mask_1445.png,data/dataset/train/images\image_1445.png,data/dataset/train/masks\mask_1445.png,27205,833,128,128,4,PNG
train,image_1446.png,mask_1446.png,data/dataset/train/images\image_1446.png,data/dataset/train/masks\mask_1446.png,28346,542,128,128,4,PNG
train,image_1449.png,mask_1449.png,data/dataset/train/images\image_1449.png,data/dataset/train/masks\mask_1449.png,27071,645,128,128,4,PNG
train,image_1450.png,mask_1450.png,data/dataset/train/images\image_1450.png,data/dataset/train/masks\mask_1450.png,28421,698,128,128,4,PNG
train,image_1452.png,mask_1452.png,data/dataset/train/images\image_1452.png,data/dataset/train/masks\mask_1452.png,30693,1287,128,128,4,PNG
train,image_1453.png,mask_1453.png,data/dataset/train/images\image_1453.png,data/dataset/train/masks\mask_1453.png,27014,1037,128,128,4,PNG
train,image_1454.png,mask_1454.png,data/dataset/train/images\image_1454.png,data/dataset/train/masks\mask_1454.png,28701,706,128,128,4,PNG
train,image_1455.png,mask_1455.png,data/dataset/train/images\image_1455.png,data/dataset/train/masks\mask_1455.png,28990,739,128,128,4,PNG
train,image_1459.png,mask_1459.png,data/dataset/train/images\image_1459.png,data/dataset/train/masks\mask_1459.png,27271,1168,128,128,4,PNG
train,image_1460.png,mask_1460.png,data/dataset/train/images\image_1460.png,data/dataset/train/masks\mask_1460.png,28570,1102,128,128,4,PNG
train,image_1461.png,mask_1461.png,data/dataset/train/images\image_1461.png,data/dataset/train/masks\mask_1461.png,27895,807,128,128,4,PNG
train,image_1463.png,mask_1463.png,data/dataset/train/images\image_1463.png,data/dataset/train/masks\mask_1463.png,25907,532,128,128,4,PNG
train,image_147.png,mask_147.png,data/dataset/train/images\image_147.png,data/dataset/train/masks\mask_147.png,27685,771,128,128,4,PNG
train,image_1479.png,mask_1479.png,data/dataset/train/images\image_1479.png,data/dataset/train/masks\mask_1479.png,26564,936,128,128,4,PNG
train,image_148.png,mask_148.png,data/dataset/train/images\image_148.png,data/dataset/train/masks\mask_148.png,26958,909,128,128,4,PNG
train,image_1490.png,mask_1490.png,data/dataset/train/images\image_1490.png,data/dataset/train/masks\mask_1490.png,26536,600,128,128,4,PNG
train,image_1493.png,mask_1493.png,data/dataset/train/images\image_1493.png,data/dataset/train/masks\mask_1493.png,26666,760,128,128,4,PNG
train,image_1495.png,mask_1495.png,data/dataset/train/images\image_1495.png,data/dataset/train/masks\mask_1495.png,28896,779,128,128,4,PNG
train,image_1496.png,mask_1496.png,data/dataset/train/images\image_1496.png,data/dataset/train/masks\mask_1496.png,26509,671,128,128,4,PNG
train,image_1497.png,mask_1497.png,data/dataset/train/images\image_1497.png,data/dataset/train/masks\mask_1497.png,14295,722,128,128,4,PNG
train,image_1498.png,mask_1498.png,data/dataset/train/images\image_1498.png,data/dataset/train/masks\mask_1498.png,27643,1001,128,128,4,PNG
train,image_1499.png,mask_1499.png,data/dataset/train/images\image_1499.png,data/dataset/train/masks\mask_1499.png,30412,1082,128,128,4,PNG
train,image_150.png,mask_150.png,data/dataset/train/images\image_150.png,data/dataset/train/masks\mask_150.png,24204,845,128,128,4,PNG
train,image_1501.png,mask_1501.png,data/dataset/train/images\image_1501.png,data/dataset/train/masks\mask_1501.png,23071,528,128,128,4,PNG
train,image_1502.png,mask_1502.png,data/dataset/train/images\image_1502.png,data/dataset/train/masks\mask_1502.png,29370,900,128,128,4,PNG
train,image_1503.png,mask_1503.png,data/dataset/train/images\image_1503.png,data/dataset/train/masks\mask_1503.png,32732,1628,128,128,4,PNG
train,image_1504.png,mask_1504.png,data/dataset/train/images\image_1504.png,data/dataset/train/masks\mask_1504.png,26711,875,128,128,4,PNG
train,image_1505.png,mask_1505.png,data/dataset/train/images\image_1505.png,data/dataset/train/masks\mask_1505.png,25832,725,128,128,4,PNG
train,image_1506.png,mask_1506.png,data/dataset/train/images\image_1506.png,data/dataset/train/masks\mask_1506.png,26146,831,128,128,4,PNG
train,image_1509.png,mask_1509.png,data/dataset/train/images\image_1509.png,data/dataset/train/masks\mask_1509.png,24820,543,128,128,4,PNG
train,image_1515.png,mask_1515.png,data/dataset/train/images\image_1515.png,data/dataset/train/masks\mask_1515.png,28147,746,128,128,4,PNG
train,image_1516.png,mask_1516.png,data/dataset/train/images\image_1516.png,data/dataset/train/masks\mask_1516.png,28655,760,128,128,4,PNG
train,image_1520.png,mask_1520.png,data/dataset/train/images\image_1520.png,data/dataset/train/masks\mask_1520.png,26626,517,128,128,4,PNG
train,image_1523.png,mask_1523.png,data/dataset/train/images\image_1523.png,data/dataset/train/masks\mask_1523.png,24385,785,128,128,4,PNG
train,image_1540.png,mask_1540.png,data/dataset/train/images\image_1540.png,data/dataset/train/masks\mask_1540.png,28653,674,128,128,4,PNG
train,image_1541.png,mask_1541.png,data/dataset/train/images\image_1541.png,data/dataset/train/masks\mask_1541.png,26593,768,128,128,4,PNG
train,image_1544.png,mask_1544.png,data/dataset/train/images\image_1544.png,data/dataset/train/masks\mask_1544.png,26518,803,128,128,4,PNG
train,image_1546.png,mask_1546.png,data/dataset/train/images\image_1546.png,data/dataset/train/masks\mask_1546.png,26340,1009,128,128,4,PNG
train,image_1547.png,mask_1547.png,data/dataset/train/images\image_1547.png,data/dataset/train/masks\mask_1547.png,28299,1437,128,128,4,PNG
train,image_1548.png,mask_1548.png,data/dataset/train/images\image_1548.png,data/dataset/train/masks\mask_1548.png,25851,849,128,128,4,PNG
train,image_1549.png,mask_1549.png,data/dataset/train/images\image_1549.png,data/dataset/train/masks\mask_1549.png,28440,1069,128,128,4,PNG
train,image_1550.png,mask_1550.png,data/dataset/train/images\image_1550.png,data/dataset/train/masks\mask_1550.png,24553,647,128,128,4,PNG
train,image_1557.png,mask_1557.png,data/dataset/train/images\image_1557.png,data/dataset/train/masks\mask_1557.png,29710,559,128,128,4,PNG
train,image_1558.png,mask_1558.png,data/dataset/train/images\image_1558.png,data/dataset/train/masks\mask_1558.png,26201,579,128,128,4,PNG
train,image_1559.png,mask_1559.png,data/dataset/train/images\image_1559.png,data/dataset/train/masks\mask_1559.png,30288,695,128,128,4,PNG
train,image_1560.png,mask_1560.png,data/dataset/train/images\image_1560.png,data/dataset/train/masks\mask_1560.png,31884,907,128,128,4,PNG
train,image_1561.png,mask_1561.png,data/dataset/train/images\image_1561.png,data/dataset/train/masks\mask_1561.png,30057,939,128,128,4,PNG
train,image_1562.png,mask_1562.png,data/dataset/train/images\image_1562.png,data/dataset/train/masks\mask_1562.png,28643,660,128,128,4,PNG
train,image_1564.png,mask_1564.png,data/dataset/train/images\image_1564.png,data/dataset/train/masks\mask_1564.png,28612,631,128,128,4,PNG
train,image_1568.png,mask_1568.png,data/dataset/train/images\image_1568.png,data/dataset/train/masks\mask_1568.png,29666,863,128,128,4,PNG
train,image_1579.png,mask_1579.png,data/dataset/train/images\image_1579.png,data/dataset/train/masks\mask_1579.png,29153,549,128,128,4,PNG
train,image_1590.png,mask_1590.png,data/dataset/train/images\image_1590.png,data/dataset/train/masks\mask_1590.png,30608,634,128,128,4,PNG
train,image_1591.png,mask_1591.png,data/dataset/train/images\image_1591.png,data/dataset/train/masks\mask_1591.png,23998,702,128,128,4,PNG
train,image_1593.png,mask_1593.png,data/dataset/train/images\image_1593.png,data/dataset/train/masks\mask_1593.png,25657,742,128,128,4,PNG
train,image_1594.png,mask_1594.png,data/dataset/train/images\image_1594.png,data/dataset/train/masks\mask_1594.png,23474,673,128,128,4,PNG
train,image_1596.png,mask_1596.png,data/dataset/train/images\image_1596.png,data/dataset/train/masks\mask_1596.png,27379,818,128,128,4,PNG
train,image_1598.png,mask_1598.png,data/dataset/train/images\image_1598.png,data/dataset/train/masks\mask_1598.png,25188,812,128,128,4,PNG
train,image_1599.png,mask_1599.png,data/dataset/train/images\image_1599.png,data/dataset/train/masks\mask_1599.png,24979,578,128,128,4,PNG
train,image_16.png,mask_16.png,data/dataset/train/images\image_16.png,data/dataset/train/masks\mask_16.png,25297,574,128,128,4,PNG
train,image_160.png,mask_160.png,data/dataset/train/images\image_160.png,data/dataset/train/masks\mask_160.png,27748,550,128,128,4,PNG
train,image_1600.png,mask_1600.png,data/dataset/train/images\image_1600.png,data/dataset/train/masks\mask_1600.png,25895,546,128,128,4,PNG
train,image_1605.png,mask_1605.png,data/dataset/train/images\image_1605.png,data/dataset/train/masks\mask_1605.png,29799,684,128,128,4,PNG
train,image_1606.png,mask_1606.png,data/dataset/train/images\image_1606.png,data/dataset/train/masks\mask_1606.png,28195,625,128,128,4,PNG
train,image_1607.png,mask_1607.png,data/dataset/train/images\image_1607.png,data/dataset/train/masks\mask_1607.png,27202,580,128,128,4,PNG
train,image_1608.png,mask_1608.png,data/dataset/train/images\image_1608.png,data/dataset/train/masks\mask_1608.png,27191,701,128,128,4,PNG
train,image_1609.png,mask_1609.png,data/dataset/train/images\image_1609.png,data/dataset/train/masks\mask_1609.png,23429,499,128,128,4,PNG
train,image_1612.png,mask_1612.png,data/dataset/train/images\image_1612.png,data/dataset/train/masks\mask_1612.png,29284,548,128,128,4,PNG
train,image_1613.png,mask_1613.png,data/dataset/train/images\image_1613.png,data/dataset/train/masks\mask_1613.png,27728,562,128,128,4,PNG
train,image_1628.png,mask_1628.png,data/dataset/train/images\image_1628.png,data/dataset/train/masks\mask_1628.png,29187,647,128,128,4,PNG
train,image_1631.png,mask_1631.png,data/dataset/train/images\image_1631.png,data/dataset/train/masks\mask_1631.png,27361,853,128,128,4,PNG
train,image_1636.png,mask_1636.png,data/dataset/train/images\image_1636.png,data/dataset/train/masks\mask_1636.png,28181,672,128,128,4,PNG
train,image_1637.png,mask_1637.png,data/dataset/train/images\image_1637.png,data/dataset/train/masks\mask_1637.png,26939,581,128,128,4,PNG
train,image_1638.png,mask_1638.png,data/dataset/train/images\image_1638.png,data/dataset/train/masks\mask_1638.png,21974,750,128,128,4,PNG
train,image_1640.png,mask_1640.png,data/dataset/train/images\image_1640.png,data/dataset/train/masks\mask_1640.png,26367,840,128,128,4,PNG
train,image_1641.png,mask_1641.png,data/dataset/train/images\image_1641.png,data/dataset/train/masks\mask_1641.png,29720,653,128,128,4,PNG
train,image_1642.png,mask_1642.png,data/dataset/train/images\image_1642.png,data/dataset/train/masks\mask_1642.png,26104,513,128,128,4,PNG
train,image_1643.png,mask_1643.png,data/dataset/train/images\image_1643.png,data/dataset/train/masks\mask_1643.png,26385,529,128,128,4,PNG
train,image_1644.png,mask_1644.png,data/dataset/train/images\image_1644.png,data/dataset/train/masks\mask_1644.png,26610,530,128,128,4,PNG
train,image_1648.png,mask_1648.png,data/dataset/train/images\image_1648.png,data/dataset/train/masks\mask_1648.png,26710,737,128,128,4,PNG
train,image_1650.png,mask_1650.png,data/dataset/train/images\image_1650.png,data/dataset/train/masks\mask_1650.png,29356,620,128,128,4,PNG
train,image_1651.png,mask_1651.png,data/dataset/train/images\image_1651.png,data/dataset/train/masks\mask_1651.png,29774,617,128,128,4,PNG
train,image_1655.png,mask_1655.png,data/dataset/train/images\image_1655.png,data/dataset/train/masks\mask_1655.png,29208,602,128,128,4,PNG
train,image_166.png,mask_166.png,data/dataset/train/images\image_166.png,data/dataset/train/masks\mask_166.png,28809,480,128,128,4,PNG
train,image_1668.png,mask_1668.png,data/dataset/train/images\image_1668.png,data/dataset/train/masks\mask_1668.png,28973,498,128,128,4,PNG
train,image_1680.png,mask_1680.png,data/dataset/train/images\image_1680.png,data/dataset/train/masks\mask_1680.png,30012,588,128,128,4,PNG
train,image_1681.png,mask_1681.png,data/dataset/train/images\image_1681.png,data/dataset/train/masks\mask_1681.png,32682,1232,128,128,4,PNG
train,image_1682.png,mask_1682.png,data/dataset/train/images\image_1682.png,data/dataset/train/masks\mask_1682.png,28807,661,128,128,4,PNG
train,image_1685.png,mask_1685.png,data/dataset/train/images\image_1685.png,data/dataset/train/masks\mask_1685.png,26512,762,128,128,4,PNG
train,image_1687.png,mask_1687.png,data/dataset/train/images\image_1687.png,data/dataset/train/masks\mask_1687.png,24547,840,128,128,4,PNG
train,image_1688.png,mask_1688.png,data/dataset/train/images\image_1688.png,data/dataset/train/masks\mask_1688.png,26036,779,128,128,4,PNG
train,image_1695.png,mask_1695.png,data/dataset/train/images\image_1695.png,data/dataset/train/masks\mask_1695.png,28470,706,128,128,4,PNG
train,image_17.png,mask_17.png,data/dataset/train/images\image_17.png,data/dataset/train/masks\mask_17.png,24396,680,128,128,4,PNG
train,image_170.png,mask_170.png,data/dataset/train/images\image_170.png,data/dataset/train/masks\mask_170.png,31591,480,128,128,4,PNG
train,image_1702.png,mask_1702.png,data/dataset/train/images\image_1702.png,data/dataset/train/masks\mask_1702.png,27639,669,128,128,4,PNG
train,image_1703.png,mask_1703.png,data/dataset/train/images\image_1703.png,data/dataset/train/masks\mask_1703.png,27398,521,128,128,4,PNG
train,image_171.png,mask_171.png,data/dataset/train/images\image_171.png,data/dataset/train/masks\mask_171.png,32057,654,128,128,4,PNG
train,image_172.png,mask_172.png,data/dataset/train/images\image_172.png,data/dataset/train/masks\mask_172.png,29718,628,128,128,4,PNG
train,image_1725.png,mask_1725.png,data/dataset/train/images\image_1725.png,data/dataset/train/masks\mask_1725.png,30296,865,128,128,4,PNG
train,image_1726.png,mask_1726.png,data/dataset/train/images\image_1726.png,data/dataset/train/masks\mask_1726.png,30858,1031,128,128,4,PNG
train,image_1727.png,mask_1727.png,data/dataset/train/images\image_1727.png,data/dataset/train/masks\mask_1727.png,28524,1155,128,128,4,PNG
train,image_1728.png,mask_1728.png,data/dataset/train/images\image_1728.png,data/dataset/train/masks\mask_1728.png,28737,969,128,128,4,PNG
train,image_1729.png,mask_1729.png,data/dataset/train/images\image_1729.png,data/dataset/train/masks\mask_1729.png,28979,526,128,128,4,PNG
train,image_173.png,mask_173.png,data/dataset/train/images\image_173.png,data/dataset/train/masks\mask_173.png,26885,725,128,128,4,PNG
train,image_1731.png,mask_1731.png,data/dataset/train/images\image_1731.png,data/dataset/train/masks\mask_1731.png,27519,732,128,128,4,PNG
train,image_1732.png,mask_1732.png,data/dataset/train/images\image_1732.png,data/dataset/train/masks\mask_1732.png,26843,751,128,128,4,PNG
train,image_1733.png,mask_1733.png,data/dataset/train/images\image_1733.png,data/dataset/train/masks\mask_1733.png,31439,967,128,128,4,PNG
train,image_1735.png,mask_1735.png,data/dataset/train/images\image_1735.png,data/dataset/train/masks\mask_1735.png,27656,629,128,128,4,PNG
train,image_1738.png,mask_1738.png,data/dataset/train/images\image_1738.png,data/dataset/train/masks\mask_1738.png,26574,519,128,128,4,PNG
train,image_1739.png,mask_1739.png,data/dataset/train/images\image_1739.png,data/dataset/train/masks\mask_1739.png,27743,564,128,128,4,PNG
train,image_1740.png,mask_1740.png,data/dataset/train/images\image_1740.png,data/dataset/train/masks\mask_1740.png,28793,606,128,128,4,PNG
train,image_1743.png,mask_1743.png,data/dataset/train/images\image_1743.png,data/dataset/train/masks\mask_1743.png,26429,524,128,128,4,PNG
train,image_1747.png,mask_1747.png,data/dataset/train/images\image_1747.png,data/dataset/train/masks\mask_1747.png,22410,517,128,128,4,PNG
train,image_176.png,mask_176.png,data/dataset/train/images\image_176.png,data/dataset/train/masks\mask_176.png,26132,656,128,128,4,PNG
train,image_1766.png,mask_1766.png,data/dataset/train/images\image_1766.png,data/dataset/train/masks\mask_1766.png,30694,523,128,128,4,PNG
train,image_1767.png,mask_1767.png,data/dataset/train/images\image_1767.png,data/dataset/train/masks\mask_1767.png,30073,576,128,128,4,PNG
train,image_1768.png,mask_1768.png,data/dataset/train/images\image_1768.png,data/dataset/train/masks\mask_1768.png,26459,835,128,128,4,PNG
train,image_1769.png,mask_1769.png,data/dataset/train/images\image_1769.png,data/dataset/train/masks\mask_1769.png,27771,698,128,128,4,PNG
train,image_1770.png,mask_1770.png,data/dataset/train/images\image_1770.png,data/dataset/train/masks\mask_1770.png,29698,837,128,128,4,PNG
train,image_1773.png,mask_1773.png,data/dataset/train/images\image_1773.png,data/dataset/train/masks\mask_1773.png,27419,671,128,128,4,PNG
train,image_1774.png,mask_1774.png,data/dataset/train/images\image_1774.png,data/dataset/train/masks\mask_1774.png,26291,550,128,128,4,PNG
train,image_1775.png,mask_1775.png,data/dataset/train/images\image_1775.png,data/dataset/train/masks\mask_1775.png,28786,617,128,128,4,PNG
train,image_1776.png,mask_1776.png,data/dataset/train/images\image_1776.png,data/dataset/train/masks\mask_1776.png,29551,624,128,128,4,PNG
train,image_1777.png,mask_1777.png,data/dataset/train/images\image_1777.png,data/dataset/train/masks\mask_1777.png,28818,872,128,128,4,PNG
train,image_1780.png,mask_1780.png,data/dataset/train/images\image_1780.png,data/dataset/train/masks\mask_1780.png,27726,539,128,128,4,PNG
train,image_1781.png,mask_1781.png,data/dataset/train/images\image_1781.png,data/dataset/train/masks\mask_1781.png,28691,727,128,128,4,PNG
train,image_1782.png,mask_1782.png,data/dataset/train/images\image_1782.png,data/dataset/train/masks\mask_1782.png,28633,530,128,128,4,PNG
train,image_1784.png,mask_1784.png,data/dataset/train/images\image_1784.png,data/dataset/train/masks\mask_1784.png,26246,671,128,128,4,PNG
train,image_1785.png,mask_1785.png,data/dataset/train/images\image_1785.png,data/dataset/train/masks\mask_1785.png,29218,562,128,128,4,PNG
train,image_1786.png,mask_1786.png,data/dataset/train/images\image_1786.png,data/dataset/train/masks\mask_1786.png,29070,873,128,128,4,PNG
train,image_1801.png,mask_1801.png,data/dataset/train/images\image_1801.png,data/dataset/train/masks\mask_1801.png,29293,984,128,128,4,PNG
train,image_1814.png,mask_1814.png,data/dataset/train/images\image_1814.png,data/dataset/train/masks\mask_1814.png,28388,597,128,128,4,PNG
train,image_1815.png,mask_1815.png,data/dataset/train/images\image_1815.png,data/dataset/train/masks\mask_1815.png,26717,591,128,128,4,PNG
train,image_1817.png,mask_1817.png,data/dataset/train/images\image_1817.png,data/dataset/train/masks\mask_1817.png,23798,619,128,128,4,PNG
train,image_1818.png,mask_1818.png,data/dataset/train/images\image_1818.png,data/dataset/train/masks\mask_1818.png,26270,710,128,128,4,PNG
train,image_1819.png,mask_1819.png,data/dataset/train/images\image_1819.png,data/dataset/train/masks\mask_1819.png,25776,567,128,128,4,PNG
train,image_182.png,mask_182.png,data/dataset/train/images\image_182.png,data/dataset/train/masks\mask_182.png,28682,818,128,128,4,PNG
train,image_1820.png,mask_1820.png,data/dataset/train/images\image_1820.png,data/dataset/train/masks\mask_1820.png,28821,822,128,128,4,PNG
train,image_1823.png,mask_1823.png,data/dataset/train/images\image_1823.png,data/dataset/train/masks\mask_1823.png,29912,686,128,128,4,PNG
train,image_1825.png,mask_1825.png,data/dataset/train/images\image_1825.png,data/dataset/train/masks\mask_1825.png,29648,878,128,128,4,PNG
train,image_1826.png,mask_1826.png,data/dataset/train/images\image_1826.png,data/dataset/train/masks\mask_1826.png,30059,1114,128,128,4,PNG
train,image_1827.png,mask_1827.png,data/dataset/train/images\image_1827.png,data/dataset/train/masks\mask_1827.png,27063,578,128,128,4,PNG
train,image_1828.png,mask_1828.png,data/dataset/train/images\image_1828.png,data/dataset/train/masks\mask_1828.png,25909,903,128,128,4,PNG
train,image_1829.png,mask_1829.png,data/dataset/train/images\image_1829.png,data/dataset/train/masks\mask_1829.png,27492,689,128,128,4,PNG
train,image_183.png,mask_183.png,data/dataset/train/images\image_183.png,data/dataset/train/masks\mask_183.png,27361,797,128,128,4,PNG
train,image_1831.png,mask_1831.png,data/dataset/train/images\image_1831.png,data/dataset/train/masks\mask_1831.png,27642,731,128,128,4,PNG
train,image_1832.png,mask_1832.png,data/dataset/train/images\image_1832.png,data/dataset/train/masks\mask_1832.png,26802,684,128,128,4,PNG
train,image_184.png,mask_184.png,data/dataset/train/images\image_184.png,data/dataset/train/masks\mask_184.png,28468,1099,128,128,4,PNG
train,image_1845.png,mask_1845.png,data/dataset/train/images\image_1845.png,data/dataset/train/masks\mask_1845.png,30290,624,128,128,4,PNG
train,image_1856.png,mask_1856.png,data/dataset/train/images\image_1856.png,data/dataset/train/masks\mask_1856.png,29431,982,128,128,4,PNG
train,image_1859.png,mask_1859.png,data/dataset/train/images\image_1859.png,data/dataset/train/masks\mask_1859.png,28311,520,128,128,4,PNG
train,image_186.png,mask_186.png,data/dataset/train/images\image_186.png,data/dataset/train/masks\mask_186.png,26484,636,128,128,4,PNG
train,image_1862.png,mask_1862.png,data/dataset/train/images\image_1862.png,data/dataset/train/masks\mask_1862.png,28092,777,128,128,4,PNG
train,image_1864.png,mask_1864.png,data/dataset/train/images\image_1864.png,data/dataset/train/masks\mask_1864.png,26423,659,128,128,4,PNG
train,image_1865.png,mask_1865.png,data/dataset/train/images\image_1865.png,data/dataset/train/masks\mask_1865.png,31489,1047,128,128,4,PNG
train,image_1866.png,mask_1866.png,data/dataset/train/images\image_1866.png,data/dataset/train/masks\mask_1866.png,33985,1345,128,128,4,PNG
train,image_1869.png,mask_1869.png,data/dataset/train/images\image_1869.png,data/dataset/train/masks\mask_1869.png,29965,612,128,128,4,PNG
train,image_187.png,mask_187.png,data/dataset/train/images\image_187.png,data/dataset/train/masks\mask_187.png,28039,806,128,128,4,PNG
train,image_1870.png,mask_1870.png,data/dataset/train/images\image_1870.png,data/dataset/train/masks\mask_1870.png,27921,831,128,128,4,PNG
train,image_1871.png,mask_1871.png,data/dataset/train/images\image_1871.png,data/dataset/train/masks\mask_1871.png,27658,602,128,128,4,PNG
train,image_1872.png,mask_1872.png,data/dataset/train/images\image_1872.png,data/dataset/train/masks\mask_1872.png,28453,577,128,128,4,PNG
train,image_1873.png,mask_1873.png,data/dataset/train/images\image_1873.png,data/dataset/train/masks\mask_1873.png,28098,943,128,128,4,PNG
train,image_1876.png,mask_1876.png,data/dataset/train/images\image_1876.png,data/dataset/train/masks\mask_1876.png,28456,613,128,128,4,PNG
train,image_1889.png,mask_1889.png,data/dataset/train/images\image_1889.png,data/dataset/train/masks\mask_1889.png,27156,580,128,128,4,PNG
train,image_19.png,mask_19.png,data/dataset/train/images\image_19.png,data/dataset/train/masks\mask_19.png,28492,737,128,128,4,PNG
train,image_1908.png,mask_1908.png,data/dataset/train/images\image_1908.png,data/dataset/train/masks\mask_1908.png,28483,518,128,128,4,PNG
train,image_191.png,mask_191.png,data/dataset/train/images\image_191.png,data/dataset/train/masks\mask_191.png,26296,698,128,128,4,PNG
train,image_1911.png,mask_1911.png,data/dataset/train/images\image_1911.png,data/dataset/train/masks\mask_1911.png,32152,901,128,128,4,PNG
train,image_1912.png,mask_1912.png,data/dataset/train/images\image_1912.png,data/dataset/train/masks\mask_1912.png,27192,516,128,128,4,PNG
train,image_1913.png,mask_1913.png,data/dataset/train/images\image_1913.png,data/dataset/train/masks\mask_1913.png,32771,688,128,128,4,PNG
train,image_1914.png,mask_1914.png,data/dataset/train/images\image_1914.png,data/dataset/train/masks\mask_1914.png,29140,832,128,128,4,PNG
train,image_1917.png,mask_1917.png,data/dataset/train/images\image_1917.png,data/dataset/train/masks\mask_1917.png,30511,1238,128,128,4,PNG
train,image_1918.png,mask_1918.png,data/dataset/train/images\image_1918.png,data/dataset/train/masks\mask_1918.png,26227,680,128,128,4,PNG
train,image_192.png,mask_192.png,data/dataset/train/images\image_192.png,data/dataset/train/masks\mask_192.png,27651,717,128,128,4,PNG
train,image_193.png,mask_193.png,data/dataset/train/images\image_193.png,data/dataset/train/masks\mask_193.png,28108,763,128,128,4,PNG
train,image_1934.png,mask_1934.png,data/dataset/train/images\image_1934.png,data/dataset/train/masks\mask_1934.png,24684,606,128,128,4,PNG
train,image_1945.png,mask_1945.png,data/dataset/train/images\image_1945.png,data/dataset/train/masks\mask_1945.png,28244,594,128,128,4,PNG
train,image_195.png,mask_195.png,data/dataset/train/images\image_195.png,data/dataset/train/masks\mask_195.png,25989,690,128,128,4,PNG
train,image_1954.png,mask_1954.png,data/dataset/train/images\image_1954.png,data/dataset/train/masks\mask_1954.png,27792,712,128,128,4,PNG
train,image_1957.png,mask_1957.png,data/dataset/train/images\image_1957.png,data/dataset/train/masks\mask_1957.png,29305,780,128,128,4,PNG
train,image_1958.png,mask_1958.png,data/dataset/train/images\image_1958.png,data/dataset/train/masks\mask_1958.png,30709,678,128,128,4,PNG
train,image_1960.png,mask_1960.png,data/dataset/train/images\image_1960.png,data/dataset/train/masks\mask_1960.png,30580,953,128,128,4,PNG
train,image_1962.png,mask_1962.png,data/dataset/train/images\image_1962.png,data/dataset/train/masks\mask_1962.png,29558,820,128,128,4,PNG
train,image_1965.png,mask_1965.png,data/dataset/train/images\image_1965.png,data/dataset/train/masks\mask_1965.png,31160,903,128,128,4,PNG
train,image_1966.png,mask_1966.png,data/dataset/train/images\image_1966.png,data/dataset/train/masks\mask_1966.png,29268,631,128,128,4,PNG
train,image_1967.png,mask_1967.png,data/dataset/train/images\image_1967.png,data/dataset/train/masks\mask_1967.png,29470,503,128,128,4,PNG
train,image_1972.png,mask_1972.png,data/dataset/train/images\image_1972.png,data/dataset/train/masks\mask_1972.png,24636,517,128,128,4,PNG
train,image_1995.png,mask_1995.png,data/dataset/train/images\image_1995.png,data/dataset/train/masks\mask_1995.png,27898,673,128,128,4,PNG
train,image_1996.png,mask_1996.png,data/dataset/train/images\image_1996.png,data/dataset/train/masks\mask_1996.png,30988,742,128,128,4,PNG
train,image_1998.png,mask_1998.png,data/dataset/train/images\image_1998.png,data/dataset/train/masks\mask_1998.png,30225,1141,128,128,4,PNG
train,image_2.png,mask_2.png,data/dataset/train/images\image_2.png,data/dataset/train/masks\mask_2.png,29214,672,128,128,4,PNG
train,image_20.png,mask_20.png,data/dataset/train/images\image_20.png,data/dataset/train/masks\mask_20.png,28393,665,128,128,4,PNG
train,image_2002.png,mask_2002.png,data/dataset/train/images\image_2002.png,data/dataset/train/masks\mask_2002.png,31243,550,128,128,4,PNG
train,image_2003.png,mask_2003.png,data/dataset/train/images\image_2003.png,data/dataset/train/masks\mask_2003.png,30964,1071,128,128,4,PNG
train,image_2005.png,mask_2005.png,data/dataset/train/images\image_2005.png,data/dataset/train/masks\mask_2005.png,31749,773,128,128,4,PNG
train,image_2006.png,mask_2006.png,data/dataset/train/images\image_2006.png,data/dataset/train/masks\mask_2006.png,33670,1219,128,128,4,PNG
train,image_2010.png,mask_2010.png,data/dataset/train/images\image_2010.png,data/dataset/train/masks\mask_2010.png,25667,739,128,128,4,PNG
train,image_2011.png,mask_2011.png,data/dataset/train/images\image_2011.png,data/dataset/train/masks\mask_2011.png,25768,681,128,128,4,PNG
train,image_202.png,mask_202.png,data/dataset/train/images\image_202.png,data/dataset/train/masks\mask_202.png,27861,592,128,128,4,PNG
train,image_204.png,mask_204.png,data/dataset/train/images\image_204.png,data/dataset/train/masks\mask_204.png,28840,705,128,128,4,PNG
train,image_2041.png,mask_2041.png,data/dataset/train/images\image_2041.png,data/dataset/train/masks\mask_2041.png,28915,709,128,128,4,PNG
train,image_2042.png,mask_2042.png,data/dataset/train/images\image_2042.png,data/dataset/train/masks\mask_2042.png,30269,666,128,128,4,PNG
train,image_2045.png,mask_2045.png,data/dataset/train/images\image_2045.png,data/dataset/train/masks\mask_2045.png,28718,778,128,128,4,PNG
train,image_2048.png,mask_2048.png,data/dataset/train/images\image_2048.png,data/dataset/train/masks\mask_2048.png,27822,647,128,128,4,PNG
train,image_2049.png,mask_2049.png,data/dataset/train/images\image_2049.png,data/dataset/train/masks\mask_2049.png,31537,838,128,128,4,PNG
train,image_2051.png,mask_2051.png,data/dataset/train/images\image_2051.png,data/dataset/train/masks\mask_2051.png,29579,622,128,128,4,PNG
train,image_2052.png,mask_2052.png,data/dataset/train/images\image_2052.png,data/dataset/train/masks\mask_2052.png,29567,869,128,128,4,PNG
train,image_2053.png,mask_2053.png,data/dataset/train/images\image_2053.png,data/dataset/train/masks\mask_2053.png,28444,669,128,128,4,PNG
train,image_2055.png,mask_2055.png,data/dataset/train/images\image_2055.png,data/dataset/train/masks\mask_2055.png,28275,740,128,128,4,PNG
train,image_2057.png,mask_2057.png,data/dataset/train/images\image_2057.png,data/dataset/train/masks\mask_2057.png,29804,1006,128,128,4,PNG
train,image_2084.png,mask_2084.png,data/dataset/train/images\image_2084.png,data/dataset/train/masks\mask_2084.png,27838,633,128,128,4,PNG
train,image_2090.png,mask_2090.png,data/dataset/train/images\image_2090.png,data/dataset/train/masks\mask_2090.png,30167,549,128,128,4,PNG
train,image_2091.png,mask_2091.png,data/dataset/train/images\image_2091.png,data/dataset/train/masks\mask_2091.png,28055,547,128,128,4,PNG
train,image_2096.png,mask_2096.png,data/dataset/train/images\image_2096.png,data/dataset/train/masks\mask_2096.png,25538,886,128,128,4,PNG
train,image_2097.png,mask_2097.png,data/dataset/train/images\image_2097.png,data/dataset/train/masks\mask_2097.png,23106,714,128,128,4,PNG
train,image_2098.png,mask_2098.png,data/dataset/train/images\image_2098.png,data/dataset/train/masks\mask_2098.png,27755,1079,128,128,4,PNG
train,image_2099.png,mask_2099.png,data/dataset/train/images\image_2099.png,data/dataset/train/masks\mask_2099.png,29117,807,128,128,4,PNG
train,image_2100.png,mask_2100.png,data/dataset/train/images\image_2100.png,data/dataset/train/masks\mask_2100.png,26181,538,128,128,4,PNG
train,image_2101.png,mask_2101.png,data/dataset/train/images\image_2101.png,data/dataset/train/masks\mask_2101.png,24373,577,128,128,4,PNG
train,image_2102.png,mask_2102.png,data/dataset/train/images\image_2102.png,data/dataset/train/masks\mask_2102.png,27600,685,128,128,4,PNG
train,image_2104.png,mask_2104.png,data/dataset/train/images\image_2104.png,data/dataset/train/masks\mask_2104.png,26642,523,128,128,4,PNG
train,image_2123.png,mask_2123.png,data/dataset/train/images\image_2123.png,data/dataset/train/masks\mask_2123.png,27514,622,128,128,4,PNG
train,image_2130.png,mask_2130.png,data/dataset/train/images\image_2130.png,data/dataset/train/masks\mask_2130.png,28556,584,128,128,4,PNG
train,image_2131.png,mask_2131.png,data/dataset/train/images\image_2131.png,data/dataset/train/masks\mask_2131.png,26989,554,128,128,4,PNG
train,image_2132.png,mask_2132.png,data/dataset/train/images\image_2132.png,data/dataset/train/masks\mask_2132.png,29248,584,128,128,4,PNG
train,image_2133.png,mask_2133.png,data/dataset/train/images\image_2133.png,data/dataset/train/masks\mask_2133.png,28747,870,128,128,4,PNG
train,image_2135.png,mask_2135.png,data/dataset/train/images\image_2135.png,data/dataset/train/masks\mask_2135.png,27390,779,128,128,4,PNG
train,image_2136.png,mask_2136.png,data/dataset/train/images\image_2136.png,data/dataset/train/masks\mask_2136.png,26068,614,128,128,4,PNG
train,image_2137.png,mask_2137.png,data/dataset/train/images\image_2137.png,data/dataset/train/masks\mask_2137.png,29388,584,128,128,4,PNG
train,image_2138.png,mask_2138.png,data/dataset/train/images\image_2138.png,data/dataset/train/masks\mask_2138.png,30483,539,128,128,4,PNG
train,image_2139.png,mask_2139.png,data/dataset/train/images\image_2139.png,data/dataset/train/masks\mask_2139.png,28992,910,128,128,4,PNG
train,image_2140.png,mask_2140.png,data/dataset/train/images\image_2140.png,data/dataset/train/masks\mask_2140.png,23320,669,128,128,4,PNG
train,image_2141.png,mask_2141.png,data/dataset/train/images\image_2141.png,data/dataset/train/masks\mask_2141.png,28370,1086,128,128,4,PNG
train,image_2142.png,mask_2142.png,data/dataset/train/images\image_2142.png,data/dataset/train/masks\mask_2142.png,28495,917,128,128,4,PNG
train,image_2143.png,mask_2143.png,data/dataset/train/images\image_2143.png,data/dataset/train/masks\mask_2143.png,27565,868,128,128,4,PNG
train,image_2144.png,mask_2144.png,data/dataset/train/images\image_2144.png,data/dataset/train/masks\mask_2144.png,26395,702,128,128,4,PNG
train,image_2146.png,mask_2146.png,data/dataset/train/images\image_2146.png,data/dataset/train/masks\mask_2146.png,30035,891,128,128,4,PNG
train,image_2147.png,mask_2147.png,data/dataset/train/images\image_2147.png,data/dataset/train/masks\mask_2147.png,27145,668,128,128,4,PNG
train,image_216.png,mask_216.png,data/dataset/train/images\image_216.png,data/dataset/train/masks\mask_216.png,29316,666,128,128,4,PNG
train,image_217.png,mask_217.png,data/dataset/train/images\image_217.png,data/dataset/train/masks\mask_217.png,26203,571,128,128,4,PNG
train,image_2176.png,mask_2176.png,data/dataset/train/images\image_2176.png,data/dataset/train/masks\mask_2176.png,29142,621,128,128,4,PNG
train,image_2177.png,mask_2177.png,data/dataset/train/images\image_2177.png,data/dataset/train/masks\mask_2177.png,28844,588,128,128,4,PNG
train,image_2179.png,mask_2179.png,data/dataset/train/images\image_2179.png,data/dataset/train/masks\mask_2179.png,27955,744,128,128,4,PNG
train,image_218.png,mask_218.png,data/dataset/train/images\image_218.png,data/dataset/train/masks\mask_218.png,30322,1003,128,128,4,PNG
train,image_2180.png,mask_2180.png,data/dataset/train/images\image_2180.png,data/dataset/train/masks\mask_2180.png,26705,776,128,128,4,PNG
train,image_2181.png,mask_2181.png,data/dataset/train/images\image_2181.png,data/dataset/train/masks\mask_2181.png,28936,749,128,128,4,PNG
train,image_2182.png,mask_2182.png,data/dataset/train/images\image_2182.png,data/dataset/train/masks\mask_2182.png,32169,1316,128,128,4,PNG
train,image_2183.png,mask_2183.png,data/dataset/train/images\image_2183.png,data/dataset/train/masks\mask_2183.png,32084,1318,128,128,4,PNG
train,image_2184.png,mask_2184.png,data/dataset/train/images\image_2184.png,data/dataset/train/masks\mask_2184.png,25773,720,128,128,4,PNG
train,image_2185.png,mask_2185.png,data/dataset/train/images\image_2185.png,data/dataset/train/masks\mask_2185.png,25719,916,128,128,4,PNG
train,image_2186.png,mask_2186.png,data/dataset/train/images\image_2186.png,data/dataset/train/masks\mask_2186.png,29602,1391,128,128,4,PNG
train,image_2188.png,mask_2188.png,data/dataset/train/images\image_2188.png,data/dataset/train/masks\mask_2188.png,27519,917,128,128,4,PNG
train,image_219.png,mask_219.png,data/dataset/train/images\image_219.png,data/dataset/train/masks\mask_219.png,30107,661,128,128,4,PNG
train,image_2190.png,mask_2190.png,data/dataset/train/images\image_2190.png,data/dataset/train/masks\mask_2190.png,27144,892,128,128,4,PNG
train,image_2191.png,mask_2191.png,data/dataset/train/images\image_2191.png,data/dataset/train/masks\mask_2191.png,27384,738,128,128,4,PNG
train,image_2193.png,mask_2193.png,data/dataset/train/images\image_2193.png,data/dataset/train/masks\mask_2193.png,27562,553,128,128,4,PNG
train,image_220.png,mask_220.png,data/dataset/train/images\image_220.png,data/dataset/train/masks\mask_220.png,30866,598,128,128,4,PNG
train,image_221.png,mask_221.png,data/dataset/train/images\image_221.png,data/dataset/train/masks\mask_221.png,28738,673,128,128,4,PNG
train,image_2211.png,mask_2211.png,data/dataset/train/images\image_2211.png,data/dataset/train/masks\mask_2211.png,27513,525,128,128,4,PNG
train,image_2220.png,mask_2220.png,data/dataset/train/images\image_2220.png,data/dataset/train/masks\mask_2220.png,27102,496,128,128,4,PNG
train,image_2221.png,mask_2221.png,data/dataset/train/images\image_2221.png,data/dataset/train/masks\mask_2221.png,26179,578,128,128,4,PNG
train,image_2223.png,mask_2223.png,data/dataset/train/images\image_2223.png,data/dataset/train/masks\mask_2223.png,27194,730,128,128,4,PNG
train,image_2227.png,mask_2227.png,data/dataset/train/images\image_2227.png,data/dataset/train/masks\mask_2227.png,30573,980,128,128,4,PNG
train,image_2228.png,mask_2228.png,data/dataset/train/images\image_2228.png,data/dataset/train/masks\mask_2228.png,29241,818,128,128,4,PNG
train,image_2229.png,mask_2229.png,data/dataset/train/images\image_2229.png,data/dataset/train/masks\mask_2229.png,31795,906,128,128,4,PNG
train,image_2230.png,mask_2230.png,data/dataset/train/images\image_2230.png,data/dataset/train/masks\mask_2230.png,31447,612,128,128,4,PNG
train,image_2231.png,mask_2231.png,data/dataset/train/images\image_2231.png,data/dataset/train/masks\mask_2231.png,30738,791,128,128,4,PNG
train,image_2232.png,mask_2232.png,data/dataset/train/images\image_2232.png,data/dataset/train/masks\mask_2232.png,31147,1167,128,128,4,PNG
train,image_2233.png,mask_2233.png,data/dataset/train/images\image_2233.png,data/dataset/train/masks\mask_2233.png,27133,758,128,128,4,PNG
train,image_2234.png,mask_2234.png,data/dataset/train/images\image_2234.png,data/dataset/train/masks\mask_2234.png,26172,643,128,128,4,PNG
train,image_2235.png,mask_2235.png,data/dataset/train/images\image_2235.png,data/dataset/train/masks\mask_2235.png,31064,534,128,128,4,PNG
train,image_2236.png,mask_2236.png,data/dataset/train/images\image_2236.png,data/dataset/train/masks\mask_2236.png,29581,610,128,128,4,PNG
train,image_2237.png,mask_2237.png,data/dataset/train/images\image_2237.png,data/dataset/train/masks\mask_2237.png,26451,721,128,128,4,PNG
train,image_2243.png,mask_2243.png,data/dataset/train/images\image_2243.png,data/dataset/train/masks\mask_2243.png,27816,575,128,128,4,PNG
train,image_2244.png,mask_2244.png,data/dataset/train/images\image_2244.png,data/dataset/train/masks\mask_2244.png,28215,556,128,128,4,PNG
train,image_2246.png,mask_2246.png,data/dataset/train/images\image_2246.png,data/dataset/train/masks\mask_2246.png,29267,607,128,128,4,PNG
train,image_225.png,mask_225.png,data/dataset/train/images\image_225.png,data/dataset/train/masks\mask_225.png,30479,797,128,128,4,PNG
train,image_2257.png,mask_2257.png,data/dataset/train/images\image_2257.png,data/dataset/train/masks\mask_2257.png,33926,1271,128,128,4,PNG
train,image_226.png,mask_226.png,data/dataset/train/images\image_226.png,data/dataset/train/masks\mask_226.png,27782,639,128,128,4,PNG
train,image_2266.png,mask_2266.png,data/dataset/train/images\image_2266.png,data/dataset/train/masks\mask_2266.png,27938,1310,128,128,4,PNG
train,image_2267.png,mask_2267.png,data/dataset/train/images\image_2267.png,data/dataset/train/masks\mask_2267.png,26828,972,128,128,4,PNG
train,image_2269.png,mask_2269.png,data/dataset/train/images\image_2269.png,data/dataset/train/masks\mask_2269.png,29598,531,128,128,4,PNG
train,image_2281.png,mask_2281.png,data/dataset/train/images\image_2281.png,data/dataset/train/masks\mask_2281.png,25853,636,128,128,4,PNG
train,image_2282.png,mask_2282.png,data/dataset/train/images\image_2282.png,data/dataset/train/masks\mask_2282.png,28076,1365,128,128,4,PNG
train,image_2284.png,mask_2284.png,data/dataset/train/images\image_2284.png,data/dataset/train/masks\mask_2284.png,29431,1956,128,128,4,PNG
train,image_2286.png,mask_2286.png,data/dataset/train/images\image_2286.png,data/dataset/train/masks\mask_2286.png,26571,703,128,128,4,PNG
train,image_2290.png,mask_2290.png,data/dataset/train/images\image_2290.png,data/dataset/train/masks\mask_2290.png,30176,608,128,128,4,PNG
train,image_2298.png,mask_2298.png,data/dataset/train/images\image_2298.png,data/dataset/train/masks\mask_2298.png,27153,890,128,128,4,PNG
train,image_2299.png,mask_2299.png,data/dataset/train/images\image_2299.png,data/dataset/train/masks\mask_2299.png,28210,1728,128,128,4,PNG
train,image_2300.png,mask_2300.png,data/dataset/train/images\image_2300.png,data/dataset/train/masks\mask_2300.png,27861,1552,128,128,4,PNG
train,image_2301.png,mask_2301.png,data/dataset/train/images\image_2301.png,data/dataset/train/masks\mask_2301.png,30115,634,128,128,4,PNG
train,image_2305.png,mask_2305.png,data/dataset/train/images\image_2305.png,data/dataset/train/masks\mask_2305.png,28289,558,128,128,4,PNG
train,image_2306.png,mask_2306.png,data/dataset/train/images\image_2306.png,data/dataset/train/masks\mask_2306.png,26834,520,128,128,4,PNG
train,image_2307.png,mask_2307.png,data/dataset/train/images\image_2307.png,data/dataset/train/masks\mask_2307.png,30078,513,128,128,4,PNG
train,image_231.png,mask_231.png,data/dataset/train/images\image_231.png,data/dataset/train/masks\mask_231.png,28820,763,128,128,4,PNG
train,image_2311.png,mask_2311.png,data/dataset/train/images\image_2311.png,data/dataset/train/masks\mask_2311.png,32495,480,128,128,4,PNG
train,image_2312.png,mask_2312.png,data/dataset/train/images\image_2312.png,data/dataset/train/masks\mask_2312.png,29220,744,128,128,4,PNG
train,image_2315.png,mask_2315.png,data/dataset/train/images\image_2315.png,data/dataset/train/masks\mask_2315.png,27613,1203,128,128,4,PNG
train,image_2316.png,mask_2316.png,data/dataset/train/images\image_2316.png,data/dataset/train/masks\mask_2316.png,27327,1818,128,128,4,PNG
train,image_2317.png,mask_2317.png,data/dataset/train/images\image_2317.png,data/dataset/train/masks\mask_2317.png,26536,1372,128,128,4,PNG
train,image_2319.png,mask_2319.png,data/dataset/train/images\image_2319.png,data/dataset/train/masks\mask_2319.png,26281,742,128,128,4,PNG
train,image_232.png,mask_232.png,data/dataset/train/images\image_232.png,data/dataset/train/masks\mask_232.png,25855,790,128,128,4,PNG
train,image_2321.png,mask_2321.png,data/dataset/train/images\image_2321.png,data/dataset/train/masks\mask_2321.png,27341,675,128,128,4,PNG
train,image_2322.png,mask_2322.png,data/dataset/train/images\image_2322.png,data/dataset/train/masks\mask_2322.png,27140,797,128,128,4,PNG
train,image_2323.png,mask_2323.png,data/dataset/train/images\image_2323.png,data/dataset/train/masks\mask_2323.png,31802,538,128,128,4,PNG
train,image_2324.png,mask_2324.png,data/dataset/train/images\image_2324.png,data/dataset/train/masks\mask_2324.png,27468,556,128,128,4,PNG
train,image_2326.png,mask_2326.png,data/dataset/train/images\image_2326.png,data/dataset/train/masks\mask_2326.png,26781,580,128,128,4,PNG
train,image_233.png,mask_233.png,data/dataset/train/images\image_233.png,data/dataset/train/masks\mask_233.png,27935,900,128,128,4,PNG
train,image_2333.png,mask_2333.png,data/dataset/train/images\image_2333.png,data/dataset/train/masks\mask_2333.png,27274,1571,128,128,4,PNG
train,image_2335.png,mask_2335.png,data/dataset/train/images\image_2335.png,data/dataset/train/masks\mask_2335.png,27014,541,128,128,4,PNG
train,image_2336.png,mask_2336.png,data/dataset/train/images\image_2336.png,data/dataset/train/masks\mask_2336.png,27256,728,128,128,4,PNG
train,image_2337.png,mask_2337.png,data/dataset/train/images\image_2337.png,data/dataset/train/masks\mask_2337.png,24772,1281,128,128,4,PNG
train,image_2338.png,mask_2338.png,data/dataset/train/images\image_2338.png,data/dataset/train/masks\mask_2338.png,25863,1076,128,128,4,PNG
train,image_2339.png,mask_2339.png,data/dataset/train/images\image_2339.png,data/dataset/train/masks\mask_2339.png,26228,997,128,128,4,PNG
train,image_234.png,mask_234.png,data/dataset/train/images\image_234.png,data/dataset/train/masks\mask_234.png,31544,971,128,128,4,PNG
train,image_2340.png,mask_2340.png,data/dataset/train/images\image_2340.png,data/dataset/train/masks\mask_2340.png,26432,1486,128,128,4,PNG
train,image_2341.png,mask_2341.png,data/dataset/train/images\image_2341.png,data/dataset/train/masks\mask_2341.png,28195,1056,128,128,4,PNG
train,image_2346.png,mask_2346.png,data/dataset/train/images\image_2346.png,data/dataset/train/masks\mask_2346.png,30319,939,128,128,4,PNG
train,image_2349.png,mask_2349.png,data/dataset/train/images\image_2349.png,data/dataset/train/masks\mask_2349.png,26090,1631,128,128,4,PNG
train,image_235.png,mask_235.png,data/dataset/train/images\image_235.png,data/dataset/train/masks\mask_235.png,32186,608,128,128,4,PNG
train,image_2350.png,mask_2350.png,data/dataset/train/images\image_2350.png,data/dataset/train/masks\mask_2350.png,28028,2353,128,128,4,PNG
train,image_2351.png,mask_2351.png,data/dataset/train/images\image_2351.png,data/dataset/train/masks\mask_2351.png,28608,1914,128,128,4,PNG
train,image_2352.png,mask_2352.png,data/dataset/train/images\image_2352.png,data/dataset/train/masks\mask_2352.png,25782,1499,128,128,4,PNG
train,image_2354.png,mask_2354.png,data/dataset/train/images\image_2354.png,data/dataset/train/masks\mask_2354.png,27979,1821,128,128,4,PNG
train,image_2356.png,mask_2356.png,data/dataset/train/images\image_2356.png,data/dataset/train/masks\mask_2356.png,27078,1308,128,128,4,PNG
train,image_2357.png,mask_2357.png,data/dataset/train/images\image_2357.png,data/dataset/train/masks\mask_2357.png,28164,625,128,128,4,PNG
train,image_2358.png,mask_2358.png,data/dataset/train/images\image_2358.png,data/dataset/train/masks\mask_2358.png,27171,1775,128,128,4,PNG
train,image_236.png,mask_236.png,data/dataset/train/images\image_236.png,data/dataset/train/masks\mask_236.png,30756,779,128,128,4,PNG
train,image_2360.png,mask_2360.png,data/dataset/train/images\image_2360.png,data/dataset/train/masks\mask_2360.png,27164,1385,128,128,4,PNG
train,image_2362.png,mask_2362.png,data/dataset/train/images\image_2362.png,data/dataset/train/masks\mask_2362.png,29086,612,128,128,4,PNG
train,image_2363.png,mask_2363.png,data/dataset/train/images\image_2363.png,data/dataset/train/masks\mask_2363.png,23251,681,128,128,4,PNG
train,image_2364.png,mask_2364.png,data/dataset/train/images\image_2364.png,data/dataset/train/masks\mask_2364.png,23196,594,128,128,4,PNG
train,image_2365.png,mask_2365.png,data/dataset/train/images\image_2365.png,data/dataset/train/masks\mask_2365.png,25415,1309,128,128,4,PNG
train,image_2366.png,mask_2366.png,data/dataset/train/images\image_2366.png,data/dataset/train/masks\mask_2366.png,27840,1500,128,128,4,PNG
train,image_237.png,mask_237.png,data/dataset/train/images\image_237.png,data/dataset/train/masks\mask_237.png,28039,880,128,128,4,PNG
train,image_2370.png,mask_2370.png,data/dataset/train/images\image_2370.png,data/dataset/train/masks\mask_2370.png,26744,1554,128,128,4,PNG
train,image_2372.png,mask_2372.png,data/dataset/train/images\image_2372.png,data/dataset/train/masks\mask_2372.png,25712,978,128,128,4,PNG
train,image_2374.png,mask_2374.png,data/dataset/train/images\image_2374.png,data/dataset/train/masks\mask_2374.png,27988,1869,128,128,4,PNG
train,image_2375.png,mask_2375.png,data/dataset/train/images\image_2375.png,data/dataset/train/masks\mask_2375.png,27258,1590,128,128,4,PNG
train,image_2376.png,mask_2376.png,data/dataset/train/images\image_2376.png,data/dataset/train/masks\mask_2376.png,25054,1049,128,128,4,PNG
train,image_2377.png,mask_2377.png,data/dataset/train/images\image_2377.png,data/dataset/train/masks\mask_2377.png,26917,1116,128,128,4,PNG
train,image_2379.png,mask_2379.png,data/dataset/train/images\image_2379.png,data/dataset/train/masks\mask_2379.png,29302,818,128,128,4,PNG
train,image_238.png,mask_238.png,data/dataset/train/images\image_238.png,data/dataset/train/masks\mask_238.png,24819,621,128,128,4,PNG
train,image_2380.png,mask_2380.png,data/dataset/train/images\image_2380.png,data/dataset/train/masks\mask_2380.png,26398,1156,128,128,4,PNG
train,image_2381.png,mask_2381.png,data/dataset/train/images\image_2381.png,data/dataset/train/masks\mask_2381.png,26427,828,128,128,4,PNG
train,image_2382.png,mask_2382.png,data/dataset/train/images\image_2382.png,data/dataset/train/masks\mask_2382.png,26636,977,128,128,4,PNG
train,image_2384.png,mask_2384.png,data/dataset/train/images\image_2384.png,data/dataset/train/masks\mask_2384.png,25875,1265,128,128,4,PNG
train,image_2385.png,mask_2385.png,data/dataset/train/images\image_2385.png,data/dataset/train/masks\mask_2385.png,25680,1277,128,128,4,PNG
train,image_2386.png,mask_2386.png,data/dataset/train/images\image_2386.png,data/dataset/train/masks\mask_2386.png,26436,1087,128,128,4,PNG
train,image_2388.png,mask_2388.png,data/dataset/train/images\image_2388.png,data/dataset/train/masks\mask_2388.png,27965,1540,128,128,4,PNG
train,image_2389.png,mask_2389.png,data/dataset/train/images\image_2389.png,data/dataset/train/masks\mask_2389.png,25711,1375,128,128,4,PNG
train,image_239.png,mask_239.png,data/dataset/train/images\image_239.png,data/dataset/train/masks\mask_239.png,26143,584,128,128,4,PNG
train,image_2390.png,mask_2390.png,data/dataset/train/images\image_2390.png,data/dataset/train/masks\mask_2390.png,31417,529,128,128,4,PNG
train,image_2392.png,mask_2392.png,data/dataset/train/images\image_2392.png,data/dataset/train/masks\mask_2392.png,28557,1925,128,128,4,PNG
train,image_2395.png,mask_2395.png,data/dataset/train/images\image_2395.png,data/dataset/train/masks\mask_2395.png,28011,606,128,128,4,PNG
train,image_2398.png,mask_2398.png,data/dataset/train/images\image_2398.png,data/dataset/train/masks\mask_2398.png,29036,524,128,128,4,PNG
train,image_2399.png,mask_2399.png,data/dataset/train/images\image_2399.png,data/dataset/train/masks\mask_2399.png,25839,1199,128,128,4,PNG
train,image_24.png,mask_24.png,data/dataset/train/images\image_24.png,data/dataset/train/masks\mask_24.png,31273,658,128,128,4,PNG
train,image_240.png,mask_240.png,data/dataset/train/images\image_240.png,data/dataset/train/masks\mask_240.png,25189,870,128,128,4,PNG
train,image_2402.png,mask_2402.png,data/dataset/train/images\image_2402.png,data/dataset/train/masks\mask_2402.png,28149,2132,128,128,4,PNG
train,image_2403.png,mask_2403.png,data/dataset/train/images\image_2403.png,data/dataset/train/masks\mask_2403.png,26603,1520,128,128,4,PNG
train,image_2404.png,mask_2404.png,data/dataset/train/images\image_2404.png,data/dataset/train/masks\mask_2404.png,25197,1237,128,128,4,PNG
train,image_2405.png,mask_2405.png,data/dataset/train/images\image_2405.png,data/dataset/train/masks\mask_2405.png,26938,1451,128,128,4,PNG
train,image_2406.png,mask_2406.png,data/dataset/train/images\image_2406.png,data/dataset/train/masks\mask_2406.png,26569,1128,128,128,4,PNG
train,image_2407.png,mask_2407.png,data/dataset/train/images\image_2407.png,data/dataset/train/masks\mask_2407.png,26915,1307,128,128,4,PNG
train,image_2408.png,mask_2408.png,data/dataset/train/images\image_2408.png,data/dataset/train/masks\mask_2408.png,27750,1665,128,128,4,PNG
train,image_2409.png,mask_2409.png,data/dataset/train/images\image_2409.png,data/dataset/train/masks\mask_2409.png,25933,1075,128,128,4,PNG
train,image_241.png,mask_241.png,data/dataset/train/images\image_241.png,data/dataset/train/masks\mask_241.png,24979,784,128,128,4,PNG
train,image_2410.png,mask_2410.png,data/dataset/train/images\image_2410.png,data/dataset/train/masks\mask_2410.png,26143,1151,128,128,4,PNG
train,image_2416.png,mask_2416.png,data/dataset/train/images\image_2416.png,data/dataset/train/masks\mask_2416.png,26219,855,128,128,4,PNG
train,image_2417.png,mask_2417.png,data/dataset/train/images\image_2417.png,data/dataset/train/masks\mask_2417.png,27779,1821,128,128,4,PNG
train,image_2418.png,mask_2418.png,data/dataset/train/images\image_2418.png,data/dataset/train/masks\mask_2418.png,27018,1491,128,128,4,PNG
train,image_242.png,mask_242.png,data/dataset/train/images\image_242.png,data/dataset/train/masks\mask_242.png,26986,610,128,128,4,PNG
train,image_2422.png,mask_2422.png,data/dataset/train/images\image_2422.png,data/dataset/train/masks\mask_2422.png,26970,948,128,128,4,PNG
train,image_2425.png,mask_2425.png,data/dataset/train/images\image_2425.png,data/dataset/train/masks\mask_2425.png,27014,766,128,128,4,PNG
train,image_2427.png,mask_2427.png,data/dataset/train/images\image_2427.png,data/dataset/train/masks\mask_2427.png,26348,719,128,128,4,PNG
train,image_2428.png,mask_2428.png,data/dataset/train/images\image_2428.png,data/dataset/train/masks\mask_2428.png,27024,668,128,128,4,PNG
train,image_243.png,mask_243.png,data/dataset/train/images\image_243.png,data/dataset/train/masks\mask_243.png,28250,881,128,128,4,PNG
train,image_2442.png,mask_2442.png,data/dataset/train/images\image_2442.png,data/dataset/train/masks\mask_2442.png,29134,531,128,128,4,PNG
train,image_2446.png,mask_2446.png,data/dataset/train/images\image_2446.png,data/dataset/train/masks\mask_2446.png,26978,545,128,128,4,PNG
train,image_245.png,mask_245.png,data/dataset/train/images\image_245.png,data/dataset/train/masks\mask_245.png,26212,745,128,128,4,PNG
train,image_2450.png,mask_2450.png,data/dataset/train/images\image_2450.png,data/dataset/train/masks\mask_2450.png,28697,593,128,128,4,PNG
train,image_2452.png,mask_2452.png,data/dataset/train/images\image_2452.png,data/dataset/train/masks\mask_2452.png,29688,523,128,128,4,PNG
train,image_2454.png,mask_2454.png,data/dataset/train/images\image_2454.png,data/dataset/train/masks\mask_2454.png,28946,583,128,128,4,PNG
train,image_2455.png,mask_2455.png,data/dataset/train/images\image_2455.png,data/dataset/train/masks\mask_2455.png,28023,549,128,128,4,PNG
train,image_2458.png,mask_2458.png,data/dataset/train/images\image_2458.png,data/dataset/train/masks\mask_2458.png,25630,672,128,128,4,PNG
train,image_2465.png,mask_2465.png,data/dataset/train/images\image_2465.png,data/dataset/train/masks\mask_2465.png,26655,587,128,128,4,PNG
train,image_2466.png,mask_2466.png,data/dataset/train/images\image_2466.png,data/dataset/train/masks\mask_2466.png,30517,813,128,128,4,PNG
train,image_2468.png,mask_2468.png,data/dataset/train/images\image_2468.png,data/dataset/train/masks\mask_2468.png,28528,521,128,128,4,PNG
train,image_247.png,mask_247.png,data/dataset/train/images\image_247.png,data/dataset/train/masks\mask_247.png,27326,522,128,128,4,PNG
train,image_2474.png,mask_2474.png,data/dataset/train/images\image_2474.png,data/dataset/train/masks\mask_2474.png,27650,883,128,128,4,PNG
train,image_2475.png,mask_2475.png,data/dataset/train/images\image_2475.png,data/dataset/train/masks\mask_2475.png,32539,715,128,128,4,PNG
train,image_2478.png,mask_2478.png,data/dataset/train/images\image_2478.png,data/dataset/train/masks\mask_2478.png,28716,566,128,128,4,PNG
train,image_2482.png,mask_2482.png,data/dataset/train/images\image_2482.png,data/dataset/train/masks\mask_2482.png,32355,692,128,128,4,PNG
train,image_2485.png,mask_2485.png,data/dataset/train/images\image_2485.png,data/dataset/train/masks\mask_2485.png,33051,624,128,128,4,PNG
train,image_2486.png,mask_2486.png,data/dataset/train/images\image_2486.png,data/dataset/train/masks\mask_2486.png,32508,598,128,128,4,PNG
train,image_2490.png,mask_2490.png,data/dataset/train/images\image_2490.png,data/dataset/train/masks\mask_2490.png,28763,557,128,128,4,PNG
train,image_2491.png,mask_2491.png,data/dataset/train/images\image_2491.png,data/dataset/train/masks\mask_2491.png,32417,557,128,128,4,PNG
train,image_2493.png,mask_2493.png,data/dataset/train/images\image_2493.png,data/dataset/train/masks\mask_2493.png,31445,762,128,128,4,PNG
train,image_2494.png,mask_2494.png,data/dataset/train/images\image_2494.png,data/dataset/train/masks\mask_2494.png,27334,801,128,128,4,PNG
train,image_2496.png,mask_2496.png,data/dataset/train/images\image_2496.png,data/dataset/train/masks\mask_2496.png,27638,748,128,128,4,PNG
train,image_2497.png,mask_2497.png,data/dataset/train/images\image_2497.png,data/dataset/train/masks\mask_2497.png,25736,522,128,128,4,PNG
train,image_2501.png,mask_2501.png,data/dataset/train/images\image_2501.png,data/dataset/train/masks\mask_2501.png,29407,724,128,128,4,PNG
train,image_2506.png,mask_2506.png,data/dataset/train/images\image_2506.png,data/dataset/train/masks\mask_2506.png,30448,1279,128,128,4,PNG
train,image_2507.png,mask_2507.png,data/dataset/train/images\image_2507.png,data/dataset/train/masks\mask_2507.png,22991,905,128,128,4,PNG
train,image_2512.png,mask_2512.png,data/dataset/train/images\image_2512.png,data/dataset/train/masks\mask_2512.png,27262,1017,128,128,4,PNG
train,image_2517.png,mask_2517.png,data/dataset/train/images\image_2517.png,data/dataset/train/masks\mask_2517.png,28815,640,128,128,4,PNG
train,image_2518.png,mask_2518.png,data/dataset/train/images\image_2518.png,data/dataset/train/masks\mask_2518.png,28160,718,128,128,4,PNG
train,image_2523.png,mask_2523.png,data/dataset/train/images\image_2523.png,data/dataset/train/masks\mask_2523.png,28609,982,128,128,4,PNG
train,image_2529.png,mask_2529.png,data/dataset/train/images\image_2529.png,data/dataset/train/masks\mask_2529.png,31095,1235,128,128,4,PNG
train,image_2530.png,mask_2530.png,data/dataset/train/images\image_2530.png,data/dataset/train/masks\mask_2530.png,28496,539,128,128,4,PNG
train,image_2534.png,mask_2534.png,data/dataset/train/images\image_2534.png,data/dataset/train/masks\mask_2534.png,25176,810,128,128,4,PNG
train,image_2536.png,mask_2536.png,data/dataset/train/images\image_2536.png,data/dataset/train/masks\mask_2536.png,32886,1095,128,128,4,PNG
train,image_2537.png,mask_2537.png,data/dataset/train/images\image_2537.png,data/dataset/train/masks\mask_2537.png,28896,583,128,128,4,PNG
train,image_2546.png,mask_2546.png,data/dataset/train/images\image_2546.png,data/dataset/train/masks\mask_2546.png,31765,662,128,128,4,PNG
train,image_2548.png,mask_2548.png,data/dataset/train/images\image_2548.png,data/dataset/train/masks\mask_2548.png,27946,683,128,128,4,PNG
train,image_2549.png,mask_2549.png,data/dataset/train/images\image_2549.png,data/dataset/train/masks\mask_2549.png,31497,988,128,128,4,PNG
train,image_2551.png,mask_2551.png,data/dataset/train/images\image_2551.png,data/dataset/train/masks\mask_2551.png,30429,548,128,128,4,PNG
train,image_2552.png,mask_2552.png,data/dataset/train/images\image_2552.png,data/dataset/train/masks\mask_2552.png,29645,613,128,128,4,PNG
train,image_2553.png,mask_2553.png,data/dataset/train/images\image_2553.png,data/dataset/train/masks\mask_2553.png,24385,574,128,128,4,PNG
train,image_2555.png,mask_2555.png,data/dataset/train/images\image_2555.png,data/dataset/train/masks\mask_2555.png,28673,591,128,128,4,PNG
train,image_2556.png,mask_2556.png,data/dataset/train/images\image_2556.png,data/dataset/train/masks\mask_2556.png,31129,563,128,128,4,PNG
train,image_2557.png,mask_2557.png,data/dataset/train/images\image_2557.png,data/dataset/train/masks\mask_2557.png,25081,595,128,128,4,PNG
train,image_2560.png,mask_2560.png,data/dataset/train/images\image_2560.png,data/dataset/train/masks\mask_2560.png,32199,630,128,128,4,PNG
train,image_2563.png,mask_2563.png,data/dataset/train/images\image_2563.png,data/dataset/train/masks\mask_2563.png,27928,591,128,128,4,PNG
train,image_2582.png,mask_2582.png,data/dataset/train/images\image_2582.png,data/dataset/train/masks\mask_2582.png,25497,667,128,128,4,PNG
train,image_2590.png,mask_2590.png,data/dataset/train/images\image_2590.png,data/dataset/train/masks\mask_2590.png,28366,638,128,128,4,PNG
train,image_260.png,mask_260.png,data/dataset/train/images\image_260.png,data/dataset/train/masks\mask_260.png,29071,904,128,128,4,PNG
train,image_261.png,mask_261.png,data/dataset/train/images\image_261.png,data/dataset/train/masks\mask_261.png,30610,849,128,128,4,PNG
train,image_2610.png,mask_2610.png,data/dataset/train/images\image_2610.png,data/dataset/train/masks\mask_2610.png,26323,773,128,128,4,PNG
train,image_2611.png,mask_2611.png,data/dataset/train/images\image_2611.png,data/dataset/train/masks\mask_2611.png,26178,670,128,128,4,PNG
train,image_2612.png,mask_2612.png,data/dataset/train/images\image_2612.png,data/dataset/train/masks\mask_2612.png,25650,533,128,128,4,PNG
train,image_2615.png,mask_2615.png,data/dataset/train/images\image_2615.png,data/dataset/train/masks\mask_2615.png,22613,663,128,128,4,PNG
train,image_2621.png,mask_2621.png,data/dataset/train/images\image_2621.png,data/dataset/train/masks\mask_2621.png,25768,673,128,128,4,PNG
train,image_264.png,mask_264.png,data/dataset/train/images\image_264.png,data/dataset/train/masks\mask_264.png,26966,643,128,128,4,PNG
train,image_2658.png,mask_2658.png,data/dataset/train/images\image_2658.png,data/dataset/train/masks\mask_2658.png,29669,549,128,128,4,PNG
train,image_2663.png,mask_2663.png,data/dataset/train/images\image_2663.png,data/dataset/train/masks\mask_2663.png,23642,572,128,128,4,PNG
train,image_2667.png,mask_2667.png,data/dataset/train/images\image_2667.png,data/dataset/train/masks\mask_2667.png,28908,619,128,128,4,PNG
train,image_2668.png,mask_2668.png,data/dataset/train/images\image_2668.png,data/dataset/train/masks\mask_2668.png,32041,947,128,128,4,PNG
train,image_267.png,mask_267.png,data/dataset/train/images\image_267.png,data/dataset/train/masks\mask_267.png,26769,587,128,128,4,PNG
train,image_269.png,mask_269.png,data/dataset/train/images\image_269.png,data/dataset/train/masks\mask_269.png,28149,751,128,128,4,PNG
train,image_2692.png,mask_2692.png,data/dataset/train/images\image_2692.png,data/dataset/train/masks\mask_2692.png,26394,517,128,128,4,PNG
train,image_2693.png,mask_2693.png,data/dataset/train/images\image_2693.png,data/dataset/train/masks\mask_2693.png,26941,544,128,128,4,PNG
train,image_2694.png,mask_2694.png,data/dataset/train/images\image_2694.png,data/dataset/train/masks\mask_2694.png,23510,572,128,128,4,PNG
train,image_2698.png,mask_2698.png,data/dataset/train/images\image_2698.png,data/dataset/train/masks\mask_2698.png,25384,905,128,128,4,PNG
train,image_2712.png,mask_2712.png,data/dataset/train/images\image_2712.png,data/dataset/train/masks\mask_2712.png,32854,1109,128,128,4,PNG
train,image_2713.png,mask_2713.png,data/dataset/train/images\image_2713.png,data/dataset/train/masks\mask_2713.png,27152,632,128,128,4,PNG
train,image_2714.png,mask_2714.png,data/dataset/train/images\image_2714.png,data/dataset/train/masks\mask_2714.png,28455,648,128,128,4,PNG
train,image_2745.png,mask_2745.png,data/dataset/train/images\image_2745.png,data/dataset/train/masks\mask_2745.png,31444,740,128,128,4,PNG
train,image_2746.png,mask_2746.png,data/dataset/train/images\image_2746.png,data/dataset/train/masks\mask_2746.png,25935,595,128,128,4,PNG
train,image_2748.png,mask_2748.png,data/dataset/train/images\image_2748.png,data/dataset/train/masks\mask_2748.png,25133,728,128,128,4,PNG
train,image_2749.png,mask_2749.png,data/dataset/train/images\image_2749.png,data/dataset/train/masks\mask_2749.png,27882,1476,128,128,4,PNG
train,image_2752.png,mask_2752.png,data/dataset/train/images\image_2752.png,data/dataset/train/masks\mask_2752.png,27969,1494,128,128,4,PNG
train,image_2754.png,mask_2754.png,data/dataset/train/images\image_2754.png,data/dataset/train/masks\mask_2754.png,26317,787,128,128,4,PNG
train,image_2755.png,mask_2755.png,data/dataset/train/images\image_2755.png,data/dataset/train/masks\mask_2755.png,24353,667,128,128,4,PNG
train,image_2756.png,mask_2756.png,data/dataset/train/images\image_2756.png,data/dataset/train/masks\mask_2756.png,31203,667,128,128,4,PNG
train,image_2757.png,mask_2757.png,data/dataset/train/images\image_2757.png,data/dataset/train/masks\mask_2757.png,24532,530,128,128,4,PNG
train,image_276.png,mask_276.png,data/dataset/train/images\image_276.png,data/dataset/train/masks\mask_276.png,27529,676,128,128,4,PNG
train,image_2767.png,mask_2767.png,data/dataset/train/images\image_2767.png,data/dataset/train/masks\mask_2767.png,31770,784,128,128,4,PNG
train,image_2768.png,mask_2768.png,data/dataset/train/images\image_2768.png,data/dataset/train/masks\mask_2768.png,27098,724,128,128,4,PNG
train,image_2769.png,mask_2769.png,data/dataset/train/images\image_2769.png,data/dataset/train/masks\mask_2769.png,25492,1133,128,128,4,PNG
train,image_2770.png,mask_2770.png,data/dataset/train/images\image_2770.png,data/dataset/train/masks\mask_2770.png,26290,522,128,128,4,PNG
train,image_2778.png,mask_2778.png,data/dataset/train/images\image_2778.png,data/dataset/train/masks\mask_2778.png,27686,746,128,128,4,PNG
train,image_278.png,mask_278.png,data/dataset/train/images\image_278.png,data/dataset/train/masks\mask_278.png,28698,969,128,128,4,PNG
train,image_2780.png,mask_2780.png,data/dataset/train/images\image_2780.png,data/dataset/train/masks\mask_2780.png,28840,1279,128,128,4,PNG
train,image_2782.png,mask_2782.png,data/dataset/train/images\image_2782.png,data/dataset/train/masks\mask_2782.png,26808,962,128,128,4,PNG
train,image_2783.png,mask_2783.png,data/dataset/train/images\image_2783.png,data/dataset/train/masks\mask_2783.png,27481,1382,128,128,4,PNG
train,image_2784.png,mask_2784.png,data/dataset/train/images\image_2784.png,data/dataset/train/masks\mask_2784.png,26556,1162,128,128,4,PNG
train,image_2785.png,mask_2785.png,data/dataset/train/images\image_2785.png,data/dataset/train/masks\mask_2785.png,25052,700,128,128,4,PNG
train,image_2790.png,mask_2790.png,data/dataset/train/images\image_2790.png,data/dataset/train/masks\mask_2790.png,32983,987,128,128,4,PNG
train,image_2798.png,mask_2798.png,data/dataset/train/images\image_2798.png,data/dataset/train/masks\mask_2798.png,26767,770,128,128,4,PNG
train,image_280.png,mask_280.png,data/dataset/train/images\image_280.png,data/dataset/train/masks\mask_280.png,28497,928,128,128,4,PNG
train,image_2800.png,mask_2800.png,data/dataset/train/images\image_2800.png,data/dataset/train/masks\mask_2800.png,23450,781,128,128,4,PNG
train,image_2801.png,mask_2801.png,data/dataset/train/images\image_2801.png,data/dataset/train/masks\mask_2801.png,31924,950,128,128,4,PNG
train,image_2807.png,mask_2807.png,data/dataset/train/images\image_2807.png,data/dataset/train/masks\mask_2807.png,23935,867,128,128,4,PNG
train,image_2808.png,mask_2808.png,data/dataset/train/images\image_2808.png,data/dataset/train/masks\mask_2808.png,26855,1471,128,128,4,PNG
train,image_2809.png,mask_2809.png,data/dataset/train/images\image_2809.png,data/dataset/train/masks\mask_2809.png,25318,1462,128,128,4,PNG
train,image_281.png,mask_281.png,data/dataset/train/images\image_281.png,data/dataset/train/masks\mask_281.png,28859,792,128,128,4,PNG
train,image_2810.png,mask_2810.png,data/dataset/train/images\image_2810.png,data/dataset/train/masks\mask_2810.png,27527,991,128,128,4,PNG
train,image_2823.png,mask_2823.png,data/dataset/train/images\image_2823.png,data/dataset/train/masks\mask_2823.png,28963,595,128,128,4,PNG
train,image_2828.png,mask_2828.png,data/dataset/train/images\image_2828.png,data/dataset/train/masks\mask_2828.png,26802,762,128,128,4,PNG
train,image_2829.png,mask_2829.png,data/dataset/train/images\image_2829.png,data/dataset/train/masks\mask_2829.png,23761,833,128,128,4,PNG
train,image_283.png,mask_283.png,data/dataset/train/images\image_283.png,data/dataset/train/masks\mask_283.png,26452,723,128,128,4,PNG
train,image_2830.png,mask_2830.png,data/dataset/train/images\image_2830.png,data/dataset/train/masks\mask_2830.png,26607,1091,128,128,4,PNG
train,image_2836.png,mask_2836.png,data/dataset/train/images\image_2836.png,data/dataset/train/masks\mask_2836.png,23975,563,128,128,4,PNG
train,image_2837.png,mask_2837.png,data/dataset/train/images\image_2837.png,data/dataset/train/masks\mask_2837.png,25603,819,128,128,4,PNG
train,image_2838.png,mask_2838.png,data/dataset/train/images\image_2838.png,data/dataset/train/masks\mask_2838.png,26658,813,128,128,4,PNG
train,image_284.png,mask_284.png,data/dataset/train/images\image_284.png,data/dataset/train/masks\mask_284.png,25998,566,128,128,4,PNG
train,image_2859.png,mask_2859.png,data/dataset/train/images\image_2859.png,data/dataset/train/masks\mask_2859.png,28110,678,128,128,4,PNG
train,image_286.png,mask_286.png,data/dataset/train/images\image_286.png,data/dataset/train/masks\mask_286.png,22952,647,128,128,4,PNG
train,image_2860.png,mask_2860.png,data/dataset/train/images\image_2860.png,data/dataset/train/masks\mask_2860.png,27888,1153,128,128,4,PNG
train,image_2867.png,mask_2867.png,data/dataset/train/images\image_2867.png,data/dataset/train/masks\mask_2867.png,27943,668,128,128,4,PNG
train,image_2869.png,mask_2869.png,data/dataset/train/images\image_2869.png,data/dataset/train/masks\mask_2869.png,24651,720,128,128,4,PNG
train,image_287.png,mask_287.png,data/dataset/train/images\image_287.png,data/dataset/train/masks\mask_287.png,25576,815,128,128,4,PNG
train,image_2878.png,mask_2878.png,data/dataset/train/images\image_2878.png,data/dataset/train/masks\mask_2878.png,22547,745,128,128,4,PNG
train,image_2886.png,mask_2886.png,data/dataset/train/images\image_2886.png,data/dataset/train/masks\mask_2886.png,25253,754,128,128,4,PNG
train,image_2887.png,mask_2887.png,data/dataset/train/images\image_2887.png,data/dataset/train/masks\mask_2887.png,27700,839,128,128,4,PNG
train,image_2888.png,mask_2888.png,data/dataset/train/images\image_2888.png,data/dataset/train/masks\mask_2888.png,27662,1028,128,128,4,PNG
train,image_2889.png,mask_2889.png,data/dataset/train/images\image_2889.png,data/dataset/train/masks\mask_2889.png,30714,672,128,128,4,PNG
train,image_289.png,mask_289.png,data/dataset/train/images\image_289.png,data/dataset/train/masks\mask_289.png,23610,652,128,128,4,PNG
train,image_2890.png,mask_2890.png,data/dataset/train/images\image_2890.png,data/dataset/train/masks\mask_2890.png,21768,676,128,128,4,PNG
train,image_2891.png,mask_2891.png,data/dataset/train/images\image_2891.png,data/dataset/train/masks\mask_2891.png,24752,772,128,128,4,PNG
train,image_2901.png,mask_2901.png,data/dataset/train/images\image_2901.png,data/dataset/train/masks\mask_2901.png,27300,542,128,128,4,PNG
train,image_291.png,mask_291.png,data/dataset/train/images\image_291.png,data/dataset/train/masks\mask_291.png,23875,612,128,128,4,PNG
train,image_2919.png,mask_2919.png,data/dataset/train/images\image_2919.png,data/dataset/train/masks\mask_2919.png,26319,621,128,128,4,PNG
train,image_2921.png,mask_2921.png,data/dataset/train/images\image_2921.png,data/dataset/train/masks\mask_2921.png,27371,602,128,128,4,PNG
train,image_2923.png,mask_2923.png,data/dataset/train/images\image_2923.png,data/dataset/train/masks\mask_2923.png,25269,870,128,128,4,PNG
train,image_2934.png,mask_2934.png,data/dataset/train/images\image_2934.png,data/dataset/train/masks\mask_2934.png,28098,563,128,128,4,PNG
train,image_294.png,mask_294.png,data/dataset/train/images\image_294.png,data/dataset/train/masks\mask_294.png,29016,615,128,128,4,PNG
train,image_2956.png,mask_2956.png,data/dataset/train/images\image_2956.png,data/dataset/train/masks\mask_2956.png,30314,684,128,128,4,PNG
train,image_2967.png,mask_2967.png,data/dataset/train/images\image_2967.png,data/dataset/train/masks\mask_2967.png,32579,934,128,128,4,PNG
train,image_2978.png,mask_2978.png,data/dataset/train/images\image_2978.png,data/dataset/train/masks\mask_2978.png,25454,789,128,128,4,PNG
train,image_2989.png,mask_2989.png,data/dataset/train/images\image_2989.png,data/dataset/train/masks\mask_2989.png,22118,696,128,128,4,PNG
train,image_3000.png,mask_3000.png,data/dataset/train/images\image_3000.png,data/dataset/train/masks\mask_3000.png,25078,604,128,128,4,PNG
train,image_305.png,mask_305.png,data/dataset/train/images\image_305.png,data/dataset/train/masks\mask_305.png,30149,557,128,128,4,PNG
train,image_3056.png,mask_3056.png,data/dataset/train/images\image_3056.png,data/dataset/train/masks\mask_3056.png,30346,595,128,128,4,PNG
train,image_306.png,mask_306.png,data/dataset/train/images\image_306.png,data/dataset/train/masks\mask_306.png,29561,552,128,128,4,PNG
train,image_309.png,mask_309.png,data/dataset/train/images\image_309.png,data/dataset/train/masks\mask_309.png,28095,657,128,128,4,PNG
train,image_31.png,mask_31.png,data/dataset/train/images\image_31.png,data/dataset/train/masks\mask_31.png,30675,840,128,128,4,PNG
train,image_310.png,mask_310.png,data/dataset/train/images\image_310.png,data/dataset/train/masks\mask_310.png,30081,679,128,128,4,PNG
train,image_3112.png,mask_3112.png,data/dataset/train/images\image_3112.png,data/dataset/train/masks\mask_3112.png,29028,583,128,128,4,PNG
train,image_3114.png,mask_3114.png,data/dataset/train/images\image_3114.png,data/dataset/train/masks\mask_3114.png,30994,1166,128,128,4,PNG
train,image_3115.png,mask_3115.png,data/dataset/train/images\image_3115.png,data/dataset/train/masks\mask_3115.png,31934,1259,128,128,4,PNG
train,image_3116.png,mask_3116.png,data/dataset/train/images\image_3116.png,data/dataset/train/masks\mask_3116.png,28524,1026,128,128,4,PNG
train,image_3117.png,mask_3117.png,data/dataset/train/images\image_3117.png,data/dataset/train/masks\mask_3117.png,29837,1140,128,128,4,PNG
train,image_3118.png,mask_3118.png,data/dataset/train/images\image_3118.png,data/dataset/train/masks\mask_3118.png,31693,1063,128,128,4,PNG
train,image_3119.png,mask_3119.png,data/dataset/train/images\image_3119.png,data/dataset/train/masks\mask_3119.png,29195,691,128,128,4,PNG
train,image_3120.png,mask_3120.png,data/dataset/train/images\image_3120.png,data/dataset/train/masks\mask_3120.png,31423,568,128,128,4,PNG
train,image_3123.png,mask_3123.png,data/dataset/train/images\image_3123.png,data/dataset/train/masks\mask_3123.png,30320,704,128,128,4,PNG
train,image_3126.png,mask_3126.png,data/dataset/train/images\image_3126.png,data/dataset/train/masks\mask_3126.png,31251,643,128,128,4,PNG
train,image_3127.png,mask_3127.png,data/dataset/train/images\image_3127.png,data/dataset/train/masks\mask_3127.png,32293,533,128,128,4,PNG
train,image_3129.png,mask_3129.png,data/dataset/train/images\image_3129.png,data/dataset/train/masks\mask_3129.png,29030,533,128,128,4,PNG
train,image_313.png,mask_313.png,data/dataset/train/images\image_313.png,data/dataset/train/masks\mask_313.png,30556,829,128,128,4,PNG
train,image_3131.png,mask_3131.png,data/dataset/train/images\image_3131.png,data/dataset/train/masks\mask_3131.png,29631,753,128,128,4,PNG
train,image_3132.png,mask_3132.png,data/dataset/train/images\image_3132.png,data/dataset/train/masks\mask_3132.png,26037,870,128,128,4,PNG
train,image_3133.png,mask_3133.png,data/dataset/train/images\image_3133.png,data/dataset/train/masks\mask_3133.png,24301,570,128,128,4,PNG
train,image_3134.png,mask_3134.png,data/dataset/train/images\image_3134.png,data/dataset/train/masks\mask_3134.png,28710,598,128,128,4,PNG
train,image_3135.png,mask_3135.png,data/dataset/train/images\image_3135.png,data/dataset/train/masks\mask_3135.png,27396,600,128,128,4,PNG
train,image_3140.png,mask_3140.png,data/dataset/train/images\image_3140.png,data/dataset/train/masks\mask_3140.png,27538,551,128,128,4,PNG
train,image_3141.png,mask_3141.png,data/dataset/train/images\image_3141.png,data/dataset/train/masks\mask_3141.png,25039,548,128,128,4,PNG
train,image_3144.png,mask_3144.png,data/dataset/train/images\image_3144.png,data/dataset/train/masks\mask_3144.png,29959,624,128,128,4,PNG
train,image_3145.png,mask_3145.png,data/dataset/train/images\image_3145.png,data/dataset/train/masks\mask_3145.png,30180,701,128,128,4,PNG
train,image_315.png,mask_315.png,data/dataset/train/images\image_315.png,data/dataset/train/masks\mask_315.png,25868,639,128,128,4,PNG
train,image_3156.png,mask_3156.png,data/dataset/train/images\image_3156.png,data/dataset/train/masks\mask_3156.png,28036,876,128,128,4,PNG
train,image_3157.png,mask_3157.png,data/dataset/train/images\image_3157.png,data/dataset/train/masks\mask_3157.png,26653,619,128,128,4,PNG
train,image_3159.png,mask_3159.png,data/dataset/train/images\image_3159.png,data/dataset/train/masks\mask_3159.png,30753,870,128,128,4,PNG
train,image_3160.png,mask_3160.png,data/dataset/train/images\image_3160.png,data/dataset/train/masks\mask_3160.png,31307,904,128,128,4,PNG
train,image_3161.png,mask_3161.png,data/dataset/train/images\image_3161.png,data/dataset/train/masks\mask_3161.png,30245,1282,128,128,4,PNG
train,image_3162.png,mask_3162.png,data/dataset/train/images\image_3162.png,data/dataset/train/masks\mask_3162.png,27944,577,128,128,4,PNG
train,image_3163.png,mask_3163.png,data/dataset/train/images\image_3163.png,data/dataset/train/masks\mask_3163.png,27871,709,128,128,4,PNG
train,image_3165.png,mask_3165.png,data/dataset/train/images\image_3165.png,data/dataset/train/masks\mask_3165.png,27550,524,128,128,4,PNG
train,image_3166.png,mask_3166.png,data/dataset/train/images\image_3166.png,data/dataset/train/masks\mask_3166.png,30279,570,128,128,4,PNG
train,image_3167.png,mask_3167.png,data/dataset/train/images\image_3167.png,data/dataset/train/masks\mask_3167.png,29747,562,128,128,4,PNG
train,image_3170.png,mask_3170.png,data/dataset/train/images\image_3170.png,data/dataset/train/masks\mask_3170.png,31751,716,128,128,4,PNG
train,image_3171.png,mask_3171.png,data/dataset/train/images\image_3171.png,data/dataset/train/masks\mask_3171.png,30271,915,128,128,4,PNG
train,image_3174.png,mask_3174.png,data/dataset/train/images\image_3174.png,data/dataset/train/masks\mask_3174.png,27089,861,128,128,4,PNG
train,image_3176.png,mask_3176.png,data/dataset/train/images\image_3176.png,data/dataset/train/masks\mask_3176.png,29059,642,128,128,4,PNG
train,image_3178.png,mask_3178.png,data/dataset/train/images\image_3178.png,data/dataset/train/masks\mask_3178.png,26001,506,128,128,4,PNG
train,image_3179.png,mask_3179.png,data/dataset/train/images\image_3179.png,data/dataset/train/masks\mask_3179.png,26466,682,128,128,4,PNG
train,image_318.png,mask_318.png,data/dataset/train/images\image_318.png,data/dataset/train/masks\mask_318.png,29646,921,128,128,4,PNG
train,image_3181.png,mask_3181.png,data/dataset/train/images\image_3181.png,data/dataset/train/masks\mask_3181.png,24991,669,128,128,4,PNG
train,image_3183.png,mask_3183.png,data/dataset/train/images\image_3183.png,data/dataset/train/masks\mask_3183.png,29433,522,128,128,4,PNG
train,image_3184.png,mask_3184.png,data/dataset/train/images\image_3184.png,data/dataset/train/masks\mask_3184.png,27284,759,128,128,4,PNG
train,image_3185.png,mask_3185.png,data/dataset/train/images\image_3185.png,data/dataset/train/masks\mask_3185.png,28222,659,128,128,4,PNG
train,image_3190.png,mask_3190.png,data/dataset/train/images\image_3190.png,data/dataset/train/masks\mask_3190.png,28943,610,128,128,4,PNG
train,image_3194.png,mask_3194.png,data/dataset/train/images\image_3194.png,data/dataset/train/masks\mask_3194.png,30208,546,128,128,4,PNG
train,image_3198.png,mask_3198.png,data/dataset/train/images\image_3198.png,data/dataset/train/masks\mask_3198.png,29978,576,128,128,4,PNG
train,image_3199.png,mask_3199.png,data/dataset/train/images\image_3199.png,data/dataset/train/masks\mask_3199.png,27769,594,128,128,4,PNG
train,image_32.png,mask_32.png,data/dataset/train/images\image_32.png,data/dataset/train/masks\mask_32.png,30177,727,128,128,4,PNG
train,image_3202.png,mask_3202.png,data/dataset/train/images\image_3202.png,data/dataset/train/masks\mask_3202.png,32231,793,128,128,4,PNG
train,image_3204.png,mask_3204.png,data/dataset/train/images\image_3204.png,data/dataset/train/masks\mask_3204.png,27092,873,128,128,4,PNG
train,image_3205.png,mask_3205.png,data/dataset/train/images\image_3205.png,data/dataset/train/masks\mask_3205.png,28400,723,128,128,4,PNG
train,image_3207.png,mask_3207.png,data/dataset/train/images\image_3207.png,data/dataset/train/masks\mask_3207.png,31573,865,128,128,4,PNG
train,image_3208.png,mask_3208.png,data/dataset/train/images\image_3208.png,data/dataset/train/masks\mask_3208.png,28987,546,128,128,4,PNG
train,image_3209.png,mask_3209.png,data/dataset/train/images\image_3209.png,data/dataset/train/masks\mask_3209.png,27655,668,128,128,4,PNG
train,image_3210.png,mask_3210.png,data/dataset/train/images\image_3210.png,data/dataset/train/masks\mask_3210.png,28050,651,128,128,4,PNG
train,image_3213.png,mask_3213.png,data/dataset/train/images\image_3213.png,data/dataset/train/masks\mask_3213.png,29384,560,128,128,4,PNG
train,image_3214.png,mask_3214.png,data/dataset/train/images\image_3214.png,data/dataset/train/masks\mask_3214.png,31172,647,128,128,4,PNG
train,image_3215.png,mask_3215.png,data/dataset/train/images\image_3215.png,data/dataset/train/masks\mask_3215.png,29997,959,128,128,4,PNG
train,image_3217.png,mask_3217.png,data/dataset/train/images\image_3217.png,data/dataset/train/masks\mask_3217.png,27342,716,128,128,4,PNG
train,image_3219.png,mask_3219.png,data/dataset/train/images\image_3219.png,data/dataset/train/masks\mask_3219.png,30452,1147,128,128,4,PNG
train,image_322.png,mask_322.png,data/dataset/train/images\image_322.png,data/dataset/train/masks\mask_322.png,27204,594,128,128,4,PNG
train,image_3220.png,mask_3220.png,data/dataset/train/images\image_3220.png,data/dataset/train/masks\mask_3220.png,27402,802,128,128,4,PNG
train,image_3221.png,mask_3221.png,data/dataset/train/images\image_3221.png,data/dataset/train/masks\mask_3221.png,30063,642,128,128,4,PNG
train,image_3224.png,mask_3224.png,data/dataset/train/images\image_3224.png,data/dataset/train/masks\mask_3224.png,32805,539,128,128,4,PNG
train,image_3225.png,mask_3225.png,data/dataset/train/images\image_3225.png,data/dataset/train/masks\mask_3225.png,30788,529,128,128,4,PNG
train,image_3228.png,mask_3228.png,data/dataset/train/images\image_3228.png,data/dataset/train/masks\mask_3228.png,26295,548,128,128,4,PNG
train,image_3229.png,mask_3229.png,data/dataset/train/images\image_3229.png,data/dataset/train/masks\mask_3229.png,29541,534,128,128,4,PNG
train,image_3236.png,mask_3236.png,data/dataset/train/images\image_3236.png,data/dataset/train/masks\mask_3236.png,31138,562,128,128,4,PNG
train,image_3239.png,mask_3239.png,data/dataset/train/images\image_3239.png,data/dataset/train/masks\mask_3239.png,30283,622,128,128,4,PNG
train,image_324.png,mask_324.png,data/dataset/train/images\image_324.png,data/dataset/train/masks\mask_324.png,29654,906,128,128,4,PNG
train,image_3240.png,mask_3240.png,data/dataset/train/images\image_3240.png,data/dataset/train/masks\mask_3240.png,29360,541,128,128,4,PNG
train,image_3241.png,mask_3241.png,data/dataset/train/images\image_3241.png,data/dataset/train/masks\mask_3241.png,25921,563,128,128,4,PNG
train,image_3244.png,mask_3244.png,data/dataset/train/images\image_3244.png,data/dataset/train/masks\mask_3244.png,24204,615,128,128,4,PNG
train,image_3246.png,mask_3246.png,data/dataset/train/images\image_3246.png,data/dataset/train/masks\mask_3246.png,27691,530,128,128,4,PNG
train,image_3248.png,mask_3248.png,data/dataset/train/images\image_3248.png,data/dataset/train/masks\mask_3248.png,32152,675,128,128,4,PNG
train,image_325.png,mask_325.png,data/dataset/train/images\image_325.png,data/dataset/train/masks\mask_325.png,23786,564,128,128,4,PNG
train,image_3250.png,mask_3250.png,data/dataset/train/images\image_3250.png,data/dataset/train/masks\mask_3250.png,32536,554,128,128,4,PNG
train,image_3251.png,mask_3251.png,data/dataset/train/images\image_3251.png,data/dataset/train/masks\mask_3251.png,27235,686,128,128,4,PNG
train,image_3252.png,mask_3252.png,data/dataset/train/images\image_3252.png,data/dataset/train/masks\mask_3252.png,25896,528,128,128,4,PNG
train,image_3253.png,mask_3253.png,data/dataset/train/images\image_3253.png,data/dataset/train/masks\mask_3253.png,27375,591,128,128,4,PNG
train,image_3254.png,mask_3254.png,data/dataset/train/images\image_3254.png,data/dataset/train/masks\mask_3254.png,27074,603,128,128,4,PNG
train,image_3255.png,mask_3255.png,data/dataset/train/images\image_3255.png,data/dataset/train/masks\mask_3255.png,32798,989,128,128,4,PNG
train,image_3256.png,mask_3256.png,data/dataset/train/images\image_3256.png,data/dataset/train/masks\mask_3256.png,29304,994,128,128,4,PNG
train,image_3257.png,mask_3257.png,data/dataset/train/images\image_3257.png,data/dataset/train/masks\mask_3257.png,30086,664,128,128,4,PNG
train,image_3258.png,mask_3258.png,data/dataset/train/images\image_3258.png,data/dataset/train/masks\mask_3258.png,31773,599,128,128,4,PNG
train,image_3259.png,mask_3259.png,data/dataset/train/images\image_3259.png,data/dataset/train/masks\mask_3259.png,33113,1351,128,128,4,PNG
train,image_3260.png,mask_3260.png,data/dataset/train/images\image_3260.png,data/dataset/train/masks\mask_3260.png,30871,828,128,128,4,PNG
train,image_3262.png,mask_3262.png,data/dataset/train/images\image_3262.png,data/dataset/train/masks\mask_3262.png,31965,1260,128,128,4,PNG
train,image_3263.png,mask_3263.png,data/dataset/train/images\image_3263.png,data/dataset/train/masks\mask_3263.png,28259,981,128,128,4,PNG
train,image_3264.png,mask_3264.png,data/dataset/train/images\image_3264.png,data/dataset/train/masks\mask_3264.png,25229,634,128,128,4,PNG
train,image_3265.png,mask_3265.png,data/dataset/train/images\image_3265.png,data/dataset/train/masks\mask_3265.png,30148,1144,128,128,4,PNG
train,image_3266.png,mask_3266.png,data/dataset/train/images\image_3266.png,data/dataset/train/masks\mask_3266.png,31723,1437,128,128,4,PNG
train,image_3268.png,mask_3268.png,data/dataset/train/images\image_3268.png,data/dataset/train/masks\mask_3268.png,29868,1193,128,128,4,PNG
train,image_3269.png,mask_3269.png,data/dataset/train/images\image_3269.png,data/dataset/train/masks\mask_3269.png,25995,715,128,128,4,PNG
train,image_327.png,mask_327.png,data/dataset/train/images\image_327.png,data/dataset/train/masks\mask_327.png,25097,701,128,128,4,PNG
train,image_3275.png,mask_3275.png,data/dataset/train/images\image_3275.png,data/dataset/train/masks\mask_3275.png,28886,641,128,128,4,PNG
train,image_3278.png,mask_3278.png,data/dataset/train/images\image_3278.png,data/dataset/train/masks\mask_3278.png,29397,603,128,128,4,PNG
train,image_328.png,mask_328.png,data/dataset/train/images\image_328.png,data/dataset/train/masks\mask_328.png,25799,718,128,128,4,PNG
train,image_3280.png,mask_3280.png,data/dataset/train/images\image_3280.png,data/dataset/train/masks\mask_3280.png,27440,678,128,128,4,PNG
train,image_3282.png,mask_3282.png,data/dataset/train/images\image_3282.png,data/dataset/train/masks\mask_3282.png,31905,531,128,128,4,PNG
train,image_3287.png,mask_3287.png,data/dataset/train/images\image_3287.png,data/dataset/train/masks\mask_3287.png,25843,537,128,128,4,PNG
train,image_329.png,mask_329.png,data/dataset/train/images\image_329.png,data/dataset/train/masks\mask_329.png,24999,784,128,128,4,PNG
train,image_3291.png,mask_3291.png,data/dataset/train/images\image_3291.png,data/dataset/train/masks\mask_3291.png,28828,603,128,128,4,PNG
train,image_3293.png,mask_3293.png,data/dataset/train/images\image_3293.png,data/dataset/train/masks\mask_3293.png,30703,975,128,128,4,PNG
train,image_3297.png,mask_3297.png,data/dataset/train/images\image_3297.png,data/dataset/train/masks\mask_3297.png,29613,934,128,128,4,PNG
train,image_3298.png,mask_3298.png,data/dataset/train/images\image_3298.png,data/dataset/train/masks\mask_3298.png,31754,1064,128,128,4,PNG
train,image_3299.png,mask_3299.png,data/dataset/train/images\image_3299.png,data/dataset/train/masks\mask_3299.png,28195,689,128,128,4,PNG
train,image_33.png,mask_33.png,data/dataset/train/images\image_33.png,data/dataset/train/masks\mask_33.png,30494,1113,128,128,4,PNG
train,image_3301.png,mask_3301.png,data/dataset/train/images\image_3301.png,data/dataset/train/masks\mask_3301.png,31897,1147,128,128,4,PNG
train,image_3303.png,mask_3303.png,data/dataset/train/images\image_3303.png,data/dataset/train/masks\mask_3303.png,30619,573,128,128,4,PNG
train,image_3304.png,mask_3304.png,data/dataset/train/images\image_3304.png,data/dataset/train/masks\mask_3304.png,31387,1215,128,128,4,PNG
train,image_3305.png,mask_3305.png,data/dataset/train/images\image_3305.png,data/dataset/train/masks\mask_3305.png,29820,873,128,128,4,PNG
train,image_3306.png,mask_3306.png,data/dataset/train/images\image_3306.png,data/dataset/train/masks\mask_3306.png,31507,1124,128,128,4,PNG
train,image_3308.png,mask_3308.png,data/dataset/train/images\image_3308.png,data/dataset/train/masks\mask_3308.png,29263,917,128,128,4,PNG
train,image_3309.png,mask_3309.png,data/dataset/train/images\image_3309.png,data/dataset/train/masks\mask_3309.png,26140,851,128,128,4,PNG
train,image_331.png,mask_331.png,data/dataset/train/images\image_331.png,data/dataset/train/masks\mask_331.png,28163,598,128,128,4,PNG
train,image_3310.png,mask_3310.png,data/dataset/train/images\image_3310.png,data/dataset/train/masks\mask_3310.png,27413,840,128,128,4,PNG
train,image_3312.png,mask_3312.png,data/dataset/train/images\image_3312.png,data/dataset/train/masks\mask_3312.png,24673,790,128,128,4,PNG
train,image_3313.png,mask_3313.png,data/dataset/train/images\image_3313.png,data/dataset/train/masks\mask_3313.png,25804,808,128,128,4,PNG
train,image_3315.png,mask_3315.png,data/dataset/train/images\image_3315.png,data/dataset/train/masks\mask_3315.png,25652,803,128,128,4,PNG
train,image_332.png,mask_332.png,data/dataset/train/images\image_332.png,data/dataset/train/masks\mask_332.png,27337,612,128,128,4,PNG
train,image_3329.png,mask_3329.png,data/dataset/train/images\image_3329.png,data/dataset/train/masks\mask_3329.png,27866,641,128,128,4,PNG
train,image_333.png,mask_333.png,data/dataset/train/images\image_333.png,data/dataset/train/masks\mask_333.png,32452,642,128,128,4,PNG
train,image_3336.png,mask_3336.png,data/dataset/train/images\image_3336.png,data/dataset/train/masks\mask_3336.png,29254,931,128,128,4,PNG
train,image_3337.png,mask_3337.png,data/dataset/train/images\image_3337.png,data/dataset/train/masks\mask_3337.png,25200,551,128,128,4,PNG
train,image_3338.png,mask_3338.png,data/dataset/train/images\image_3338.png,data/dataset/train/masks\mask_3338.png,28956,643,128,128,4,PNG
train,image_3339.png,mask_3339.png,data/dataset/train/images\image_3339.png,data/dataset/train/masks\mask_3339.png,30354,969,128,128,4,PNG
train,image_3341.png,mask_3341.png,data/dataset/train/images\image_3341.png,data/dataset/train/masks\mask_3341.png,29364,591,128,128,4,PNG
train,image_3342.png,mask_3342.png,data/dataset/train/images\image_3342.png,data/dataset/train/masks\mask_3342.png,29498,843,128,128,4,PNG
train,image_3343.png,mask_3343.png,data/dataset/train/images\image_3343.png,data/dataset/train/masks\mask_3343.png,30303,1110,128,128,4,PNG
train,image_3344.png,mask_3344.png,data/dataset/train/images\image_3344.png,data/dataset/train/masks\mask_3344.png,27294,633,128,128,4,PNG
train,image_3346.png,mask_3346.png,data/dataset/train/images\image_3346.png,data/dataset/train/masks\mask_3346.png,27830,1052,128,128,4,PNG
train,image_3347.png,mask_3347.png,data/dataset/train/images\image_3347.png,data/dataset/train/masks\mask_3347.png,30048,895,128,128,4,PNG
train,image_3348.png,mask_3348.png,data/dataset/train/images\image_3348.png,data/dataset/train/masks\mask_3348.png,28396,949,128,128,4,PNG
train,image_3350.png,mask_3350.png,data/dataset/train/images\image_3350.png,data/dataset/train/masks\mask_3350.png,28602,924,128,128,4,PNG
train,image_3352.png,mask_3352.png,data/dataset/train/images\image_3352.png,data/dataset/train/masks\mask_3352.png,29853,961,128,128,4,PNG
train,image_3353.png,mask_3353.png,data/dataset/train/images\image_3353.png,data/dataset/train/masks\mask_3353.png,30735,1141,128,128,4,PNG
train,image_3354.png,mask_3354.png,data/dataset/train/images\image_3354.png,data/dataset/train/masks\mask_3354.png,28905,761,128,128,4,PNG
train,image_3356.png,mask_3356.png,data/dataset/train/images\image_3356.png,data/dataset/train/masks\mask_3356.png,32491,515,128,128,4,PNG
train,image_3358.png,mask_3358.png,data/dataset/train/images\image_3358.png,data/dataset/train/masks\mask_3358.png,27280,734,128,128,4,PNG
train,image_3364.png,mask_3364.png,data/dataset/train/images\image_3364.png,data/dataset/train/masks\mask_3364.png,30447,729,128,128,4,PNG
train,image_3365.png,mask_3365.png,data/dataset/train/images\image_3365.png,data/dataset/train/masks\mask_3365.png,28676,700,128,128,4,PNG
train,image_3378.png,mask_3378.png,data/dataset/train/images\image_3378.png,data/dataset/train/masks\mask_3378.png,31930,920,128,128,4,PNG
train,image_338.png,mask_338.png,data/dataset/train/images\image_338.png,data/dataset/train/masks\mask_338.png,27297,580,128,128,4,PNG
train,image_3381.png,mask_3381.png,data/dataset/train/images\image_3381.png,data/dataset/train/masks\mask_3381.png,30396,691,128,128,4,PNG
train,image_3382.png,mask_3382.png,data/dataset/train/images\image_3382.png,data/dataset/train/masks\mask_3382.png,31712,726,128,128,4,PNG
train,image_3383.png,mask_3383.png,data/dataset/train/images\image_3383.png,data/dataset/train/masks\mask_3383.png,26758,694,128,128,4,PNG
train,image_3384.png,mask_3384.png,data/dataset/train/images\image_3384.png,data/dataset/train/masks\mask_3384.png,31398,1124,128,128,4,PNG
train,image_3389.png,mask_3389.png,data/dataset/train/images\image_3389.png,data/dataset/train/masks\mask_3389.png,31156,792,128,128,4,PNG
train,image_339.png,mask_339.png,data/dataset/train/images\image_339.png,data/dataset/train/masks\mask_339.png,30264,666,128,128,4,PNG
train,image_3390.png,mask_3390.png,data/dataset/train/images\image_3390.png,data/dataset/train/masks\mask_3390.png,30454,773,128,128,4,PNG
train,image_3391.png,mask_3391.png,data/dataset/train/images\image_3391.png,data/dataset/train/masks\mask_3391.png,31424,856,128,128,4,PNG
train,image_3392.png,mask_3392.png,data/dataset/train/images\image_3392.png,data/dataset/train/masks\mask_3392.png,29311,655,128,128,4,PNG
train,image_3394.png,mask_3394.png,data/dataset/train/images\image_3394.png,data/dataset/train/masks\mask_3394.png,23306,617,128,128,4,PNG
train,image_3395.png,mask_3395.png,data/dataset/train/images\image_3395.png,data/dataset/train/masks\mask_3395.png,27301,603,128,128,4,PNG
train,image_3396.png,mask_3396.png,data/dataset/train/images\image_3396.png,data/dataset/train/masks\mask_3396.png,29276,824,128,128,4,PNG
train,image_3398.png,mask_3398.png,data/dataset/train/images\image_3398.png,data/dataset/train/masks\mask_3398.png,24412,656,128,128,4,PNG
train,image_3399.png,mask_3399.png,data/dataset/train/images\image_3399.png,data/dataset/train/masks\mask_3399.png,27700,781,128,128,4,PNG
train,image_34.png,mask_34.png,data/dataset/train/images\image_34.png,data/dataset/train/masks\mask_34.png,32007,677,128,128,4,PNG
train,image_340.png,mask_340.png,data/dataset/train/images\image_340.png,data/dataset/train/masks\mask_340.png,30275,638,128,128,4,PNG
train,image_3402.png,mask_3402.png,data/dataset/train/images\image_3402.png,data/dataset/train/masks\mask_3402.png,26854,680,128,128,4,PNG
train,image_3407.png,mask_3407.png,data/dataset/train/images\image_3407.png,data/dataset/train/masks\mask_3407.png,29756,934,128,128,4,PNG
train,image_3410.png,mask_3410.png,data/dataset/train/images\image_3410.png,data/dataset/train/masks\mask_3410.png,30088,688,128,128,4,PNG
train,image_3411.png,mask_3411.png,data/dataset/train/images\image_3411.png,data/dataset/train/masks\mask_3411.png,27536,619,128,128,4,PNG
train,image_3412.png,mask_3412.png,data/dataset/train/images\image_3412.png,data/dataset/train/masks\mask_3412.png,27580,605,128,128,4,PNG
train,image_3413.png,mask_3413.png,data/dataset/train/images\image_3413.png,data/dataset/train/masks\mask_3413.png,28825,723,128,128,4,PNG
train,image_3419.png,mask_3419.png,data/dataset/train/images\image_3419.png,data/dataset/train/masks\mask_3419.png,30130,539,128,128,4,PNG
train,image_3430.png,mask_3430.png,data/dataset/train/images\image_3430.png,data/dataset/train/masks\mask_3430.png,27566,556,128,128,4,PNG
train,image_3431.png,mask_3431.png,data/dataset/train/images\image_3431.png,data/dataset/train/masks\mask_3431.png,29397,691,128,128,4,PNG
train,image_3433.png,mask_3433.png,data/dataset/train/images\image_3433.png,data/dataset/train/masks\mask_3433.png,31593,721,128,128,4,PNG
train,image_3434.png,mask_3434.png,data/dataset/train/images\image_3434.png,data/dataset/train/masks\mask_3434.png,31669,567,128,128,4,PNG
train,image_3435.png,mask_3435.png,data/dataset/train/images\image_3435.png,data/dataset/train/masks\mask_3435.png,29346,614,128,128,4,PNG
train,image_3443.png,mask_3443.png,data/dataset/train/images\image_3443.png,data/dataset/train/masks\mask_3443.png,25502,709,128,128,4,PNG
train,image_3446.png,mask_3446.png,data/dataset/train/images\image_3446.png,data/dataset/train/masks\mask_3446.png,24657,885,128,128,4,PNG
train,image_3447.png,mask_3447.png,data/dataset/train/images\image_3447.png,data/dataset/train/masks\mask_3447.png,25886,558,128,128,4,PNG
train,image_3448.png,mask_3448.png,data/dataset/train/images\image_3448.png,data/dataset/train/masks\mask_3448.png,26379,866,128,128,4,PNG
train,image_345.png,mask_345.png,data/dataset/train/images\image_345.png,data/dataset/train/masks\mask_345.png,26738,535,128,128,4,PNG
train,image_3450.png,mask_3450.png,data/dataset/train/images\image_3450.png,data/dataset/train/masks\mask_3450.png,25920,730,128,128,4,PNG
train,image_3451.png,mask_3451.png,data/dataset/train/images\image_3451.png,data/dataset/train/masks\mask_3451.png,24675,593,128,128,4,PNG
train,image_3454.png,mask_3454.png,data/dataset/train/images\image_3454.png,data/dataset/train/masks\mask_3454.png,28906,578,128,128,4,PNG
train,image_3455.png,mask_3455.png,data/dataset/train/images\image_3455.png,data/dataset/train/masks\mask_3455.png,31538,528,128,128,4,PNG
train,image_3463.png,mask_3463.png,data/dataset/train/images\image_3463.png,data/dataset/train/masks\mask_3463.png,24650,701,128,128,4,PNG
train,image_3474.png,mask_3474.png,data/dataset/train/images\image_3474.png,data/dataset/train/masks\mask_3474.png,25313,544,128,128,4,PNG
train,image_3478.png,mask_3478.png,data/dataset/train/images\image_3478.png,data/dataset/train/masks\mask_3478.png,24194,748,128,128,4,PNG
train,image_3480.png,mask_3480.png,data/dataset/train/images\image_3480.png,data/dataset/train/masks\mask_3480.png,28324,526,128,128,4,PNG
train,image_3481.png,mask_3481.png,data/dataset/train/images\image_3481.png,data/dataset/train/masks\mask_3481.png,29944,894,128,128,4,PNG
train,image_3488.png,mask_3488.png,data/dataset/train/images\image_3488.png,data/dataset/train/masks\mask_3488.png,29865,874,128,128,4,PNG
train,image_3490.png,mask_3490.png,data/dataset/train/images\image_3490.png,data/dataset/train/masks\mask_3490.png,27746,810,128,128,4,PNG
train,image_3491.png,mask_3491.png,data/dataset/train/images\image_3491.png,data/dataset/train/masks\mask_3491.png,30899,828,128,128,4,PNG
train,image_3494.png,mask_3494.png,data/dataset/train/images\image_3494.png,data/dataset/train/masks\mask_3494.png,29119,1342,128,128,4,PNG
train,image_3495.png,mask_3495.png,data/dataset/train/images\image_3495.png,data/dataset/train/masks\mask_3495.png,27938,900,128,128,4,PNG
train,image_3497.png,mask_3497.png,data/dataset/train/images\image_3497.png,data/dataset/train/masks\mask_3497.png,24656,555,128,128,4,PNG
train,image_35.png,mask_35.png,data/dataset/train/images\image_35.png,data/dataset/train/masks\mask_35.png,30344,756,128,128,4,PNG
train,image_3501.png,mask_3501.png,data/dataset/train/images\image_3501.png,data/dataset/train/masks\mask_3501.png,28767,708,128,128,4,PNG
train,image_3504.png,mask_3504.png,data/dataset/train/images\image_3504.png,data/dataset/train/masks\mask_3504.png,28580,577,128,128,4,PNG
train,image_3507.png,mask_3507.png,data/dataset/train/images\image_3507.png,data/dataset/train/masks\mask_3507.png,29711,512,128,128,4,PNG
train,image_351.png,mask_351.png,data/dataset/train/images\image_351.png,data/dataset/train/masks\mask_351.png,29148,610,128,128,4,PNG
train,image_3510.png,mask_3510.png,data/dataset/train/images\image_3510.png,data/dataset/train/masks\mask_3510.png,28532,617,128,128,4,PNG
train,image_3512.png,mask_3512.png,data/dataset/train/images\image_3512.png,data/dataset/train/masks\mask_3512.png,29659,593,128,128,4,PNG
train,image_3513.png,mask_3513.png,data/dataset/train/images\image_3513.png,data/dataset/train/masks\mask_3513.png,29807,695,128,128,4,PNG
train,image_3519.png,mask_3519.png,data/dataset/train/images\image_3519.png,data/dataset/train/masks\mask_3519.png,28288,650,128,128,4,PNG
train,image_352.png,mask_352.png,data/dataset/train/images\image_352.png,data/dataset/train/masks\mask_352.png,26860,554,128,128,4,PNG
train,image_3521.png,mask_3521.png,data/dataset/train/images\image_3521.png,data/dataset/train/masks\mask_3521.png,25408,609,128,128,4,PNG
train,image_3522.png,mask_3522.png,data/dataset/train/images\image_3522.png,data/dataset/train/masks\mask_3522.png,28330,584,128,128,4,PNG
train,image_3525.png,mask_3525.png,data/dataset/train/images\image_3525.png,data/dataset/train/masks\mask_3525.png,29685,858,128,128,4,PNG
train,image_3526.png,mask_3526.png,data/dataset/train/images\image_3526.png,data/dataset/train/masks\mask_3526.png,30485,661,128,128,4,PNG
train,image_3529.png,mask_3529.png,data/dataset/train/images\image_3529.png,data/dataset/train/masks\mask_3529.png,27698,718,128,128,4,PNG
train,image_353.png,mask_353.png,data/dataset/train/images\image_353.png,data/dataset/train/masks\mask_353.png,27809,516,128,128,4,PNG
train,image_3530.png,mask_3530.png,data/dataset/train/images\image_3530.png,data/dataset/train/masks\mask_3530.png,28624,849,128,128,4,PNG
train,image_3533.png,mask_3533.png,data/dataset/train/images\image_3533.png,data/dataset/train/masks\mask_3533.png,29547,674,128,128,4,PNG
train,image_3534.png,mask_3534.png,data/dataset/train/images\image_3534.png,data/dataset/train/masks\mask_3534.png,27367,1005,128,128,4,PNG
train,image_3538.png,mask_3538.png,data/dataset/train/images\image_3538.png,data/dataset/train/masks\mask_3538.png,35902,1781,128,128,4,PNG
train,image_3539.png,mask_3539.png,data/dataset/train/images\image_3539.png,data/dataset/train/masks\mask_3539.png,30940,1309,128,128,4,PNG
train,image_354.png,mask_354.png,data/dataset/train/images\image_354.png,data/dataset/train/masks\mask_354.png,27777,514,128,128,4,PNG
train,image_3541.png,mask_3541.png,data/dataset/train/images\image_3541.png,data/dataset/train/masks\mask_3541.png,24958,732,128,128,4,PNG
train,image_3544.png,mask_3544.png,data/dataset/train/images\image_3544.png,data/dataset/train/masks\mask_3544.png,28884,599,128,128,4,PNG
train,image_3546.png,mask_3546.png,data/dataset/train/images\image_3546.png,data/dataset/train/masks\mask_3546.png,26741,568,128,128,4,PNG
train,image_3548.png,mask_3548.png,data/dataset/train/images\image_3548.png,data/dataset/train/masks\mask_3548.png,27627,603,128,128,4,PNG
train,image_3549.png,mask_3549.png,data/dataset/train/images\image_3549.png,data/dataset/train/masks\mask_3549.png,28389,580,128,128,4,PNG
train,image_355.png,mask_355.png,data/dataset/train/images\image_355.png,data/dataset/train/masks\mask_355.png,26543,581,128,128,4,PNG
train,image_3555.png,mask_3555.png,data/dataset/train/images\image_3555.png,data/dataset/train/masks\mask_3555.png,29825,773,128,128,4,PNG
train,image_3558.png,mask_3558.png,data/dataset/train/images\image_3558.png,data/dataset/train/masks\mask_3558.png,30165,589,128,128,4,PNG
train,image_3562.png,mask_3562.png,data/dataset/train/images\image_3562.png,data/dataset/train/masks\mask_3562.png,30048,587,128,128,4,PNG
train,image_3565.png,mask_3565.png,data/dataset/train/images\image_3565.png,data/dataset/train/masks\mask_3565.png,26491,536,128,128,4,PNG
train,image_3568.png,mask_3568.png,data/dataset/train/images\image_3568.png,data/dataset/train/masks\mask_3568.png,31611,549,128,128,4,PNG
train,image_357.png,mask_357.png,data/dataset/train/images\image_357.png,data/dataset/train/masks\mask_357.png,29180,559,128,128,4,PNG
train,image_3571.png,mask_3571.png,data/dataset/train/images\image_3571.png,data/dataset/train/masks\mask_3571.png,28890,618,128,128,4,PNG
train,image_3572.png,mask_3572.png,data/dataset/train/images\image_3572.png,data/dataset/train/masks\mask_3572.png,28975,530,128,128,4,PNG
train,image_3573.png,mask_3573.png,data/dataset/train/images\image_3573.png,data/dataset/train/masks\mask_3573.png,30035,780,128,128,4,PNG
train,image_3579.png,mask_3579.png,data/dataset/train/images\image_3579.png,data/dataset/train/masks\mask_3579.png,28260,553,128,128,4,PNG
train,image_358.png,mask_358.png,data/dataset/train/images\image_358.png,data/dataset/train/masks\mask_358.png,29763,564,128,128,4,PNG
train,image_3581.png,mask_3581.png,data/dataset/train/images\image_3581.png,data/dataset/train/masks\mask_3581.png,25837,876,128,128,4,PNG
train,image_3583.png,mask_3583.png,data/dataset/train/images\image_3583.png,data/dataset/train/masks\mask_3583.png,29531,941,128,128,4,PNG
train,image_3585.png,mask_3585.png,data/dataset/train/images\image_3585.png,data/dataset/train/masks\mask_3585.png,28449,840,128,128,4,PNG
train,image_3588.png,mask_3588.png,data/dataset/train/images\image_3588.png,data/dataset/train/masks\mask_3588.png,26838,880,128,128,4,PNG
train,image_359.png,mask_359.png,data/dataset/train/images\image_359.png,data/dataset/train/masks\mask_359.png,28950,740,128,128,4,PNG
train,image_360.png,mask_360.png,data/dataset/train/images\image_360.png,data/dataset/train/masks\mask_360.png,25528,547,128,128,4,PNG
train,image_3606.png,mask_3606.png,data/dataset/train/images\image_3606.png,data/dataset/train/masks\mask_3606.png,29640,607,128,128,4,PNG
train,image_3613.png,mask_3613.png,data/dataset/train/images\image_3613.png,data/dataset/train/masks\mask_3613.png,28614,976,128,128,4,PNG
train,image_3614.png,mask_3614.png,data/dataset/train/images\image_3614.png,data/dataset/train/masks\mask_3614.png,31231,680,128,128,4,PNG
train,image_3615.png,mask_3615.png,data/dataset/train/images\image_3615.png,data/dataset/train/masks\mask_3615.png,31662,775,128,128,4,PNG
train,image_3616.png,mask_3616.png,data/dataset/train/images\image_3616.png,data/dataset/train/masks\mask_3616.png,32303,703,128,128,4,PNG
train,image_3618.png,mask_3618.png,data/dataset/train/images\image_3618.png,data/dataset/train/masks\mask_3618.png,30196,843,128,128,4,PNG
train,image_3619.png,mask_3619.png,data/dataset/train/images\image_3619.png,data/dataset/train/masks\mask_3619.png,31067,707,128,128,4,PNG
train,image_362.png,mask_362.png,data/dataset/train/images\image_362.png,data/dataset/train/masks\mask_362.png,27642,588,128,128,4,PNG
train,image_3620.png,mask_3620.png,data/dataset/train/images\image_3620.png,data/dataset/train/masks\mask_3620.png,30870,646,128,128,4,PNG
train,image_3621.png,mask_3621.png,data/dataset/train/images\image_3621.png,data/dataset/train/masks\mask_3621.png,28372,520,128,128,4,PNG
train,image_3622.png,mask_3622.png,data/dataset/train/images\image_3622.png,data/dataset/train/masks\mask_3622.png,25464,589,128,128,4,PNG
train,image_3623.png,mask_3623.png,data/dataset/train/images\image_3623.png,data/dataset/train/masks\mask_3623.png,31076,576,128,128,4,PNG
train,image_3624.png,mask_3624.png,data/dataset/train/images\image_3624.png,data/dataset/train/masks\mask_3624.png,28079,589,128,128,4,PNG
train,image_3625.png,mask_3625.png,data/dataset/train/images\image_3625.png,data/dataset/train/masks\mask_3625.png,29797,1001,128,128,4,PNG
train,image_3626.png,mask_3626.png,data/dataset/train/images\image_3626.png,data/dataset/train/masks\mask_3626.png,28247,625,128,128,4,PNG
train,image_3627.png,mask_3627.png,data/dataset/train/images\image_3627.png,data/dataset/train/masks\mask_3627.png,25087,869,128,128,4,PNG
train,image_3628.png,mask_3628.png,data/dataset/train/images\image_3628.png,data/dataset/train/masks\mask_3628.png,27482,875,128,128,4,PNG
train,image_3629.png,mask_3629.png,data/dataset/train/images\image_3629.png,data/dataset/train/masks\mask_3629.png,25306,755,128,128,4,PNG
train,image_3630.png,mask_3630.png,data/dataset/train/images\image_3630.png,data/dataset/train/masks\mask_3630.png,27938,585,128,128,4,PNG
train,image_3631.png,mask_3631.png,data/dataset/train/images\image_3631.png,data/dataset/train/masks\mask_3631.png,28312,803,128,128,4,PNG
train,image_3632.png,mask_3632.png,data/dataset/train/images\image_3632.png,data/dataset/train/masks\mask_3632.png,25678,739,128,128,4,PNG
train,image_3636.png,mask_3636.png,data/dataset/train/images\image_3636.png,data/dataset/train/masks\mask_3636.png,29143,639,128,128,4,PNG
train,image_3637.png,mask_3637.png,data/dataset/train/images\image_3637.png,data/dataset/train/masks\mask_3637.png,29830,702,128,128,4,PNG
train,image_3638.png,mask_3638.png,data/dataset/train/images\image_3638.png,data/dataset/train/masks\mask_3638.png,30354,538,128,128,4,PNG
train,image_364.png,mask_364.png,data/dataset/train/images\image_364.png,data/dataset/train/masks\mask_364.png,27132,619,128,128,4,PNG
train,image_3642.png,mask_3642.png,data/dataset/train/images\image_3642.png,data/dataset/train/masks\mask_3642.png,29010,577,128,128,4,PNG
train,image_3647.png,mask_3647.png,data/dataset/train/images\image_3647.png,data/dataset/train/masks\mask_3647.png,27819,543,128,128,4,PNG
train,image_3648.png,mask_3648.png,data/dataset/train/images\image_3648.png,data/dataset/train/masks\mask_3648.png,27838,552,128,128,4,PNG
train,image_3649.png,mask_3649.png,data/dataset/train/images\image_3649.png,data/dataset/train/masks\mask_3649.png,25210,618,128,128,4,PNG
train,image_365.png,mask_365.png,data/dataset/train/images\image_365.png,data/dataset/train/masks\mask_365.png,25521,715,128,128,4,PNG
train,image_3652.png,mask_3652.png,data/dataset/train/images\image_3652.png,data/dataset/train/masks\mask_3652.png,26784,659,128,128,4,PNG
train,image_3653.png,mask_3653.png,data/dataset/train/images\image_3653.png,data/dataset/train/masks\mask_3653.png,28572,601,128,128,4,PNG
train,image_3654.png,mask_3654.png,data/dataset/train/images\image_3654.png,data/dataset/train/masks\mask_3654.png,26729,578,128,128,4,PNG
train,image_3657.png,mask_3657.png,data/dataset/train/images\image_3657.png,data/dataset/train/masks\mask_3657.png,26876,655,128,128,4,PNG
train,image_3658.png,mask_3658.png,data/dataset/train/images\image_3658.png,data/dataset/train/masks\mask_3658.png,31619,1546,128,128,4,PNG
train,image_3662.png,mask_3662.png,data/dataset/train/images\image_3662.png,data/dataset/train/masks\mask_3662.png,31363,596,128,128,4,PNG
train,image_3663.png,mask_3663.png,data/dataset/train/images\image_3663.png,data/dataset/train/masks\mask_3663.png,29715,573,128,128,4,PNG
train,image_3667.png,mask_3667.png,data/dataset/train/images\image_3667.png,data/dataset/train/masks\mask_3667.png,28001,748,128,128,4,PNG
train,image_367.png,mask_367.png,data/dataset/train/images\image_367.png,data/dataset/train/masks\mask_367.png,30427,1151,128,128,4,PNG
train,image_3670.png,mask_3670.png,data/dataset/train/images\image_3670.png,data/dataset/train/masks\mask_3670.png,32809,1178,128,128,4,PNG
train,image_3671.png,mask_3671.png,data/dataset/train/images\image_3671.png,data/dataset/train/masks\mask_3671.png,29474,754,128,128,4,PNG
train,image_3672.png,mask_3672.png,data/dataset/train/images\image_3672.png,data/dataset/train/masks\mask_3672.png,26117,1053,128,128,4,PNG
train,image_3674.png,mask_3674.png,data/dataset/train/images\image_3674.png,data/dataset/train/masks\mask_3674.png,23736,600,128,128,4,PNG
train,image_3676.png,mask_3676.png,data/dataset/train/images\image_3676.png,data/dataset/train/masks\mask_3676.png,25858,560,128,128,4,PNG
train,image_3677.png,mask_3677.png,data/dataset/train/images\image_3677.png,data/dataset/train/masks\mask_3677.png,28629,540,128,128,4,PNG
train,image_3678.png,mask_3678.png,data/dataset/train/images\image_3678.png,data/dataset/train/masks\mask_3678.png,26669,1063,128,128,4,PNG
train,image_3679.png,mask_3679.png,data/dataset/train/images\image_3679.png,data/dataset/train/masks\mask_3679.png,24828,731,128,128,4,PNG
train,image_3682.png,mask_3682.png,data/dataset/train/images\image_3682.png,data/dataset/train/masks\mask_3682.png,29387,554,128,128,4,PNG
train,image_3684.png,mask_3684.png,data/dataset/train/images\image_3684.png,data/dataset/train/masks\mask_3684.png,28046,517,128,128,4,PNG
train,image_369.png,mask_369.png,data/dataset/train/images\image_369.png,data/dataset/train/masks\mask_369.png,25649,878,128,128,4,PNG
train,image_3694.png,mask_3694.png,data/dataset/train/images\image_3694.png,data/dataset/train/masks\mask_3694.png,27928,628,128,128,4,PNG
train,image_3695.png,mask_3695.png,data/dataset/train/images\image_3695.png,data/dataset/train/masks\mask_3695.png,28273,581,128,128,4,PNG
train,image_3697.png,mask_3697.png,data/dataset/train/images\image_3697.png,data/dataset/train/masks\mask_3697.png,28537,539,128,128,4,PNG
train,image_37.png,mask_37.png,data/dataset/train/images\image_37.png,data/dataset/train/masks\mask_37.png,29727,570,128,128,4,PNG
train,image_370.png,mask_370.png,data/dataset/train/images\image_370.png,data/dataset/train/masks\mask_370.png,29937,1055,128,128,4,PNG
train,image_3700.png,mask_3700.png,data/dataset/train/images\image_3700.png,data/dataset/train/masks\mask_3700.png,29370,691,128,128,4,PNG
train,image_3701.png,mask_3701.png,data/dataset/train/images\image_3701.png,data/dataset/train/masks\mask_3701.png,27825,759,128,128,4,PNG
train,image_3702.png,mask_3702.png,data/dataset/train/images\image_3702.png,data/dataset/train/masks\mask_3702.png,28027,571,128,128,4,PNG
train,image_3704.png,mask_3704.png,data/dataset/train/images\image_3704.png,data/dataset/train/masks\mask_3704.png,29828,815,128,128,4,PNG
train,image_3706.png,mask_3706.png,data/dataset/train/images\image_3706.png,data/dataset/train/masks\mask_3706.png,31349,884,128,128,4,PNG
train,image_3708.png,mask_3708.png,data/dataset/train/images\image_3708.png,data/dataset/train/masks\mask_3708.png,30400,615,128,128,4,PNG
train,image_3709.png,mask_3709.png,data/dataset/train/images\image_3709.png,data/dataset/train/masks\mask_3709.png,30642,624,128,128,4,PNG
train,image_371.png,mask_371.png,data/dataset/train/images\image_371.png,data/dataset/train/masks\mask_371.png,26551,959,128,128,4,PNG
train,image_3710.png,mask_3710.png,data/dataset/train/images\image_3710.png,data/dataset/train/masks\mask_3710.png,30491,680,128,128,4,PNG
train,image_3711.png,mask_3711.png,data/dataset/train/images\image_3711.png,data/dataset/train/masks\mask_3711.png,26762,639,128,128,4,PNG
train,image_3713.png,mask_3713.png,data/dataset/train/images\image_3713.png,data/dataset/train/masks\mask_3713.png,29159,928,128,128,4,PNG
train,image_3719.png,mask_3719.png,data/dataset/train/images\image_3719.png,data/dataset/train/masks\mask_3719.png,29056,859,128,128,4,PNG
train,image_372.png,mask_372.png,data/dataset/train/images\image_372.png,data/dataset/train/masks\mask_372.png,24664,900,128,128,4,PNG
train,image_3720.png,mask_3720.png,data/dataset/train/images\image_3720.png,data/dataset/train/masks\mask_3720.png,25457,758,128,128,4,PNG
train,image_3721.png,mask_3721.png,data/dataset/train/images\image_3721.png,data/dataset/train/masks\mask_3721.png,25577,662,128,128,4,PNG
train,image_3722.png,mask_3722.png,data/dataset/train/images\image_3722.png,data/dataset/train/masks\mask_3722.png,27547,616,128,128,4,PNG
train,image_3725.png,mask_3725.png,data/dataset/train/images\image_3725.png,data/dataset/train/masks\mask_3725.png,25154,815,128,128,4,PNG
train,image_3727.png,mask_3727.png,data/dataset/train/images\image_3727.png,data/dataset/train/masks\mask_3727.png,26203,852,128,128,4,PNG
train,image_3738.png,mask_3738.png,data/dataset/train/images\image_3738.png,data/dataset/train/masks\mask_3738.png,28208,744,128,128,4,PNG
train,image_3739.png,mask_3739.png,data/dataset/train/images\image_3739.png,data/dataset/train/masks\mask_3739.png,30133,571,128,128,4,PNG
train,image_374.png,mask_374.png,data/dataset/train/images\image_374.png,data/dataset/train/masks\mask_374.png,25424,1067,128,128,4,PNG
train,image_3740.png,mask_3740.png,data/dataset/train/images\image_3740.png,data/dataset/train/masks\mask_3740.png,27251,580,128,128,4,PNG
train,image_3741.png,mask_3741.png,data/dataset/train/images\image_3741.png,data/dataset/train/masks\mask_3741.png,29394,675,128,128,4,PNG
train,image_3742.png,mask_3742.png,data/dataset/train/images\image_3742.png,data/dataset/train/masks\mask_3742.png,30986,719,128,128,4,PNG
train,image_3747.png,mask_3747.png,data/dataset/train/images\image_3747.png,data/dataset/train/masks\mask_3747.png,30305,642,128,128,4,PNG
train,image_3750.png,mask_3750.png,data/dataset/train/images\image_3750.png,data/dataset/train/masks\mask_3750.png,31427,653,128,128,4,PNG
train,image_3751.png,mask_3751.png,data/dataset/train/images\image_3751.png,data/dataset/train/masks\mask_3751.png,31615,545,128,128,4,PNG
train,image_3752.png,mask_3752.png,data/dataset/train/images\image_3752.png,data/dataset/train/masks\mask_3752.png,28927,623,128,128,4,PNG
train,image_3753.png,mask_3753.png,data/dataset/train/images\image_3753.png,data/dataset/train/masks\mask_3753.png,30396,881,128,128,4,PNG
train,image_3754.png,mask_3754.png,data/dataset/train/images\image_3754.png,data/dataset/train/masks\mask_3754.png,27639,576,128,128,4,PNG
train,image_3756.png,mask_3756.png,data/dataset/train/images\image_3756.png,data/dataset/train/masks\mask_3756.png,24576,574,128,128,4,PNG
train,image_3759.png,mask_3759.png,data/dataset/train/images\image_3759.png,data/dataset/train/masks\mask_3759.png,29592,776,128,128,4,PNG
train,image_376.png,mask_376.png,data/dataset/train/images\image_376.png,data/dataset/train/masks\mask_376.png,26082,621,128,128,4,PNG
train,image_3760.png,mask_3760.png,data/dataset/train/images\image_3760.png,data/dataset/train/masks\mask_3760.png,28928,771,128,128,4,PNG
train,image_3761.png,mask_3761.png,data/dataset/train/images\image_3761.png,data/dataset/train/masks\mask_3761.png,27178,555,128,128,4,PNG
train,image_3763.png,mask_3763.png,data/dataset/train/images\image_3763.png,data/dataset/train/masks\mask_3763.png,28566,709,128,128,4,PNG
train,image_3764.png,mask_3764.png,data/dataset/train/images\image_3764.png,data/dataset/train/masks\mask_3764.png,27622,767,128,128,4,PNG
train,image_3765.png,mask_3765.png,data/dataset/train/images\image_3765.png,data/dataset/train/masks\mask_3765.png,28910,764,128,128,4,PNG
train,image_3768.png,mask_3768.png,data/dataset/train/images\image_3768.png,data/dataset/train/masks\mask_3768.png,26567,816,128,128,4,PNG
train,image_3769.png,mask_3769.png,data/dataset/train/images\image_3769.png,data/dataset/train/masks\mask_3769.png,24202,841,128,128,4,PNG
train,image_377.png,mask_377.png,data/dataset/train/images\image_377.png,data/dataset/train/masks\mask_377.png,28243,669,128,128,4,PNG
train,image_3770.png,mask_3770.png,data/dataset/train/images\image_3770.png,data/dataset/train/masks\mask_3770.png,26387,736,128,128,4,PNG
train,image_3772.png,mask_3772.png,data/dataset/train/images\image_3772.png,data/dataset/train/masks\mask_3772.png,26722,750,128,128,4,PNG
train,image_3774.png,mask_3774.png,data/dataset/train/images\image_3774.png,data/dataset/train/masks\mask_3774.png,28169,525,128,128,4,PNG
train,image_3775.png,mask_3775.png,data/dataset/train/images\image_3775.png,data/dataset/train/masks\mask_3775.png,33058,562,128,128,4,PNG
train,image_3779.png,mask_3779.png,data/dataset/train/images\image_3779.png,data/dataset/train/masks\mask_3779.png,28705,540,128,128,4,PNG
train,image_3784.png,mask_3784.png,data/dataset/train/images\image_3784.png,data/dataset/train/masks\mask_3784.png,28450,620,128,128,4,PNG
train,image_3785.png,mask_3785.png,data/dataset/train/images\image_3785.png,data/dataset/train/masks\mask_3785.png,30060,627,128,128,4,PNG
train,image_3787.png,mask_3787.png,data/dataset/train/images\image_3787.png,data/dataset/train/masks\mask_3787.png,29681,575,128,128,4,PNG
train,image_3789.png,mask_3789.png,data/dataset/train/images\image_3789.png,data/dataset/train/masks\mask_3789.png,31406,596,128,128,4,PNG
train,image_3792.png,mask_3792.png,data/dataset/train/images\image_3792.png,data/dataset/train/masks\mask_3792.png,30744,809,128,128,4,PNG
train,image_3793.png,mask_3793.png,data/dataset/train/images\image_3793.png,data/dataset/train/masks\mask_3793.png,29363,794,128,128,4,PNG
train,image_3794.png,mask_3794.png,data/dataset/train/images\image_3794.png,data/dataset/train/masks\mask_3794.png,30331,496,128,128,4,PNG
train,image_3795.png,mask_3795.png,data/dataset/train/images\image_3795.png,data/dataset/train/masks\mask_3795.png,17523,685,128,128,4,PNG
train,image_3798.png,mask_3798.png,data/dataset/train/images\image_3798.png,data/dataset/train/masks\mask_3798.png,27279,741,128,128,4,PNG
train,image_38.png,mask_38.png,data/dataset/train/images\image_38.png,data/dataset/train/masks\mask_38.png,30618,619,128,128,4,PNG
train,image_39.png,mask_39.png,data/dataset/train/images\image_39.png,data/dataset/train/masks\mask_39.png,31498,560,128,128,4,PNG
train,image_390.png,mask_390.png,data/dataset/train/images\image_390.png,data/dataset/train/masks\mask_390.png,27486,684,128,128,4,PNG
train,image_393.png,mask_393.png,data/dataset/train/images\image_393.png,data/dataset/train/masks\mask_393.png,26118,553,128,128,4,PNG
train,image_398.png,mask_398.png,data/dataset/train/images\image_398.png,data/dataset/train/masks\mask_398.png,31975,541,128,128,4,PNG
train,image_399.png,mask_399.png,data/dataset/train/images\image_399.png,data/dataset/train/masks\mask_399.png,28523,690,128,128,4,PNG
train,image_4.png,mask_4.png,data/dataset/train/images\image_4.png,data/dataset/train/masks\mask_4.png,28152,1031,128,128,4,PNG
train,image_40.png,mask_40.png,data/dataset/train/images\image_40.png,data/dataset/train/masks\mask_40.png,27375,735,128,128,4,PNG
train,image_401.png,mask_401.png,data/dataset/train/images\image_401.png,data/dataset/train/masks\mask_401.png,26976,537,128,128,4,PNG
train,image_402.png,mask_402.png,data/dataset/train/images\image_402.png,data/dataset/train/masks\mask_402.png,28339,558,128,128,4,PNG
train,image_405.png,mask_405.png,data/dataset/train/images\image_405.png,data/dataset/train/masks\mask_405.png,29825,848,128,128,4,PNG
train,image_407.png,mask_407.png,data/dataset/train/images\image_407.png,data/dataset/train/masks\mask_407.png,29814,723,128,128,4,PNG
train,image_408.png,mask_408.png,data/dataset/train/images\image_408.png,data/dataset/train/masks\mask_408.png,28886,815,128,128,4,PNG
train,image_409.png,mask_409.png,data/dataset/train/images\image_409.png,data/dataset/train/masks\mask_409.png,26933,687,128,128,4,PNG
train,image_412.png,mask_412.png,data/dataset/train/images\image_412.png,data/dataset/train/masks\mask_412.png,27447,613,128,128,4,PNG
train,image_415.png,mask_415.png,data/dataset/train/images\image_415.png,data/dataset/train/masks\mask_415.png,29334,758,128,128,4,PNG
train,image_416.png,mask_416.png,data/dataset/train/images\image_416.png,data/dataset/train/masks\mask_416.png,29560,1076,128,128,4,PNG
train,image_418.png,mask_418.png,data/dataset/train/images\image_418.png,data/dataset/train/masks\mask_418.png,21344,701,128,128,4,PNG
train,image_419.png,mask_419.png,data/dataset/train/images\image_419.png,data/dataset/train/masks\mask_419.png,24816,856,128,128,4,PNG
train,image_421.png,mask_421.png,data/dataset/train/images\image_421.png,data/dataset/train/masks\mask_421.png,27623,789,128,128,4,PNG
train,image_425.png,mask_425.png,data/dataset/train/images\image_425.png,data/dataset/train/masks\mask_425.png,29674,578,128,128,4,PNG
train,image_429.png,mask_429.png,data/dataset/train/images\image_429.png,data/dataset/train/masks\mask_429.png,28790,573,128,128,4,PNG
train,image_434.png,mask_434.png,data/dataset/train/images\image_434.png,data/dataset/train/masks\mask_434.png,27498,730,128,128,4,PNG
train,image_437.png,mask_437.png,data/dataset/train/images\image_437.png,data/dataset/train/masks\mask_437.png,29274,722,128,128,4,PNG
train,image_440.png,mask_440.png,data/dataset/train/images\image_440.png,data/dataset/train/masks\mask_440.png,29094,535,128,128,4,PNG
train,image_442.png,mask_442.png,data/dataset/train/images\image_442.png,data/dataset/train/masks\mask_442.png,28569,833,128,128,4,PNG
train,image_443.png,mask_443.png,data/dataset/train/images\image_443.png,data/dataset/train/masks\mask_443.png,28300,671,128,128,4,PNG
train,image_444.png,mask_444.png,data/dataset/train/images\image_444.png,data/dataset/train/masks\mask_444.png,30856,703,128,128,4,PNG
train,image_446.png,mask_446.png,data/dataset/train/images\image_446.png,data/dataset/train/masks\mask_446.png,31312,835,128,128,4,PNG
train,image_447.png,mask_447.png,data/dataset/train/images\image_447.png,data/dataset/train/masks\mask_447.png,29392,612,128,128,4,PNG
train,image_449.png,mask_449.png,data/dataset/train/images\image_449.png,data/dataset/train/masks\mask_449.png,28973,745,128,128,4,PNG
train,image_45.png,mask_45.png,data/dataset/train/images\image_45.png,data/dataset/train/masks\mask_45.png,28203,550,128,128,4,PNG
train,image_452.png,mask_452.png,data/dataset/train/images\image_452.png,data/dataset/train/masks\mask_452.png,28243,751,128,128,4,PNG
train,image_453.png,mask_453.png,data/dataset/train/images\image_453.png,data/dataset/train/masks\mask_453.png,29470,706,128,128,4,PNG
train,image_454.png,mask_454.png,data/dataset/train/images\image_454.png,data/dataset/train/masks\mask_454.png,31003,797,128,128,4,PNG
train,image_455.png,mask_455.png,data/dataset/train/images\image_455.png,data/dataset/train/masks\mask_455.png,29359,971,128,128,4,PNG
train,image_457.png,mask_457.png,data/dataset/train/images\image_457.png,data/dataset/train/masks\mask_457.png,28963,798,128,128,4,PNG
train,image_458.png,mask_458.png,data/dataset/train/images\image_458.png,data/dataset/train/masks\mask_458.png,26464,838,128,128,4,PNG
train,image_459.png,mask_459.png,data/dataset/train/images\image_459.png,data/dataset/train/masks\mask_459.png,30235,910,128,128,4,PNG
train,image_46.png,mask_46.png,data/dataset/train/images\image_46.png,data/dataset/train/masks\mask_46.png,28424,635,128,128,4,PNG
train,image_460.png,mask_460.png,data/dataset/train/images\image_460.png,data/dataset/train/masks\mask_460.png,24866,580,128,128,4,PNG
train,image_461.png,mask_461.png,data/dataset/train/images\image_461.png,data/dataset/train/masks\mask_461.png,25606,895,128,128,4,PNG
train,image_462.png,mask_462.png,data/dataset/train/images\image_462.png,data/dataset/train/masks\mask_462.png,30638,1119,128,128,4,PNG
train,image_463.png,mask_463.png,data/dataset/train/images\image_463.png,data/dataset/train/masks\mask_463.png,27155,879,128,128,4,PNG
train,image_464.png,mask_464.png,data/dataset/train/images\image_464.png,data/dataset/train/masks\mask_464.png,28735,625,128,128,4,PNG
train,image_468.png,mask_468.png,data/dataset/train/images\image_468.png,data/dataset/train/masks\mask_468.png,30569,869,128,128,4,PNG
train,image_474.png,mask_474.png,data/dataset/train/images\image_474.png,data/dataset/train/masks\mask_474.png,32160,776,128,128,4,PNG
train,image_488.png,mask_488.png,data/dataset/train/images\image_488.png,data/dataset/train/masks\mask_488.png,28946,605,128,128,4,PNG
train,image_497.png,mask_497.png,data/dataset/train/images\image_497.png,data/dataset/train/masks\mask_497.png,27736,849,128,128,4,PNG
train,image_498.png,mask_498.png,data/dataset/train/images\image_498.png,data/dataset/train/masks\mask_498.png,27166,672,128,128,4,PNG
train,image_499.png,mask_499.png,data/dataset/train/images\image_499.png,data/dataset/train/masks\mask_499.png,29266,935,128,128,4,PNG
train,image_5.png,mask_5.png,data/dataset/train/images\image_5.png,data/dataset/train/masks\mask_5.png,28248,710,128,128,4,PNG
train,image_500.png,mask_500.png,data/dataset/train/images\image_500.png,data/dataset/train/masks\mask_500.png,27106,544,128,128,4,PNG
train,image_501.png,mask_501.png,data/dataset/train/images\image_501.png,data/dataset/train/masks\mask_501.png,25250,638,128,128,4,PNG
train,image_502.png,mask_502.png,data/dataset/train/images\image_502.png,data/dataset/train/masks\mask_502.png,23812,640,128,128,4,PNG
train,image_504.png,mask_504.png,data/dataset/train/images\image_504.png,data/dataset/train/masks\mask_504.png,26246,938,128,128,4,PNG
train,image_506.png,mask_506.png,data/dataset/train/images\image_506.png,data/dataset/train/masks\mask_506.png,26088,844,128,128,4,PNG
train,image_507.png,mask_507.png,data/dataset/train/images\image_507.png,data/dataset/train/masks\mask_507.png,26975,641,128,128,4,PNG
train,image_508.png,mask_508.png,data/dataset/train/images\image_508.png,data/dataset/train/masks\mask_508.png,29389,1121,128,128,4,PNG
train,image_509.png,mask_509.png,data/dataset/train/images\image_509.png,data/dataset/train/masks\mask_509.png,28974,788,128,128,4,PNG
train,image_510.png,mask_510.png,data/dataset/train/images\image_510.png,data/dataset/train/masks\mask_510.png,30213,704,128,128,4,PNG
train,image_511.png,mask_511.png,data/dataset/train/images\image_511.png,data/dataset/train/masks\mask_511.png,29019,655,128,128,4,PNG
train,image_512.png,mask_512.png,data/dataset/train/images\image_512.png,data/dataset/train/masks\mask_512.png,25710,595,128,128,4,PNG
train,image_514.png,mask_514.png,data/dataset/train/images\image_514.png,data/dataset/train/masks\mask_514.png,30937,533,128,128,4,PNG
train,image_519.png,mask_519.png,data/dataset/train/images\image_519.png,data/dataset/train/masks\mask_519.png,29111,617,128,128,4,PNG
train,image_52.png,mask_52.png,data/dataset/train/images\image_52.png,data/dataset/train/masks\mask_52.png,28926,954,128,128,4,PNG
train,image_524.png,mask_524.png,data/dataset/train/images\image_524.png,data/dataset/train/masks\mask_524.png,26163,718,128,128,4,PNG
train,image_53.png,mask_53.png,data/dataset/train/images\image_53.png,data/dataset/train/masks\mask_53.png,25026,670,128,128,4,PNG
train,image_536.png,mask_536.png,data/dataset/train/images\image_536.png,data/dataset/train/masks\mask_536.png,28519,570,128,128,4,PNG
train,image_538.png,mask_538.png,data/dataset/train/images\image_538.png,data/dataset/train/masks\mask_538.png,27183,573,128,128,4,PNG
train,image_539.png,mask_539.png,data/dataset/train/images\image_539.png,data/dataset/train/masks\mask_539.png,25801,595,128,128,4,PNG
train,image_540.png,mask_540.png,data/dataset/train/images\image_540.png,data/dataset/train/masks\mask_540.png,27041,885,128,128,4,PNG
train,image_542.png,mask_542.png,data/dataset/train/images\image_542.png,data/dataset/train/masks\mask_542.png,28506,1173,128,128,4,PNG
train,image_543.png,mask_543.png,data/dataset/train/images\image_543.png,data/dataset/train/masks\mask_543.png,22879,691,128,128,4,PNG
train,image_544.png,mask_544.png,data/dataset/train/images\image_544.png,data/dataset/train/masks\mask_544.png,26019,677,128,128,4,PNG
train,image_545.png,mask_545.png,data/dataset/train/images\image_545.png,data/dataset/train/masks\mask_545.png,31129,608,128,128,4,PNG
train,image_547.png,mask_547.png,data/dataset/train/images\image_547.png,data/dataset/train/masks\mask_547.png,24883,722,128,128,4,PNG
train,image_549.png,mask_549.png,data/dataset/train/images\image_549.png,data/dataset/train/masks\mask_549.png,26778,672,128,128,4,PNG
train,image_550.png,mask_550.png,data/dataset/train/images\image_550.png,data/dataset/train/masks\mask_550.png,28346,600,128,128,4,PNG
train,image_551.png,mask_551.png,data/dataset/train/images\image_551.png,data/dataset/train/masks\mask_551.png,28984,1301,128,128,4,PNG
train,image_552.png,mask_552.png,data/dataset/train/images\image_552.png,data/dataset/train/masks\mask_552.png,27538,1135,128,128,4,PNG
train,image_553.png,mask_553.png,data/dataset/train/images\image_553.png,data/dataset/train/masks\mask_553.png,30527,1076,128,128,4,PNG
train,image_555.png,mask_555.png,data/dataset/train/images\image_555.png,data/dataset/train/masks\mask_555.png,29971,703,128,128,4,PNG
train,image_557.png,mask_557.png,data/dataset/train/images\image_557.png,data/dataset/train/masks\mask_557.png,27085,946,128,128,4,PNG
train,image_559.png,mask_559.png,data/dataset/train/images\image_559.png,data/dataset/train/masks\mask_559.png,27115,723,128,128,4,PNG
train,image_56.png,mask_56.png,data/dataset/train/images\image_56.png,data/dataset/train/masks\mask_56.png,27417,823,128,128,4,PNG
train,image_563.png,mask_563.png,data/dataset/train/images\image_563.png,data/dataset/train/masks\mask_563.png,28236,531,128,128,4,PNG
train,image_565.png,mask_565.png,data/dataset/train/images\image_565.png,data/dataset/train/masks\mask_565.png,29977,680,128,128,4,PNG
train,image_567.png,mask_567.png,data/dataset/train/images\image_567.png,data/dataset/train/masks\mask_567.png,27781,592,128,128,4,PNG
train,image_568.png,mask_568.png,data/dataset/train/images\image_568.png,data/dataset/train/masks\mask_568.png,31143,530,128,128,4,PNG
train,image_57.png,mask_57.png,data/dataset/train/images\image_57.png,data/dataset/train/masks\mask_57.png,26043,784,128,128,4,PNG
train,image_570.png,mask_570.png,data/dataset/train/images\image_570.png,data/dataset/train/masks\mask_570.png,31098,532,128,128,4,PNG
train,image_572.png,mask_572.png,data/dataset/train/images\image_572.png,data/dataset/train/masks\mask_572.png,28699,520,128,128,4,PNG
train,image_573.png,mask_573.png,data/dataset/train/images\image_573.png,data/dataset/train/masks\mask_573.png,29467,713,128,128,4,PNG
train,image_58.png,mask_58.png,data/dataset/train/images\image_58.png,data/dataset/train/masks\mask_58.png,26902,696,128,128,4,PNG
train,image_584.png,mask_584.png,data/dataset/train/images\image_584.png,data/dataset/train/masks\mask_584.png,24300,738,128,128,4,PNG
train,image_585.png,mask_585.png,data/dataset/train/images\image_585.png,data/dataset/train/masks\mask_585.png,24878,520,128,128,4,PNG
train,image_587.png,mask_587.png,data/dataset/train/images\image_587.png,data/dataset/train/masks\mask_587.png,29039,667,128,128,4,PNG
train,image_589.png,mask_589.png,data/dataset/train/images\image_589.png,data/dataset/train/masks\mask_589.png,23029,1029,128,128,4,PNG
train,image_59.png,mask_59.png,data/dataset/train/images\image_59.png,data/dataset/train/masks\mask_59.png,27957,710,128,128,4,PNG
train,image_590.png,mask_590.png,data/dataset/train/images\image_590.png,data/dataset/train/masks\mask_590.png,25678,538,128,128,4,PNG
train,image_591.png,mask_591.png,data/dataset/train/images\image_591.png,data/dataset/train/masks\mask_591.png,26276,536,128,128,4,PNG
train,image_595.png,mask_595.png,data/dataset/train/images\image_595.png,data/dataset/train/masks\mask_595.png,27170,905,128,128,4,PNG
train,image_597.png,mask_597.png,data/dataset/train/images\image_597.png,data/dataset/train/masks\mask_597.png,28892,893,128,128,4,PNG
train,image_598.png,mask_598.png,data/dataset/train/images\image_598.png,data/dataset/train/masks\mask_598.png,29570,1097,128,128,4,PNG
train,image_599.png,mask_599.png,data/dataset/train/images\image_599.png,data/dataset/train/masks\mask_599.png,32032,1294,128,128,4,PNG
train,image_6.png,mask_6.png,data/dataset/train/images\image_6.png,data/dataset/train/masks\mask_6.png,30735,895,128,128,4,PNG
train,image_60.png,mask_60.png,data/dataset/train/images\image_60.png,data/dataset/train/masks\mask_60.png,24581,642,128,128,4,PNG
train,image_600.png,mask_600.png,data/dataset/train/images\image_600.png,data/dataset/train/masks\mask_600.png,29570,1065,128,128,4,PNG
train,image_602.png,mask_602.png,data/dataset/train/images\image_602.png,data/dataset/train/masks\mask_602.png,30568,785,128,128,4,PNG
train,image_603.png,mask_603.png,data/dataset/train/images\image_603.png,data/dataset/train/masks\mask_603.png,30562,1186,128,128,4,PNG
train,image_605.png,mask_605.png,data/dataset/train/images\image_605.png,data/dataset/train/masks\mask_605.png,27366,533,128,128,4,PNG
train,image_606.png,mask_606.png,data/dataset/train/images\image_606.png,data/dataset/train/masks\mask_606.png,31852,565,128,128,4,PNG
train,image_61.png,mask_61.png,data/dataset/train/images\image_61.png,data/dataset/train/masks\mask_61.png,26826,752,128,128,4,PNG
train,image_610.png,mask_610.png,data/dataset/train/images\image_610.png,data/dataset/train/masks\mask_610.png,24786,539,128,128,4,PNG
train,image_611.png,mask_611.png,data/dataset/train/images\image_611.png,data/dataset/train/masks\mask_611.png,27673,555,128,128,4,PNG
train,image_615.png,mask_615.png,data/dataset/train/images\image_615.png,data/dataset/train/masks\mask_615.png,26406,529,128,128,4,PNG
train,image_62.png,mask_62.png,data/dataset/train/images\image_62.png,data/dataset/train/masks\mask_62.png,29205,624,128,128,4,PNG
train,image_628.png,mask_628.png,data/dataset/train/images\image_628.png,data/dataset/train/masks\mask_628.png,23896,526,128,128,4,PNG
train,image_629.png,mask_629.png,data/dataset/train/images\image_629.png,data/dataset/train/masks\mask_629.png,27454,544,128,128,4,PNG
train,image_63.png,mask_63.png,data/dataset/train/images\image_63.png,data/dataset/train/masks\mask_63.png,27519,632,128,128,4,PNG
train,image_631.png,mask_631.png,data/dataset/train/images\image_631.png,data/dataset/train/masks\mask_631.png,27268,691,128,128,4,PNG
train,image_632.png,mask_632.png,data/dataset/train/images\image_632.png,data/dataset/train/masks\mask_632.png,29520,1108,128,128,4,PNG
train,image_633.png,mask_633.png,data/dataset/train/images\image_633.png,data/dataset/train/masks\mask_633.png,25218,1034,128,128,4,PNG
train,image_634.png,mask_634.png,data/dataset/train/images\image_634.png,data/dataset/train/masks\mask_634.png,31382,703,128,128,4,PNG
train,image_638.png,mask_638.png,data/dataset/train/images\image_638.png,data/dataset/train/masks\mask_638.png,28257,1006,128,128,4,PNG
train,image_639.png,mask_639.png,data/dataset/train/images\image_639.png,data/dataset/train/masks\mask_639.png,25134,806,128,128,4,PNG
train,image_64.png,mask_64.png,data/dataset/train/images\image_64.png,data/dataset/train/masks\mask_64.png,25928,574,128,128,4,PNG
train,image_640.png,mask_640.png,data/dataset/train/images\image_640.png,data/dataset/train/masks\mask_640.png,25361,860,128,128,4,PNG
train,image_641.png,mask_641.png,data/dataset/train/images\image_641.png,data/dataset/train/masks\mask_641.png,31637,1341,128,128,4,PNG
train,image_642.png,mask_642.png,data/dataset/train/images\image_642.png,data/dataset/train/masks\mask_642.png,29429,1074,128,128,4,PNG
train,image_643.png,mask_643.png,data/dataset/train/images\image_643.png,data/dataset/train/masks\mask_643.png,30569,1080,128,128,4,PNG
train,image_644.png,mask_644.png,data/dataset/train/images\image_644.png,data/dataset/train/masks\mask_644.png,27953,978,128,128,4,PNG
train,image_645.png,mask_645.png,data/dataset/train/images\image_645.png,data/dataset/train/masks\mask_645.png,31828,600,128,128,4,PNG
train,image_646.png,mask_646.png,data/dataset/train/images\image_646.png,data/dataset/train/masks\mask_646.png,28733,680,128,128,4,PNG
train,image_647.png,mask_647.png,data/dataset/train/images\image_647.png,data/dataset/train/masks\mask_647.png,29291,840,128,128,4,PNG
train,image_648.png,mask_648.png,data/dataset/train/images\image_648.png,data/dataset/train/masks\mask_648.png,27543,739,128,128,4,PNG
train,image_650.png,mask_650.png,data/dataset/train/images\image_650.png,data/dataset/train/masks\mask_650.png,28938,589,128,128,4,PNG
train,image_653.png,mask_653.png,data/dataset/train/images\image_653.png,data/dataset/train/masks\mask_653.png,26107,558,128,128,4,PNG
train,image_655.png,mask_655.png,data/dataset/train/images\image_655.png,data/dataset/train/masks\mask_655.png,27534,649,128,128,4,PNG
train,image_657.png,mask_657.png,data/dataset/train/images\image_657.png,data/dataset/train/masks\mask_657.png,28412,523,128,128,4,PNG
train,image_658.png,mask_658.png,data/dataset/train/images\image_658.png,data/dataset/train/masks\mask_658.png,28109,614,128,128,4,PNG
train,image_659.png,mask_659.png,data/dataset/train/images\image_659.png,data/dataset/train/masks\mask_659.png,28886,609,128,128,4,PNG
train,image_668.png,mask_668.png,data/dataset/train/images\image_668.png,data/dataset/train/masks\mask_668.png,32256,611,128,128,4,PNG
train,image_67.png,mask_67.png,data/dataset/train/images\image_67.png,data/dataset/train/masks\mask_67.png,30396,728,128,128,4,PNG
train,image_672.png,mask_672.png,data/dataset/train/images\image_672.png,data/dataset/train/masks\mask_672.png,26428,578,128,128,4,PNG
train,image_676.png,mask_676.png,data/dataset/train/images\image_676.png,data/dataset/train/masks\mask_676.png,27869,897,128,128,4,PNG
train,image_677.png,mask_677.png,data/dataset/train/images\image_677.png,data/dataset/train/masks\mask_677.png,29179,723,128,128,4,PNG
train,image_678.png,mask_678.png,data/dataset/train/images\image_678.png,data/dataset/train/masks\mask_678.png,21505,973,128,128,4,PNG
train,image_680.png,mask_680.png,data/dataset/train/images\image_680.png,data/dataset/train/masks\mask_680.png,22270,844,128,128,4,PNG
train,image_681.png,mask_681.png,data/dataset/train/images\image_681.png,data/dataset/train/masks\mask_681.png,26192,734,128,128,4,PNG
train,image_682.png,mask_682.png,data/dataset/train/images\image_682.png,data/dataset/train/masks\mask_682.png,29486,984,128,128,4,PNG
train,image_684.png,mask_684.png,data/dataset/train/images\image_684.png,data/dataset/train/masks\mask_684.png,25254,640,128,128,4,PNG
train,image_685.png,mask_685.png,data/dataset/train/images\image_685.png,data/dataset/train/masks\mask_685.png,25541,559,128,128,4,PNG
train,image_687.png,mask_687.png,data/dataset/train/images\image_687.png,data/dataset/train/masks\mask_687.png,30695,1184,128,128,4,PNG
train,image_689.png,mask_689.png,data/dataset/train/images\image_689.png,data/dataset/train/masks\mask_689.png,29451,1092,128,128,4,PNG
train,image_690.png,mask_690.png,data/dataset/train/images\image_690.png,data/dataset/train/masks\mask_690.png,28241,695,128,128,4,PNG
train,image_691.png,mask_691.png,data/dataset/train/images\image_691.png,data/dataset/train/masks\mask_691.png,28544,899,128,128,4,PNG
train,image_692.png,mask_692.png,data/dataset/train/images\image_692.png,data/dataset/train/masks\mask_692.png,30752,1144,128,128,4,PNG
train,image_693.png,mask_693.png,data/dataset/train/images\image_693.png,data/dataset/train/masks\mask_693.png,29013,860,128,128,4,PNG
train,image_694.png,mask_694.png,data/dataset/train/images\image_694.png,data/dataset/train/masks\mask_694.png,27940,816,128,128,4,PNG
train,image_695.png,mask_695.png,data/dataset/train/images\image_695.png,data/dataset/train/masks\mask_695.png,30193,623,128,128,4,PNG
train,image_696.png,mask_696.png,data/dataset/train/images\image_696.png,data/dataset/train/masks\mask_696.png,30083,528,128,128,4,PNG
train,image_7.png,mask_7.png,data/dataset/train/images\image_7.png,data/dataset/train/masks\mask_7.png,31027,860,128,128,4,PNG
train,image_70.png,mask_70.png,data/dataset/train/images\image_70.png,data/dataset/train/masks\mask_70.png,28215,654,128,128,4,PNG
train,image_701.png,mask_701.png,data/dataset/train/images\image_701.png,data/dataset/train/masks\mask_701.png,30778,565,128,128,4,PNG
train,image_703.png,mask_703.png,data/dataset/train/images\image_703.png,data/dataset/train/masks\mask_703.png,27376,738,128,128,4,PNG
train,image_704.png,mask_704.png,data/dataset/train/images\image_704.png,data/dataset/train/masks\mask_704.png,29568,603,128,128,4,PNG
train,image_706.png,mask_706.png,data/dataset/train/images\image_706.png,data/dataset/train/masks\mask_706.png,29029,617,128,128,4,PNG
train,image_707.png,mask_707.png,data/dataset/train/images\image_707.png,data/dataset/train/masks\mask_707.png,26462,535,128,128,4,PNG
train,image_712.png,mask_712.png,data/dataset/train/images\image_712.png,data/dataset/train/masks\mask_712.png,30500,542,128,128,4,PNG
train,image_714.png,mask_714.png,data/dataset/train/images\image_714.png,data/dataset/train/masks\mask_714.png,27923,599,128,128,4,PNG
train,image_717.png,mask_717.png,data/dataset/train/images\image_717.png,data/dataset/train/masks\mask_717.png,30178,746,128,128,4,PNG
train,image_72.png,mask_72.png,data/dataset/train/images\image_72.png,data/dataset/train/masks\mask_72.png,26659,561,128,128,4,PNG
train,image_720.png,mask_720.png,data/dataset/train/images\image_720.png,data/dataset/train/masks\mask_720.png,26415,564,128,128,4,PNG
train,image_721.png,mask_721.png,data/dataset/train/images\image_721.png,data/dataset/train/masks\mask_721.png,29182,1017,128,128,4,PNG
train,image_724.png,mask_724.png,data/dataset/train/images\image_724.png,data/dataset/train/masks\mask_724.png,25174,742,128,128,4,PNG
train,image_725.png,mask_725.png,data/dataset/train/images\image_725.png,data/dataset/train/masks\mask_725.png,26965,984,128,128,4,PNG
train,image_726.png,mask_726.png,data/dataset/train/images\image_726.png,data/dataset/train/masks\mask_726.png,29936,1320,128,128,4,PNG
train,image_728.png,mask_728.png,data/dataset/train/images\image_728.png,data/dataset/train/masks\mask_728.png,26416,636,128,128,4,PNG
train,image_729.png,mask_729.png,data/dataset/train/images\image_729.png,data/dataset/train/masks\mask_729.png,27194,981,128,128,4,PNG
train,image_730.png,mask_730.png,data/dataset/train/images\image_730.png,data/dataset/train/masks\mask_730.png,28099,694,128,128,4,PNG
train,image_731.png,mask_731.png,data/dataset/train/images\image_731.png,data/dataset/train/masks\mask_731.png,27516,970,128,128,4,PNG
train,image_732.png,mask_732.png,data/dataset/train/images\image_732.png,data/dataset/train/masks\mask_732.png,27848,1095,128,128,4,PNG
train,image_733.png,mask_733.png,data/dataset/train/images\image_733.png,data/dataset/train/masks\mask_733.png,28350,1103,128,128,4,PNG
train,image_736.png,mask_736.png,data/dataset/train/images\image_736.png,data/dataset/train/masks\mask_736.png,27788,893,128,128,4,PNG
train,image_737.png,mask_737.png,data/dataset/train/images\image_737.png,data/dataset/train/masks\mask_737.png,29312,1135,128,128,4,PNG
train,image_738.png,mask_738.png,data/dataset/train/images\image_738.png,data/dataset/train/masks\mask_738.png,27641,731,128,128,4,PNG
train,image_749.png,mask_749.png,data/dataset/train/images\image_749.png,data/dataset/train/masks\mask_749.png,29175,797,128,128,4,PNG
train,image_752.png,mask_752.png,data/dataset/train/images\image_752.png,data/dataset/train/masks\mask_752.png,26959,681,128,128,4,PNG
train,image_76.png,mask_76.png,data/dataset/train/images\image_76.png,data/dataset/train/masks\mask_76.png,28327,593,128,128,4,PNG
train,image_761.png,mask_761.png,data/dataset/train/images\image_761.png,data/dataset/train/masks\mask_761.png,26178,706,128,128,4,PNG
train,image_762.png,mask_762.png,data/dataset/train/images\image_762.png,data/dataset/train/masks\mask_762.png,25817,534,128,128,4,PNG
train,image_765.png,mask_765.png,data/dataset/train/images\image_765.png,data/dataset/train/masks\mask_765.png,27289,985,128,128,4,PNG
train,image_767.png,mask_767.png,data/dataset/train/images\image_767.png,data/dataset/train/masks\mask_767.png,28796,549,128,128,4,PNG
train,image_768.png,mask_768.png,data/dataset/train/images\image_768.png,data/dataset/train/masks\mask_768.png,28372,746,128,128,4,PNG
train,image_769.png,mask_769.png,data/dataset/train/images\image_769.png,data/dataset/train/masks\mask_769.png,30504,1100,128,128,4,PNG
train,image_77.png,mask_77.png,data/dataset/train/images\image_77.png,data/dataset/train/masks\mask_77.png,30573,660,128,128,4,PNG
train,image_770.png,mask_770.png,data/dataset/train/images\image_770.png,data/dataset/train/masks\mask_770.png,25314,861,128,128,4,PNG
train,image_772.png,mask_772.png,data/dataset/train/images\image_772.png,data/dataset/train/masks\mask_772.png,25240,708,128,128,4,PNG
train,image_773.png,mask_773.png,data/dataset/train/images\image_773.png,data/dataset/train/masks\mask_773.png,25030,606,128,128,4,PNG
train,image_774.png,mask_774.png,data/dataset/train/images\image_774.png,data/dataset/train/masks\mask_774.png,26110,804,128,128,4,PNG
train,image_775.png,mask_775.png,data/dataset/train/images\image_775.png,data/dataset/train/masks\mask_775.png,25203,685,128,128,4,PNG
train,image_776.png,mask_776.png,data/dataset/train/images\image_776.png,data/dataset/train/masks\mask_776.png,32145,1303,128,128,4,PNG
train,image_777.png,mask_777.png,data/dataset/train/images\image_777.png,data/dataset/train/masks\mask_777.png,27235,900,128,128,4,PNG
train,image_778.png,mask_778.png,data/dataset/train/images\image_778.png,data/dataset/train/masks\mask_778.png,27843,553,128,128,4,PNG
train,image_779.png,mask_779.png,data/dataset/train/images\image_779.png,data/dataset/train/masks\mask_779.png,26876,673,128,128,4,PNG
train,image_78.png,mask_78.png,data/dataset/train/images\image_78.png,data/dataset/train/masks\mask_78.png,30693,745,128,128,4,PNG
train,image_780.png,mask_780.png,data/dataset/train/images\image_780.png,data/dataset/train/masks\mask_780.png,29865,1078,128,128,4,PNG
train,image_782.png,mask_782.png,data/dataset/train/images\image_782.png,data/dataset/train/masks\mask_782.png,30706,1326,128,128,4,PNG
train,image_783.png,mask_783.png,data/dataset/train/images\image_783.png,data/dataset/train/masks\mask_783.png,30678,1182,128,128,4,PNG
train,image_785.png,mask_785.png,data/dataset/train/images\image_785.png,data/dataset/train/masks\mask_785.png,28859,741,128,128,4,PNG
train,image_786.png,mask_786.png,data/dataset/train/images\image_786.png,data/dataset/train/masks\mask_786.png,25396,644,128,128,4,PNG
train,image_798.png,mask_798.png,data/dataset/train/images\image_798.png,data/dataset/train/masks\mask_798.png,27937,519,128,128,4,PNG
train,image_80.png,mask_80.png,data/dataset/train/images\image_80.png,data/dataset/train/masks\mask_80.png,29784,764,128,128,4,PNG
train,image_800.png,mask_800.png,data/dataset/train/images\image_800.png,data/dataset/train/masks\mask_800.png,27532,514,128,128,4,PNG
train,image_806.png,mask_806.png,data/dataset/train/images\image_806.png,data/dataset/train/masks\mask_806.png,31386,549,128,128,4,PNG
train,image_807.png,mask_807.png,data/dataset/train/images\image_807.png,data/dataset/train/masks\mask_807.png,28133,619,128,128,4,PNG
train,image_81.png,mask_81.png,data/dataset/train/images\image_81.png,data/dataset/train/masks\mask_81.png,27974,631,128,128,4,PNG
train,image_810.png,mask_810.png,data/dataset/train/images\image_810.png,data/dataset/train/masks\mask_810.png,28758,688,128,128,4,PNG
train,image_814.png,mask_814.png,data/dataset/train/images\image_814.png,data/dataset/train/masks\mask_814.png,27521,696,128,128,4,PNG
train,image_815.png,mask_815.png,data/dataset/train/images\image_815.png,data/dataset/train/masks\mask_815.png,29045,915,128,128,4,PNG
train,image_816.png,mask_816.png,data/dataset/train/images\image_816.png,data/dataset/train/masks\mask_816.png,28608,833,128,128,4,PNG
train,image_819.png,mask_819.png,data/dataset/train/images\image_819.png,data/dataset/train/masks\mask_819.png,27492,873,128,128,4,PNG
train,image_821.png,mask_821.png,data/dataset/train/images\image_821.png,data/dataset/train/masks\mask_821.png,25942,930,128,128,4,PNG
train,image_822.png,mask_822.png,data/dataset/train/images\image_822.png,data/dataset/train/masks\mask_822.png,29255,1313,128,128,4,PNG
train,image_826.png,mask_826.png,data/dataset/train/images\image_826.png,data/dataset/train/masks\mask_826.png,30586,1185,128,128,4,PNG
train,image_828.png,mask_828.png,data/dataset/train/images\image_828.png,data/dataset/train/masks\mask_828.png,28216,1074,128,128,4,PNG
train,image_829.png,mask_829.png,data/dataset/train/images\image_829.png,data/dataset/train/masks\mask_829.png,29867,983,128,128,4,PNG
train,image_83.png,mask_83.png,data/dataset/train/images\image_83.png,data/dataset/train/masks\mask_83.png,26261,948,128,128,4,PNG
train,image_830.png,mask_830.png,data/dataset/train/images\image_830.png,data/dataset/train/masks\mask_830.png,27130,774,128,128,4,PNG
train,image_831.png,mask_831.png,data/dataset/train/images\image_831.png,data/dataset/train/masks\mask_831.png,28559,585,128,128,4,PNG
train,image_834.png,mask_834.png,data/dataset/train/images\image_834.png,data/dataset/train/masks\mask_834.png,27270,837,128,128,4,PNG
train,image_84.png,mask_84.png,data/dataset/train/images\image_84.png,data/dataset/train/masks\mask_84.png,32124,745,128,128,4,PNG
train,image_840.png,mask_840.png,data/dataset/train/images\image_840.png,data/dataset/train/masks\mask_840.png,29018,831,128,128,4,PNG
train,image_841.png,mask_841.png,data/dataset/train/images\image_841.png,data/dataset/train/masks\mask_841.png,29666,566,128,128,4,PNG
train,image_844.png,mask_844.png,data/dataset/train/images\image_844.png,data/dataset/train/masks\mask_844.png,26774,511,128,128,4,PNG
train,image_845.png,mask_845.png,data/dataset/train/images\image_845.png,data/dataset/train/masks\mask_845.png,29307,738,128,128,4,PNG
train,image_854.png,mask_854.png,data/dataset/train/images\image_854.png,data/dataset/train/masks\mask_854.png,29352,804,128,128,4,PNG
train,image_855.png,mask_855.png,data/dataset/train/images\image_855.png,data/dataset/train/masks\mask_855.png,28345,729,128,128,4,PNG
train,image_856.png,mask_856.png,data/dataset/train/images\image_856.png,data/dataset/train/masks\mask_856.png,30322,909,128,128,4,PNG
train,image_857.png,mask_857.png,data/dataset/train/images\image_857.png,data/dataset/train/masks\mask_857.png,28119,767,128,128,4,PNG
train,image_858.png,mask_858.png,data/dataset/train/images\image_858.png,data/dataset/train/masks\mask_858.png,25561,669,128,128,4,PNG
train,image_860.png,mask_860.png,data/dataset/train/images\image_860.png,data/dataset/train/masks\mask_860.png,25543,806,128,128,4,PNG
train,image_861.png,mask_861.png,data/dataset/train/images\image_861.png,data/dataset/train/masks\mask_861.png,23808,940,128,128,4,PNG
train,image_862.png,mask_862.png,data/dataset/train/images\image_862.png,data/dataset/train/masks\mask_862.png,30264,1230,128,128,4,PNG
train,image_863.png,mask_863.png,data/dataset/train/images\image_863.png,data/dataset/train/masks\mask_863.png,30234,1146,128,128,4,PNG
train,image_864.png,mask_864.png,data/dataset/train/images\image_864.png,data/dataset/train/masks\mask_864.png,27334,935,128,128,4,PNG
train,image_866.png,mask_866.png,data/dataset/train/images\image_866.png,data/dataset/train/masks\mask_866.png,28193,1059,128,128,4,PNG
train,image_867.png,mask_867.png,data/dataset/train/images\image_867.png,data/dataset/train/masks\mask_867.png,30289,963,128,128,4,PNG
train,image_869.png,mask_869.png,data/dataset/train/images\image_869.png,data/dataset/train/masks\mask_869.png,28913,1125,128,128,4,PNG
train,image_870.png,mask_870.png,data/dataset/train/images\image_870.png,data/dataset/train/masks\mask_870.png,26699,899,128,128,4,PNG
train,image_871.png,mask_871.png,data/dataset/train/images\image_871.png,data/dataset/train/masks\mask_871.png,28915,963,128,128,4,PNG
train,image_872.png,mask_872.png,data/dataset/train/images\image_872.png,data/dataset/train/masks\mask_872.png,28341,964,128,128,4,PNG
train,image_873.png,mask_873.png,data/dataset/train/images\image_873.png,data/dataset/train/masks\mask_873.png,27589,753,128,128,4,PNG
train,image_875.png,mask_875.png,data/dataset/train/images\image_875.png,data/dataset/train/masks\mask_875.png,27184,719,128,128,4,PNG
train,image_876.png,mask_876.png,data/dataset/train/images\image_876.png,data/dataset/train/masks\mask_876.png,25891,525,128,128,4,PNG
train,image_882.png,mask_882.png,data/dataset/train/images\image_882.png,data/dataset/train/masks\mask_882.png,28220,790,128,128,4,PNG
train,image_883.png,mask_883.png,data/dataset/train/images\image_883.png,data/dataset/train/masks\mask_883.png,24927,610,128,128,4,PNG
train,image_884.png,mask_884.png,data/dataset/train/images\image_884.png,data/dataset/train/masks\mask_884.png,25313,530,128,128,4,PNG
train,image_886.png,mask_886.png,data/dataset/train/images\image_886.png,data/dataset/train/masks\mask_886.png,28285,687,128,128,4,PNG
train,image_898.png,mask_898.png,data/dataset/train/images\image_898.png,data/dataset/train/masks\mask_898.png,27127,550,128,128,4,PNG
train,image_900.png,mask_900.png,data/dataset/train/images\image_900.png,data/dataset/train/masks\mask_900.png,28572,613,128,128,4,PNG
train,image_901.png,mask_901.png,data/dataset/train/images\image_901.png,data/dataset/train/masks\mask_901.png,31589,761,128,128,4,PNG
train,image_903.png,mask_903.png,data/dataset/train/images\image_903.png,data/dataset/train/masks\mask_903.png,29915,560,128,128,4,PNG
train,image_904.png,mask_904.png,data/dataset/train/images\image_904.png,data/dataset/train/masks\mask_904.png,30041,823,128,128,4,PNG
train,image_909.png,mask_909.png,data/dataset/train/images\image_909.png,data/dataset/train/masks\mask_909.png,31282,1516,128,128,4,PNG
train,image_910.png,mask_910.png,data/dataset/train/images\image_910.png,data/dataset/train/masks\mask_910.png,27627,1119,128,128,4,PNG
train,image_911.png,mask_911.png,data/dataset/train/images\image_911.png,data/dataset/train/masks\mask_911.png,26413,787,128,128,4,PNG
train,image_912.png,mask_912.png,data/dataset/train/images\image_912.png,data/dataset/train/masks\mask_912.png,29095,646,128,128,4,PNG
train,image_915.png,mask_915.png,data/dataset/train/images\image_915.png,data/dataset/train/masks\mask_915.png,31345,1130,128,128,4,PNG
train,image_916.png,mask_916.png,data/dataset/train/images\image_916.png,data/dataset/train/masks\mask_916.png,29709,1281,128,128,4,PNG
train,image_917.png,mask_917.png,data/dataset/train/images\image_917.png,data/dataset/train/masks\mask_917.png,28961,685,128,128,4,PNG
train,image_919.png,mask_919.png,data/dataset/train/images\image_919.png,data/dataset/train/masks\mask_919.png,27657,732,128,128,4,PNG
train,image_920.png,mask_920.png,data/dataset/train/images\image_920.png,data/dataset/train/masks\mask_920.png,27338,605,128,128,4,PNG
train,image_923.png,mask_923.png,data/dataset/train/images\image_923.png,data/dataset/train/masks\mask_923.png,32053,878,128,128,4,PNG
train,image_926.png,mask_926.png,data/dataset/train/images\image_926.png,data/dataset/train/masks\mask_926.png,25452,528,128,128,4,PNG
train,image_927.png,mask_927.png,data/dataset/train/images\image_927.png,data/dataset/train/masks\mask_927.png,28753,607,128,128,4,PNG
train,image_928.png,mask_928.png,data/dataset/train/images\image_928.png,data/dataset/train/masks\mask_928.png,28974,703,128,128,4,PNG
train,image_93.png,mask_93.png,data/dataset/train/images\image_93.png,data/dataset/train/masks\mask_93.png,28336,703,128,128,4,PNG
train,image_930.png,mask_930.png,data/dataset/train/images\image_930.png,data/dataset/train/masks\mask_930.png,31136,532,128,128,4,PNG
train,image_934.png,mask_934.png,data/dataset/train/images\image_934.png,data/dataset/train/masks\mask_934.png,30186,1105,128,128,4,PNG
train,image_945.png,mask_945.png,data/dataset/train/images\image_945.png,data/dataset/train/masks\mask_945.png,30849,740,128,128,4,PNG
train,image_946.png,mask_946.png,data/dataset/train/images\image_946.png,data/dataset/train/masks\mask_946.png,29570,549,128,128,4,PNG
train,image_947.png,mask_947.png,data/dataset/train/images\image_947.png,data/dataset/train/masks\mask_947.png,26296,537,128,128,4,PNG
train,image_95.png,mask_95.png,data/dataset/train/images\image_95.png,data/dataset/train/masks\mask_95.png,24917,589,128,128,4,PNG
train,image_952.png,mask_952.png,data/dataset/train/images\image_952.png,data/dataset/train/masks\mask_952.png,28754,950,128,128,4,PNG
train,image_953.png,mask_953.png,data/dataset/train/images\image_953.png,data/dataset/train/masks\mask_953.png,26816,579,128,128,4,PNG
train,image_955.png,mask_955.png,data/dataset/train/images\image_955.png,data/dataset/train/masks\mask_955.png,25120,950,128,128,4,PNG
train,image_956.png,mask_956.png,data/dataset/train/images\image_956.png,data/dataset/train/masks\mask_956.png,27491,760,128,128,4,PNG
train,image_957.png,mask_957.png,data/dataset/train/images\image_957.png,data/dataset/train/masks\mask_957.png,28682,1115,128,128,4,PNG
train,image_958.png,mask_958.png,data/dataset/train/images\image_958.png,data/dataset/train/masks\mask_958.png,27700,978,128,128,4,PNG
train,image_959.png,mask_959.png,data/dataset/train/images\image_959.png,data/dataset/train/masks\mask_959.png,31433,1401,128,128,4,PNG
train,image_96.png,mask_96.png,data/dataset/train/images\image_96.png,data/dataset/train/masks\mask_96.png,29004,690,128,128,4,PNG
train,image_960.png,mask_960.png,data/dataset/train/images\image_960.png,data/dataset/train/masks\mask_960.png,30940,1230,128,128,4,PNG
train,image_961.png,mask_961.png,data/dataset/train/images\image_961.png,data/dataset/train/masks\mask_961.png,29322,918,128,128,4,PNG
train,image_962.png,mask_962.png,data/dataset/train/images\image_962.png,data/dataset/train/masks\mask_962.png,28320,870,128,128,4,PNG
train,image_967.png,mask_967.png,data/dataset/train/images\image_967.png,data/dataset/train/masks\mask_967.png,27163,705,128,128,4,PNG
train,image_970.png,mask_970.png,data/dataset/train/images\image_970.png,data/dataset/train/masks\mask_970.png,27153,801,128,128,4,PNG
train,image_973.png,mask_973.png,data/dataset/train/images\image_973.png,data/dataset/train/masks\mask_973.png,29659,595,128,128,4,PNG
train,image_974.png,mask_974.png,data/dataset/train/images\image_974.png,data/dataset/train/masks\mask_974.png,30830,574,128,128,4,PNG
train,image_977.png,mask_977.png,data/dataset/train/images\image_977.png,data/dataset/train/masks\mask_977.png,27503,593,128,128,4,PNG
train,image_978.png,mask_978.png,data/dataset/train/images\image_978.png,data/dataset/train/masks\mask_978.png,29474,601,128,128,4,PNG
train,image_979.png,mask_979.png,data/dataset/train/images\image_979.png,data/dataset/train/masks\mask_979.png,27927,513,128,128,4,PNG
train,image_988.png,mask_988.png,data/dataset/train/images\image_988.png,data/dataset/train/masks\mask_988.png,24676,572,128,128,4,PNG
train,image_993.png,mask_993.png,data/dataset/train/images\image_993.png,data/dataset/train/masks\mask_993.png,25508,510,128,128,4,PNG
train,image_994.png,mask_994.png,data/dataset/train/images\image_994.png,data/dataset/train/masks\mask_994.png,25539,520,128,128,4,PNG
train,image_995.png,mask_995.png,data/dataset/train/images\image_995.png,data/dataset/train/masks\mask_995.png,26682,728,128,128,4,PNG
train,image_996.png,mask_996.png,data/dataset/train/images\image_996.png,data/dataset/train/masks\mask_996.png,28754,951,128,128,4,PNG
train,image_997.png,mask_997.png,data/dataset/train/images\image_997.png,data/dataset/train/masks\mask_997.png,31136,1397,128,128,4,PNG
train,image_998.png,mask_998.png,data/dataset/train/images\image_998.png,data/dataset/train/masks\mask_998.png,28310,929,128,128,4,PNG
train,image_999.png,mask_999.png,data/dataset/train/images\image_999.png,data/dataset/train/masks\mask_999.png,23929,852,128,128,4,PNG
validation,image_1013.png,mask_1013.png,data/dataset/validation/images\image_1013.png,data/dataset/validation/masks\mask_1013.png,27620,1022,128,128,4,PNG
validation,image_1023.png,mask_1023.png,data/dataset/validation/images\image_1023.png,data/dataset/validation/masks\mask_1023.png,25034,824,128,128,4,PNG
validation,image_1041.png,mask_1041.png,data/dataset/validation/images\image_1041.png,data/dataset/validation/masks\mask_1041.png,25683,583,128,128,4,PNG
validation,image_1043.png,mask_1043.png,data/dataset/validation/images\image_1043.png,data/dataset/validation/masks\mask_1043.png,23090,656,128,128,4,PNG
validation,image_1045.png,mask_1045.png,data/dataset/validation/images\image_1045.png,data/dataset/validation/masks\mask_1045.png,26931,517,128,128,4,PNG
validation,image_1058.png,mask_1058.png,data/dataset/validation/images\image_1058.png,data/dataset/validation/masks\mask_1058.png,22415,518,128,128,4,PNG
validation,image_1062.png,mask_1062.png,data/dataset/validation/images\image_1062.png,data/dataset/validation/masks\mask_1062.png,25552,600,128,128,4,PNG
validation,image_1078.png,mask_1078.png,data/dataset/validation/images\image_1078.png,data/dataset/validation/masks\mask_1078.png,24190,568,128,128,4,PNG
validation,image_1084.png,mask_1084.png,data/dataset/validation/images\image_1084.png,data/dataset/validation/masks\mask_1084.png,28207,817,128,128,4,PNG
validation,image_1088.png,mask_1088.png,data/dataset/validation/images\image_1088.png,data/dataset/validation/masks\mask_1088.png,26506,776,128,128,4,PNG
validation,image_1092.png,mask_1092.png,data/dataset/validation/images\image_1092.png,data/dataset/validation/masks\mask_1092.png,27559,936,128,128,4,PNG
validation,image_1096.png,mask_1096.png,data/dataset/validation/images\image_1096.png,data/dataset/validation/masks\mask_1096.png,28297,556,128,128,4,PNG
validation,image_1097.png,mask_1097.png,data/dataset/validation/images\image_1097.png,data/dataset/validation/masks\mask_1097.png,26050,710,128,128,4,PNG
validation,image_1102.png,mask_1102.png,data/dataset/validation/images\image_1102.png,data/dataset/validation/masks\mask_1102.png,27426,711,128,128,4,PNG
validation,image_1139.png,mask_1139.png,data/dataset/validation/images\image_1139.png,data/dataset/validation/masks\mask_1139.png,24210,833,128,128,4,PNG
validation,image_1140.png,mask_1140.png,data/dataset/validation/images\image_1140.png,data/dataset/validation/masks\mask_1140.png,32039,1506,128,128,4,PNG
validation,image_1154.png,mask_1154.png,data/dataset/validation/images\image_1154.png,data/dataset/validation/masks\mask_1154.png,31593,692,128,128,4,PNG
validation,image_1183.png,mask_1183.png,data/dataset/validation/images\image_1183.png,data/dataset/validation/masks\mask_1183.png,27092,971,128,128,4,PNG
validation,image_1240.png,mask_1240.png,data/dataset/validation/images\image_1240.png,data/dataset/validation/masks\mask_1240.png,27163,510,128,128,4,PNG
validation,image_1241.png,mask_1241.png,data/dataset/validation/images\image_1241.png,data/dataset/validation/masks\mask_1241.png,25630,546,128,128,4,PNG
validation,image_125.png,mask_125.png,data/dataset/validation/images\image_125.png,data/dataset/validation/masks\mask_125.png,31357,620,128,128,4,PNG
validation,image_1251.png,mask_1251.png,data/dataset/validation/images\image_1251.png,data/dataset/validation/masks\mask_1251.png,30008,566,128,128,4,PNG
validation,image_1263.png,mask_1263.png,data/dataset/validation/images\image_1263.png,data/dataset/validation/masks\mask_1263.png,27001,504,128,128,4,PNG
validation,image_1266.png,mask_1266.png,data/dataset/validation/images\image_1266.png,data/dataset/validation/masks\mask_1266.png,26924,551,128,128,4,PNG
validation,image_1274.png,mask_1274.png,data/dataset/validation/images\image_1274.png,data/dataset/validation/masks\mask_1274.png,31427,1225,128,128,4,PNG
validation,image_1276.png,mask_1276.png,data/dataset/validation/images\image_1276.png,data/dataset/validation/masks\mask_1276.png,29980,1076,128,128,4,PNG
validation,image_128.png,mask_128.png,data/dataset/validation/images\image_128.png,data/dataset/validation/masks\mask_128.png,31788,826,128,128,4,PNG
validation,image_1285.png,mask_1285.png,data/dataset/validation/images\image_1285.png,data/dataset/validation/masks\mask_1285.png,28226,551,128,128,4,PNG
validation,image_1288.png,mask_1288.png,data/dataset/validation/images\image_1288.png,data/dataset/validation/masks\mask_1288.png,27063,603,128,128,4,PNG
validation,image_1291.png,mask_1291.png,data/dataset/validation/images\image_1291.png,data/dataset/validation/masks\mask_1291.png,29035,519,128,128,4,PNG
validation,image_1293.png,mask_1293.png,data/dataset/validation/images\image_1293.png,data/dataset/validation/masks\mask_1293.png,27645,589,128,128,4,PNG
validation,image_1308.png,mask_1308.png,data/dataset/validation/images\image_1308.png,data/dataset/validation/masks\mask_1308.png,25708,505,128,128,4,PNG
validation,image_1324.png,mask_1324.png,data/dataset/validation/images\image_1324.png,data/dataset/validation/masks\mask_1324.png,27883,984,128,128,4,PNG
validation,image_1326.png,mask_1326.png,data/dataset/validation/images\image_1326.png,data/dataset/validation/masks\mask_1326.png,26794,595,128,128,4,PNG
validation,image_1338.png,mask_1338.png,data/dataset/validation/images\image_1338.png,data/dataset/validation/masks\mask_1338.png,31336,518,128,128,4,PNG
validation,image_1363.png,mask_1363.png,data/dataset/validation/images\image_1363.png,data/dataset/validation/masks\mask_1363.png,26793,670,128,128,4,PNG
validation,image_1367.png,mask_1367.png,data/dataset/validation/images\image_1367.png,data/dataset/validation/masks\mask_1367.png,26706,753,128,128,4,PNG
validation,image_137.png,mask_137.png,data/dataset/validation/images\image_137.png,data/dataset/validation/masks\mask_137.png,28176,817,128,128,4,PNG
validation,image_1372.png,mask_1372.png,data/dataset/validation/images\image_1372.png,data/dataset/validation/masks\mask_1372.png,27906,906,128,128,4,PNG
validation,image_1373.png,mask_1373.png,data/dataset/validation/images\image_1373.png,data/dataset/validation/masks\mask_1373.png,26491,673,128,128,4,PNG
validation,image_1381.png,mask_1381.png,data/dataset/validation/images\image_1381.png,data/dataset/validation/masks\mask_1381.png,28769,708,128,128,4,PNG
validation,image_1401.png,mask_1401.png,data/dataset/validation/images\image_1401.png,data/dataset/validation/masks\mask_1401.png,27893,748,128,128,4,PNG
validation,image_1408.png,mask_1408.png,data/dataset/validation/images\image_1408.png,data/dataset/validation/masks\mask_1408.png,27810,801,128,128,4,PNG
validation,image_1412.png,mask_1412.png,data/dataset/validation/images\image_1412.png,data/dataset/validation/masks\mask_1412.png,30013,905,128,128,4,PNG
validation,image_1413.png,mask_1413.png,data/dataset/validation/images\image_1413.png,data/dataset/validation/masks\mask_1413.png,27896,1301,128,128,4,PNG
validation,image_1414.png,mask_1414.png,data/dataset/validation/images\image_1414.png,data/dataset/validation/masks\mask_1414.png,24269,982,128,128,4,PNG
validation,image_1415.png,mask_1415.png,data/dataset/validation/images\image_1415.png,data/dataset/validation/masks\mask_1415.png,25513,547,128,128,4,PNG
validation,image_1418.png,mask_1418.png,data/dataset/validation/images\image_1418.png,data/dataset/validation/masks\mask_1418.png,24805,610,128,128,4,PNG
validation,image_1434.png,mask_1434.png,data/dataset/validation/images\image_1434.png,data/dataset/validation/masks\mask_1434.png,27630,553,128,128,4,PNG
validation,image_1448.png,mask_1448.png,data/dataset/validation/images\image_1448.png,data/dataset/validation/masks\mask_1448.png,26389,542,128,128,4,PNG
validation,image_1451.png,mask_1451.png,data/dataset/validation/images\image_1451.png,data/dataset/validation/masks\mask_1451.png,26473,646,128,128,4,PNG
validation,image_1456.png,mask_1456.png,data/dataset/validation/images\image_1456.png,data/dataset/validation/masks\mask_1456.png,27508,811,128,128,4,PNG
validation,image_146.png,mask_146.png,data/dataset/validation/images\image_146.png,data/dataset/validation/masks\mask_146.png,22428,749,128,128,4,PNG
validation,image_1462.png,mask_1462.png,data/dataset/validation/images\image_1462.png,data/dataset/validation/masks\mask_1462.png,26539,627,128,128,4,PNG
validation,image_1467.png,mask_1467.png,data/dataset/validation/images\image_1467.png,data/dataset/validation/masks\mask_1467.png,24056,645,128,128,4,PNG
validation,image_1468.png,mask_1468.png,data/dataset/validation/images\image_1468.png,data/dataset/validation/masks\mask_1468.png,25143,775,128,128,4,PNG
validation,image_1469.png,mask_1469.png,data/dataset/validation/images\image_1469.png,data/dataset/validation/masks\mask_1469.png,27818,579,128,128,4,PNG
validation,image_1472.png,mask_1472.png,data/dataset/validation/images\image_1472.png,data/dataset/validation/masks\mask_1472.png,29584,598,128,128,4,PNG
validation,image_1473.png,mask_1473.png,data/dataset/validation/images\image_1473.png,data/dataset/validation/masks\mask_1473.png,28797,529,128,128,4,PNG
validation,image_1494.png,mask_1494.png,data/dataset/validation/images\image_1494.png,data/dataset/validation/masks\mask_1494.png,27462,711,128,128,4,PNG
validation,image_15.png,mask_15.png,data/dataset/validation/images\image_15.png,data/dataset/validation/masks\mask_15.png,25591,757,128,128,4,PNG
validation,image_1500.png,mask_1500.png,data/dataset/validation/images\image_1500.png,data/dataset/validation/masks\mask_1500.png,29562,956,128,128,4,PNG
validation,image_1507.png,mask_1507.png,data/dataset/validation/images\image_1507.png,data/dataset/validation/masks\mask_1507.png,25708,775,128,128,4,PNG
validation,image_1508.png,mask_1508.png,data/dataset/validation/images\image_1508.png,data/dataset/validation/masks\mask_1508.png,22375,704,128,128,4,PNG
validation,image_1534.png,mask_1534.png,data/dataset/validation/images\image_1534.png,data/dataset/validation/masks\mask_1534.png,27507,771,128,128,4,PNG
validation,image_1543.png,mask_1543.png,data/dataset/validation/images\image_1543.png,data/dataset/validation/masks\mask_1543.png,26690,938,128,128,4,PNG
validation,image_1545.png,mask_1545.png,data/dataset/validation/images\image_1545.png,data/dataset/validation/masks\mask_1545.png,30451,625,128,128,4,PNG
validation,image_1553.png,mask_1553.png,data/dataset/validation/images\image_1553.png,data/dataset/validation/masks\mask_1553.png,28187,764,128,128,4,PNG
validation,image_1554.png,mask_1554.png,data/dataset/validation/images\image_1554.png,data/dataset/validation/masks\mask_1554.png,26015,690,128,128,4,PNG
validation,image_1586.png,mask_1586.png,data/dataset/validation/images\image_1586.png,data/dataset/validation/masks\mask_1586.png,28858,536,128,128,4,PNG
validation,image_1587.png,mask_1587.png,data/dataset/validation/images\image_1587.png,data/dataset/validation/masks\mask_1587.png,26839,806,128,128,4,PNG
validation,image_1589.png,mask_1589.png,data/dataset/validation/images\image_1589.png,data/dataset/validation/masks\mask_1589.png,27888,930,128,128,4,PNG
validation,image_159.png,mask_159.png,data/dataset/validation/images\image_159.png,data/dataset/validation/masks\mask_159.png,28388,556,128,128,4,PNG
validation,image_1592.png,mask_1592.png,data/dataset/validation/images\image_1592.png,data/dataset/validation/masks\mask_1592.png,25256,619,128,128,4,PNG
validation,image_1595.png,mask_1595.png,data/dataset/validation/images\image_1595.png,data/dataset/validation/masks\mask_1595.png,28315,765,128,128,4,PNG
validation,image_1601.png,mask_1601.png,data/dataset/validation/images\image_1601.png,data/dataset/validation/masks\mask_1601.png,31539,827,128,128,4,PNG
validation,image_1604.png,mask_1604.png,data/dataset/validation/images\image_1604.png,data/dataset/validation/masks\mask_1604.png,30083,605,128,128,4,PNG
validation,image_1633.png,mask_1633.png,data/dataset/validation/images\image_1633.png,data/dataset/validation/masks\mask_1633.png,27754,517,128,128,4,PNG
validation,image_1635.png,mask_1635.png,data/dataset/validation/images\image_1635.png,data/dataset/validation/masks\mask_1635.png,29607,768,128,128,4,PNG
validation,image_1639.png,mask_1639.png,data/dataset/validation/images\image_1639.png,data/dataset/validation/masks\mask_1639.png,26273,574,128,128,4,PNG
validation,image_1649.png,mask_1649.png,data/dataset/validation/images\image_1649.png,data/dataset/validation/masks\mask_1649.png,27885,891,128,128,4,PNG
validation,image_1667.png,mask_1667.png,data/dataset/validation/images\image_1667.png,data/dataset/validation/masks\mask_1667.png,30829,546,128,128,4,PNG
validation,image_1675.png,mask_1675.png,data/dataset/validation/images\image_1675.png,data/dataset/validation/masks\mask_1675.png,26968,591,128,128,4,PNG
validation,image_1676.png,mask_1676.png,data/dataset/validation/images\image_1676.png,data/dataset/validation/masks\mask_1676.png,27785,921,128,128,4,PNG
validation,image_1678.png,mask_1678.png,data/dataset/validation/images\image_1678.png,data/dataset/validation/masks\mask_1678.png,29965,819,128,128,4,PNG
validation,image_1684.png,mask_1684.png,data/dataset/validation/images\image_1684.png,data/dataset/validation/masks\mask_1684.png,24351,859,128,128,4,PNG
validation,image_1686.png,mask_1686.png,data/dataset/validation/images\image_1686.png,data/dataset/validation/masks\mask_1686.png,27540,623,128,128,4,PNG
validation,image_1689.png,mask_1689.png,data/dataset/validation/images\image_1689.png,data/dataset/validation/masks\mask_1689.png,24210,625,128,128,4,PNG
validation,image_1700.png,mask_1700.png,data/dataset/validation/images\image_1700.png,data/dataset/validation/masks\mask_1700.png,30837,523,128,128,4,PNG
validation,image_1701.png,mask_1701.png,data/dataset/validation/images\image_1701.png,data/dataset/validation/masks\mask_1701.png,29013,632,128,128,4,PNG
validation,image_1722.png,mask_1722.png,data/dataset/validation/images\image_1722.png,data/dataset/validation/masks\mask_1722.png,27578,706,128,128,4,PNG
validation,image_1724.png,mask_1724.png,data/dataset/validation/images\image_1724.png,data/dataset/validation/masks\mask_1724.png,29680,534,128,128,4,PNG
validation,image_177.png,mask_177.png,data/dataset/validation/images\image_177.png,data/dataset/validation/masks\mask_177.png,30035,646,128,128,4,PNG
validation,image_1772.png,mask_1772.png,data/dataset/validation/images\image_1772.png,data/dataset/validation/masks\mask_1772.png,28623,755,128,128,4,PNG
validation,image_1778.png,mask_1778.png,data/dataset/validation/images\image_1778.png,data/dataset/validation/masks\mask_1778.png,28002,857,128,128,4,PNG
validation,image_1787.png,mask_1787.png,data/dataset/validation/images\image_1787.png,data/dataset/validation/masks\mask_1787.png,26256,547,128,128,4,PNG
validation,image_179.png,mask_179.png,data/dataset/validation/images\image_179.png,data/dataset/validation/masks\mask_179.png,29504,544,128,128,4,PNG
validation,image_1790.png,mask_1790.png,data/dataset/validation/images\image_1790.png,data/dataset/validation/masks\mask_1790.png,31398,859,128,128,4,PNG
validation,image_181.png,mask_181.png,data/dataset/validation/images\image_181.png,data/dataset/validation/masks\mask_181.png,30996,603,128,128,4,PNG
validation,image_1822.png,mask_1822.png,data/dataset/validation/images\image_1822.png,data/dataset/validation/masks\mask_1822.png,27478,860,128,128,4,PNG
validation,image_1824.png,mask_1824.png,data/dataset/validation/images\image_1824.png,data/dataset/validation/masks\mask_1824.png,29189,771,128,128,4,PNG
validation,image_1833.png,mask_1833.png,data/dataset/validation/images\image_1833.png,data/dataset/validation/masks\mask_1833.png,26520,594,128,128,4,PNG
validation,image_1834.png,mask_1834.png,data/dataset/validation/images\image_1834.png,data/dataset/validation/masks\mask_1834.png,29149,554,128,128,4,PNG
validation,image_1868.png,mask_1868.png,data/dataset/validation/images\image_1868.png,data/dataset/validation/masks\mask_1868.png,30727,910,128,128,4,PNG
validation,image_1874.png,mask_1874.png,data/dataset/validation/images\image_1874.png,data/dataset/validation/masks\mask_1874.png,29387,679,128,128,4,PNG
validation,image_1875.png,mask_1875.png,data/dataset/validation/images\image_1875.png,data/dataset/validation/masks\mask_1875.png,26096,737,128,128,4,PNG
validation,image_1890.png,mask_1890.png,data/dataset/validation/images\image_1890.png,data/dataset/validation/masks\mask_1890.png,29234,726,128,128,4,PNG
validation,image_1906.png,mask_1906.png,data/dataset/validation/images\image_1906.png,data/dataset/validation/masks\mask_1906.png,27118,508,128,128,4,PNG
validation,image_1910.png,mask_1910.png,data/dataset/validation/images\image_1910.png,data/dataset/validation/masks\mask_1910.png,28486,877,128,128,4,PNG
validation,image_1915.png,mask_1915.png,data/dataset/validation/images\image_1915.png,data/dataset/validation/masks\mask_1915.png,30237,1098,128,128,4,PNG
validation,image_1923.png,mask_1923.png,data/dataset/validation/images\image_1923.png,data/dataset/validation/masks\mask_1923.png,27611,735,128,128,4,PNG
validation,image_1949.png,mask_1949.png,data/dataset/validation/images\image_1949.png,data/dataset/validation/masks\mask_1949.png,30342,506,128,128,4,PNG
validation,image_1950.png,mask_1950.png,data/dataset/validation/images\image_1950.png,data/dataset/validation/masks\mask_1950.png,30026,662,128,128,4,PNG
validation,image_1951.png,mask_1951.png,data/dataset/validation/images\image_1951.png,data/dataset/validation/masks\mask_1951.png,28708,553,128,128,4,PNG
validation,image_1997.png,mask_1997.png,data/dataset/validation/images\image_1997.png,data/dataset/validation/masks\mask_1997.png,32253,676,128,128,4,PNG
validation,image_1999.png,mask_1999.png,data/dataset/validation/images\image_1999.png,data/dataset/validation/masks\mask_1999.png,30989,1033,128,128,4,PNG
validation,image_200.png,mask_200.png,data/dataset/validation/images\image_200.png,data/dataset/validation/masks\mask_200.png,26842,547,128,128,4,PNG
validation,image_2004.png,mask_2004.png,data/dataset/validation/images\image_2004.png,data/dataset/validation/masks\mask_2004.png,30921,1208,128,128,4,PNG
validation,image_2007.png,mask_2007.png,data/dataset/validation/images\image_2007.png,data/dataset/validation/masks\mask_2007.png,29942,819,128,128,4,PNG
validation,image_2009.png,mask_2009.png,data/dataset/validation/images\image_2009.png,data/dataset/validation/masks\mask_2009.png,27152,532,128,128,4,PNG
validation,image_2013.png,mask_2013.png,data/dataset/validation/images\image_2013.png,data/dataset/validation/masks\mask_2013.png,30472,1004,128,128,4,PNG
validation,image_2023.png,mask_2023.png,data/dataset/validation/images\image_2023.png,data/dataset/validation/masks\mask_2023.png,30119,533,128,128,4,PNG
validation,image_2044.png,mask_2044.png,data/dataset/validation/images\image_2044.png,data/dataset/validation/masks\mask_2044.png,27100,692,128,128,4,PNG
validation,image_2047.png,mask_2047.png,data/dataset/validation/images\image_2047.png,data/dataset/validation/masks\mask_2047.png,28489,499,128,128,4,PNG
validation,image_2050.png,mask_2050.png,data/dataset/validation/images\image_2050.png,data/dataset/validation/masks\mask_2050.png,31730,1049,128,128,4,PNG
validation,image_2056.png,mask_2056.png,data/dataset/validation/images\image_2056.png,data/dataset/validation/masks\mask_2056.png,29422,966,128,128,4,PNG
validation,image_2058.png,mask_2058.png,data/dataset/validation/images\image_2058.png,data/dataset/validation/masks\mask_2058.png,28600,563,128,128,4,PNG
validation,image_2067.png,mask_2067.png,data/dataset/validation/images\image_2067.png,data/dataset/validation/masks\mask_2067.png,26070,698,128,128,4,PNG
validation,image_2078.png,mask_2078.png,data/dataset/validation/images\image_2078.png,data/dataset/validation/masks\mask_2078.png,25637,568,128,128,4,PNG
validation,image_2093.png,mask_2093.png,data/dataset/validation/images\image_2093.png,data/dataset/validation/masks\mask_2093.png,29095,836,128,128,4,PNG
validation,image_2111.png,mask_2111.png,data/dataset/validation/images\image_2111.png,data/dataset/validation/masks\mask_2111.png,28006,872,128,128,4,PNG
validation,image_2134.png,mask_2134.png,data/dataset/validation/images\image_2134.png,data/dataset/validation/masks\mask_2134.png,30189,597,128,128,4,PNG
validation,image_2148.png,mask_2148.png,data/dataset/validation/images\image_2148.png,data/dataset/validation/masks\mask_2148.png,28420,589,128,128,4,PNG
validation,image_2197.png,mask_2197.png,data/dataset/validation/images\image_2197.png,data/dataset/validation/masks\mask_2197.png,27015,556,128,128,4,PNG
validation,image_222.png,mask_222.png,data/dataset/validation/images\image_222.png,data/dataset/validation/masks\mask_222.png,31527,817,128,128,4,PNG
validation,image_2224.png,mask_2224.png,data/dataset/validation/images\image_2224.png,data/dataset/validation/masks\mask_2224.png,30658,903,128,128,4,PNG
validation,image_2238.png,mask_2238.png,data/dataset/validation/images\image_2238.png,data/dataset/validation/masks\mask_2238.png,27093,786,128,128,4,PNG
validation,image_2239.png,mask_2239.png,data/dataset/validation/images\image_2239.png,data/dataset/validation/masks\mask_2239.png,28061,524,128,128,4,PNG
validation,image_2240.png,mask_2240.png,data/dataset/validation/images\image_2240.png,data/dataset/validation/masks\mask_2240.png,27312,508,128,128,4,PNG
validation,image_2265.png,mask_2265.png,data/dataset/validation/images\image_2265.png,data/dataset/validation/masks\mask_2265.png,27604,1415,128,128,4,PNG
validation,image_2268.png,mask_2268.png,data/dataset/validation/images\image_2268.png,data/dataset/validation/masks\mask_2268.png,31421,1168,128,128,4,PNG
validation,image_2302.png,mask_2302.png,data/dataset/validation/images\image_2302.png,data/dataset/validation/masks\mask_2302.png,26736,1302,128,128,4,PNG
validation,image_2303.png,mask_2303.png,data/dataset/validation/images\image_2303.png,data/dataset/validation/masks\mask_2303.png,27322,877,128,128,4,PNG
validation,image_2310.png,mask_2310.png,data/dataset/validation/images\image_2310.png,data/dataset/validation/masks\mask_2310.png,27806,561,128,128,4,PNG
validation,image_2318.png,mask_2318.png,data/dataset/validation/images\image_2318.png,data/dataset/validation/masks\mask_2318.png,27422,614,128,128,4,PNG
validation,image_2320.png,mask_2320.png,data/dataset/validation/images\image_2320.png,data/dataset/validation/masks\mask_2320.png,25642,604,128,128,4,PNG
validation,image_2331.png,mask_2331.png,data/dataset/validation/images\image_2331.png,data/dataset/validation/masks\mask_2331.png,25540,1261,128,128,4,PNG
validation,image_2332.png,mask_2332.png,data/dataset/validation/images\image_2332.png,data/dataset/validation/masks\mask_2332.png,28491,2312,128,128,4,PNG
validation,image_2342.png,mask_2342.png,data/dataset/validation/images\image_2342.png,data/dataset/validation/masks\mask_2342.png,27489,758,128,128,4,PNG
validation,image_2344.png,mask_2344.png,data/dataset/validation/images\image_2344.png,data/dataset/validation/masks\mask_2344.png,25807,661,128,128,4,PNG
validation,image_2348.png,mask_2348.png,data/dataset/validation/images\image_2348.png,data/dataset/validation/masks\mask_2348.png,22917,649,128,128,4,PNG
validation,image_2353.png,mask_2353.png,data/dataset/validation/images\image_2353.png,data/dataset/validation/masks\mask_2353.png,28053,2261,128,128,4,PNG
validation,image_2361.png,mask_2361.png,data/dataset/validation/images\image_2361.png,data/dataset/validation/masks\mask_2361.png,26732,973,128,128,4,PNG
validation,image_2368.png,mask_2368.png,data/dataset/validation/images\image_2368.png,data/dataset/validation/masks\mask_2368.png,26117,651,128,128,4,PNG
validation,image_2378.png,mask_2378.png,data/dataset/validation/images\image_2378.png,data/dataset/validation/masks\mask_2378.png,25321,767,128,128,4,PNG
validation,image_2387.png,mask_2387.png,data/dataset/validation/images\image_2387.png,data/dataset/validation/masks\mask_2387.png,26815,1228,128,128,4,PNG
validation,image_2391.png,mask_2391.png,data/dataset/validation/images\image_2391.png,data/dataset/validation/masks\mask_2391.png,26618,1355,128,128,4,PNG
validation,image_2393.png,mask_2393.png,data/dataset/validation/images\image_2393.png,data/dataset/validation/masks\mask_2393.png,25191,1424,128,128,4,PNG
validation,image_2394.png,mask_2394.png,data/dataset/validation/images\image_2394.png,data/dataset/validation/masks\mask_2394.png,26657,1177,128,128,4,PNG
validation,image_2397.png,mask_2397.png,data/dataset/validation/images\image_2397.png,data/dataset/validation/masks\mask_2397.png,26530,536,128,128,4,PNG
validation,image_2400.png,mask_2400.png,data/dataset/validation/images\image_2400.png,data/dataset/validation/masks\mask_2400.png,29341,2495,128,128,4,PNG
validation,image_2419.png,mask_2419.png,data/dataset/validation/images\image_2419.png,data/dataset/validation/masks\mask_2419.png,26321,931,128,128,4,PNG
validation,image_2421.png,mask_2421.png,data/dataset/validation/images\image_2421.png,data/dataset/validation/masks\mask_2421.png,25126,660,128,128,4,PNG
validation,image_2424.png,mask_2424.png,data/dataset/validation/images\image_2424.png,data/dataset/validation/masks\mask_2424.png,26527,823,128,128,4,PNG
validation,image_244.png,mask_244.png,data/dataset/validation/images\image_244.png,data/dataset/validation/masks\mask_244.png,30135,685,128,128,4,PNG
validation,image_2457.png,mask_2457.png,data/dataset/validation/images\image_2457.png,data/dataset/validation/masks\mask_2457.png,25653,704,128,128,4,PNG
validation,image_2481.png,mask_2481.png,data/dataset/validation/images\image_2481.png,data/dataset/validation/masks\mask_2481.png,32429,661,128,128,4,PNG
validation,image_2483.png,mask_2483.png,data/dataset/validation/images\image_2483.png,data/dataset/validation/masks\mask_2483.png,28997,790,128,128,4,PNG
validation,image_2484.png,mask_2484.png,data/dataset/validation/images\image_2484.png,data/dataset/validation/masks\mask_2484.png,31829,601,128,128,4,PNG
validation,image_2495.png,mask_2495.png,data/dataset/validation/images\image_2495.png,data/dataset/validation/masks\mask_2495.png,30355,975,128,128,4,PNG
validation,image_2505.png,mask_2505.png,data/dataset/validation/images\image_2505.png,data/dataset/validation/masks\mask_2505.png,26757,694,128,128,4,PNG
validation,image_2541.png,mask_2541.png,data/dataset/validation/images\image_2541.png,data/dataset/validation/masks\mask_2541.png,28350,684,128,128,4,PNG
validation,image_2547.png,mask_2547.png,data/dataset/validation/images\image_2547.png,data/dataset/validation/masks\mask_2547.png,28897,607,128,128,4,PNG
validation,image_2550.png,mask_2550.png,data/dataset/validation/images\image_2550.png,data/dataset/validation/masks\mask_2550.png,30798,706,128,128,4,PNG
validation,image_2562.png,mask_2562.png,data/dataset/validation/images\image_2562.png,data/dataset/validation/masks\mask_2562.png,27726,529,128,128,4,PNG
validation,image_2583.png,mask_2583.png,data/dataset/validation/images\image_2583.png,data/dataset/validation/masks\mask_2583.png,23739,705,128,128,4,PNG
validation,image_2584.png,mask_2584.png,data/dataset/validation/images\image_2584.png,data/dataset/validation/masks\mask_2584.png,25182,547,128,128,4,PNG
validation,image_2601.png,mask_2601.png,data/dataset/validation/images\image_2601.png,data/dataset/validation/masks\mask_2601.png,26896,645,128,128,4,PNG
validation,image_2639.png,mask_2639.png,data/dataset/validation/images\image_2639.png,data/dataset/validation/masks\mask_2639.png,24623,562,128,128,4,PNG
validation,image_265.png,mask_265.png,data/dataset/validation/images\image_265.png,data/dataset/validation/masks\mask_265.png,32978,728,128,128,4,PNG
validation,image_2656.png,mask_2656.png,data/dataset/validation/images\image_2656.png,data/dataset/validation/masks\mask_2656.png,29798,535,128,128,4,PNG
validation,image_2690.png,mask_2690.png,data/dataset/validation/images\image_2690.png,data/dataset/validation/masks\mask_2690.png,28480,917,128,128,4,PNG
validation,image_2691.png,mask_2691.png,data/dataset/validation/images\image_2691.png,data/dataset/validation/masks\mask_2691.png,24365,795,128,128,4,PNG
validation,image_2701.png,mask_2701.png,data/dataset/validation/images\image_2701.png,data/dataset/validation/masks\mask_2701.png,30640,1155,128,128,4,PNG
validation,image_2720.png,mask_2720.png,data/dataset/validation/images\image_2720.png,data/dataset/validation/masks\mask_2720.png,26598,713,128,128,4,PNG
validation,image_2722.png,mask_2722.png,data/dataset/validation/images\image_2722.png,data/dataset/validation/masks\mask_2722.png,24720,719,128,128,4,PNG
validation,image_2723.png,mask_2723.png,data/dataset/validation/images\image_2723.png,data/dataset/validation/masks\mask_2723.png,31390,968,128,128,4,PNG
validation,image_2724.png,mask_2724.png,data/dataset/validation/images\image_2724.png,data/dataset/validation/masks\mask_2724.png,26519,949,128,128,4,PNG
validation,image_2734.png,mask_2734.png,data/dataset/validation/images\image_2734.png,data/dataset/validation/masks\mask_2734.png,31773,911,128,128,4,PNG
validation,image_2740.png,mask_2740.png,data/dataset/validation/images\image_2740.png,data/dataset/validation/masks\mask_2740.png,23720,611,128,128,4,PNG
validation,image_2753.png,mask_2753.png,data/dataset/validation/images\image_2753.png,data/dataset/validation/masks\mask_2753.png,26882,846,128,128,4,PNG
validation,image_2775.png,mask_2775.png,data/dataset/validation/images\image_2775.png,data/dataset/validation/masks\mask_2775.png,25152,549,128,128,4,PNG
validation,image_2777.png,mask_2777.png,data/dataset/validation/images\image_2777.png,data/dataset/validation/masks\mask_2777.png,26246,1235,128,128,4,PNG
validation,image_2797.png,mask_2797.png,data/dataset/validation/images\image_2797.png,data/dataset/validation/masks\mask_2797.png,27661,582,128,128,4,PNG
validation,image_2814.png,mask_2814.png,data/dataset/validation/images\image_2814.png,data/dataset/validation/masks\mask_2814.png,27335,817,128,128,4,PNG
validation,image_282.png,mask_282.png,data/dataset/validation/images\image_282.png,data/dataset/validation/masks\mask_282.png,27695,787,128,128,4,PNG
validation,image_2834.png,mask_2834.png,data/dataset/validation/images\image_2834.png,data/dataset/validation/masks\mask_2834.png,28276,637,128,128,4,PNG
validation,image_2839.png,mask_2839.png,data/dataset/validation/images\image_2839.png,data/dataset/validation/masks\mask_2839.png,27461,1072,128,128,4,PNG
validation,image_2842.png,mask_2842.png,data/dataset/validation/images\image_2842.png,data/dataset/validation/masks\mask_2842.png,25524,1004,128,128,4,PNG
validation,image_2845.png,mask_2845.png,data/dataset/validation/images\image_2845.png,data/dataset/validation/masks\mask_2845.png,31136,560,128,128,4,PNG
validation,image_2861.png,mask_2861.png,data/dataset/validation/images\image_2861.png,data/dataset/validation/masks\mask_2861.png,26743,660,128,128,4,PNG
validation,image_288.png,mask_288.png,data/dataset/validation/images\image_288.png,data/dataset/validation/masks\mask_288.png,27403,1041,128,128,4,PNG
validation,image_2892.png,mask_2892.png,data/dataset/validation/images\image_2892.png,data/dataset/validation/masks\mask_2892.png,28009,711,128,128,4,PNG
validation,image_295.png,mask_295.png,data/dataset/validation/images\image_295.png,data/dataset/validation/masks\mask_295.png,29645,553,128,128,4,PNG
validation,image_3067.png,mask_3067.png,data/dataset/validation/images\image_3067.png,data/dataset/validation/masks\mask_3067.png,28599,744,128,128,4,PNG
validation,image_311.png,mask_311.png,data/dataset/validation/images\image_311.png,data/dataset/validation/masks\mask_311.png,30123,624,128,128,4,PNG
validation,image_3113.png,mask_3113.png,data/dataset/validation/images\image_3113.png,data/dataset/validation/masks\mask_3113.png,30236,885,128,128,4,PNG
validation,image_312.png,mask_312.png,data/dataset/validation/images\image_312.png,data/dataset/validation/masks\mask_312.png,26585,569,128,128,4,PNG
validation,image_3122.png,mask_3122.png,data/dataset/validation/images\image_3122.png,data/dataset/validation/masks\mask_3122.png,27347,556,128,128,4,PNG
validation,image_3124.png,mask_3124.png,data/dataset/validation/images\image_3124.png,data/dataset/validation/masks\mask_3124.png,33891,949,128,128,4,PNG
validation,image_3125.png,mask_3125.png,data/dataset/validation/images\image_3125.png,data/dataset/validation/masks\mask_3125.png,33139,637,128,128,4,PNG
validation,image_3128.png,mask_3128.png,data/dataset/validation/images\image_3128.png,data/dataset/validation/masks\mask_3128.png,28556,644,128,128,4,PNG
validation,image_314.png,mask_314.png,data/dataset/validation/images\image_314.png,data/dataset/validation/masks\mask_314.png,26892,814,128,128,4,PNG
validation,image_3152.png,mask_3152.png,data/dataset/validation/images\image_3152.png,data/dataset/validation/masks\mask_3152.png,30802,531,128,128,4,PNG
validation,image_316.png,mask_316.png,data/dataset/validation/images\image_316.png,data/dataset/validation/masks\mask_316.png,28559,940,128,128,4,PNG
validation,image_3168.png,mask_3168.png,data/dataset/validation/images\image_3168.png,data/dataset/validation/masks\mask_3168.png,32207,543,128,128,4,PNG
validation,image_317.png,mask_317.png,data/dataset/validation/images\image_317.png,data/dataset/validation/masks\mask_317.png,26517,630,128,128,4,PNG
validation,image_3175.png,mask_3175.png,data/dataset/validation/images\image_3175.png,data/dataset/validation/masks\mask_3175.png,28371,740,128,128,4,PNG
validation,image_3177.png,mask_3177.png,data/dataset/validation/images\image_3177.png,data/dataset/validation/masks\mask_3177.png,31922,777,128,128,4,PNG
validation,image_3191.png,mask_3191.png,data/dataset/validation/images\image_3191.png,data/dataset/validation/masks\mask_3191.png,24792,683,128,128,4,PNG
validation,image_3203.png,mask_3203.png,data/dataset/validation/images\image_3203.png,data/dataset/validation/masks\mask_3203.png,29234,1028,128,128,4,PNG
validation,image_321.png,mask_321.png,data/dataset/validation/images\image_321.png,data/dataset/validation/masks\mask_321.png,28358,619,128,128,4,PNG
validation,image_3223.png,mask_3223.png,data/dataset/validation/images\image_3223.png,data/dataset/validation/masks\mask_3223.png,32222,593,128,128,4,PNG
validation,image_3238.png,mask_3238.png,data/dataset/validation/images\image_3238.png,data/dataset/validation/masks\mask_3238.png,28789,544,128,128,4,PNG
validation,image_3245.png,mask_3245.png,data/dataset/validation/images\image_3245.png,data/dataset/validation/masks\mask_3245.png,28712,512,128,128,4,PNG
validation,image_3261.png,mask_3261.png,data/dataset/validation/images\image_3261.png,data/dataset/validation/masks\mask_3261.png,29306,854,128,128,4,PNG
validation,image_3270.png,mask_3270.png,data/dataset/validation/images\image_3270.png,data/dataset/validation/masks\mask_3270.png,28498,755,128,128,4,PNG
validation,image_3283.png,mask_3283.png,data/dataset/validation/images\image_3283.png,data/dataset/validation/masks\mask_3283.png,25462,583,128,128,4,PNG
validation,image_3292.png,mask_3292.png,data/dataset/validation/images\image_3292.png,data/dataset/validation/masks\mask_3292.png,28297,952,128,128,4,PNG
validation,image_330.png,mask_330.png,data/dataset/validation/images\image_330.png,data/dataset/validation/masks\mask_330.png,25697,549,128,128,4,PNG
validation,image_3314.png,mask_3314.png,data/dataset/validation/images\image_3314.png,data/dataset/validation/masks\mask_3314.png,27967,975,128,128,4,PNG
validation,image_3333.png,mask_3333.png,data/dataset/validation/images\image_3333.png,data/dataset/validation/masks\mask_3333.png,26602,755,128,128,4,PNG
validation,image_3340.png,mask_3340.png,data/dataset/validation/images\image_3340.png,data/dataset/validation/masks\mask_3340.png,28144,645,128,128,4,PNG
validation,image_3349.png,mask_3349.png,data/dataset/validation/images\image_3349.png,data/dataset/validation/masks\mask_3349.png,29272,960,128,128,4,PNG
validation,image_3351.png,mask_3351.png,data/dataset/validation/images\image_3351.png,data/dataset/validation/masks\mask_3351.png,30323,886,128,128,4,PNG
validation,image_3355.png,mask_3355.png,data/dataset/validation/images\image_3355.png,data/dataset/validation/masks\mask_3355.png,25321,607,128,128,4,PNG
validation,image_3361.png,mask_3361.png,data/dataset/validation/images\image_3361.png,data/dataset/validation/masks\mask_3361.png,28567,577,128,128,4,PNG
validation,image_3362.png,mask_3362.png,data/dataset/validation/images\image_3362.png,data/dataset/validation/masks\mask_3362.png,25057,619,128,128,4,PNG
validation,image_3366.png,mask_3366.png,data/dataset/validation/images\image_3366.png,data/dataset/validation/masks\mask_3366.png,26603,724,128,128,4,PNG
validation,image_3385.png,mask_3385.png,data/dataset/validation/images\image_3385.png,data/dataset/validation/masks\mask_3385.png,30958,790,128,128,4,PNG
validation,image_3388.png,mask_3388.png,data/dataset/validation/images\image_3388.png,data/dataset/validation/masks\mask_3388.png,28131,746,128,128,4,PNG
validation,image_3400.png,mask_3400.png,data/dataset/validation/images\image_3400.png,data/dataset/validation/masks\mask_3400.png,30752,659,128,128,4,PNG
validation,image_3401.png,mask_3401.png,data/dataset/validation/images\image_3401.png,data/dataset/validation/masks\mask_3401.png,28242,548,128,128,4,PNG
validation,image_3406.png,mask_3406.png,data/dataset/validation/images\image_3406.png,data/dataset/validation/masks\mask_3406.png,26666,659,128,128,4,PNG
validation,image_3408.png,mask_3408.png,data/dataset/validation/images\image_3408.png,data/dataset/validation/masks\mask_3408.png,30170,545,128,128,4,PNG
validation,image_3415.png,mask_3415.png,data/dataset/validation/images\image_3415.png,data/dataset/validation/masks\mask_3415.png,31336,536,128,128,4,PNG
validation,image_3417.png,mask_3417.png,data/dataset/validation/images\image_3417.png,data/dataset/validation/masks\mask_3417.png,28169,558,128,128,4,PNG
validation,image_3432.png,mask_3432.png,data/dataset/validation/images\image_3432.png,data/dataset/validation/masks\mask_3432.png,30378,772,128,128,4,PNG
validation,image_3437.png,mask_3437.png,data/dataset/validation/images\image_3437.png,data/dataset/validation/masks\mask_3437.png,28832,545,128,128,4,PNG
validation,image_3444.png,mask_3444.png,data/dataset/validation/images\image_3444.png,data/dataset/validation/masks\mask_3444.png,31164,590,128,128,4,PNG
validation,image_3449.png,mask_3449.png,data/dataset/validation/images\image_3449.png,data/dataset/validation/masks\mask_3449.png,33910,1440,128,128,4,PNG
validation,image_3467.png,mask_3467.png,data/dataset/validation/images\image_3467.png,data/dataset/validation/masks\mask_3467.png,29811,896,128,128,4,PNG
validation,image_3468.png,mask_3468.png,data/dataset/validation/images\image_3468.png,data/dataset/validation/masks\mask_3468.png,26160,531,128,128,4,PNG
validation,image_3483.png,mask_3483.png,data/dataset/validation/images\image_3483.png,data/dataset/validation/masks\mask_3483.png,28224,681,128,128,4,PNG
validation,image_3492.png,mask_3492.png,data/dataset/validation/images\image_3492.png,data/dataset/validation/masks\mask_3492.png,30132,572,128,128,4,PNG
validation,image_3499.png,mask_3499.png,data/dataset/validation/images\image_3499.png,data/dataset/validation/masks\mask_3499.png,28964,899,128,128,4,PNG
validation,image_3508.png,mask_3508.png,data/dataset/validation/images\image_3508.png,data/dataset/validation/masks\mask_3508.png,23256,578,128,128,4,PNG
validation,image_3509.png,mask_3509.png,data/dataset/validation/images\image_3509.png,data/dataset/validation/masks\mask_3509.png,25041,565,128,128,4,PNG
validation,image_3511.png,mask_3511.png,data/dataset/validation/images\image_3511.png,data/dataset/validation/masks\mask_3511.png,31548,803,128,128,4,PNG
validation,image_3531.png,mask_3531.png,data/dataset/validation/images\image_3531.png,data/dataset/validation/masks\mask_3531.png,29107,654,128,128,4,PNG
validation,image_3535.png,mask_3535.png,data/dataset/validation/images\image_3535.png,data/dataset/validation/masks\mask_3535.png,27709,755,128,128,4,PNG
validation,image_3536.png,mask_3536.png,data/dataset/validation/images\image_3536.png,data/dataset/validation/masks\mask_3536.png,27043,690,128,128,4,PNG
validation,image_3537.png,mask_3537.png,data/dataset/validation/images\image_3537.png,data/dataset/validation/masks\mask_3537.png,29510,1187,128,128,4,PNG
validation,image_3540.png,mask_3540.png,data/dataset/validation/images\image_3540.png,data/dataset/validation/masks\mask_3540.png,26390,771,128,128,4,PNG
validation,image_3543.png,mask_3543.png,data/dataset/validation/images\image_3543.png,data/dataset/validation/masks\mask_3543.png,27593,544,128,128,4,PNG
validation,image_3545.png,mask_3545.png,data/dataset/validation/images\image_3545.png,data/dataset/validation/masks\mask_3545.png,29189,596,128,128,4,PNG
validation,image_3556.png,mask_3556.png,data/dataset/validation/images\image_3556.png,data/dataset/validation/masks\mask_3556.png,30401,571,128,128,4,PNG
validation,image_3567.png,mask_3567.png,data/dataset/validation/images\image_3567.png,data/dataset/validation/masks\mask_3567.png,28397,701,128,128,4,PNG
validation,image_3570.png,mask_3570.png,data/dataset/validation/images\image_3570.png,data/dataset/validation/masks\mask_3570.png,30279,540,128,128,4,PNG
validation,image_3582.png,mask_3582.png,data/dataset/validation/images\image_3582.png,data/dataset/validation/masks\mask_3582.png,28102,876,128,128,4,PNG
validation,image_3584.png,mask_3584.png,data/dataset/validation/images\image_3584.png,data/dataset/validation/masks\mask_3584.png,30733,720,128,128,4,PNG
validation,image_3587.png,mask_3587.png,data/dataset/validation/images\image_3587.png,data/dataset/validation/masks\mask_3587.png,28786,853,128,128,4,PNG
validation,image_3600.png,mask_3600.png,data/dataset/validation/images\image_3600.png,data/dataset/validation/masks\mask_3600.png,27986,589,128,128,4,PNG
validation,image_3604.png,mask_3604.png,data/dataset/validation/images\image_3604.png,data/dataset/validation/masks\mask_3604.png,28405,558,128,128,4,PNG
validation,image_361.png,mask_361.png,data/dataset/validation/images\image_361.png,data/dataset/validation/masks\mask_361.png,28411,567,128,128,4,PNG
validation,image_3610.png,mask_3610.png,data/dataset/validation/images\image_3610.png,data/dataset/validation/masks\mask_3610.png,29194,528,128,128,4,PNG
validation,image_3612.png,mask_3612.png,data/dataset/validation/images\image_3612.png,data/dataset/validation/masks\mask_3612.png,27472,974,128,128,4,PNG
validation,image_3659.png,mask_3659.png,data/dataset/validation/images\image_3659.png,data/dataset/validation/masks\mask_3659.png,28102,1437,128,128,4,PNG
validation,image_3660.png,mask_3660.png,data/dataset/validation/images\image_3660.png,data/dataset/validation/masks\mask_3660.png,30550,775,128,128,4,PNG
validation,image_3664.png,mask_3664.png,data/dataset/validation/images\image_3664.png,data/dataset/validation/masks\mask_3664.png,30001,560,128,128,4,PNG
validation,image_3668.png,mask_3668.png,data/dataset/validation/images\image_3668.png,data/dataset/validation/masks\mask_3668.png,30263,701,128,128,4,PNG
validation,image_3675.png,mask_3675.png,data/dataset/validation/images\image_3675.png,data/dataset/validation/masks\mask_3675.png,29395,552,128,128,4,PNG
validation,image_3681.png,mask_3681.png,data/dataset/validation/images\image_3681.png,data/dataset/validation/masks\mask_3681.png,27853,612,128,128,4,PNG
validation,image_3696.png,mask_3696.png,data/dataset/validation/images\image_3696.png,data/dataset/validation/masks\mask_3696.png,26183,739,128,128,4,PNG
validation,image_3698.png,mask_3698.png,data/dataset/validation/images\image_3698.png,data/dataset/validation/masks\mask_3698.png,31540,632,128,128,4,PNG
validation,image_3699.png,mask_3699.png,data/dataset/validation/images\image_3699.png,data/dataset/validation/masks\mask_3699.png,30263,597,128,128,4,PNG
validation,image_3705.png,mask_3705.png,data/dataset/validation/images\image_3705.png,data/dataset/validation/masks\mask_3705.png,29580,722,128,128,4,PNG
validation,image_3714.png,mask_3714.png,data/dataset/validation/images\image_3714.png,data/dataset/validation/masks\mask_3714.png,29020,811,128,128,4,PNG
validation,image_3715.png,mask_3715.png,data/dataset/validation/images\image_3715.png,data/dataset/validation/masks\mask_3715.png,29353,802,128,128,4,PNG
validation,image_3716.png,mask_3716.png,data/dataset/validation/images\image_3716.png,data/dataset/validation/masks\mask_3716.png,28696,681,128,128,4,PNG
validation,image_3718.png,mask_3718.png,data/dataset/validation/images\image_3718.png,data/dataset/validation/masks\mask_3718.png,26203,904,128,128,4,PNG
validation,image_3723.png,mask_3723.png,data/dataset/validation/images\image_3723.png,data/dataset/validation/masks\mask_3723.png,24922,691,128,128,4,PNG
validation,image_3724.png,mask_3724.png,data/dataset/validation/images\image_3724.png,data/dataset/validation/masks\mask_3724.png,26104,565,128,128,4,PNG
validation,image_3746.png,mask_3746.png,data/dataset/validation/images\image_3746.png,data/dataset/validation/masks\mask_3746.png,30240,660,128,128,4,PNG
validation,image_3749.png,mask_3749.png,data/dataset/validation/images\image_3749.png,data/dataset/validation/masks\mask_3749.png,29758,705,128,128,4,PNG
validation,image_375.png,mask_375.png,data/dataset/validation/images\image_375.png,data/dataset/validation/masks\mask_375.png,24054,539,128,128,4,PNG
validation,image_3767.png,mask_3767.png,data/dataset/validation/images\image_3767.png,data/dataset/validation/masks\mask_3767.png,22647,602,128,128,4,PNG
validation,image_3771.png,mask_3771.png,data/dataset/validation/images\image_3771.png,data/dataset/validation/masks\mask_3771.png,27074,623,128,128,4,PNG
validation,image_3783.png,mask_3783.png,data/dataset/validation/images\image_3783.png,data/dataset/validation/masks\mask_3783.png,25464,766,128,128,4,PNG
validation,image_3788.png,mask_3788.png,data/dataset/validation/images\image_3788.png,data/dataset/validation/masks\mask_3788.png,29723,896,128,128,4,PNG
validation,image_379.png,mask_379.png,data/dataset/validation/images\image_379.png,data/dataset/validation/masks\mask_379.png,29409,620,128,128,4,PNG
validation,image_384.png,mask_384.png,data/dataset/validation/images\image_384.png,data/dataset/validation/masks\mask_384.png,29691,639,128,128,4,PNG
validation,image_406.png,mask_406.png,data/dataset/validation/images\image_406.png,data/dataset/validation/masks\mask_406.png,30045,640,128,128,4,PNG
validation,image_41.png,mask_41.png,data/dataset/validation/images\image_41.png,data/dataset/validation/masks\mask_41.png,31744,626,128,128,4,PNG
validation,image_410.png,mask_410.png,data/dataset/validation/images\image_410.png,data/dataset/validation/masks\mask_410.png,28313,850,128,128,4,PNG
validation,image_417.png,mask_417.png,data/dataset/validation/images\image_417.png,data/dataset/validation/masks\mask_417.png,26024,1042,128,128,4,PNG
validation,image_441.png,mask_441.png,data/dataset/validation/images\image_441.png,data/dataset/validation/masks\mask_441.png,29734,566,128,128,4,PNG
validation,image_451.png,mask_451.png,data/dataset/validation/images\image_451.png,data/dataset/validation/masks\mask_451.png,28236,640,128,128,4,PNG
validation,image_475.png,mask_475.png,data/dataset/validation/images\image_475.png,data/dataset/validation/masks\mask_475.png,29889,642,128,128,4,PNG
validation,image_479.png,mask_479.png,data/dataset/validation/images\image_479.png,data/dataset/validation/masks\mask_479.png,31553,1169,128,128,4,PNG
validation,image_486.png,mask_486.png,data/dataset/validation/images\image_486.png,data/dataset/validation/masks\mask_486.png,32039,554,128,128,4,PNG
validation,image_490.png,mask_490.png,data/dataset/validation/images\image_490.png,data/dataset/validation/masks\mask_490.png,30576,551,128,128,4,PNG
validation,image_503.png,mask_503.png,data/dataset/validation/images\image_503.png,data/dataset/validation/masks\mask_503.png,26619,960,128,128,4,PNG
validation,image_505.png,mask_505.png,data/dataset/validation/images\image_505.png,data/dataset/validation/masks\mask_505.png,28023,1107,128,128,4,PNG
validation,image_51.png,mask_51.png,data/dataset/validation/images\image_51.png,data/dataset/validation/masks\mask_51.png,25056,709,128,128,4,PNG
validation,image_517.png,mask_517.png,data/dataset/validation/images\image_517.png,data/dataset/validation/masks\mask_517.png,32651,549,128,128,4,PNG
validation,image_518.png,mask_518.png,data/dataset/validation/images\image_518.png,data/dataset/validation/masks\mask_518.png,28752,561,128,128,4,PNG
validation,image_520.png,mask_520.png,data/dataset/validation/images\image_520.png,data/dataset/validation/masks\mask_520.png,27979,518,128,128,4,PNG
validation,image_522.png,mask_522.png,data/dataset/validation/images\image_522.png,data/dataset/validation/masks\mask_522.png,29407,879,128,128,4,PNG
validation,image_523.png,mask_523.png,data/dataset/validation/images\image_523.png,data/dataset/validation/masks\mask_523.png,28115,612,128,128,4,PNG
validation,image_537.png,mask_537.png,data/dataset/validation/images\image_537.png,data/dataset/validation/masks\mask_537.png,29585,510,128,128,4,PNG
validation,image_54.png,mask_54.png,data/dataset/validation/images\image_54.png,data/dataset/validation/masks\mask_54.png,29476,781,128,128,4,PNG
validation,image_541.png,mask_541.png,data/dataset/validation/images\image_541.png,data/dataset/validation/masks\mask_541.png,26670,749,128,128,4,PNG
validation,image_546.png,mask_546.png,data/dataset/validation/images\image_546.png,data/dataset/validation/masks\mask_546.png,27504,842,128,128,4,PNG
validation,image_548.png,mask_548.png,data/dataset/validation/images\image_548.png,data/dataset/validation/masks\mask_548.png,27462,713,128,128,4,PNG
validation,image_554.png,mask_554.png,data/dataset/validation/images\image_554.png,data/dataset/validation/masks\mask_554.png,30106,1163,128,128,4,PNG
validation,image_558.png,mask_558.png,data/dataset/validation/images\image_558.png,data/dataset/validation/masks\mask_558.png,30039,919,128,128,4,PNG
validation,image_564.png,mask_564.png,data/dataset/validation/images\image_564.png,data/dataset/validation/masks\mask_564.png,27021,714,128,128,4,PNG
validation,image_566.png,mask_566.png,data/dataset/validation/images\image_566.png,data/dataset/validation/masks\mask_566.png,27395,646,128,128,4,PNG
validation,image_579.png,mask_579.png,data/dataset/validation/images\image_579.png,data/dataset/validation/masks\mask_579.png,26997,617,128,128,4,PNG
validation,image_582.png,mask_582.png,data/dataset/validation/images\image_582.png,data/dataset/validation/masks\mask_582.png,27456,576,128,128,4,PNG
validation,image_583.png,mask_583.png,data/dataset/validation/images\image_583.png,data/dataset/validation/masks\mask_583.png,27352,757,128,128,4,PNG
validation,image_588.png,mask_588.png,data/dataset/validation/images\image_588.png,data/dataset/validation/masks\mask_588.png,25331,803,128,128,4,PNG
validation,image_592.png,mask_592.png,data/dataset/validation/images\image_592.png,data/dataset/validation/masks\mask_592.png,23992,559,128,128,4,PNG
validation,image_593.png,mask_593.png,data/dataset/validation/images\image_593.png,data/dataset/validation/masks\mask_593.png,23902,709,128,128,4,PNG
validation,image_594.png,mask_594.png,data/dataset/validation/images\image_594.png,data/dataset/validation/masks\mask_594.png,27551,979,128,128,4,PNG
validation,image_596.png,mask_596.png,data/dataset/validation/images\image_596.png,data/dataset/validation/masks\mask_596.png,26885,803,128,128,4,PNG
validation,image_604.png,mask_604.png,data/dataset/validation/images\image_604.png,data/dataset/validation/masks\mask_604.png,28626,972,128,128,4,PNG
validation,image_609.png,mask_609.png,data/dataset/validation/images\image_609.png,data/dataset/validation/masks\mask_609.png,26424,641,128,128,4,PNG
validation,image_626.png,mask_626.png,data/dataset/validation/images\image_626.png,data/dataset/validation/masks\mask_626.png,28529,589,128,128,4,PNG
validation,image_630.png,mask_630.png,data/dataset/validation/images\image_630.png,data/dataset/validation/masks\mask_630.png,28094,586,128,128,4,PNG
validation,image_636.png,mask_636.png,data/dataset/validation/images\image_636.png,data/dataset/validation/masks\mask_636.png,26535,1203,128,128,4,PNG
validation,image_654.png,mask_654.png,data/dataset/validation/images\image_654.png,data/dataset/validation/masks\mask_654.png,28762,673,128,128,4,PNG
validation,image_667.png,mask_667.png,data/dataset/validation/images\image_667.png,data/dataset/validation/masks\mask_667.png,22798,590,128,128,4,PNG
validation,image_674.png,mask_674.png,data/dataset/validation/images\image_674.png,data/dataset/validation/masks\mask_674.png,26243,583,128,128,4,PNG
validation,image_675.png,mask_675.png,data/dataset/validation/images\image_675.png,data/dataset/validation/masks\mask_675.png,28740,709,128,128,4,PNG
validation,image_679.png,mask_679.png,data/dataset/validation/images\image_679.png,data/dataset/validation/masks\mask_679.png,25203,552,128,128,4,PNG
validation,image_68.png,mask_68.png,data/dataset/validation/images\image_68.png,data/dataset/validation/masks\mask_68.png,28527,700,128,128,4,PNG
validation,image_683.png,mask_683.png,data/dataset/validation/images\image_683.png,data/dataset/validation/masks\mask_683.png,26603,812,128,128,4,PNG
validation,image_686.png,mask_686.png,data/dataset/validation/images\image_686.png,data/dataset/validation/masks\mask_686.png,27256,709,128,128,4,PNG
validation,image_688.png,mask_688.png,data/dataset/validation/images\image_688.png,data/dataset/validation/masks\mask_688.png,28914,932,128,128,4,PNG
validation,image_698.png,mask_698.png,data/dataset/validation/images\image_698.png,data/dataset/validation/masks\mask_698.png,28707,587,128,128,4,PNG
validation,image_700.png,mask_700.png,data/dataset/validation/images\image_700.png,data/dataset/validation/masks\mask_700.png,28128,524,128,128,4,PNG
validation,image_705.png,mask_705.png,data/dataset/validation/images\image_705.png,data/dataset/validation/masks\mask_705.png,27181,510,128,128,4,PNG
validation,image_719.png,mask_719.png,data/dataset/validation/images\image_719.png,data/dataset/validation/masks\mask_719.png,25495,545,128,128,4,PNG
validation,image_723.png,mask_723.png,data/dataset/validation/images\image_723.png,data/dataset/validation/masks\mask_723.png,28389,618,128,128,4,PNG
validation,image_727.png,mask_727.png,data/dataset/validation/images\image_727.png,data/dataset/validation/masks\mask_727.png,26500,979,128,128,4,PNG
validation,image_735.png,mask_735.png,data/dataset/validation/images\image_735.png,data/dataset/validation/masks\mask_735.png,29981,1316,128,128,4,PNG
validation,image_739.png,mask_739.png,data/dataset/validation/images\image_739.png,data/dataset/validation/masks\mask_739.png,27369,743,128,128,4,PNG
validation,image_748.png,mask_748.png,data/dataset/validation/images\image_748.png,data/dataset/validation/masks\mask_748.png,30856,897,128,128,4,PNG
validation,image_750.png,mask_750.png,data/dataset/validation/images\image_750.png,data/dataset/validation/masks\mask_750.png,30737,723,128,128,4,PNG
validation,image_751.png,mask_751.png,data/dataset/validation/images\image_751.png,data/dataset/validation/masks\mask_751.png,28763,562,128,128,4,PNG
validation,image_756.png,mask_756.png,data/dataset/validation/images\image_756.png,data/dataset/validation/masks\mask_756.png,28056,539,128,128,4,PNG
validation,image_764.png,mask_764.png,data/dataset/validation/images\image_764.png,data/dataset/validation/masks\mask_764.png,29062,742,128,128,4,PNG
validation,image_784.png,mask_784.png,data/dataset/validation/images\image_784.png,data/dataset/validation/masks\mask_784.png,27114,671,128,128,4,PNG
validation,image_795.png,mask_795.png,data/dataset/validation/images\image_795.png,data/dataset/validation/masks\mask_795.png,28981,639,128,128,4,PNG
validation,image_808.png,mask_808.png,data/dataset/validation/images\image_808.png,data/dataset/validation/masks\mask_808.png,28714,521,128,128,4,PNG
validation,image_811.png,mask_811.png,data/dataset/validation/images\image_811.png,data/dataset/validation/masks\mask_811.png,29581,530,128,128,4,PNG
validation,image_817.png,mask_817.png,data/dataset/validation/images\image_817.png,data/dataset/validation/masks\mask_817.png,25623,886,128,128,4,PNG
validation,image_818.png,mask_818.png,data/dataset/validation/images\image_818.png,data/dataset/validation/masks\mask_818.png,25137,803,128,128,4,PNG
validation,image_82.png,mask_82.png,data/dataset/validation/images\image_82.png,data/dataset/validation/masks\mask_82.png,32116,768,128,128,4,PNG
validation,image_820.png,mask_820.png,data/dataset/validation/images\image_820.png,data/dataset/validation/masks\mask_820.png,25524,793,128,128,4,PNG
validation,image_824.png,mask_824.png,data/dataset/validation/images\image_824.png,data/dataset/validation/masks\mask_824.png,31532,1509,128,128,4,PNG
validation,image_837.png,mask_837.png,data/dataset/validation/images\image_837.png,data/dataset/validation/masks\mask_837.png,30138,510,128,128,4,PNG
validation,image_838.png,mask_838.png,data/dataset/validation/images\image_838.png,data/dataset/validation/masks\mask_838.png,30623,583,128,128,4,PNG
validation,image_859.png,mask_859.png,data/dataset/validation/images\image_859.png,data/dataset/validation/masks\mask_859.png,27498,567,128,128,4,PNG
validation,image_865.png,mask_865.png,data/dataset/validation/images\image_865.png,data/dataset/validation/masks\mask_865.png,22178,575,128,128,4,PNG
validation,image_868.png,mask_868.png,data/dataset/validation/images\image_868.png,data/dataset/validation/masks\mask_868.png,30086,1261,128,128,4,PNG
validation,image_881.png,mask_881.png,data/dataset/validation/images\image_881.png,data/dataset/validation/masks\mask_881.png,25232,638,128,128,4,PNG
validation,image_9.png,mask_9.png,data/dataset/validation/images\image_9.png,data/dataset/validation/masks\mask_9.png,27804,838,128,128,4,PNG
validation,image_902.png,mask_902.png,data/dataset/validation/images\image_902.png,data/dataset/validation/masks\mask_902.png,27236,828,128,128,4,PNG
validation,image_908.png,mask_908.png,data/dataset/validation/images\image_908.png,data/dataset/validation/masks\mask_908.png,25316,728,128,128,4,PNG
validation,image_913.png,mask_913.png,data/dataset/validation/images\image_913.png,data/dataset/validation/masks\mask_913.png,25316,558,128,128,4,PNG
validation,image_914.png,mask_914.png,data/dataset/validation/images\image_914.png,data/dataset/validation/masks\mask_914.png,30434,1185,128,128,4,PNG
validation,image_918.png,mask_918.png,data/dataset/validation/images\image_918.png,data/dataset/validation/masks\mask_918.png,26759,993,128,128,4,PNG
validation,image_92.png,mask_92.png,data/dataset/validation/images\image_92.png,data/dataset/validation/masks\mask_92.png,31650,581,128,128,4,PNG
validation,image_932.png,mask_932.png,data/dataset/validation/images\image_932.png,data/dataset/validation/masks\mask_932.png,27733,508,128,128,4,PNG
validation,image_950.png,mask_950.png,data/dataset/validation/images\image_950.png,data/dataset/validation/masks\mask_950.png,26203,861,128,128,4,PNG
validation,image_951.png,mask_951.png,data/dataset/validation/images\image_951.png,data/dataset/validation/masks\mask_951.png,28082,616,128,128,4,PNG
validation,image_954.png,mask_954.png,data/dataset/validation/images\image_954.png,data/dataset/validation/masks\mask_954.png,25068,1048,128,128,4,PNG
validation,image_964.png,mask_964.png,data/dataset/validation/images\image_964.png,data/dataset/validation/masks\mask_964.png,23198,508,128,128,4,PNG
validation,image_966.png,mask_966.png,data/dataset/validation/images\image_966.png,data/dataset/validation/masks\mask_966.png,27633,991,128,128,4,PNG
validation,image_97.png,mask_97.png,data/dataset/validation/images\image_97.png,data/dataset/validation/masks\mask_97.png,29507,681,128,128,4,PNG
validation,image_98.png,mask_98.png,data/dataset/validation/images\image_98.png,data/dataset/validation/masks\mask_98.png,27204,798,128,128,4,PNG
validation,image_99.png,mask_99.png,data/dataset/validation/images\image_99.png,data/dataset/validation/masks\mask_99.png,27261,947,128,128,4,PNG
validation,image_991.png,mask_991.png,data/dataset/validation/images\image_991.png,data/dataset/validation/masks\mask_991.png,24956,542,128,128,4,PNG
test,image_100.png,mask_100.png,data/dataset/test/images\image_100.png,data/dataset/test/masks\mask_100.png,28630,857,128,128,4,PNG
test,image_1056.png,mask_1056.png,data/dataset/test/images\image_1056.png,data/dataset/test/masks\mask_1056.png,26933,691,128,128,4,PNG
test,image_1059.png,mask_1059.png,data/dataset/test/images\image_1059.png,data/dataset/test/masks\mask_1059.png,22082,695,128,128,4,PNG
test,image_1064.png,mask_1064.png,data/dataset/test/images\image_1064.png,data/dataset/test/masks\mask_1064.png,30559,1100,128,128,4,PNG
test,image_1090.png,mask_1090.png,data/dataset/test/images\image_1090.png,data/dataset/test/masks\mask_1090.png,26556,746,128,128,4,PNG
test,image_1094.png,mask_1094.png,data/dataset/test/images\image_1094.png,data/dataset/test/masks\mask_1094.png,26247,918,128,128,4,PNG
test,image_1095.png,mask_1095.png,data/dataset/test/images\image_1095.png,data/dataset/test/masks\mask_1095.png,27773,834,128,128,4,PNG
test,image_1098.png,mask_1098.png,data/dataset/test/images\image_1098.png,data/dataset/test/masks\mask_1098.png,28012,965,128,128,4,PNG
test,image_1100.png,mask_1100.png,data/dataset/test/images\image_1100.png,data/dataset/test/masks\mask_1100.png,31019,893,128,128,4,PNG
test,image_1138.png,mask_1138.png,data/dataset/test/images\image_1138.png,data/dataset/test/masks\mask_1138.png,27600,542,128,128,4,PNG
test,image_1146.png,mask_1146.png,data/dataset/test/images\image_1146.png,data/dataset/test/masks\mask_1146.png,29905,841,128,128,4,PNG
test,image_1148.png,mask_1148.png,data/dataset/test/images\image_1148.png,data/dataset/test/masks\mask_1148.png,27431,854,128,128,4,PNG
test,image_1150.png,mask_1150.png,data/dataset/test/images\image_1150.png,data/dataset/test/masks\mask_1150.png,27760,1248,128,128,4,PNG
test,image_1174.png,mask_1174.png,data/dataset/test/images\image_1174.png,data/dataset/test/masks\mask_1174.png,27083,735,128,128,4,PNG
test,image_1177.png,mask_1177.png,data/dataset/test/images\image_1177.png,data/dataset/test/masks\mask_1177.png,30068,840,128,128,4,PNG
test,image_1178.png,mask_1178.png,data/dataset/test/images\image_1178.png,data/dataset/test/masks\mask_1178.png,29130,581,128,128,4,PNG
test,image_1191.png,mask_1191.png,data/dataset/test/images\image_1191.png,data/dataset/test/masks\mask_1191.png,26185,589,128,128,4,PNG
test,image_12.png,mask_12.png,data/dataset/test/images\image_12.png,data/dataset/test/masks\mask_12.png,28598,956,128,128,4,PNG
test,image_1221.png,mask_1221.png,data/dataset/test/images\image_1221.png,data/dataset/test/masks\mask_1221.png,27504,709,128,128,4,PNG
test,image_1277.png,mask_1277.png,data/dataset/test/images\image_1277.png,data/dataset/test/masks\mask_1277.png,31356,1470,128,128,4,PNG
test,image_1295.png,mask_1295.png,data/dataset/test/images\image_1295.png,data/dataset/test/masks\mask_1295.png,28504,544,128,128,4,PNG
test,image_1317.png,mask_1317.png,data/dataset/test/images\image_1317.png,data/dataset/test/masks\mask_1317.png,28268,714,128,128,4,PNG
test,image_1318.png,mask_1318.png,data/dataset/test/images\image_1318.png,data/dataset/test/masks\mask_1318.png,29357,828,128,128,4,PNG
test,image_1319.png,mask_1319.png,data/dataset/test/images\image_1319.png,data/dataset/test/masks\mask_1319.png,31297,1295,128,128,4,PNG
test,image_1346.png,mask_1346.png,data/dataset/test/images\image_1346.png,data/dataset/test/masks\mask_1346.png,27361,579,128,128,4,PNG
test,image_1356.png,mask_1356.png,data/dataset/test/images\image_1356.png,data/dataset/test/masks\mask_1356.png,27449,498,128,128,4,PNG
test,image_1360.png,mask_1360.png,data/dataset/test/images\image_1360.png,data/dataset/test/masks\mask_1360.png,27229,615,128,128,4,PNG
test,image_1362.png,mask_1362.png,data/dataset/test/images\image_1362.png,data/dataset/test/masks\mask_1362.png,28291,797,128,128,4,PNG
test,image_1384.png,mask_1384.png,data/dataset/test/images\image_1384.png,data/dataset/test/masks\mask_1384.png,27781,555,128,128,4,PNG
test,image_14.png,mask_14.png,data/dataset/test/images\image_14.png,data/dataset/test/masks\mask_14.png,23263,784,128,128,4,PNG
test,image_1407.png,mask_1407.png,data/dataset/test/images\image_1407.png,data/dataset/test/masks\mask_1407.png,30044,727,128,128,4,PNG
test,image_1417.png,mask_1417.png,data/dataset/test/images\image_1417.png,data/dataset/test/masks\mask_1417.png,31410,624,128,128,4,PNG
test,image_1458.png,mask_1458.png,data/dataset/test/images\image_1458.png,data/dataset/test/masks\mask_1458.png,29773,1133,128,128,4,PNG
test,image_1476.png,mask_1476.png,data/dataset/test/images\image_1476.png,data/dataset/test/masks\mask_1476.png,24714,547,128,128,4,PNG
test,image_1514.png,mask_1514.png,data/dataset/test/images\image_1514.png,data/dataset/test/masks\mask_1514.png,28287,577,128,128,4,PNG
test,image_1551.png,mask_1551.png,data/dataset/test/images\image_1551.png,data/dataset/test/masks\mask_1551.png,29454,946,128,128,4,PNG
test,image_1552.png,mask_1552.png,data/dataset/test/images\image_1552.png,data/dataset/test/masks\mask_1552.png,27586,905,128,128,4,PNG
test,image_1556.png,mask_1556.png,data/dataset/test/images\image_1556.png,data/dataset/test/masks\mask_1556.png,29305,658,128,128,4,PNG
test,image_1563.png,mask_1563.png,data/dataset/test/images\image_1563.png,data/dataset/test/masks\mask_1563.png,26130,513,128,128,4,PNG
test,image_1603.png,mask_1603.png,data/dataset/test/images\image_1603.png,data/dataset/test/masks\mask_1603.png,30715,519,128,128,4,PNG
test,image_1654.png,mask_1654.png,data/dataset/test/images\image_1654.png,data/dataset/test/masks\mask_1654.png,27562,491,128,128,4,PNG
test,image_1677.png,mask_1677.png,data/dataset/test/images\image_1677.png,data/dataset/test/masks\mask_1677.png,30682,982,128,128,4,PNG
test,image_1691.png,mask_1691.png,data/dataset/test/images\image_1691.png,data/dataset/test/masks\mask_1691.png,26370,775,128,128,4,PNG
test,image_1694.png,mask_1694.png,data/dataset/test/images\image_1694.png,data/dataset/test/masks\mask_1694.png,28606,609,128,128,4,PNG
test,image_1696.png,mask_1696.png,data/dataset/test/images\image_1696.png,data/dataset/test/masks\mask_1696.png,29363,640,128,128,4,PNG
test,image_1736.png,mask_1736.png,data/dataset/test/images\image_1736.png,data/dataset/test/masks\mask_1736.png,24831,502,128,128,4,PNG
test,image_174.png,mask_174.png,data/dataset/test/images\image_174.png,data/dataset/test/masks\mask_174.png,27981,834,128,128,4,PNG
test,image_1771.png,mask_1771.png,data/dataset/test/images\image_1771.png,data/dataset/test/masks\mask_1771.png,26768,571,128,128,4,PNG
test,image_1788.png,mask_1788.png,data/dataset/test/images\image_1788.png,data/dataset/test/masks\mask_1788.png,26929,576,128,128,4,PNG
test,image_1789.png,mask_1789.png,data/dataset/test/images\image_1789.png,data/dataset/test/masks\mask_1789.png,29280,596,128,128,4,PNG
test,image_180.png,mask_180.png,data/dataset/test/images\image_180.png,data/dataset/test/masks\mask_180.png,28228,722,128,128,4,PNG
test,image_1812.png,mask_1812.png,data/dataset/test/images\image_1812.png,data/dataset/test/masks\mask_1812.png,33009,1266,128,128,4,PNG
test,image_1821.png,mask_1821.png,data/dataset/test/images\image_1821.png,data/dataset/test/masks\mask_1821.png,30478,657,128,128,4,PNG
test,image_1863.png,mask_1863.png,data/dataset/test/images\image_1863.png,data/dataset/test/masks\mask_1863.png,23171,685,128,128,4,PNG
test,image_1867.png,mask_1867.png,data/dataset/test/images\image_1867.png,data/dataset/test/masks\mask_1867.png,28284,682,128,128,4,PNG
test,image_1878.png,mask_1878.png,data/dataset/test/images\image_1878.png,data/dataset/test/masks\mask_1878.png,28691,906,128,128,4,PNG
test,image_188.png,mask_188.png,data/dataset/test/images\image_188.png,data/dataset/test/masks\mask_188.png,28031,652,128,128,4,PNG
test,image_1907.png,mask_1907.png,data/dataset/test/images\image_1907.png,data/dataset/test/masks\mask_1907.png,27159,665,128,128,4,PNG
test,image_1916.png,mask_1916.png,data/dataset/test/images\image_1916.png,data/dataset/test/masks\mask_1916.png,33846,1510,128,128,4,PNG
test,image_1955.png,mask_1955.png,data/dataset/test/images\image_1955.png,data/dataset/test/masks\mask_1955.png,31080,701,128,128,4,PNG
test,image_1961.png,mask_1961.png,data/dataset/test/images\image_1961.png,data/dataset/test/masks\mask_1961.png,31887,1324,128,128,4,PNG
test,image_1978.png,mask_1978.png,data/dataset/test/images\image_1978.png,data/dataset/test/masks\mask_1978.png,27132,671,128,128,4,PNG
test,image_2000.png,mask_2000.png,data/dataset/test/images\image_2000.png,data/dataset/test/masks\mask_2000.png,30060,946,128,128,4,PNG
test,image_2008.png,mask_2008.png,data/dataset/test/images\image_2008.png,data/dataset/test/masks\mask_2008.png,28387,1016,128,128,4,PNG
test,image_201.png,mask_201.png,data/dataset/test/images\image_201.png,data/dataset/test/masks\mask_201.png,29362,646,128,128,4,PNG
test,image_2034.png,mask_2034.png,data/dataset/test/images\image_2034.png,data/dataset/test/masks\mask_2034.png,28806,778,128,128,4,PNG
test,image_2040.png,mask_2040.png,data/dataset/test/images\image_2040.png,data/dataset/test/masks\mask_2040.png,24726,541,128,128,4,PNG
test,image_2046.png,mask_2046.png,data/dataset/test/images\image_2046.png,data/dataset/test/masks\mask_2046.png,28108,724,128,128,4,PNG
test,image_2087.png,mask_2087.png,data/dataset/test/images\image_2087.png,data/dataset/test/masks\mask_2087.png,29547,607,128,128,4,PNG
test,image_2088.png,mask_2088.png,data/dataset/test/images\image_2088.png,data/dataset/test/masks\mask_2088.png,31788,749,128,128,4,PNG
test,image_2092.png,mask_2092.png,data/dataset/test/images\image_2092.png,data/dataset/test/masks\mask_2092.png,27211,634,128,128,4,PNG
test,image_2094.png,mask_2094.png,data/dataset/test/images\image_2094.png,data/dataset/test/masks\mask_2094.png,30023,878,128,128,4,PNG
test,image_2095.png,mask_2095.png,data/dataset/test/images\image_2095.png,data/dataset/test/masks\mask_2095.png,30956,1037,128,128,4,PNG
test,image_2103.png,mask_2103.png,data/dataset/test/images\image_2103.png,data/dataset/test/masks\mask_2103.png,28383,636,128,128,4,PNG
test,image_212.png,mask_212.png,data/dataset/test/images\image_212.png,data/dataset/test/masks\mask_212.png,28635,631,128,128,4,PNG
test,image_215.png,mask_215.png,data/dataset/test/images\image_215.png,data/dataset/test/masks\mask_215.png,27794,538,128,128,4,PNG
test,image_2225.png,mask_2225.png,data/dataset/test/images\image_2225.png,data/dataset/test/masks\mask_2225.png,28398,565,128,128,4,PNG
test,image_2226.png,mask_2226.png,data/dataset/test/images\image_2226.png,data/dataset/test/masks\mask_2226.png,26382,528,128,128,4,PNG
test,image_2274.png,mask_2274.png,data/dataset/test/images\image_2274.png,data/dataset/test/masks\mask_2274.png,28665,535,128,128,4,PNG
test,image_2279.png,mask_2279.png,data/dataset/test/images\image_2279.png,data/dataset/test/masks\mask_2279.png,31349,647,128,128,4,PNG
test,image_2283.png,mask_2283.png,data/dataset/test/images\image_2283.png,data/dataset/test/masks\mask_2283.png,30341,2085,128,128,4,PNG
test,image_2285.png,mask_2285.png,data/dataset/test/images\image_2285.png,data/dataset/test/masks\mask_2285.png,28519,1545,128,128,4,PNG
test,image_2297.png,mask_2297.png,data/dataset/test/images\image_2297.png,data/dataset/test/masks\mask_2297.png,27528,813,128,128,4,PNG
test,image_2304.png,mask_2304.png,data/dataset/test/images\image_2304.png,data/dataset/test/masks\mask_2304.png,32466,508,128,128,4,PNG
test,image_2325.png,mask_2325.png,data/dataset/test/images\image_2325.png,data/dataset/test/masks\mask_2325.png,28915,541,128,128,4,PNG
test,image_2343.png,mask_2343.png,data/dataset/test/images\image_2343.png,data/dataset/test/masks\mask_2343.png,26882,1330,128,128,4,PNG
test,image_2355.png,mask_2355.png,data/dataset/test/images\image_2355.png,data/dataset/test/masks\mask_2355.png,24331,1081,128,128,4,PNG
test,image_2359.png,mask_2359.png,data/dataset/test/images\image_2359.png,data/dataset/test/masks\mask_2359.png,25562,903,128,128,4,PNG
test,image_2367.png,mask_2367.png,data/dataset/test/images\image_2367.png,data/dataset/test/masks\mask_2367.png,26526,1032,128,128,4,PNG
test,image_2369.png,mask_2369.png,data/dataset/test/images\image_2369.png,data/dataset/test/masks\mask_2369.png,25265,958,128,128,4,PNG
test,image_2371.png,mask_2371.png,data/dataset/test/images\image_2371.png,data/dataset/test/masks\mask_2371.png,28345,1525,128,128,4,PNG
test,image_2373.png,mask_2373.png,data/dataset/test/images\image_2373.png,data/dataset/test/masks\mask_2373.png,27017,1327,128,128,4,PNG
test,image_2383.png,mask_2383.png,data/dataset/test/images\image_2383.png,data/dataset/test/masks\mask_2383.png,27364,829,128,128,4,PNG
test,image_2396.png,mask_2396.png,data/dataset/test/images\image_2396.png,data/dataset/test/masks\mask_2396.png,20215,504,128,128,4,PNG
test,image_2473.png,mask_2473.png,data/dataset/test/images\image_2473.png,data/dataset/test/masks\mask_2473.png,28382,658,128,128,4,PNG
test,image_2519.png,mask_2519.png,data/dataset/test/images\image_2519.png,data/dataset/test/masks\mask_2519.png,27927,610,128,128,4,PNG
test,image_2528.png,mask_2528.png,data/dataset/test/images\image_2528.png,data/dataset/test/masks\mask_2528.png,31115,561,128,128,4,PNG
test,image_2689.png,mask_2689.png,data/dataset/test/images\image_2689.png,data/dataset/test/masks\mask_2689.png,26121,581,128,128,4,PNG
test,image_2695.png,mask_2695.png,data/dataset/test/images\image_2695.png,data/dataset/test/masks\mask_2695.png,24342,646,128,128,4,PNG
test,image_2721.png,mask_2721.png,data/dataset/test/images\image_2721.png,data/dataset/test/masks\mask_2721.png,21787,728,128,128,4,PNG
test,image_2739.png,mask_2739.png,data/dataset/test/images\image_2739.png,data/dataset/test/masks\mask_2739.png,22303,580,128,128,4,PNG
test,image_2742.png,mask_2742.png,data/dataset/test/images\image_2742.png,data/dataset/test/masks\mask_2742.png,24785,577,128,128,4,PNG
test,image_2750.png,mask_2750.png,data/dataset/test/images\image_2750.png,data/dataset/test/masks\mask_2750.png,27093,776,128,128,4,PNG
test,image_2751.png,mask_2751.png,data/dataset/test/images\image_2751.png,data/dataset/test/masks\mask_2751.png,25844,1163,128,128,4,PNG
test,image_2776.png,mask_2776.png,data/dataset/test/images\image_2776.png,data/dataset/test/masks\mask_2776.png,26098,754,128,128,4,PNG
test,image_2781.png,mask_2781.png,data/dataset/test/images\image_2781.png,data/dataset/test/masks\mask_2781.png,28297,981,128,128,4,PNG
test,image_2812.png,mask_2812.png,data/dataset/test/images\image_2812.png,data/dataset/test/masks\mask_2812.png,30556,721,128,128,4,PNG
test,image_2813.png,mask_2813.png,data/dataset/test/images\image_2813.png,data/dataset/test/masks\mask_2813.png,28504,1133,128,128,4,PNG
test,image_285.png,mask_285.png,data/dataset/test/images\image_285.png,data/dataset/test/masks\mask_285.png,22538,583,128,128,4,PNG
test,image_2922.png,mask_2922.png,data/dataset/test/images\image_2922.png,data/dataset/test/masks\mask_2922.png,27328,784,128,128,4,PNG
test,image_3111.png,mask_3111.png,data/dataset/test/images\image_3111.png,data/dataset/test/masks\mask_3111.png,26450,569,128,128,4,PNG
test,image_3130.png,mask_3130.png,data/dataset/test/images\image_3130.png,data/dataset/test/masks\mask_3130.png,31352,562,128,128,4,PNG
test,image_3136.png,mask_3136.png,data/dataset/test/images\image_3136.png,data/dataset/test/masks\mask_3136.png,21905,520,128,128,4,PNG
test,image_3146.png,mask_3146.png,data/dataset/test/images\image_3146.png,data/dataset/test/masks\mask_3146.png,29932,622,128,128,4,PNG
test,image_3158.png,mask_3158.png,data/dataset/test/images\image_3158.png,data/dataset/test/masks\mask_3158.png,33360,905,128,128,4,PNG
test,image_3164.png,mask_3164.png,data/dataset/test/images\image_3164.png,data/dataset/test/masks\mask_3164.png,30861,1212,128,128,4,PNG
test,image_3180.png,mask_3180.png,data/dataset/test/images\image_3180.png,data/dataset/test/masks\mask_3180.png,26133,576,128,128,4,PNG
test,image_3186.png,mask_3186.png,data/dataset/test/images\image_3186.png,data/dataset/test/masks\mask_3186.png,28309,662,128,128,4,PNG
test,image_3206.png,mask_3206.png,data/dataset/test/images\image_3206.png,data/dataset/test/masks\mask_3206.png,26416,859,128,128,4,PNG
test,image_3216.png,mask_3216.png,data/dataset/test/images\image_3216.png,data/dataset/test/masks\mask_3216.png,31516,1304,128,128,4,PNG
test,image_3226.png,mask_3226.png,data/dataset/test/images\image_3226.png,data/dataset/test/masks\mask_3226.png,25769,895,128,128,4,PNG
test,image_3247.png,mask_3247.png,data/dataset/test/images\image_3247.png,data/dataset/test/masks\mask_3247.png,29202,782,128,128,4,PNG
test,image_326.png,mask_326.png,data/dataset/test/images\image_326.png,data/dataset/test/masks\mask_326.png,26687,677,128,128,4,PNG
test,image_3289.png,mask_3289.png,data/dataset/test/images\image_3289.png,data/dataset/test/masks\mask_3289.png,26877,525,128,128,4,PNG
test,image_3307.png,mask_3307.png,data/dataset/test/images\image_3307.png,data/dataset/test/masks\mask_3307.png,30549,935,128,128,4,PNG
test,image_3316.png,mask_3316.png,data/dataset/test/images\image_3316.png,data/dataset/test/masks\mask_3316.png,22497,676,128,128,4,PNG
test,image_3345.png,mask_3345.png,data/dataset/test/images\image_3345.png,data/dataset/test/masks\mask_3345.png,30725,981,128,128,4,PNG
test,image_3357.png,mask_3357.png,data/dataset/test/images\image_3357.png,data/dataset/test/masks\mask_3357.png,28237,646,128,128,4,PNG
test,image_3359.png,mask_3359.png,data/dataset/test/images\image_3359.png,data/dataset/test/masks\mask_3359.png,27077,544,128,128,4,PNG
test,image_3360.png,mask_3360.png,data/dataset/test/images\image_3360.png,data/dataset/test/masks\mask_3360.png,24581,969,128,128,4,PNG
test,image_3363.png,mask_3363.png,data/dataset/test/images\image_3363.png,data/dataset/test/masks\mask_3363.png,28853,642,128,128,4,PNG
test,image_3428.png,mask_3428.png,data/dataset/test/images\image_3428.png,data/dataset/test/masks\mask_3428.png,28415,530,128,128,4,PNG
test,image_3445.png,mask_3445.png,data/dataset/test/images\image_3445.png,data/dataset/test/masks\mask_3445.png,29308,857,128,128,4,PNG
test,image_3482.png,mask_3482.png,data/dataset/test/images\image_3482.png,data/dataset/test/masks\mask_3482.png,28102,530,128,128,4,PNG
test,image_3493.png,mask_3493.png,data/dataset/test/images\image_3493.png,data/dataset/test/masks\mask_3493.png,30514,1256,128,128,4,PNG
test,image_3496.png,mask_3496.png,data/dataset/test/images\image_3496.png,data/dataset/test/masks\mask_3496.png,21778,673,128,128,4,PNG
test,image_3542.png,mask_3542.png,data/dataset/test/images\image_3542.png,data/dataset/test/masks\mask_3542.png,24573,573,128,128,4,PNG
test,image_356.png,mask_356.png,data/dataset/test/images\image_356.png,data/dataset/test/masks\mask_356.png,26718,532,128,128,4,PNG
test,image_3580.png,mask_3580.png,data/dataset/test/images\image_3580.png,data/dataset/test/masks\mask_3580.png,30152,1040,128,128,4,PNG
test,image_3603.png,mask_3603.png,data/dataset/test/images\image_3603.png,data/dataset/test/masks\mask_3603.png,27279,658,128,128,4,PNG
test,image_3617.png,mask_3617.png,data/dataset/test/images\image_3617.png,data/dataset/test/masks\mask_3617.png,29130,545,128,128,4,PNG
test,image_363.png,mask_363.png,data/dataset/test/images\image_363.png,data/dataset/test/masks\mask_363.png,30493,733,128,128,4,PNG
test,image_366.png,mask_366.png,data/dataset/test/images\image_366.png,data/dataset/test/masks\mask_366.png,30934,920,128,128,4,PNG
test,image_3661.png,mask_3661.png,data/dataset/test/images\image_3661.png,data/dataset/test/masks\mask_3661.png,31635,699,128,128,4,PNG
test,image_3665.png,mask_3665.png,data/dataset/test/images\image_3665.png,data/dataset/test/masks\mask_3665.png,29691,737,128,128,4,PNG
test,image_3666.png,mask_3666.png,data/dataset/test/images\image_3666.png,data/dataset/test/masks\mask_3666.png,27474,590,128,128,4,PNG
test,image_3669.png,mask_3669.png,data/dataset/test/images\image_3669.png,data/dataset/test/masks\mask_3669.png,28189,671,128,128,4,PNG
test,image_3673.png,mask_3673.png,data/dataset/test/images\image_3673.png,data/dataset/test/masks\mask_3673.png,30744,1407,128,128,4,PNG
test,image_3693.png,mask_3693.png,data/dataset/test/images\image_3693.png,data/dataset/test/masks\mask_3693.png,28089,549,128,128,4,PNG
test,image_3703.png,mask_3703.png,data/dataset/test/images\image_3703.png,data/dataset/test/masks\mask_3703.png,31371,546,128,128,4,PNG
test,image_3717.png,mask_3717.png,data/dataset/test/images\image_3717.png,data/dataset/test/masks\mask_3717.png,26896,788,128,128,4,PNG
test,image_373.png,mask_373.png,data/dataset/test/images\image_373.png,data/dataset/test/masks\mask_373.png,28399,1495,128,128,4,PNG
test,image_3757.png,mask_3757.png,data/dataset/test/images\image_3757.png,data/dataset/test/masks\mask_3757.png,29301,563,128,128,4,PNG
test,image_3758.png,mask_3758.png,data/dataset/test/images\image_3758.png,data/dataset/test/masks\mask_3758.png,28920,623,128,128,4,PNG
test,image_3762.png,mask_3762.png,data/dataset/test/images\image_3762.png,data/dataset/test/masks\mask_3762.png,24423,660,128,128,4,PNG
test,image_400.png,mask_400.png,data/dataset/test/images\image_400.png,data/dataset/test/masks\mask_400.png,28458,693,128,128,4,PNG
test,image_411.png,mask_411.png,data/dataset/test/images\image_411.png,data/dataset/test/masks\mask_411.png,30483,1078,128,128,4,PNG
test,image_413.png,mask_413.png,data/dataset/test/images\image_413.png,data/dataset/test/masks\mask_413.png,26712,796,128,128,4,PNG
test,image_414.png,mask_414.png,data/dataset/test/images\image_414.png,data/dataset/test/masks\mask_414.png,28024,812,128,128,4,PNG
test,image_42.png,mask_42.png,data/dataset/test/images\image_42.png,data/dataset/test/masks\mask_42.png,27024,573,128,128,4,PNG
test,image_438.png,mask_438.png,data/dataset/test/images\image_438.png,data/dataset/test/masks\mask_438.png,29396,531,128,128,4,PNG
test,image_456.png,mask_456.png,data/dataset/test/images\image_456.png,data/dataset/test/masks\mask_456.png,25859,922,128,128,4,PNG
test,image_465.png,mask_465.png,data/dataset/test/images\image_465.png,data/dataset/test/masks\mask_465.png,28196,568,128,128,4,PNG
test,image_487.png,mask_487.png,data/dataset/test/images\image_487.png,data/dataset/test/masks\mask_487.png,29958,566,128,128,4,PNG
test,image_50.png,mask_50.png,data/dataset/test/images\image_50.png,data/dataset/test/masks\mask_50.png,28051,756,128,128,4,PNG
test,image_515.png,mask_515.png,data/dataset/test/images\image_515.png,data/dataset/test/masks\mask_515.png,22456,498,128,128,4,PNG
test,image_516.png,mask_516.png,data/dataset/test/images\image_516.png,data/dataset/test/masks\mask_516.png,24838,578,128,128,4,PNG
test,image_521.png,mask_521.png,data/dataset/test/images\image_521.png,data/dataset/test/masks\mask_521.png,31000,502,128,128,4,PNG
test,image_534.png,mask_534.png,data/dataset/test/images\image_534.png,data/dataset/test/masks\mask_534.png,28464,521,128,128,4,PNG
test,image_535.png,mask_535.png,data/dataset/test/images\image_535.png,data/dataset/test/masks\mask_535.png,26102,709,128,128,4,PNG
test,image_569.png,mask_569.png,data/dataset/test/images\image_569.png,data/dataset/test/masks\mask_569.png,26919,704,128,128,4,PNG
test,image_586.png,mask_586.png,data/dataset/test/images\image_586.png,data/dataset/test/masks\mask_586.png,28821,834,128,128,4,PNG
test,image_601.png,mask_601.png,data/dataset/test/images\image_601.png,data/dataset/test/masks\mask_601.png,23192,546,128,128,4,PNG
test,image_637.png,mask_637.png,data/dataset/test/images\image_637.png,data/dataset/test/masks\mask_637.png,26814,777,128,128,4,PNG
test,image_649.png,mask_649.png,data/dataset/test/images\image_649.png,data/dataset/test/masks\mask_649.png,30880,845,128,128,4,PNG
test,image_652.png,mask_652.png,data/dataset/test/images\image_652.png,data/dataset/test/masks\mask_652.png,25758,562,128,128,4,PNG
test,image_702.png,mask_702.png,data/dataset/test/images\image_702.png,data/dataset/test/masks\mask_702.png,30432,973,128,128,4,PNG
test,image_722.png,mask_722.png,data/dataset/test/images\image_722.png,data/dataset/test/masks\mask_722.png,29068,621,128,128,4,PNG
test,image_740.png,mask_740.png,data/dataset/test/images\image_740.png,data/dataset/test/masks\mask_740.png,30408,748,128,128,4,PNG
test,image_766.png,mask_766.png,data/dataset/test/images\image_766.png,data/dataset/test/masks\mask_766.png,27161,681,128,128,4,PNG
test,image_771.png,mask_771.png,data/dataset/test/images\image_771.png,data/dataset/test/masks\mask_771.png,28396,1056,128,128,4,PNG
test,image_781.png,mask_781.png,data/dataset/test/images\image_781.png,data/dataset/test/masks\mask_781.png,29220,999,128,128,4,PNG
test,image_8.png,mask_8.png,data/dataset/test/images\image_8.png,data/dataset/test/masks\mask_8.png,30357,831,128,128,4,PNG
test,image_813.png,mask_813.png,data/dataset/test/images\image_813.png,data/dataset/test/masks\mask_813.png,28849,762,128,128,4,PNG
test,image_825.png,mask_825.png,data/dataset/test/images\image_825.png,data/dataset/test/masks\mask_825.png,30693,1684,128,128,4,PNG
test,image_827.png,mask_827.png,data/dataset/test/images\image_827.png,data/dataset/test/masks\mask_827.png,32164,1226,128,128,4,PNG
test,image_836.png,mask_836.png,data/dataset/test/images\image_836.png,data/dataset/test/masks\mask_836.png,29345,580,128,128,4,PNG
test,image_874.png,mask_874.png,data/dataset/test/images\image_874.png,data/dataset/test/masks\mask_874.png,28197,833,128,128,4,PNG
test,image_890.png,mask_890.png,data/dataset/test/images\image_890.png,data/dataset/test/masks\mask_890.png,28317,953,128,128,4,PNG
test,image_90.png,mask_90.png,data/dataset/test/images\image_90.png,data/dataset/test/masks\mask_90.png,31071,668,128,128,4,PNG
test,image_905.png,mask_905.png,data/dataset/test/images\image_905.png,data/dataset/test/masks\mask_905.png,27944,975,128,128,4,PNG
test,image_906.png,mask_906.png,data/dataset/test/images\image_906.png,data/dataset/test/masks\mask_906.png,24747,527,128,128,4,PNG
test,image_91.png,mask_91.png,data/dataset/test/images\image_91.png,data/dataset/test/masks\mask_91.png,27212,558,128,128,4,PNG
test,image_921.png,mask_921.png,data/dataset/test/images\image_921.png,data/dataset/test/masks\mask_921.png,26236,772,128,128,4,PNG
test,image_949.png,mask_949.png,data/dataset/test/images\image_949.png,data/dataset/test/masks\mask_949.png,26838,649,128,128,4,PNG
test,image_963.png,mask_963.png,data/dataset/test/images\image_963.png,data/dataset/test/masks\mask_963.png,25056,943,128,128,4,PNG
test,image_965.png,mask_965.png,data/dataset/test/images\image_965.png,data/dataset/test/masks\mask_965.png,25470,575,128,128,4,PNG
test,image_989.png,mask_989.png,data/dataset/test/images\image_989.png,data/dataset/test/masks\mask_989.png,30225,727,128,128,4,PNG
test,image_992.png,mask_992.png,data/dataset/test/images\image_992.png,data/dataset/test/masks\mask_992.png,25617,535,128,128,4,PNG
