date,precipitation,temperature_mean,temperature_min,temperature_max,relative_humidity,source,rainfall_1d,rainfall_3d,rainfall_7d,rainfall_14d,rainfall_30d
2018-01-01,0.02,14.17,11.09,19.54,81.34,"NASA POWER Daily Agroclimatology API (Point 25.5788 N, 91.8933 E)",0.02,0.02,0.02,0.02,0.02
2018-01-02,0.46,12.06,8.63,16.76,84.49,"NASA POWER Daily Agroclimatology API (Point 25.5788 N, 91.8933 E)",0.46,0.48000000000000004,0.48000000000000004,0.48000000000000004,0.48000000000000004
2018-01-03,4.61,11.28,7.61,16.46,85.22,"NASA POWER Daily Agroclimatology API (Point 25.5788 N, 91.8933 E)",4.61,5.090000000000001,5.090000000000001,5.090000000000001,5.090000000000001
2018-01-04,0.05,9.55,2.5,16.11,85.77,"NASA POWER Daily Agroclimatology API (Point 25.5788 N, 91.8933 E)",0.05,5.120000000000001,5.140000000000001,5.140000000000001,5.140000000000001
2018-01-05,0.0,10.41,5.36,17.31,88.17,"NASA POWER Daily Agroclimatology API (Point 25.5788 N, 91.8933 E)",0.0,4.66,5.140000000000001,5.140000000000001,5.140000000000001
2018-01-06,0.0,9.64,6.18,16.0,82.34,"NASA POWER Daily Agroclimatology API (Point 25.5788 N, 91.8933 E)",0.0,0.05,5.140000000000001,5.140000000000001,5.140000000000001
2018-01-07,0.0,8.02,3.18,14.7,58.86,"NASA POWER Daily Agroclimatology API (Point 25.5788 N, 91.8933 E)",0.0,0.0,5.140000000000001,5.140000000000001,5.140000000000001
2018-01-08,0.0,6.85,1.06,14.7,72.37,"NASA POWER Daily Agroclimatology API (Point 25.5788 N, 91.8933 E)",0.0,0.0,5.120000000000001,5.140000000000001,5.140000000000001
2018-01-09,0.0,8.53,4.12,16.18,77.95,"NASA POWER Daily Agroclimatology API (Point 25.5788 N, 91.8933 E)",0.0,0.0,4.66,5.140000000000001,5.140000000000001
2018-01-10,0.0,9.05,3.79,16.69,85.11,"NASA POWER Daily Agroclimatology API (Point 25.5788 N, 91.8933 E)",0.0,0.0,0.05,5.140000000000001,5.140000000000001
2018-01-11,0.0,9.47,3.63,17.07,85.29,"NASA POWER Daily Agroclimatology API (Point 25.5788 N, 91.8933 E)",0.0,0.0,0.0,5.140000000000001,5.140000000000001
2018-01-12,0.0,9.9,4.62,17.39,85.82,"NASA POWER Daily Agroclimatology API (Point 25.5788 N, 91.8933 E)",0.0,0.0,0.0,5.140000000000001,5.140000000000001
2018-01-13,0.0,11.23,7.0,17.3,84.65,"NASA POWER Daily Agroclimatology API (Point 25.5788 N, 91.8933 E)",0.0,0.0,0.0,5.140000000000001,5.140000000000001
2018-01-14,0.0,11.33,7.16,17.55,86.45,"NASA POWER Daily Agroclimatology API (Point 25.5788 N, 91.8933 E)",0.0,0.0,0.0,5.140000000000001,5.140000000000001
2018-01-15,0.03,11.26,8.51,16.11,88.33,"NASA POWER Daily Agroclimatology API (Point 25.5788 N, 91.8933 E)",0.03,0.03,0.03,5.150000000000001,5.170000000000001
2018-01-16,0.0,11.6,5.4,18.31,85.59,"NASA POWER Daily Agroclimatology API (Point 25.5788 N, 91.8933 E)",0.0,0.03,0.03,4.69,5.170000000000001
2018-01-17,0.0,12.64,8.1,18.88,85.64,"NASA POWER Daily Agroclimatology API (Point 25.5788 N, 91.8933 E)",0.0,0.03,0.03,0.08,5.170000000000001
2018-01-18,0.0,12.82,8.25,19.4,81.98,"NASA POWER Daily Agroclimatology API (Point 25.5788 N, 91.8933 E)",0.0,0.0,0.03,0.03,5.170000000000001
2018-01-19,0.0,12.6,7.52,19.02,86.27,"NASA POWER Daily Agroclimatology API (Point 25.5788 N, 91.8933 E)",0.0,0.0,0.03,0.03,5.170000000000001
2018-01-20,0.0,12.56,9.01,18.14,87.63,"NASA POWER Daily Agroclimatology API (Point 25.5788 N, 91.8933 E)",0.0,0.0,0.03,0.03,5.170000000000001
2018-01-21,0.0,12.63,6.65,20.72,79.79,"NASA POWER Daily Agroclimatology API (Point 25.5788 N, 91.8933 E)",0.0,0.0,0.03,0.03,5.170000000000001
2018-01-22,0.0,12.4,7.04,18.88,85.16,"NASA POWER Daily Agroclimatology API (Point 25.5788 N, 91.8933 E)",0.0,0.0,0.0,0.03,5.170000000000001
2018-01-23,0.0,12.92,8.86,19.45,86.39,"NASA POWER Daily Agroclimatology API (Point 25.5788 N, 91.8933 E)",0.0,0.0,0.0,0.03,5.170000000000001
2018-01-24,0.0,12.44,7.65,18.87,83.24,"NASA POWER Daily Agroclimatology API (Point 25.5788 N, 91.8933 E)",0.0,0.0,0.0,0.03,5.170000000000001
2018-01-25,0.0,10.64,6.71,16.81,73.72,"NASA POWER Daily Agroclimatology API (Point 25.5788 N, 91.8933 E)",0.0,0.0,0.0,0.03,5.170000000000001
2018-01-26,0.0,9.51,4.87,16.78,71.17,"NASA POWER Daily Agroclimatology API (Point 25.5788 N, 91.8933 E)",0.0,0.0,0.0,0.03,5.170000000000001
2018-01-27,0.0,7.75,3.17,15.07,76.18,"NASA POWER Daily Agroclimatology API (Point 25.5788 N, 91.8933 E)",0.0,0.0,0.0,0.03,5.170000000000001
2018-01-28,0.0,7.63,2.42,15.51,64.83,"NASA POWER Daily Agroclimatology API (Point 25.5788 N, 91.8933 E)",0.0,0.0,0.0,0.03,5.170000000000001
2018-01-29,0.0,8.88,4.93,16.18,59.64,"NASA POWER Daily Agroclimatology API (Point 25.5788 N, 91.8933 E)",0.0,0.0,0.0,0.0,5.170000000000001
2018-01-30,0.0,8.54,4.04,15.58,70.15,"NASA POWER Daily Agroclimatology API (Point 25.5788 N, 91.8933 E)",0.0,0.0,0.0,0.0,5.170000000000001
2018-01-31,0.0,10.91,6.46,17.56,70.57,"NASA POWER Daily Agroclimatology API (Point 25.5788 N, 91.8933 E)",0.0,0.0,0.0,0.0,5.150000000000001
2018-02-01,0.0,11.68,8.08,16.71,79.04,"NASA POWER Daily Agroclimatology API (Point 25.5788 N, 91.8933 E)",0.0,0.0,0.0,0.0,4.69
2018-02-02,0.0,12.15,7.42,17.37,87.73,"NASA POWER Daily Agroclimatology API (Point 25.5788 N, 91.8933 E)",0.0,0.0,0.0,0.0,0.08
2018-02-03,0.0,12.74,9.81,17.07,86.19,"NASA POWER Daily Agroclimatology API (Point 25.5788 N, 91.8933 E)",0.0,0.0,0.0,0.0,0.03
2018-02-04,0.0,11.44,6.2,17.01,86.85,"NASA POWER Daily Agroclimatology API (Point 25.5788 N, 91.8933 E)",0.0,0.0,0.0,0.0,0.03
2018-02-05,0.0,13.06,8.83,19.32,73.48,"NASA POWER Daily Agroclimatology API (Point 25.5788 N, 91.8933 E)",0.0,0.0,0.0,0.0,0.03
2018-02-06,0.0,12.56,7.75,18.75,84.06,"NASA POWER Daily Agroclimatology API (Point 25.5788 N, 91.8933 E)",0.0,0.0,0.0,0.0,0.03
2018-02-07,0.0,12.22,8.11,18.55,74.06,"NASA POWER Daily Agroclimatology API (Point 25.5788 N, 91.8933 E)",0.0,0.0,0.0,0.0,0.03
2018-02-08,0.0,11.32,6.43,16.74,76.32,"NASA POWER Daily Agroclimatology API (Point 25.5788 N, 91.8933 E)",0.0,0.0,0.0,0.0,0.03
2018-02-09,0.0,11.0,6.12,17.78,73.0,"NASA POWER Daily Agroclimatology API (Point 25.5788 N, 91.8933 E)",0.0,0.0,0.0,0.0,0.03
2018-02-10,0.0,11.7,7.16,17.87,69.33,"NASA POWER Daily Agroclimatology API (Point 25.5788 N, 91.8933 E)",0.0,0.0,0.0,0.0,0.03
2018-02-11,0.0,12.14,7.24,17.88,54.41,"NASA POWER Daily Agroclimatology API (Point 25.5788 N, 91.8933 E)",0.0,0.0,0.0,0.0,0.03
2018-02-12,0.0,14.6,8.55,22.26,57.04,"NASA POWER Daily Agroclimatology API (Point 25.5788 N, 91.8933 E)",0.0,0.0,0.0,0.0,0.03
2018-02-13,0.0,15.29,10.4,22.22,62.26,"NASA POWER Daily Agroclimatology API (Point 25.5788 N, 91.8933 E)",0.0,0.0,0.0,0.0,0.03
2018-02-14,0.23,13.29,8.52,20.01,75.66,"NASA POWER Daily Agroclimatology API (Point 25.5788 N, 91.8933 E)",0.23,0.23,0.23,0.23,0.23
2018-02-15,0.07,12.87,6.53,20.47,77.19,"NASA POWER Daily Agroclimatology API (Point 25.5788 N, 91.8933 E)",0.07,0.30000000000000004,0.30000000000000004,0.30000000000000004,0.30000000000000004
2018-02-16,0.0,13.29,7.23,20.81,78.05,"NASA POWER Daily Agroclimatology API (Point 25.5788 N, 91.8933 E)",0.0,0.30000000000000004,0.30000000000000004,0.30000000000000004,0.30000000000000004
2018-02-17,0.0,12.73,8.16,19.89,67.99,"NASA POWER Daily Agroclimatology API (Point 25.5788 N, 91.8933 E)",0.0,0.07,0.30000000000000004,0.30000000000000004,0.30000000000000004
2018-02-18,0.0,12.42,7.19,19.67,71.37,"NASA POWER Daily Agroclimatology API (Point 25.5788 N, 91.8933 E)",0.0,0.0,0.30000000000000004,0.30000000000000004,0.30000000000000004
2018-02-19,0.0,12.76,8.29,20.15,72.44,"NASA POWER Daily Agroclimatology API (Point 25.5788 N, 91.8933 E)",0.0,0.0,0.30000000000000004,0.30000000000000004,0.30000000000000004
2018-02-20,0.0,14.65,9.16,22.91,66.38,"NASA POWER Daily Agroclimatology API (Point 25.5788 N, 91.8933 E)",0.0,0.0,0.30000000000000004,0.30000000000000004,0.30000000000000004
2018-02-21,0.0,13.83,9.29,20.72,71.66,"NASA POWER Daily Agroclimatology API (Point 25.5788 N, 91.8933 E)",0.0,0.0,0.07,0.30000000000000004,0.30000000000000004
2018-02-22,0.0,13.9,9.17,20.79,65.62,"NASA POWER Daily Agroclimatology API (Point 25.5788 N, 91.8933 E)",0.0,0.0,0.0,0.30000000000000004,0.30000000000000004
2018-02-23,1.57,14.11,9.09,20.05,71.84,"NASA POWER Daily Agroclimatology API (Point 25.5788 N, 91.8933 E)",1.57,1.57,1.57,1.87,1.87
2018-02-24,4.33,16.05,11.65,21.86,67.01,"NASA POWER Daily Agroclimatology API (Point 25.5788 N, 91.8933 E)",4.33,5.9,5.9,6.2,6.2
2018-02-25,0.8,16.18,12.08,22.27,71.73,"NASA POWER Daily Agroclimatology API (Point 25.5788 N, 91.8933 E)",0.8,6.7,6.7,7.0,7.0
2018-02-26,19.63,14.8,11.14,20.22,81.77,"NASA POWER Daily Agroclimatology API (Point 25.5788 N, 91.8933 E)",19.63,24.759999999999998,26.33,26.63,26.63
2018-02-27,0.9,15.45,9.36,21.51,70.32,"NASA POWER Daily Agroclimatology API (Point 25.5788 N, 91.8933 E)",0.9,21.33,27.229999999999997,27.529999999999998,27.529999999999998
2018-02-28,0.0,15.56,11.06,21.96,81.8,"NASA POWER Daily Agroclimatology API (Point 25.5788 N, 91.8933 E)",0.0,20.529999999999998,27.229999999999997,27.299999999999997,27.529999999999998
2018-03-01,0.0,15.42,11.14,21.83,81.28,"NASA POWER Daily Agroclimatology API (Point 25.5788 N, 91.8933 E)",0.0,0.9,27.229999999999997,27.229999999999997,27.529999999999998
2018-03-02,3.72,14.91,10.63,21.42,83.0,"NASA POWER Daily Agroclimatology API (Point 25.5788 N, 91.8933 E)",3.72,3.72,29.38,30.95,31.25
2018-03-03,1.02,14.98,10.75,20.44,78.25,"NASA POWER Daily Agroclimatology API (Point 25.5788 N, 91.8933 E)",1.02,4.74,26.069999999999997,31.97,32.269999999999996
2018-03-04,0.01,15.45,10.03,21.45,78.43,"NASA POWER Daily Agroclimatology API (Point 25.5788 N, 91.8933 E)",0.01,4.75,25.279999999999998,31.979999999999997,32.28
2018-03-05,1.36,16.35,11.92,22.35,74.4,"NASA POWER Daily Agroclimatology API (Point 25.5788 N, 91.8933 E)",1.36,2.39,7.01,33.339999999999996,33.64
2018-03-06,0.0,15.31,10.06,21.54,67.61,"NASA POWER Daily Agroclimatology API (Point 25.5788 N, 91.8933 E)",0.0,1.37,6.109999999999999,33.339999999999996,33.64
2018-03-07,0.0,15.13,9.3,22.18,53.37,"NASA POWER Daily Agroclimatology API (Point 25.5788 N, 91.8933 E)",0.0,1.36,6.109999999999999,33.339999999999996,33.64
2018-03-08,0.0,16.22,10.71,23.07,59.69,"NASA POWER Daily Agroclimatology API (Point 25.5788 N, 91.8933 E)",0.0,0.0,6.109999999999999,33.339999999999996,33.64
2018-03-09,0.0,16.98,12.95,22.68,62.93,"NASA POWER Daily Agroclimatology API (Point 25.5788 N, 91.8933 E)",0.0,0.0,2.39,31.77,33.64
2018-03-10,0.0,15.15,9.61,22.2,61.05,"NASA POWER Daily Agroclimatology API (Point 25.5788 N, 91.8933 E)",0.0,0.0,1.37,27.44,33.64
2018-03-11,3.01,15.64,10.85,22.09,55.66,"NASA POWER Daily Agroclimatology API (Point 25.5788 N, 91.8933 E)",3.01,3.01,4.37,29.65,36.65
2018-03-12,1.24,15.92,10.43,21.38,62.43,"NASA POWER Daily Agroclimatology API (Point 25.5788 N, 91.8933 E)",1.24,4.25,4.25,11.26,37.89
2018-03-13,0.67,16.53,13.46,21.08,64.24,"NASA POWER Daily Agroclimatology API (Point 25.5788 N, 91.8933 E)",0.67,4.92,4.92,11.03,38.56
2018-03-14,0.0,17.41,13.2,23.54,66.67,"NASA POWER Daily Agroclimatology API (Point 25.5788 N, 91.8933 E)",0.0,1.9100000000000001,4.92,11.03,38.56
2018-03-15,0.71,16.97,12.7,22.39,79.19,"NASA POWER Daily Agroclimatology API (Point 25.5788 N, 91.8933 E)",0.71,1.38,5.63,11.74,39.269999999999996
2018-03-16,7.12,15.97,11.75,21.17,86.55,"NASA POWER Daily Agroclimatology API (Point 25.5788 N, 91.8933 E)",7.12,7.83,12.75,15.139999999999999,46.160000000000004
2018-03-17,1.2,16.04,10.89,21.71,81.72,"NASA POWER Daily Agroclimatology API (Point 25.5788 N, 91.8933 E)",1.2,9.03,13.95,15.319999999999999,47.29
2018-03-18,0.48,15.8,10.84,21.84,72.3,"NASA POWER Daily Agroclimatology API (Point 25.5788 N, 91.8933 E)",0.48,8.8,11.42,15.79,47.77
2018-03-19,0.0,17.75,11.53,24.68,47.86,"NASA POWER Daily Agroclimatology API (Point 25.5788 N, 91.8933 E)",0.0,1.68,10.18,14.43,47.77
2018-03-20,0.0,17.95,14.25,23.91,52.28,"NASA POWER Daily Agroclimatology API (Point 25.5788 N, 91.8933 E)",0.0,0.48,9.51,14.43,47.77
2018-03-21,0.0,18.36,14.27,24.19,57.95,"NASA POWER Daily Agroclimatology API (Point 25.5788 N, 91.8933 E)",0.0,0.0,9.51,14.43,47.77
2018-03-22,0.14,18.2,13.94,24.5,64.08,"NASA POWER Daily Agroclimatology API (Point 25.5788 N, 91.8933 E)",0.14,0.14,8.940000000000001,14.57,47.910000000000004
2018-03-23,2.85,17.6,13.12,23.33,72.24,"NASA POWER Daily Agroclimatology API (Point 25.5788 N, 91.8933 E)",2.85,2.99,4.67,17.42,50.760000000000005
2018-03-24,0.01,18.29,13.85,24.26,71.2,"NASA POWER Daily Agroclimatology API (Point 25.5788 N, 91.8933 E)",0.01,3.0,3.4799999999999995,17.43,50.77
2018-03-25,3.3,17.98,13.06,24.65,72.4,"NASA POWER Daily Agroclimatology API (Point 25.5788 N, 91.8933 E)",3.3,6.16,6.3,17.72,52.5
2018-03-26,7.83,17.43,12.51,23.75,76.81,"NASA POWER Daily Agroclimatology API (Point 25.5788 N, 91.8933 E)",7.83,11.14,14.129999999999999,24.31,55.99999999999999
2018-03-27,6.38,18.06,13.01,23.49,66.84,"NASA POWER Daily Agroclimatology API (Point 25.5788 N, 91.8933 E)",6.38,17.51,20.509999999999998,30.02,61.58
2018-03-28,1.01,18.39,13.36,23.96,71.06,"NASA POWER Daily Agroclimatology API (Point 25.5788 N, 91.8933 E)",1.01,15.22,21.52,31.03,42.96
2018-03-29,6.98,17.63,13.91,23.24,75.65,"NASA POWER Daily Agroclimatology API (Point 25.5788 N, 91.8933 E)",6.98,14.370000000000001,28.36,37.3,49.04
2018-03-30,12.75,17.26,12.84,22.5,80.73,"NASA POWER Daily Agroclimatology API (Point 25.5788 N, 91.8933 E)",12.75,20.740000000000002,38.26,42.93,61.79
2018-03-31,10.46,17.63,13.49,23.64,68.94,"NASA POWER Daily Agroclimatology API (Point 25.5788 N, 91.8933 E)",10.46,30.19,48.71,52.19,72.25
2018-04-01,0.08,18.18,12.1,24.81,67.08,"NASA POWER Daily Agroclimatology API (Point 25.5788 N, 91.8933 E)",0.08,23.29,45.49,51.79,68.61
2018-04-02,0.0,19.18,14.16,25.43,67.95,"NASA POWER Daily Agroclimatology API (Point 25.5788 N, 91.8933 E)",0.0,10.540000000000003,37.66,51.79,67.59
2018-04-03,1.91,19.04,14.1,25.38,72.11,"NASA POWER Daily Agroclimatology API (Point 25.5788 N, 91.8933 E)",1.91,1.9900000000000018,33.190000000000005,53.7,69.49
2018-04-04,0.02,19.33,14.6,25.77,69.27,"NASA POWER Daily Agroclimatology API (Point 25.5788 N, 91.8933 E)",0.02,1.9300000000000017,32.199999999999996,53.720000000000006,68.15
2018-04-05,19.35,17.99,14.41,23.75,77.71,"NASA POWER Daily Agroclimatology API (Point 25.5788 N, 91.8933 E)",19.35,21.280000000000005,44.57000000000001,72.93,87.5
2018-04-06,4.63,18.22,14.25,23.66,77.21,"NASA POWER Daily Agroclimatology API (Point 25.5788 N, 91.8933 E)",4.63,24.000000000000004,36.45,74.71000000000001,92.13
2018-04-07,4.63,18.69,12.92,24.07,80.73,"NASA POWER Daily Agroclimatology API (Point 25.5788 N, 91.8933 E)",4.63,28.610000000000007,30.620000000000005,79.33,96.76
2018-04-08,7.44,17.6,14.23,22.01,89.43,"NASA POWER Daily Agroclimatology API (Point 25.5788 N, 91.8933 E)",7.44,16.700000000000003,37.980000000000004,83.47000000000001,104.2
2018-04-09,17.05,17.65,12.9,23.12,86.92,"NASA POWER Daily Agroclimatology API (Point 25.5788 N, 91.8933 E)",17.05,29.120000000000005,55.03,92.69000000000001,121.25
2018-04-10,8.04,18.1,14.14,23.46,85.25,"NASA POWER Daily Agroclimatology API (Point 25.5788 N, 91.8933 E)",8.04,32.53,61.16,94.35,126.28
2018-04-11,17.87,17.75,13.01,22.93,86.5,"NASA POWER Daily Agroclimatology API (Point 25.5788 N, 91.8933 E)",17.87,42.96000000000001,79.01,111.21000000000001,142.91
2018-04-12,14.43,17.55,13.19,22.65,86.77,"NASA POWER Daily Agroclimatology API (Point 25.5788 N, 91.8933 E)",14.43,40.34,74.09,118.66,156.67000000000002
2018-04-13,9.54,17.41,12.54,22.89,86.0,"NASA POWER Daily Agroclimatology API (Point 25.5788 N, 91.8933 E)",9.54,41.84,79.0,115.45,166.21
2018-04-14,20.57,17.57,13.06,22.49,87.58,"NASA POWER Daily Agroclimatology API (Point 25.5788 N, 91.8933 E)",20.57,44.540000000000006,94.94,125.56,186.07
2018-04-15,0.91,18.87,14.19,24.39,77.52,"NASA POWER Daily Agroclimatology API (Point 25.5788 N, 91.8933 E)",0.91,31.020000000000003,88.41,126.39,179.85999999999999
2018-04-16,8.05,20.63,14.89,25.67,64.24,"NASA POWER Daily Agroclimatology API (Point 25.5788 N, 91.8933 E)",8.05,29.530000000000005,79.41,134.44,186.71
2018-04-17,3.16,20.03,16.0,24.63,71.99,"NASA POWER Daily Agroclimatology API (Point 25.5788 N, 91.8933 E)",3.16,12.120000000000005,74.53,135.69,189.39
2018-04-18,6.84,19.31,15.25,24.36,80.18,"NASA POWER Daily Agroclimatology API (Point 25.5788 N, 91.8933 E)",6.84,18.050000000000004,63.5,142.51,196.23
2018-04-19,8.68,18.15,14.69,22.8,88.3,"NASA POWER Daily Agroclimatology API (Point 25.5788 N, 91.8933 E)",8.68,18.680000000000003,57.75,131.84,204.91
2018-04-20,22.44,19.09,13.55,23.38,87.75,"NASA POWER Daily Agroclimatology API (Point 25.5788 N, 91.8933 E)",22.44,37.96000000000001,70.65,149.65,227.35
2018-04-21,35.8,20.49,18.13,23.57,91.33,"NASA POWER Daily Agroclimatology API (Point 25.5788 N, 91.8933 E)",35.8,66.92,85.88,180.82,263.01
2018-04-22,6.89,20.18,16.75,24.27,88.89,"NASA POWER Daily Agroclimatology API (Point 25.5788 N, 91.8933 E)",6.89,65.13,91.86,180.27,267.04999999999995
2018-04-23,2.44,19.45,14.61,24.94,80.57,"NASA POWER Daily Agroclimatology API (Point 25.5788 N, 91.8933 E)",2.44,45.13,86.25000000000001,165.66,269.48
2018-04-24,7.27,19.7,15.61,25.61,62.78,"NASA POWER Daily Agroclimatology API (Point 25.5788 N, 91.8933 E)",7.27,16.60000000000001,90.36,164.89000000000001,273.45
2018-04-25,0.43,20.13,15.96,26.0,61.56,"NASA POWER Daily Agroclimatology API (Point 25.5788 N, 91.8933 E)",0.43,10.140000000000006,83.95,147.45,266.05
2018-04-26,6.9,19.98,16.47,24.34,55.02,"NASA POWER Daily Agroclimatology API (Point 25.5788 N, 91.8933 E)",6.9,14.600000000000007,82.17,139.92,266.57
2018-04-27,5.17,19.0,16.69,21.93,71.04,"NASA POWER Daily Agroclimatology API (Point 25.5788 N, 91.8933 E)",5.17,12.500000000000007,64.9,135.55,270.73
2018-04-28,7.53,19.86,15.24,25.99,73.86,"NASA POWER Daily Agroclimatology API (Point 25.5788 N, 91.8933 E)",7.53,19.60000000000001,36.63000000000001,122.51,271.28
2018-04-29,53.2,17.85,16.03,20.99,91.61,"NASA POWER Daily Agroclimatology API (Point 25.5788 N, 91.8933 E)",53.2,65.9,82.94000000000001,174.8,311.73
2018-04-30,43.4,18.48,15.2,23.04,88.51,"NASA POWER Daily Agroclimatology API (Point 25.5788 N, 91.8933 E)",43.4,104.13000000000001,123.9,210.14999999999998,344.67
2018-05-01,15.05,18.68,14.22,23.24,82.09,"NASA POWER Daily Agroclimatology API (Point 25.5788 N, 91.8933 E)",15.05,111.65,131.68,222.04,359.64000000000004
2018-05-02,5.93,18.64,14.54,23.48,83.45,"NASA POWER Daily Agroclimatology API (Point 25.5788 N, 91.8933 E)",5.93,64.38000000000001,137.18,221.13,365.57000000000005
2018-05-03,10.87,18.69,14.8,22.9,83.55,"NASA POWER Daily Agroclimatology API (Point 25.5788 N, 91.8933 E)",10.87,31.85000000000001,141.15,223.32000000000002,374.53000000000003
2018-05-04,23.45,18.25,16.47,20.88,89.84,"NASA POWER Daily Agroclimatology API (Point 25.5788 N, 91.8933 E)",23.45,40.25,159.43,224.33,397.96000000000004
2018-05-05,18.41,19.22,15.77,22.84,90.78,"NASA POWER Daily Agroclimatology API (Point 25.5788 N, 91.8933 E)",18.41,52.730000000000004,170.31,206.94,397.02
2018-05-06,17.13,20.59,18.0,23.53,91.52,"NASA POWER Daily Agroclimatology API (Point 25.5788 N, 91.8933 E)",17.13,58.99000000000001,134.24,217.18,409.52
2018-05-07,25.9,20.94,18.75,23.95,90.59,"NASA POWER Daily Agroclimatology API (Point 25.5788 N, 91.8933 E)",25.9,61.44,116.74000000000001,240.64,430.79
2018-05-08,21.75,21.09,18.23,24.5,91.35,"NASA POWER Daily Agroclimatology API (Point 25.5788 N, 91.8933 E)",21.75,64.78,123.44,255.12,445.1
2018-05-09,35.72,21.05,18.59,23.95,92.91,"NASA POWER Daily Agroclimatology API (Point 25.5788 N, 91.8933 E)",35.72,83.37,153.23,290.40999999999997,463.77
2018-05-10,19.3,19.48,15.31,23.37,90.76,"NASA POWER Daily Agroclimatology API (Point 25.5788 N, 91.8933 E)",19.3,76.77,161.66,302.81,475.03
2018-05-11,6.48,19.24,16.22,23.72,81.59,"NASA POWER Daily Agroclimatology API (Point 25.5788 N, 91.8933 E)",6.48,61.5,144.69,304.12,463.64
2018-05-12,1.97,20.26,16.6,25.16,79.8,"NASA POWER Daily Agroclimatology API (Point 25.5788 N, 91.8933 E)",1.97,27.75,128.25,298.56,451.18
2018-05-13,1.84,20.07,16.49,24.09,80.74,"NASA POWER Daily Agroclimatology API (Point 25.5788 N, 91.8933 E)",1.84,10.290000000000001,112.96000000000001,247.2,443.48
2018-05-14,0.92,19.72,17.51,23.04,91.5,"NASA POWER Daily Agroclimatology API (Point 25.5788 N, 91.8933 E)",0.92,4.73,87.98,204.72,423.83
2018-05-15,2.69,19.81,17.7,22.76,90.74,"NASA POWER Daily Agroclimatology API (Point 25.5788 N, 91.8933 E)",2.69,5.45,68.92,192.35999999999999,425.60999999999996
2018-05-16,19.28,19.72,16.72,24.01,86.09,"NASA POWER Daily Agroclimatology API (Point 25.5788 N, 91.8933 E)",19.28,22.89,52.48000000000001,205.70999999999998,436.84
2018-05-17,5.26,19.84,16.66,23.62,84.7,"NASA POWER Daily Agroclimatology API (Point 25.5788 N, 91.8933 E)",5.26,27.229999999999997,38.440000000000005,200.1,438.94
2018-05-18,5.39,20.01,16.92,23.54,90.77,"NASA POWER Daily Agroclimatology API (Point 25.5788 N, 91.8933 E)",5.39,29.93,37.35000000000001,182.04,437.48999999999995
2018-05-19,5.49,20.51,17.42,24.14,91.29,"NASA POWER Daily Agroclimatology API (Point 25.5788 N, 91.8933 E)",5.49,16.14,40.87000000000001,169.12,434.3
2018-05-20,23.59,21.21,18.91,23.87,93.25,"NASA POWER Daily Agroclimatology API (Point 25.5788 N, 91.8933 E)",23.59,34.47,62.620000000000005,175.58,435.45000000000005
2018-05-21,8.52,21.57,18.81,25.08,91.72,"NASA POWER Daily Agroclimatology API (Point 25.5788 N, 91.8933 E)",8.52,37.6,70.22000000000001,158.2,408.17
2018-05-22,6.6,21.06,19.55,23.02,95.36,"NASA POWER Daily Agroclimatology API (Point 25.5788 N, 91.8933 E)",6.6,38.71,74.13000000000001,143.05,407.88000000000005
2018-05-23,3.74,21.73,19.07,25.07,90.07,"NASA POWER Daily Agroclimatology API (Point 25.5788 N, 91.8933 E)",3.74,18.860000000000003,58.59,111.07000000000001,409.17999999999995
2018-05-24,51.85,21.14,19.86,23.49,93.02,"NASA POWER Daily Agroclimatology API (Point 25.5788 N, 91.8933 E)",51.85,62.190000000000005,105.18,143.62,453.76
2018-05-25,50.74,21.41,19.68,24.18,92.97,"NASA POWER Daily Agroclimatology API (Point 25.5788 N, 91.8933 E)",50.74,106.33000000000001,150.53000000000003,187.88,504.07
2018-05-26,39.83,21.82,20.08,24.34,94.04,"NASA POWER Daily Agroclimatology API (Point 25.5788 N, 91.8933 E)",39.83,142.42000000000002,184.87,225.73999999999998,537.0
2018-05-27,36.56,21.68,19.37,24.85,91.72,"NASA POWER Daily Agroclimatology API (Point 25.5788 N, 91.8933 E)",36.56,127.13,197.84,260.46000000000004,568.3900000000001
2018-05-28,15.22,21.43,18.9,24.8,89.33,"NASA POWER Daily Agroclimatology API (Point 25.5788 N, 91.8933 E)",15.22,91.61,204.54000000000002,274.76,576.0799999999999
2018-05-29,3.43,21.67,15.9,26.32,77.53,"NASA POWER Daily Agroclimatology API (Point 25.5788 N, 91.8933 E)",3.43,55.21,201.37000000000003,275.5,526.3100000000001
2018-05-30,4.76,21.49,16.12,27.59,83.26,"NASA POWER Daily Agroclimatology API (Point 25.5788 N, 91.8933 E)",4.76,23.41,202.39000000000001,260.98,487.67
2018-05-31,21.14,21.43,17.81,25.38,90.55,"NASA POWER Daily Agroclimatology API (Point 25.5788 N, 91.8933 E)",21.14,29.33,171.68000000000004,276.86,493.76
2018-06-01,10.75,21.26,18.54,24.72,89.67,"NASA POWER Daily Agroclimatology API (Point 25.5788 N, 91.8933 E)",10.75,36.65,131.69000000000003,282.22,498.58
2018-06-02,12.54,21.41,18.18,25.14,85.79,"NASA POWER Daily Agroclimatology API (Point 25.5788 N, 91.8933 E)",12.54,44.43,104.4,289.27000000000004,500.25
2018-06-03,1.3,21.29,18.07,24.73,90.32,"NASA POWER Daily Agroclimatology API (Point 25.5788 N, 91.8933 E)",1.3,24.59,69.14,266.97999999999996,478.09999999999997
2018-06-04,3.28,21.73,18.63,25.0,87.77,"NASA POWER Daily Agroclimatology API (Point 25.5788 N, 91.8933 E)",3.28,17.119999999999997,57.20000000000001,261.74,462.97
2018-06-05,5.26,22.18,19.46,24.94,87.04,"NASA POWER Daily Agroclimatology API (Point 25.5788 N, 91.8933 E)",5.26,9.84,59.03000000000001,260.4,451.1
2018-06-06,9.84,23.23,18.72,27.89,86.96,"NASA POWER Daily Agroclimatology API (Point 25.5788 N, 91.8933 E)",9.84,18.38,64.11000000000001,266.5,435.03999999999996
2018-06-07,7.66,22.59,20.59,26.12,90.61,"NASA POWER Daily Agroclimatology API (Point 25.5788 N, 91.8933 E)",7.66,22.759999999999998,50.63000000000001,222.31,420.95
2018-06-08,0.49,22.6,19.01,26.16,89.73,"NASA POWER Daily Agroclimatology API (Point 25.5788 N, 91.8933 E)",0.49,17.990000000000002,40.37000000000001,172.06,385.72
2018-06-09,6.51,22.56,20.47,25.06,91.02,"NASA POWER Daily Agroclimatology API (Point 25.5788 N, 91.8933 E)",6.51,14.66,34.34,138.74,372.93
2018-06-10,7.26,22.84,19.79,26.69,89.12,"NASA POWER Daily Agroclimatology API (Point 25.5788 N, 91.8933 E)",7.26,14.26,40.30000000000001,109.44000000000001,373.71
2018-06-11,44.75,22.73,19.54,26.49,89.36,"NASA POWER Daily Agroclimatology API (Point 25.5788 N, 91.8933 E)",44.75,58.519999999999996,81.77000000000001,138.97,416.49
2018-06-12,54.44,22.97,20.96,26.56,91.96,"NASA POWER Daily Agroclimatology API (Point 25.5788 N, 91.8933 E)",54.44,106.44999999999999,130.95,189.98,469.09
2018-06-13,93.62,22.1,20.69,24.08,94.19,"NASA POWER Daily Agroclimatology API (Point 25.5788 N, 91.8933 E)",93.62,192.81,214.73000000000002,278.84000000000003,561.79
2018-06-14,64.89,22.49,21.09,24.79,95.13,"NASA POWER Daily Agroclimatology API (Point 25.5788 N, 91.8933 E)",64.89,212.95,271.96000000000004,322.59000000000003,623.99
2018-06-15,54.63,21.57,20.5,23.02,95.31,"NASA POWER Daily Agroclimatology API (Point 25.5788 N, 91.8933 E)",54.63,213.14,326.1,366.47,659.34
2018-06-16,19.81,21.14,19.4,23.3,94.23,"NASA POWER Daily Agroclimatology API (Point 25.5788 N, 91.8933 E)",19.81,139.32999999999998,339.40000000000003,373.74,673.89
2018-06-17,30.16,21.21,18.95,24.17,92.43,"NASA POWER Daily Agroclimatology API (Point 25.5788 N, 91.8933 E)",30.16,104.6,362.3,402.59999999999997,698.66
2018-06-18,17.64,22.26,19.07,25.92,90.17,"NASA POWER Daily Agroclimatology API (Point 25.5788 N, 91.8933 E)",17.64,67.60999999999999,335.19,416.96000000000004,710.8100000000001
2018-06-19,8.35,22.45,19.19,26.36,88.92,"NASA POWER Daily Agroclimatology API (Point 25.5788 N, 91.8933 E)",8.35,56.149999999999984,289.1,420.05,695.5699999999999
2018-06-20,0.78,22.74,19.29,26.58,88.01,"NASA POWER Daily Agroclimatology API (Point 25.5788 N, 91.8933 E)",0.78,26.769999999999985,196.26000000000002,410.99,687.83
2018-06-21,12.33,22.4,20.21,25.17,92.07,"NASA POWER Daily Agroclimatology API (Point 25.5788 N, 91.8933 E)",12.33,21.459999999999987,143.7,415.66,693.56
2018-06-22,40.5,22.25,19.99,25.09,92.26,"NASA POWER Daily Agroclimatology API (Point 25.5788 N, 91.8933 E)",40.5,53.609999999999985,129.57,455.67,730.3199999999999
2018-06-23,57.35,22.63,20.24,26.23,91.76,"NASA POWER Daily Agroclimatology API (Point 25.5788 N, 91.8933 E)",57.35,110.17999999999998,167.11,506.51000000000005,735.82
2018-06-24,47.23,22.6,20.71,25.61,93.29,"NASA POWER Daily Agroclimatology API (Point 25.5788 N, 91.8933 E)",47.23,145.07999999999998,184.18,546.48,732.3100000000001
2018-06-25,28.14,22.73,20.31,26.2,92.31,"NASA POWER Daily Agroclimatology API (Point 25.5788 N, 91.8933 E)",28.14,132.71999999999997,194.68,529.87,720.62
2018-06-26,16.75,22.47,21.13,24.64,91.59,"NASA POWER Daily Agroclimatology API (Point 25.5788 N, 91.8933 E)",16.75,92.11999999999999,203.08,492.18000000000006,700.81
2018-06-27,11.48,22.14,20.02,24.42,91.15,"NASA POWER Daily Agroclimatology API (Point 25.5788 N, 91.8933 E)",11.48,56.36999999999999,213.78,410.04,697.07
2018-06-28,8.26,21.61,20.01,23.9,94.25,"NASA POWER Daily Agroclimatology API (Point 25.5788 N, 91.8933 E)",8.26,36.48999999999999,209.71000000000004,353.40999999999997,701.9
2018-06-29,16.48,22.04,19.66,25.2,91.78,"NASA POWER Daily Agroclimatology API (Point 25.5788 N, 91.8933 E)",16.48,36.219999999999985,185.69000000000003,315.26,713.62
2018-06-30,43.54,21.32,19.63,22.77,96.13,"NASA POWER Daily Agroclimatology API (Point 25.5788 N, 91.8933 E)",43.54,68.27999999999999,171.88,338.99,736.02
2018-07-01,35.44,21.98,20.58,23.45,96.16,"NASA POWER Daily Agroclimatology API (Point 25.5788 N, 91.8933 E)",35.44,95.45999999999998,160.09,344.27000000000004,760.71
2018-07-02,44.29,22.36,20.65,24.13,95.18,"NASA POWER Daily Agroclimatology API (Point 25.5788 N, 91.8933 E)",44.29,123.26999999999998,176.24,370.91999999999996,792.46
2018-07-03,65.5,22.11,21.11,23.37,96.49,"NASA POWER Daily Agroclimatology API (Point 25.5788 N, 91.8933 E)",65.5,145.23,224.99,428.07,856.66
2018-07-04,77.94,22.37,20.79,24.09,95.6,"NASA POWER Daily Agroclimatology API (Point 25.5788 N, 91.8933 E)",77.94,187.73,291.45,505.22999999999996,931.3199999999999
2018-07-05,12.45,22.5,20.13,25.81,92.6,"NASA POWER Daily Agroclimatology API (Point 25.5788 N, 91.8933 E)",12.45,155.89,295.64,505.34999999999997,938.51
2018-07-06,3.49,23.31,20.18,27.22,90.46,"NASA POWER Daily Agroclimatology API (Point 25.5788 N, 91.8933 E)",3.49,93.87999999999998,282.65,468.34,932.16
2018-07-07,6.38,22.2,20.09,24.52,92.18,"NASA POWER Daily Agroclimatology API (Point 25.5788 N, 91.8933 E)",6.38,22.319999999999986,245.49,417.36999999999995,930.88
2018-07-08,10.03,22.87,19.67,26.34,91.14,"NASA POWER Daily Agroclimatology API (Point 25.5788 N, 91.8933 E)",10.03,19.899999999999984,220.08,380.17,940.42
2018-07-09,3.42,22.97,20.47,26.69,90.95,"NASA POWER Daily Agroclimatology API (Point 25.5788 N, 91.8933 E)",3.42,19.829999999999984,179.21,355.45,937.33
2018-07-10,8.98,22.5,20.38,26.0,91.17,"NASA POWER Daily Agroclimatology API (Point 25.5788 N, 91.8933 E)",8.98,22.429999999999986,122.69000000000001,347.68,939.05
2018-07-11,9.42,23.19,20.46,26.57,90.83,"NASA POWER Daily Agroclimatology API (Point 25.5788 N, 91.8933 E)",9.42,21.819999999999986,54.170000000000016,345.62,903.72
2018-07-12,7.92,22.06,19.74,23.64,93.2,"NASA POWER Daily Agroclimatology API (Point 25.5788 N, 91.8933 E)",7.92,26.319999999999986,49.64000000000001,345.28000000000003,857.1999999999999
2018-07-13,9.91,22.66,19.08,26.27,90.37,"NASA POWER Daily Agroclimatology API (Point 25.5788 N, 91.8933 E)",9.91,27.249999999999986,56.06000000000002,338.71,773.4899999999999
2018-07-14,18.77,23.65,20.57,27.59,88.38,"NASA POWER Daily Agroclimatology API (Point 25.5788 N, 91.8933 E)",18.77,36.59999999999999,68.45000000000002,313.93999999999994,727.3699999999999
2018-07-15,16.9,23.74,20.55,27.38,87.5,"NASA POWER Daily Agroclimatology API (Point 25.5788 N, 91.8933 E)",16.9,45.579999999999984,75.32000000000001,295.4,689.64
2018-07-16,11.48,23.43,21.43,26.34,92.09,"NASA POWER Daily Agroclimatology API (Point 25.5788 N, 91.8933 E)",11.48,47.14999999999999,83.38000000000001,262.59000000000003,681.3100000000001
2018-07-17,9.62,22.62,20.47,25.7,91.99,"NASA POWER Daily Agroclimatology API (Point 25.5788 N, 91.8933 E)",9.62,37.999999999999986,84.02000000000001,206.71,660.77
2018-07-18,8.07,23.13,19.99,26.5,88.74,"NASA POWER Daily Agroclimatology API (Point 25.5788 N, 91.8933 E)",8.07,29.169999999999987,82.67000000000002,136.83999999999997,651.1999999999999
2018-07-19,2.1,24.36,20.4,28.22,87.87,"NASA POWER Daily Agroclimatology API (Point 25.5788 N, 91.8933 E)",2.1,19.789999999999985,76.85000000000001,126.49,644.95
2018-07-20,7.31,24.97,22.07,28.45,89.56,"NASA POWER Daily Agroclimatology API (Point 25.5788 N, 91.8933 E)",7.31,17.479999999999986,74.25000000000001,130.31,651.4799999999999
2018-07-21,19.36,22.55,20.32,25.38,91.01,"NASA POWER Daily Agroclimatology API (Point 25.5788 N, 91.8933 E)",19.36,28.769999999999985,74.84,143.29,658.51
2018-07-22,30.97,21.56,20.01,23.21,93.99,"NASA POWER Daily Agroclimatology API (Point 25.5788 N, 91.8933 E)",30.97,57.639999999999986,88.91000000000001,164.23,648.98
2018-07-23,27.13,22.05,19.47,24.81,92.8,"NASA POWER Daily Agroclimatology API (Point 25.5788 N, 91.8933 E)",27.13,77.45999999999998,104.56,187.93999999999997,618.76
2018-07-24,21.36,21.83,20.88,23.32,94.6,"NASA POWER Daily Agroclimatology API (Point 25.5788 N, 91.8933 E)",21.36,79.45999999999998,116.30000000000001,200.32,592.89
2018-07-25,29.26,22.28,20.19,25.11,93.64,"NASA POWER Daily Agroclimatology API (Point 25.5788 N, 91.8933 E)",29.26,77.74999999999999,137.49,220.16,594.01
2018-07-26,30.79,22.48,19.92,25.76,92.41,"NASA POWER Daily Agroclimatology API (Point 25.5788 N, 91.8933 E)",30.79,81.40999999999998,166.18,243.02999999999997,608.05
2018-07-27,40.25,22.48,19.59,25.77,91.35,"NASA POWER Daily Agroclimatology API (Point 25.5788 N, 91.8933 E)",40.25,100.29999999999998,199.12,273.37,636.8199999999999
2018-07-28,45.78,22.9,20.98,25.89,93.11,"NASA POWER Daily Agroclimatology API (Point 25.5788 N, 91.8933 E)",45.78,116.81999999999998,225.54,300.38,674.3399999999999
2018-07-29,29.58,22.23,20.37,24.44,93.5,"NASA POWER Daily Agroclimatology API (Point 25.5788 N, 91.8933 E)",29.58,115.60999999999999,224.15,313.05999999999995,687.4399999999999
2018-07-30,12.13,21.95,20.81,23.94,95.42,"NASA POWER Daily Agroclimatology API (Point 25.5788 N, 91.8933 E)",12.13,87.48999999999998,209.15,313.71000000000004,656.03
2018-07-31,14.06,21.88,19.61,24.89,92.66,"NASA POWER Daily Agroclimatology API (Point 25.5788 N, 91.8933 E)",14.06,55.76999999999998,201.85000000000002,318.15000000000003,634.65
2018-08-01,26.92,21.87,19.52,23.82,93.84,"NASA POWER Daily Agroclimatology API (Point 25.5788 N, 91.8933 E)",26.92,53.109999999999985,199.51000000000002,337.0,617.28
2018-08-02,29.49,21.68,19.6,23.94,95.22,"NASA POWER Daily Agroclimatology API (Point 25.5788 N, 91.8933 E)",29.49,70.46999999999998,198.21,364.39,581.27
2018-08-03,9.96,21.72,19.72,24.46,92.97,"NASA POWER Daily Agroclimatology API (Point 25.5788 N, 91.8933 E)",9.96,66.36999999999998,167.92000000000002,367.03999999999996,513.29
2018-08-04,13.25,22.41,20.19,25.87,92.59,"NASA POWER Daily Agroclimatology API (Point 25.5788 N, 91.8933 E)",13.25,52.69999999999998,135.39000000000001,360.92999999999995,514.09
2018-08-05,5.7,23.1,20.95,26.77,91.2,"NASA POWER Daily Agroclimatology API (Point 25.5788 N, 91.8933 E)",5.7,28.909999999999986,111.51000000000002,335.66,516.3
2018-08-06,2.04,22.36,20.97,24.54,92.84,"NASA POWER Daily Agroclimatology API (Point 25.5788 N, 91.8933 E)",2.04,20.989999999999988,101.42000000000002,310.57,511.96
2018-08-07,11.8,23.18,19.78,27.06,88.34,"NASA POWER Daily Agroclimatology API (Point 25.5788 N, 91.8933 E)",11.8,19.539999999999985,99.16000000000001,301.01,513.73
2018-08-08,9.67,21.99,20.12,24.55,93.91,"NASA POWER Daily Agroclimatology API (Point 25.5788 N, 91.8933 E)",9.67,23.509999999999987,81.91000000000001,281.42,519.98
2018-08-09,5.16,21.95,19.59,25.3,91.26,"NASA POWER Daily Agroclimatology API (Point 25.5788 N, 91.8933 E)",5.16,26.629999999999985,57.58000000000001,255.79,516.16
2018-08-10,3.7,22.26,19.35,26.65,90.77,"NASA POWER Daily Agroclimatology API (Point 25.5788 N, 91.8933 E)",3.7,18.529999999999987,51.320000000000014,219.24,510.44
2018-08-11,13.99,22.35,19.21,25.55,93.4,"NASA POWER Daily Agroclimatology API (Point 25.5788 N, 91.8933 E)",13.99,22.849999999999987,52.06000000000002,187.45,516.51
2018-08-12,27.95,21.75,20.18,23.97,93.39,"NASA POWER Daily Agroclimatology API (Point 25.5788 N, 91.8933 E)",27.95,45.639999999999986,74.31000000000002,185.82,534.55
2018-08-13,8.61,22.39,19.08,25.19,92.66,"NASA POWER Daily Agroclimatology API (Point 25.5788 N, 91.8933 E)",8.61,50.54999999999998,80.88000000000002,182.3,524.39
2018-08-14,3.66,22.49,20.14,25.64,92.98,"NASA POWER Daily Agroclimatology API (Point 25.5788 N, 91.8933 E)",3.66,40.219999999999985,72.74000000000001,171.9,511.15000000000003
2018-08-15,35.4,23.3,20.2,26.69,90.25,"NASA POWER Daily Agroclimatology API (Point 25.5788 N, 91.8933 E)",35.4,47.66999999999998,98.47000000000001,180.38,535.07
2018-08-16,29.18,23.19,20.54,27.04,89.65,"NASA POWER Daily Agroclimatology API (Point 25.5788 N, 91.8933 E)",29.18,68.23999999999998,122.49000000000001,180.07,554.63
2018-08-17,4.65,23.26,20.82,26.46,90.05,"NASA POWER Daily Agroclimatology API (Point 25.5788 N, 91.8933 E)",4.65,69.22999999999999,123.44000000000001,174.76,551.2099999999999
2018-08-18,0.72,23.94,20.6,27.24,86.99,"NASA POWER Daily Agroclimatology API (Point 25.5788 N, 91.8933 E)",0.72,34.549999999999976,110.17000000000002,162.23,549.83
2018-08-19,4.26,24.14,20.15,28.13,88.1,"NASA POWER Daily Agroclimatology API (Point 25.5788 N, 91.8933 E)",4.26,9.629999999999978,86.48000000000002,160.79000000000002,546.78
2018-08-20,4.05,24.05,21.7,27.81,88.4,"NASA POWER Daily Agroclimatology API (Point 25.5788 N, 91.8933 E)",4.05,9.029999999999978,81.92000000000002,162.79999999999998,531.4699999999999
2018-08-21,20.07,22.61,20.7,24.66,93.13,"NASA POWER Daily Agroclimatology API (Point 25.5788 N, 91.8933 E)",20.07,28.379999999999978,98.33000000000001,171.07,520.5699999999999
2018-08-22,19.7,22.31,20.71,24.56,93.29,"NASA POWER Daily Agroclimatology API (Point 25.5788 N, 91.8933 E)",19.7,43.81999999999998,82.63000000000001,181.1,513.14
2018-08-23,11.41,23.09,20.12,26.94,90.49,"NASA POWER Daily Agroclimatology API (Point 25.5788 N, 91.8933 E)",11.41,51.17999999999998,64.86000000000001,187.35,503.19
2018-08-24,73.49,22.19,20.25,23.58,96.66,"NASA POWER Daily Agroclimatology API (Point 25.5788 N, 91.8933 E)",73.49,104.59999999999997,133.70000000000002,257.14,547.42
2018-08-25,33.21,21.71,20.12,24.0,93.56,"NASA POWER Daily Agroclimatology API (Point 25.5788 N, 91.8933 E)",33.21,118.10999999999996,166.19,276.36,549.84
2018-08-26,14.57,22.46,19.22,25.72,91.16,"NASA POWER Daily Agroclimatology API (Point 25.5788 N, 91.8933 E)",14.57,121.26999999999997,176.5,262.98,524.1600000000001
2018-08-27,17.45,21.56,19.89,23.51,92.19,"NASA POWER Daily Agroclimatology API (Point 25.5788 N, 91.8933 E)",17.45,65.22999999999998,189.9,271.82,495.83
2018-08-28,32.57,21.37,18.65,23.96,94.13,"NASA POWER Daily Agroclimatology API (Point 25.5788 N, 91.8933 E)",32.57,64.58999999999997,202.4,300.72999999999996,498.82
2018-08-29,9.81,22.15,20.54,25.1,94.16,"NASA POWER Daily Agroclimatology API (Point 25.5788 N, 91.8933 E)",9.81,59.82999999999997,192.51,275.14,496.5
2018-08-30,8.93,22.33,19.64,25.85,91.28,"NASA POWER Daily Agroclimatology API (Point 25.5788 N, 91.8933 E)",8.93,51.30999999999997,190.03,254.89,491.37
2018-08-31,20.1,22.66,19.86,26.57,91.6,"NASA POWER Daily Agroclimatology API (Point 25.5788 N, 91.8933 E)",20.1,38.839999999999975,136.64000000000001,270.34000000000003,484.55
2018-09-01,34.83,22.35,20.11,24.98,91.49,"NASA POWER Daily Agroclimatology API (Point 25.5788 N, 91.8933 E)",34.83,63.85999999999997,138.26,304.45,489.89
2018-09-02,31.02,21.79,19.31,25.15,92.77,"NASA POWER Daily Agroclimatology API (Point 25.5788 N, 91.8933 E)",31.02,85.94999999999997,154.71,331.21,510.95
2018-09-03,19.23,22.13,19.25,25.08,93.26,"NASA POWER Daily Agroclimatology API (Point 25.5788 N, 91.8933 E)",19.23,85.07999999999996,156.49,346.39,516.9300000000001
2018-09-04,16.89,23.18,20.97,27.78,89.52,"NASA POWER Daily Agroclimatology API (Point 25.5788 N, 91.8933 E)",16.89,67.13999999999997,140.81,343.21,528.12
2018-09-05,44.06,22.72,20.01,27.19,92.41,"NASA POWER Daily Agroclimatology API (Point 25.5788 N, 91.8933 E)",44.06,80.17999999999998,175.06,367.57,570.14
2018-09-06,5.64,22.58,19.44,26.57,90.18,"NASA POWER Daily Agroclimatology API (Point 25.5788 N, 91.8933 E)",5.64,66.58999999999997,171.77,361.79999999999995,563.98
2018-09-07,2.36,21.69,18.83,25.32,91.04,"NASA POWER Daily Agroclimatology API (Point 25.5788 N, 91.8933 E)",2.36,52.059999999999974,154.03,290.67,556.6700000000001
2018-09-08,8.06,21.77,19.03,25.33,91.91,"NASA POWER Daily Agroclimatology API (Point 25.5788 N, 91.8933 E)",8.06,16.059999999999974,127.26000000000002,265.52,559.5699999999999
2018-09-09,33.91,21.79,19.79,25.06,93.39,"NASA POWER Daily Agroclimatology API (Point 25.5788 N, 91.8933 E)",33.91,44.32999999999997,130.15000000000003,284.86,589.78
2018-09-10,54.9,21.02,19.29,23.7,94.53,"NASA POWER Daily Agroclimatology API (Point 25.5788 N, 91.8933 E)",54.9,96.86999999999998,165.82000000000002,322.31,630.69
2018-09-11,35.46,21.41,19.6,23.89,94.26,"NASA POWER Daily Agroclimatology API (Point 25.5788 N, 91.8933 E)",35.46,124.26999999999997,184.39,325.2,638.1999999999999
2018-09-12,39.14,21.35,20.49,23.15,95.53,"NASA POWER Daily Agroclimatology API (Point 25.5788 N, 91.8933 E)",39.14,129.49999999999997,179.47,354.53,668.7299999999999
2018-09-13,31.65,21.05,19.19,23.6,95.14,"NASA POWER Daily Agroclimatology API (Point 25.5788 N, 91.8933 E)",31.65,106.24999999999997,205.48000000000002,377.25,696.72
2018-09-14,19.3,21.0,19.28,23.04,96.34,"NASA POWER Daily Agroclimatology API (Point 25.5788 N, 91.8933 E)",19.3,90.08999999999997,222.42000000000002,376.45,680.62
2018-09-15,3.63,22.67,19.68,26.45,83.67,"NASA POWER Daily Agroclimatology API (Point 25.5788 N, 91.8933 E)",3.63,54.57999999999997,217.99000000000004,345.25,655.07
2018-09-16,1.14,22.37,18.59,26.36,86.9,"NASA POWER Daily Agroclimatology API (Point 25.5788 N, 91.8933 E)",1.14,24.069999999999972,185.22000000000003,315.37,651.56
2018-09-17,1.82,23.04,19.87,27.1,86.5,"NASA POWER Daily Agroclimatology API (Point 25.5788 N, 91.8933 E)",1.82,6.589999999999971,132.14000000000001,297.96,652.6600000000001
2018-09-18,0.42,23.12,19.75,26.76,88.55,"NASA POWER Daily Agroclimatology API (Point 25.5788 N, 91.8933 E)",0.42,3.3799999999999715,97.10000000000001,281.49,648.8199999999999
2018-09-19,0.54,22.22,20.33,25.11,92.14,"NASA POWER Daily Agroclimatology API (Point 25.5788 N, 91.8933 E)",0.54,2.779999999999972,58.500000000000014,237.97,645.31
2018-09-20,2.16,21.97,19.23,25.22,90.47,"NASA POWER Daily Agroclimatology API (Point 25.5788 N, 91.8933 E)",2.16,3.1199999999999717,29.010000000000016,234.49,627.4000000000001
2018-09-21,5.87,20.86,18.64,23.04,94.09,"NASA POWER Daily Agroclimatology API (Point 25.5788 N, 91.8933 E)",5.87,8.569999999999972,15.580000000000014,238.0,613.57
2018-09-22,0.52,21.11,18.32,25.15,90.35,"NASA POWER Daily Agroclimatology API (Point 25.5788 N, 91.8933 E)",0.52,8.549999999999972,12.470000000000013,230.46,602.6800000000001
2018-09-23,0.22,21.62,18.63,25.68,89.19,"NASA POWER Daily Agroclimatology API (Point 25.5788 N, 91.8933 E)",0.22,6.609999999999972,11.550000000000015,196.77,529.4100000000001
2018-09-24,6.94,20.8,18.62,23.65,92.98,"NASA POWER Daily Agroclimatology API (Point 25.5788 N, 91.8933 E)",6.94,7.679999999999972,16.670000000000016,148.81,503.14
2018-09-25,8.59,21.09,19.11,24.45,93.87,"NASA POWER Daily Agroclimatology API (Point 25.5788 N, 91.8933 E)",8.59,15.749999999999972,24.840000000000014,121.94,497.16
2018-09-26,6.24,21.0,18.49,24.86,92.59,"NASA POWER Daily Agroclimatology API (Point 25.5788 N, 91.8933 E)",6.24,21.769999999999975,30.540000000000013,89.04,485.95
2018-09-27,2.65,20.83,17.59,25.24,89.14,"NASA POWER Daily Agroclimatology API (Point 25.5788 N, 91.8933 E)",2.65,17.479999999999972,31.030000000000015,60.04,456.03000000000003
2018-09-28,0.33,20.76,16.76,25.42,85.83,"NASA POWER Daily Agroclimatology API (Point 25.5788 N, 91.8933 E)",0.33,9.219999999999972,25.490000000000016,41.07,446.55
2018-09-29,1.44,21.21,18.52,25.03,88.33,"NASA POWER Daily Agroclimatology API (Point 25.5788 N, 91.8933 E)",1.44,4.4199999999999715,26.410000000000014,38.88,439.06
2018-09-30,2.94,21.06,17.94,25.36,88.96,"NASA POWER Daily Agroclimatology API (Point 25.5788 N, 91.8933 E)",2.94,4.7099999999999715,29.130000000000017,40.68,421.9
2018-10-01,0.88,20.34,16.91,25.3,83.81,"NASA POWER Daily Agroclimatology API (Point 25.5788 N, 91.8933 E)",0.88,5.259999999999971,23.070000000000014,39.74,387.95
2018-10-02,1.84,19.97,16.57,24.63,87.68,"NASA POWER Daily Agroclimatology API (Point 25.5788 N, 91.8933 E)",1.84,5.659999999999972,16.320000000000014,41.16,358.77000000000004
2018-10-03,1.02,19.91,16.68,24.25,83.25,"NASA POWER Daily Agroclimatology API (Point 25.5788 N, 91.8933 E)",1.02,3.739999999999972,11.100000000000014,41.64,340.56
2018-10-04,0.42,19.59,15.65,24.97,81.93,"NASA POWER Daily Agroclimatology API (Point 25.5788 N, 91.8933 E)",0.42,3.279999999999972,8.870000000000013,39.900000000000006,324.09000000000003
2018-10-05,0.16,19.85,15.82,25.42,82.57,"NASA POWER Daily Agroclimatology API (Point 25.5788 N, 91.8933 E)",0.16,1.5999999999999717,8.700000000000014,34.19,280.19
2018-10-06,0.97,19.67,16.37,23.86,84.01,"NASA POWER Daily Agroclimatology API (Point 25.5788 N, 91.8933 E)",0.97,1.5499999999999714,8.230000000000015,34.64,275.52000000000004
2018-10-07,0.19,19.9,16.06,24.79,80.27,"NASA POWER Daily Agroclimatology API (Point 25.5788 N, 91.8933 E)",0.19,1.3199999999999716,5.480000000000015,34.61000000000001,273.35
2018-10-08,0.96,18.24,14.33,23.61,85.52,"NASA POWER Daily Agroclimatology API (Point 25.5788 N, 91.8933 E)",0.96,2.1199999999999717,5.560000000000014,28.63,266.25
2018-10-09,0.79,18.42,14.05,23.59,79.89,"NASA POWER Daily Agroclimatology API (Point 25.5788 N, 91.8933 E)",0.79,1.9399999999999717,4.510000000000014,20.830000000000002,233.13
2018-10-10,7.21,17.08,13.12,20.07,91.7,"NASA POWER Daily Agroclimatology API (Point 25.5788 N, 91.8933 E)",7.21,8.959999999999972,10.700000000000014,21.8,185.44
2018-10-11,8.49,17.79,15.81,20.82,92.32,"NASA POWER Daily Agroclimatology API (Point 25.5788 N, 91.8933 E)",8.49,16.48999999999997,18.770000000000017,27.64,158.47
2018-10-12,7.95,18.07,15.21,22.49,87.2,"NASA POWER Daily Agroclimatology API (Point 25.5788 N, 91.8933 E)",7.95,23.64999999999997,26.560000000000016,35.26,127.28
2018-10-13,20.14,17.18,15.5,20.65,94.67,"NASA POWER Daily Agroclimatology API (Point 25.5788 N, 91.8933 E)",20.14,36.57999999999997,45.73000000000002,53.96,115.77
2018-10-14,12.5,18.99,14.29,24.46,85.15,"NASA POWER Daily Agroclimatology API (Point 25.5788 N, 91.8933 E)",12.5,40.58999999999997,58.04000000000002,63.519999999999996,108.97
2018-10-15,1.61,16.53,11.21,22.46,87.2,"NASA POWER Daily Agroclimatology API (Point 25.5788 N, 91.8933 E)",1.61,34.24999999999997,58.69000000000002,64.25,106.95
2018-10-16,0.01,16.21,11.47,22.34,79.29,"NASA POWER Daily Agroclimatology API (Point 25.5788 N, 91.8933 E)",0.01,14.119999999999967,57.91000000000002,62.419999999999995,105.82000000000001
2018-10-17,0.06,16.64,12.03,22.42,82.25,"NASA POWER Daily Agroclimatology API (Point 25.5788 N, 91.8933 E)",0.06,1.6799999999999682,50.76000000000002,61.46,104.06
2018-10-18,0.05,16.89,13.1,22.19,87.68,"NASA POWER Daily Agroclimatology API (Point 25.5788 N, 91.8933 E)",0.05,0.11999999999996802,42.320000000000014,61.089999999999996,103.69000000000001
2018-10-19,0.0,17.48,13.2,22.7,80.47,"NASA POWER Daily Agroclimatology API (Point 25.5788 N, 91.8933 E)",0.0,0.10999999999996804,34.37000000000001,60.92999999999999,103.15
2018-10-20,0.0,17.86,13.77,23.4,79.61,"NASA POWER Daily Agroclimatology API (Point 25.5788 N, 91.8933 E)",0.0,0.04999999999996803,14.230000000000018,59.959999999999994,100.99000000000001
2018-10-21,0.0,18.07,13.62,23.36,80.39,"NASA POWER Daily Agroclimatology API (Point 25.5788 N, 91.8933 E)",0.0,0.0,1.730000000000018,59.769999999999996,95.12
2018-10-22,0.0,18.23,14.0,23.51,79.36,"NASA POWER Daily Agroclimatology API (Point 25.5788 N, 91.8933 E)",0.0,0.0,0.12000000000001776,58.809999999999995,94.60000000000001
2018-10-23,0.0,18.01,13.36,23.36,77.78,"NASA POWER Daily Agroclimatology API (Point 25.5788 N, 91.8933 E)",0.0,0.0,0.11000000000001778,58.019999999999996,94.38000000000001
2018-10-24,0.06,17.79,13.36,23.07,82.24,"NASA POWER Daily Agroclimatology API (Point 25.5788 N, 91.8933 E)",0.06,0.05999999999996802,0.11000000000001776,50.87,87.50000000000001
2018-10-25,0.0,17.45,14.16,22.37,83.0,"NASA POWER Daily Agroclimatology API (Point 25.5788 N, 91.8933 E)",0.0,0.05999999999996802,0.06000000000001776,42.379999999999995,78.91000000000001
2018-10-26,0.0,18.0,13.45,22.83,79.51,"NASA POWER Daily Agroclimatology API (Point 25.5788 N, 91.8933 E)",0.0,0.05999999999996802,0.06000000000001776,34.43,72.67
2018-10-27,2.87,17.92,13.6,23.15,86.78,"NASA POWER Daily Agroclimatology API (Point 25.5788 N, 91.8933 E)",2.87,2.869999999999968,2.930000000000018,17.16,72.89
2018-10-28,2.46,18.02,15.4,22.78,81.45,"NASA POWER Daily Agroclimatology API (Point 25.5788 N, 91.8933 E)",2.46,5.329999999999968,5.390000000000018,7.12,75.02000000000001
2018-10-29,0.01,17.24,13.28,21.8,76.74,"NASA POWER Daily Agroclimatology API (Point 25.5788 N, 91.8933 E)",0.01,5.339999999999968,5.400000000000018,5.52,73.59
2018-10-30,0.01,16.82,11.7,22.23,88.61,"NASA POWER Daily Agroclimatology API (Point 25.5788 N, 91.8933 E)",0.01,2.479999999999968,5.410000000000018,5.52,70.66
2018-10-31,0.9,17.98,14.02,22.53,85.32,"NASA POWER Daily Agroclimatology API (Point 25.5788 N, 91.8933 E)",0.9,0.9199999999999681,6.250000000000019,6.36,70.68
2018-11-01,0.0,18.31,14.49,23.25,84.52,"NASA POWER Daily Agroclimatology API (Point 25.5788 N, 91.8933 E)",0.0,0.9099999999999681,6.250000000000019,6.31,68.84
2018-11-02,0.94,17.74,14.4,22.17,85.0,"NASA POWER Daily Agroclimatology API (Point 25.5788 N, 91.8933 E)",0.94,1.8399999999999679,7.190000000000018,7.25,68.76
2018-11-03,1.71,16.7,13.72,21.28,88.33,"NASA POWER Daily Agroclimatology API (Point 25.5788 N, 91.8933 E)",1.71,2.649999999999968,6.030000000000018,8.959999999999999,70.05
2018-11-04,2.2,15.84,11.72,20.0,91.81,"NASA POWER Daily Agroclimatology API (Point 25.5788 N, 91.8933 E)",2.2,4.849999999999968,5.770000000000017,11.16,72.09
2018-11-05,2.38,15.8,12.64,19.87,92.38,"NASA POWER Daily Agroclimatology API (Point 25.5788 N, 91.8933 E)",2.38,6.289999999999968,8.140000000000018,13.54,73.5
2018-11-06,2.35,15.79,11.4,20.03,91.63,"NASA POWER Daily Agroclimatology API (Point 25.5788 N, 91.8933 E)",2.35,6.929999999999968,10.480000000000018,15.89,75.66000000000001
2018-11-07,0.0,14.14,9.44,20.31,77.06,"NASA POWER Daily Agroclimatology API (Point 25.5788 N, 91.8933 E)",0.0,4.7299999999999685,9.580000000000018,15.829999999999998,74.7
2018-11-08,0.0,15.36,10.07,21.18,75.57,"NASA POWER Daily Agroclimatology API (Point 25.5788 N, 91.8933 E)",0.0,2.349999999999968,9.580000000000018,15.829999999999998,73.91000000000001
2018-11-09,0.0,15.21,11.62,20.48,81.89,"NASA POWER Daily Agroclimatology API (Point 25.5788 N, 91.8933 E)",0.0,0.0,8.640000000000018,15.829999999999998,66.7
2018-11-10,0.0,15.29,10.43,20.65,79.78,"NASA POWER Daily Agroclimatology API (Point 25.5788 N, 91.8933 E)",0.0,0.0,6.9300000000000175,12.96,58.21
2018-11-11,0.0,15.7,11.92,20.89,76.35,"NASA POWER Daily Agroclimatology API (Point 25.5788 N, 91.8933 E)",0.0,0.0,4.730000000000018,10.5,50.26
2018-11-12,0.0,15.52,12.03,21.44,75.97,"NASA POWER Daily Agroclimatology API (Point 25.5788 N, 91.8933 E)",0.0,0.0,2.350000000000018,10.489999999999998,30.12
2018-11-13,0.0,14.65,10.49,21.22,84.96,"NASA POWER Daily Agroclimatology API (Point 25.5788 N, 91.8933 E)",0.0,0.0,0.0,10.48,17.62
2018-11-14,0.01,14.05,9.78,20.44,84.77,"NASA POWER Daily Agroclimatology API (Point 25.5788 N, 91.8933 E)",0.01,0.009999999999968026,0.010000000000017764,9.59,16.02
2018-11-15,0.14,14.09,10.35,19.92,85.87,"NASA POWER Daily Agroclimatology API (Point 25.5788 N, 91.8933 E)",0.14,0.14999999999996805,0.15000000000001779,9.729999999999999,16.15
2018-11-16,0.03,13.63,9.29,19.62,88.09,"NASA POWER Daily Agroclimatology API (Point 25.5788 N, 91.8933 E)",0.03,0.17999999999996805,0.18000000000001778,8.82,16.12
2018-11-17,0.08,13.43,10.5,18.25,91.03,"NASA POWER Daily Agroclimatology API (Point 25.5788 N, 91.8933 E)",0.08,0.24999999999996803,0.2600000000000178,7.19,16.15
2018-11-18,0.0,14.13,9.83,19.49,62.67,"NASA POWER Daily Agroclimatology API (Point 25.5788 N, 91.8933 E)",0.0,0.10999999999996803,0.2600000000000178,4.99,16.15
2018-11-19,0.0,13.53,9.73,19.58,74.36,"NASA POWER Daily Agroclimatology API (Point 25.5788 N, 91.8933 E)",0.0,0.07999999999996803,0.2600000000000178,2.6100000000000003,16.15
2018-11-20,0.0,13.3,9.46,19.47,77.12,"NASA POWER Daily Agroclimatology API (Point 25.5788 N, 91.8933 E)",0.0,0.0,0.2600000000000178,0.26,16.15
2018-11-21,0.0,13.31,8.05,19.89,81.71,"NASA POWER Daily Agroclimatology API (Point 25.5788 N, 91.8933 E)",0.0,0.0,0.25000000000001776,0.26,16.15
2018-11-22,0.0,14.0,8.72,20.24,82.68,"NASA POWER Daily Agroclimatology API (Point 25.5788 N, 91.8933 E)",0.0,0.0,0.11000000000001776,0.26,16.15
2018-11-23,0.0,14.32,11.17,19.53,80.42,"NASA POWER Daily Agroclimatology API (Point 25.5788 N, 91.8933 E)",0.0,0.0,0.08000000000001777,0.26,16.09
2018-11-24,0.0,14.05,9.33,20.4,84.96,"NASA POWER Daily Agroclimatology API (Point 25.5788 N, 91.8933 E)",0.0,0.0,0.0,0.26,16.09
2018-11-25,0.0,13.71,8.8,20.9,85.13,"NASA POWER Daily Agroclimatology API (Point 25.5788 N, 91.8933 E)",0.0,0.0,0.0,0.26,16.09
2018-11-26,0.0,14.18,9.01,20.36,80.35,"NASA POWER Daily Agroclimatology API (Point 25.5788 N, 91.8933 E)",0.0,0.0,0.0,0.26,13.22
2018-11-27,0.0,14.88,10.01,21.37,78.43,"NASA POWER Daily Agroclimatology API (Point 25.5788 N, 91.8933 E)",0.0,0.0,0.0,0.26,10.760000000000002
2018-11-28,0.0,14.1,7.73,20.78,75.23,"NASA POWER Daily Agroclimatology API (Point 25.5788 N, 91.8933 E)",0.0,0.0,0.0,0.25,10.75
2018-11-29,0.0,14.18,9.69,20.12,72.41,"NASA POWER Daily Agroclimatology API (Point 25.5788 N, 91.8933 E)",0.0,0.0,0.0,0.11,10.74
2018-11-30,0.0,13.99,9.08,20.34,70.78,"NASA POWER Daily Agroclimatology API (Point 25.5788 N, 91.8933 E)",0.0,0.0,0.0,0.08,9.84
2018-12-01,0.0,13.18,9.47,18.37,76.26,"NASA POWER Daily Agroclimatology API (Point 25.5788 N, 91.8933 E)",0.0,0.0,0.0,0.0,9.84
2018-12-02,0.0,12.56,8.73,18.87,81.93,"NASA POWER Daily Agroclimatology API (Point 25.5788 N, 91.8933 E)",0.0,0.0,0.0,0.0,8.9
2018-12-03,0.0,12.63,8.06,18.5,80.81,"NASA POWER Daily Agroclimatology API (Point 25.5788 N, 91.8933 E)",0.0,0.0,0.0,0.0,7.19
2018-12-04,0.0,12.92,7.92,19.06,81.87,"NASA POWER Daily Agroclimatology API (Point 25.5788 N, 91.8933 E)",0.0,0.0,0.0,0.0,4.99
2018-12-05,0.0,13.93,10.37,18.18,75.6,"NASA POWER Daily Agroclimatology API (Point 25.5788 N, 91.8933 E)",0.0,0.0,0.0,0.0,2.6100000000000003
2018-12-06,0.0,12.94,9.63,18.29,82.69,"NASA POWER Daily Agroclimatology API (Point 25.5788 N, 91.8933 E)",0.0,0.0,0.0,0.0,0.26
2018-12-07,0.0,12.54,8.69,19.2,83.8,"NASA POWER Daily Agroclimatology API (Point 25.5788 N, 91.8933 E)",0.0,0.0,0.0,0.0,0.26
2018-12-08,0.0,12.54,7.58,17.98,79.01,"NASA POWER Daily Agroclimatology API (Point 25.5788 N, 91.8933 E)",0.0,0.0,0.0,0.0,0.26
2018-12-09,0.0,12.23,7.79,18.26,80.68,"NASA POWER Daily Agroclimatology API (Point 25.5788 N, 91.8933 E)",0.0,0.0,0.0,0.0,0.26
2018-12-10,0.0,12.76,7.73,18.58,75.99,"NASA POWER Daily Agroclimatology API (Point 25.5788 N, 91.8933 E)",0.0,0.0,0.0,0.0,0.26
2018-12-11,0.0,13.84,8.09,19.69,71.15,"NASA POWER Daily Agroclimatology API (Point 25.5788 N, 91.8933 E)",0.0,0.0,0.0,0.0,0.26
2018-12-12,0.0,14.39,10.12,19.76,65.02,"NASA POWER Daily Agroclimatology API (Point 25.5788 N, 91.8933 E)",0.0,0.0,0.0,0.0,0.26
2018-12-13,0.0,13.89,10.61,19.22,68.2,"NASA POWER Daily Agroclimatology API (Point 25.5788 N, 91.8933 E)",0.0,0.0,0.0,0.0,0.26
2018-12-14,0.0,12.3,8.43,18.93,81.99,"NASA POWER Daily Agroclimatology API (Point 25.5788 N, 91.8933 E)",0.0,0.0,0.0,0.0,0.25
2018-12-15,0.0,13.15,8.38,20.15,72.39,"NASA POWER Daily Agroclimatology API (Point 25.5788 N, 91.8933 E)",0.0,0.0,0.0,0.0,0.11
2018-12-16,0.0,14.38,10.13,19.59,65.96,"NASA POWER Daily Agroclimatology API (Point 25.5788 N, 91.8933 E)",0.0,0.0,0.0,0.0,0.08
2018-12-17,0.52,13.89,10.57,18.37,76.71,"NASA POWER Daily Agroclimatology API (Point 25.5788 N, 91.8933 E)",0.52,0.519999999999968,0.5200000000000178,0.52,0.52
2018-12-18,23.15,12.55,10.97,14.54,95.87,"NASA POWER Daily Agroclimatology API (Point 25.5788 N, 91.8933 E)",23.15,23.669999999999966,23.670000000000016,23.669999999999998,23.669999999999998
2018-12-19,0.28,12.77,9.19,19.46,88.01,"NASA POWER Daily Agroclimatology API (Point 25.5788 N, 91.8933 E)",0.28,23.949999999999967,23.950000000000017,23.95,23.95
2018-12-20,0.0,12.16,7.72,17.89,87.2,"NASA POWER Daily Agroclimatology API (Point 25.5788 N, 91.8933 E)",0.0,23.429999999999968,23.950000000000017,23.95,23.95
2018-12-21,0.0,11.89,7.77,17.66,88.08,"NASA POWER Daily Agroclimatology API (Point 25.5788 N, 91.8933 E)",0.0,0.27999999999996805,23.950000000000017,23.95,23.95
2018-12-22,0.0,12.44,7.79,17.66,81.68,"NASA POWER Daily Agroclimatology API (Point 25.5788 N, 91.8933 E)",0.0,0.0,23.950000000000017,23.95,23.95
2018-12-23,0.0,12.44,7.22,18.07,74.46,"NASA POWER Daily Agroclimatology API (Point 25.5788 N, 91.8933 E)",0.0,0.0,23.950000000000017,23.95,23.95
2018-12-24,0.0,12.02,8.45,18.38,75.7,"NASA POWER Daily Agroclimatology API (Point 25.5788 N, 91.8933 E)",0.0,0.0,23.430000000000017,23.95,23.95
2018-12-25,0.0,10.8,6.6,16.94,87.51,"NASA POWER Daily Agroclimatology API (Point 25.5788 N, 91.8933 E)",0.0,0.0,0.2800000000000178,23.95,23.95
2018-12-26,0.0,10.07,4.53,16.92,81.14,"NASA POWER Daily Agroclimatology API (Point 25.5788 N, 91.8933 E)",0.0,0.0,0.0,23.95,23.95
2018-12-27,0.0,9.92,6.17,16.66,80.56,"NASA POWER Daily Agroclimatology API (Point 25.5788 N, 91.8933 E)",0.0,0.0,0.0,23.95,23.95
2018-12-28,0.14,9.21,5.19,15.35,77.53,"NASA POWER Daily Agroclimatology API (Point 25.5788 N, 91.8933 E)",0.14,0.13999999999996804,0.14000000000001778,24.09,24.09
2018-12-29,0.0,8.17,3.39,15.8,69.07,"NASA POWER Daily Agroclimatology API (Point 25.5788 N, 91.8933 E)",0.0,0.13999999999996804,0.14000000000001778,24.09,24.09
2018-12-30,0.0,8.92,2.71,17.81,71.11,"NASA POWER Daily Agroclimatology API (Point 25.5788 N, 91.8933 E)",0.0,0.13999999999996804,0.14000000000001778,24.09,24.09
2018-12-31,0.0,12.94,7.4,18.32,49.57,"NASA POWER Daily Agroclimatology API (Point 25.5788 N, 91.8933 E)",0.0,0.0,0.14000000000001778,23.57,24.09
2019-01-01,0.0,11.37,5.93,17.4,62.39,"NASA POWER Daily Agroclimatology API (Point 25.5788 N, 91.8933 E)",0.0,0.0,0.14000000000001778,0.42000000000000004,24.09
2019-01-02,0.0,10.44,5.5,17.22,71.48,"NASA POWER Daily Agroclimatology API (Point 25.5788 N, 91.8933 E)",0.0,0.0,0.14000000000001778,0.14,24.09
2019-01-03,0.0,10.06,5.95,16.23,80.2,"NASA POWER Daily Agroclimatology API (Point 25.5788 N, 91.8933 E)",0.0,0.0,0.14000000000001778,0.14,24.09
2019-01-04,0.0,9.33,4.04,16.19,72.23,"NASA POWER Daily Agroclimatology API (Point 25.5788 N, 91.8933 E)",0.0,0.0,0.0,0.14,24.09
2019-01-05,0.0,9.57,2.68,17.09,72.83,"NASA POWER Daily Agroclimatology API (Point 25.5788 N, 91.8933 E)",0.0,0.0,0.0,0.14,24.09
2019-01-06,0.0,12.34,7.16,19.05,64.59,"NASA POWER Daily Agroclimatology API (Point 25.5788 N, 91.8933 E)",0.0,0.0,0.0,0.14,24.09
2019-01-07,0.0,12.68,8.85,19.35,64.39,"NASA POWER Daily Agroclimatology API (Point 25.5788 N, 91.8933 E)",0.0,0.0,0.0,0.14,24.09
2019-01-08,0.0,10.9,5.25,18.07,72.76,"NASA POWER Daily Agroclimatology API (Point 25.5788 N, 91.8933 E)",0.0,0.0,0.0,0.14,24.09
2019-01-09,0.01,10.57,6.53,17.23,71.38,"NASA POWER Daily Agroclimatology API (Point 25.5788 N, 91.8933 E)",0.01,0.009999999999968026,0.010000000000017764,0.15000000000000002,24.099999999999998
2019-01-10,0.08,10.2,5.67,16.42,73.26,"NASA POWER Daily Agroclimatology API (Point 25.5788 N, 91.8933 E)",0.08,0.08999999999996802,0.09000000000001776,0.23,24.18
2019-01-11,0.0,9.92,4.62,16.64,79.69,"NASA POWER Daily Agroclimatology API (Point 25.5788 N, 91.8933 E)",0.0,0.08999999999996802,0.09000000000001776,0.09,24.18
2019-01-12,0.0,11.76,7.07,17.73,62.07,"NASA POWER Daily Agroclimatology API (Point 25.5788 N, 91.8933 E)",0.0,0.07999999999996803,0.09000000000001776,0.09,24.18
2019-01-13,0.0,11.77,7.78,18.24,63.94,"NASA POWER Daily Agroclimatology API (Point 25.5788 N, 91.8933 E)",0.0,0.0,0.09000000000001776,0.09,24.18
2019-01-14,0.0,10.57,5.8,18.15,76.09,"NASA POWER Daily Agroclimatology API (Point 25.5788 N, 91.8933 E)",0.0,0.0,0.09000000000001776,0.09,24.18
2019-01-15,0.0,9.95,4.73,17.55,68.34,"NASA POWER Daily Agroclimatology API (Point 25.5788 N, 91.8933 E)",0.0,0.0,0.09000000000001776,0.09,24.18
2019-01-16,0.0,10.15,4.48,18.16,76.29,"NASA POWER Daily Agroclimatology API (Point 25.5788 N, 91.8933 E)",0.0,0.0,0.08000000000001777,0.09,23.66
2019-01-17,0.0,12.28,8.04,18.87,68.71,"NASA POWER Daily Agroclimatology API (Point 25.5788 N, 91.8933 E)",0.0,0.0,0.0,0.09,0.51
2019-01-18,0.0,10.79,6.43,17.56,74.72,"NASA POWER Daily Agroclimatology API (Point 25.5788 N, 91.8933 E)",0.0,0.0,0.0,0.09,0.23
2019-01-19,0.0,10.41,4.47,17.87,77.42,"NASA POWER Daily Agroclimatology API (Point 25.5788 N, 91.8933 E)",0.0,0.0,0.0,0.09,0.23
2019-01-20,0.0,10.91,5.41,17.94,79.43,"NASA POWER Daily Agroclimatology API (Point 25.5788 N, 91.8933 E)",0.0,0.0,0.0,0.09,0.23
2019-01-21,0.0,12.09,7.23,18.62,72.43,"NASA POWER Daily Agroclimatology API (Point 25.5788 N, 91.8933 E)",0.0,0.0,0.0,0.09,0.23
2019-01-22,0.0,12.92,8.55,19.59,73.08,"NASA POWER Daily Agroclimatology API (Point 25.5788 N, 91.8933 E)",0.0,0.0,0.0,0.09,0.23
2019-01-23,0.0,12.77,8.03,19.97,73.04,"NASA POWER Daily Agroclimatology API (Point 25.5788 N, 91.8933 E)",0.0,0.0,0.0,0.08,0.23
2019-01-24,0.0,13.13,8.05,20.03,68.84,"NASA POWER Daily Agroclimatology API (Point 25.5788 N, 91.8933 E)",0.0,0.0,0.0,0.0,0.23
2019-01-25,0.0,13.71,7.54,20.31,63.87,"NASA POWER Daily Agroclimatology API (Point 25.5788 N, 91.8933 E)",0.0,0.0,0.0,0.0,0.23
2019-01-26,0.0,14.32,10.31,20.64,63.04,"NASA POWER Daily Agroclimatology API (Point 25.5788 N, 91.8933 E)",0.0,0.0,0.0,0.0,0.23
2019-01-27,0.0,14.06,9.79,20.62,64.41,"NASA POWER Daily Agroclimatology API (Point 25.5788 N, 91.8933 E)",0.0,0.0,0.0,0.0,0.09
2019-01-28,0.0,13.25,8.13,19.85,70.39,"NASA POWER Daily Agroclimatology API (Point 25.5788 N, 91.8933 E)",0.0,0.0,0.0,0.0,0.09
2019-01-29,0.19,10.75,5.22,18.33,76.98,"NASA POWER Daily Agroclimatology API (Point 25.5788 N, 91.8933 E)",0.19,0.18999999999996803,0.19000000000001777,0.19,0.28
2019-01-30,0.0,9.24,3.12,17.91,61.59,"NASA POWER Daily Agroclimatology API (Point 25.5788 N, 91.8933 E)",0.0,0.18999999999996803,0.19000000000001777,0.19,0.28
2019-01-31,0.0,10.87,3.0,19.37,65.59,"NASA POWER Daily Agroclimatology API (Point 25.5788 N, 91.8933 E)",0.0,0.18999999999996803,0.19000000000001777,0.19,0.28
2019-02-01,0.0,13.13,8.32,19.95,57.97,"NASA POWER Daily Agroclimatology API (Point 25.5788 N, 91.8933 E)",0.0,0.0,0.19000000000001777,0.19,0.28
2019-02-02,0.0,11.99,7.5,19.05,64.73,"NASA POWER Daily Agroclimatology API (Point 25.5788 N, 91.8933 E)",0.0,0.0,0.19000000000001777,0.19,0.28
2019-02-03,0.0,11.08,5.69,19.04,67.0,"NASA POWER Daily Agroclimatology API (Point 25.5788 N, 91.8933 E)",0.0,0.0,0.19000000000001777,0.19,0.28
2019-02-04,0.0,10.99,4.48,18.87,61.95,"NASA POWER Daily Agroclimatology API (Point 25.5788 N, 91.8933 E)",0.0,0.0,0.19000000000001777,0.19,0.28
2019-02-05,0.0,12.1,6.98,19.51,63.32,"NASA POWER Daily Agroclimatology API (Point 25.5788 N, 91.8933 E)",0.0,0.0,0.0,0.19,0.28
2019-02-06,0.0,11.4,6.64,18.89,64.28,"NASA POWER Daily Agroclimatology API (Point 25.5788 N, 91.8933 E)",0.0,0.0,0.0,0.19,0.28
2019-02-07,0.0,13.09,6.74,20.8,61.94,"NASA POWER Daily Agroclimatology API (Point 25.5788 N, 91.8933 E)",0.0,0.0,0.0,0.19,0.28
2019-02-08,0.03,14.82,10.51,21.17,64.66,"NASA POWER Daily Agroclimatology API (Point 25.5788 N, 91.8933 E)",0.03,0.029999999999968024,0.030000000000017762,0.22,0.3
2019-02-09,3.66,13.37,10.04,19.03,80.56,"NASA POWER Daily Agroclimatology API (Point 25.5788 N, 91.8933 E)",3.66,3.689999999999968,3.6900000000000177,3.8800000000000003,3.8800000000000003
2019-02-10,0.02,11.54,5.24,18.59,64.98,"NASA POWER Daily Agroclimatology API (Point 25.5788 N, 91.8933 E)",0.02,3.709999999999968,3.7100000000000177,3.9000000000000004,3.9000000000000004
2019-02-11,0.0,11.74,2.76,19.67,66.71,"NASA POWER Daily Agroclimatology API (Point 25.5788 N, 91.8933 E)",0.0,3.679999999999968,3.7100000000000177,3.9000000000000004,3.9000000000000004
2019-02-12,0.0,13.7,7.92,20.38,63.21,"NASA POWER Daily Agroclimatology API (Point 25.5788 N, 91.8933 E)",0.0,0.019999999999968026,3.7100000000000177,3.7100000000000004,3.9000000000000004
2019-02-13,0.0,14.69,9.47,21.49,64.49,"NASA POWER Daily Agroclimatology API (Point 25.5788 N, 91.8933 E)",0.0,0.0,3.7100000000000177,3.7100000000000004,3.9000000000000004
2019-02-14,0.0,15.87,11.83,21.84,64.22,"NASA POWER Daily Agroclimatology API (Point 25.5788 N, 91.8933 E)",0.0,0.0,3.7100000000000177,3.7100000000000004,3.9000000000000004
2019-02-15,0.0,14.84,10.6,21.86,68.73,"NASA POWER Daily Agroclimatology API (Point 25.5788 N, 91.8933 E)",0.0,0.0,3.680000000000018,3.7100000000000004,3.9000000000000004
2019-02-16,3.43,13.64,8.94,21.17,71.8,"NASA POWER Daily Agroclimatology API (Point 25.5788 N, 91.8933 E)",3.43,3.429999999999968,3.450000000000018,7.140000000000001,7.33
2019-02-17,4.67,10.04,6.0,15.01,88.75,"NASA POWER Daily Agroclimatology API (Point 25.5788 N, 91.8933 E)",4.67,8.099999999999968,8.100000000000017,11.81,12.0
2019-02-18,2.6,9.21,5.6,15.31,80.26,"NASA POWER Daily Agroclimatology API (Point 25.5788 N, 91.8933 E)",2.6,10.699999999999967,10.700000000000017,14.41,14.6
2019-02-19,0.0,10.52,4.95,17.22,65.77,"NASA POWER Daily Agroclimatology API (Point 25.5788 N, 91.8933 E)",0.0,7.269999999999968,10.700000000000017,14.41,14.6
2019-02-20,0.0,12.6,7.03,19.11,69.38,"NASA POWER Daily Agroclimatology API (Point 25.5788 N, 91.8933 E)",0.0,2.599999999999968,10.700000000000017,14.41,14.6
2019-02-21,0.0,12.29,5.26,20.18,76.95,"NASA POWER Daily Agroclimatology API (Point 25.5788 N, 91.8933 E)",0.0,0.0,10.700000000000017,14.41,14.6
2019-02-22,0.0,13.79,8.89,20.99,71.96,"NASA POWER Daily Agroclimatology API (Point 25.5788 N, 91.8933 E)",0.0,0.0,10.700000000000017,14.38,14.6
2019-02-23,0.05,13.99,8.99,19.95,75.74,"NASA POWER Daily Agroclimatology API (Point 25.5788 N, 91.8933 E)",0.05,0.04999999999996803,7.320000000000018,10.77,14.65
2019-02-24,0.0,13.27,7.84,20.32,61.9,"NASA POWER Daily Agroclimatology API (Point 25.5788 N, 91.8933 E)",0.0,0.04999999999996803,2.6500000000000177,10.75,14.65
2019-02-25,1.24,12.99,8.65,19.37,55.85,"NASA POWER Daily Agroclimatology API (Point 25.5788 N, 91.8933 E)",1.24,1.289999999999968,1.2900000000000178,11.99,15.89
2019-02-26,0.55,12.86,8.88,18.78,72.04,"NASA POWER Daily Agroclimatology API (Point 25.5788 N, 91.8933 E)",0.55,1.789999999999968,1.8400000000000178,12.54,16.44
2019-02-27,5.15,12.87,8.68,18.56,82.96,"NASA POWER Daily Agroclimatology API (Point 25.5788 N, 91.8933 E)",5.15,6.939999999999968,6.990000000000018,17.69,21.59
2019-02-28,22.42,11.95,6.74,16.23,90.76,"NASA POWER Daily Agroclimatology API (Point 25.5788 N, 91.8933 E)",22.42,28.11999999999997,29.410000000000018,40.11,43.82
2019-03-01,0.01,9.72,3.68,17.27,66.17,"NASA POWER Daily Agroclimatology API (Point 25.5788 N, 91.8933 E)",0.01,27.57999999999997,29.42000000000002,40.120000000000005,43.83
2019-03-02,0.0,10.95,2.77,19.5,62.83,"NASA POWER Daily Agroclimatology API (Point 25.5788 N, 91.8933 E)",0.0,22.42999999999997,29.37000000000002,36.690000000000005,43.83
2019-03-03,0.0,13.31,8.68,20.41,64.09,"NASA POWER Daily Agroclimatology API (Point 25.5788 N, 91.8933 E)",0.0,0.009999999999968026,29.37000000000002,32.02,43.83
2019-03-04,0.66,12.91,8.54,18.68,69.16,"NASA POWER Daily Agroclimatology API (Point 25.5788 N, 91.8933 E)",0.66,0.6599999999999681,28.79000000000002,30.080000000000005,44.49
2019-03-05,4.71,13.55,8.33,20.52,83.95,"NASA POWER Daily Agroclimatology API (Point 25.5788 N, 91.8933 E)",4.71,5.369999999999968,32.95000000000002,34.790000000000006,49.2
2019-03-06,0.51,13.31,7.93,19.8,77.5,"NASA POWER Daily Agroclimatology API (Point 25.5788 N, 91.8933 E)",0.51,5.879999999999968,28.31000000000002,35.300000000000004,49.71
2019-03-07,0.12,12.93,7.92,19.48,71.79,"NASA POWER Daily Agroclimatology API (Point 25.5788 N, 91.8933 E)",0.12,5.339999999999968,6.0100000000000176,35.42,49.83
2019-03-08,0.0,11.89,6.77,19.03,59.47,"NASA POWER Daily Agroclimatology API (Point 25.5788 N, 91.8933 E)",0.0,0.629999999999968,6.000000000000018,35.42,49.83
2019-03-09,0.0,12.38,6.89,19.33,54.94,"NASA POWER Daily Agroclimatology API (Point 25.5788 N, 91.8933 E)",0.0,0.11999999999996802,6.000000000000018,35.370000000000005,49.83
2019-03-10,0.0,14.11,8.78,20.17,62.04,"NASA POWER Daily Agroclimatology API (Point 25.5788 N, 91.8933 E)",0.0,0.0,6.000000000000018,35.370000000000005,49.8
2019-03-11,0.0,14.96,10.51,20.75,75.69,"NASA POWER Daily Agroclimatology API (Point 25.5788 N, 91.8933 E)",0.0,0.0,5.340000000000018,34.13,46.14
2019-03-12,0.0,15.09,8.2,22.58,65.69,"NASA POWER Daily Agroclimatology API (Point 25.5788 N, 91.8933 E)",0.0,0.0,0.6300000000000178,33.58,46.12
2019-03-13,0.0,15.98,8.3,23.45,55.94,"NASA POWER Daily Agroclimatology API (Point 25.5788 N, 91.8933 E)",0.0,0.0,0.12000000000001776,28.430000000000003,46.12
2019-03-14,0.0,18.55,13.15,24.83,50.81,"NASA POWER Daily Agroclimatology API (Point 25.5788 N, 91.8933 E)",0.0,0.0,0.0,6.01,46.12
2019-03-15,0.0,17.39,13.38,23.51,62.87,"NASA POWER Daily Agroclimatology API (Point 25.5788 N, 91.8933 E)",0.0,0.0,0.0,6.0,46.12
2019-03-16,0.0,16.61,10.65,23.7,69.77,"NASA POWER Daily Agroclimatology API (Point 25.5788 N, 91.8933 E)",0.0,0.0,0.0,6.0,46.12
2019-03-17,0.51,17.45,12.91,23.73,58.23,"NASA POWER Daily Agroclimatology API (Point 25.5788 N, 91.8933 E)",0.51,0.509999999999968,0.5100000000000178,6.51,46.63
2019-03-18,0.52,16.63,12.04,23.08,57.89,"NASA POWER Daily Agroclimatology API (Point 25.5788 N, 91.8933 E)",0.52,1.029999999999968,1.0300000000000178,6.37,43.72
2019-03-19,1.39,15.35,11.29,20.83,71.97,"NASA POWER Daily Agroclimatology API (Point 25.5788 N, 91.8933 E)",1.39,2.419999999999968,2.4200000000000177,3.05,40.44
2019-03-20,0.1,15.02,10.02,21.52,60.72,"NASA POWER Daily Agroclimatology API (Point 25.5788 N, 91.8933 E)",0.1,2.009999999999968,2.520000000000018,2.64,37.940000000000005
2019-03-21,0.06,16.41,9.57,22.96,54.12,"NASA POWER Daily Agroclimatology API (Point 25.5788 N, 91.8933 E)",0.06,1.5499999999999678,2.580000000000018,2.58,38.0
2019-03-22,3.13,16.53,12.23,22.33,70.53,"NASA POWER Daily Agroclimatology API (Point 25.5788 N, 91.8933 E)",3.13,3.289999999999968,5.710000000000018,5.71,41.13
2019-03-23,1.07,16.72,11.13,22.71,76.4,"NASA POWER Daily Agroclimatology API (Point 25.5788 N, 91.8933 E)",1.07,4.259999999999968,6.780000000000018,6.78,42.2
2019-03-24,0.0,17.13,10.41,24.1,48.07,"NASA POWER Daily Agroclimatology API (Point 25.5788 N, 91.8933 E)",0.0,4.199999999999968,6.270000000000018,6.78,42.2
2019-03-25,0.0,18.42,13.89,24.6,43.76,"NASA POWER Daily Agroclimatology API (Point 25.5788 N, 91.8933 E)",0.0,1.069999999999968,5.750000000000018,6.78,42.15
2019-03-26,5.94,18.08,13.28,24.11,57.03,"NASA POWER Daily Agroclimatology API (Point 25.5788 N, 91.8933 E)",5.94,5.939999999999968,10.300000000000018,12.72,48.09
2019-03-27,2.32,16.62,12.3,22.48,63.6,"NASA POWER Daily Agroclimatology API (Point 25.5788 N, 91.8933 E)",2.32,8.259999999999968,12.52000000000002,15.040000000000001,49.17
2019-03-28,0.0,17.96,13.2,24.43,62.65,"NASA POWER Daily Agroclimatology API (Point 25.5788 N, 91.8933 E)",0.0,8.259999999999968,12.460000000000019,15.040000000000001,48.62
2019-03-29,0.0,18.39,12.45,24.62,69.6,"NASA POWER Daily Agroclimatology API (Point 25.5788 N, 91.8933 E)",0.0,2.319999999999968,9.33000000000002,15.040000000000001,43.47
2019-03-30,1.9,18.4,14.08,22.84,74.58,"NASA POWER Daily Agroclimatology API (Point 25.5788 N, 91.8933 E)",1.9,1.899999999999968,10.160000000000018,16.94,22.95
2019-03-31,23.18,17.72,14.19,21.59,89.26,"NASA POWER Daily Agroclimatology API (Point 25.5788 N, 91.8933 E)",23.18,25.079999999999966,33.34000000000002,39.61,46.12
2019-04-01,21.18,17.49,15.63,20.77,90.25,"NASA POWER Daily Agroclimatology API (Point 25.5788 N, 91.8933 E)",21.18,46.25999999999996,54.52000000000002,60.27,67.3
2019-04-02,13.52,17.26,13.39,22.08,86.5,"NASA POWER Daily Agroclimatology API (Point 25.5788 N, 91.8933 E)",13.52,57.87999999999997,62.10000000000001,72.4,80.82
2019-04-03,0.96,17.1,12.38,23.37,78.72,"NASA POWER Daily Agroclimatology API (Point 25.5788 N, 91.8933 E)",0.96,35.65999999999997,60.740000000000016,73.25999999999999,81.12
2019-04-04,1.7,17.38,12.19,22.87,76.56,"NASA POWER Daily Agroclimatology API (Point 25.5788 N, 91.8933 E)",1.7,16.179999999999968,62.44000000000002,74.9,78.10999999999999
2019-04-05,0.44,18.01,13.18,23.6,78.42,"NASA POWER Daily Agroclimatology API (Point 25.5788 N, 91.8933 E)",0.44,3.099999999999968,62.88000000000002,72.21,78.04
2019-04-06,14.22,18.24,13.26,23.33,77.93,"NASA POWER Daily Agroclimatology API (Point 25.5788 N, 91.8933 E)",14.22,16.359999999999967,75.20000000000002,85.36,92.14
2019-04-07,16.1,17.62,14.06,21.93,82.35,"NASA POWER Daily Agroclimatology API (Point 25.5788 N, 91.8933 E)",16.1,30.75999999999997,68.12000000000002,101.46000000000001,108.24
2019-04-08,2.11,16.65,12.36,21.51,87.41,"NASA POWER Daily Agroclimatology API (Point 25.5788 N, 91.8933 E)",2.11,32.42999999999997,49.05000000000002,103.57000000000001,110.35
2019-04-09,26.87,16.01,13.36,19.15,93.85,"NASA POWER Daily Agroclimatology API (Point 25.5788 N, 91.8933 E)",26.87,45.07999999999997,62.40000000000002,124.5,137.22
2019-04-10,0.07,17.58,12.98,23.57,81.97,"NASA POWER Daily Agroclimatology API (Point 25.5788 N, 91.8933 E)",0.07,29.04999999999997,61.51000000000002,122.25,137.29
2019-04-11,2.49,19.06,13.77,25.23,77.78,"NASA POWER Daily Agroclimatology API (Point 25.5788 N, 91.8933 E)",2.49,29.429999999999968,62.300000000000026,124.74,139.78
2019-04-12,1.21,19.75,14.63,25.36,78.53,"NASA POWER Daily Agroclimatology API (Point 25.5788 N, 91.8933 E)",1.21,3.769999999999968,63.07000000000002,125.95,140.99
2019-04-13,3.23,20.08,15.6,25.91,78.47,"NASA POWER Daily Agroclimatology API (Point 25.5788 N, 91.8933 E)",3.23,6.929999999999968,52.08000000000002,127.28,144.22
2019-04-14,10.53,20.12,15.48,26.35,77.2,"NASA POWER Daily Agroclimatology API (Point 25.5788 N, 91.8933 E)",10.53,14.969999999999967,46.51000000000002,114.63,154.75
2019-04-15,13.73,19.83,15.17,25.3,77.78,"NASA POWER Daily Agroclimatology API (Point 25.5788 N, 91.8933 E)",13.73,27.489999999999966,58.13000000000002,107.17999999999999,168.48
2019-04-16,16.24,20.24,14.51,25.32,79.42,"NASA POWER Daily Agroclimatology API (Point 25.5788 N, 91.8933 E)",16.24,40.499999999999964,47.500000000000014,109.9,184.21
2019-04-17,3.65,20.37,15.93,25.67,80.45,"NASA POWER Daily Agroclimatology API (Point 25.5788 N, 91.8933 E)",3.65,33.61999999999997,51.08000000000002,112.59,187.34
2019-04-18,0.0,19.15,13.69,25.35,74.86,"NASA POWER Daily Agroclimatology API (Point 25.5788 N, 91.8933 E)",0.0,19.889999999999965,48.59000000000002,110.89,185.95000000000002
2019-04-19,0.0,18.98,13.4,24.93,71.58,"NASA POWER Daily Agroclimatology API (Point 25.5788 N, 91.8933 E)",0.0,3.649999999999968,47.38000000000002,110.45,185.85
2019-04-20,4.43,19.09,13.01,25.18,64.85,"NASA POWER Daily Agroclimatology API (Point 25.5788 N, 91.8933 E)",4.43,4.429999999999968,48.58000000000002,100.66000000000001,190.22000000000003
2019-04-21,12.55,19.03,14.99,23.52,67.67,"NASA POWER Daily Agroclimatology API (Point 25.5788 N, 91.8933 E)",12.55,16.97999999999997,50.600000000000016,97.11,199.64
2019-04-22,4.69,19.73,14.99,25.54,67.49,"NASA POWER Daily Agroclimatology API (Point 25.5788 N, 91.8933 E)",4.69,21.66999999999997,41.560000000000024,99.69,203.26
2019-04-23,2.62,19.35,12.62,26.04,72.17,"NASA POWER Daily Agroclimatology API (Point 25.5788 N, 91.8933 E)",2.62,19.85999999999997,27.94000000000002,75.44,205.88
2019-04-24,3.81,20.63,14.6,26.98,71.77,"NASA POWER Daily Agroclimatology API (Point 25.5788 N, 91.8933 E)",3.81,11.119999999999969,28.10000000000002,79.18,209.69
2019-04-25,0.23,21.6,16.88,27.32,71.76,"NASA POWER Daily Agroclimatology API (Point 25.5788 N, 91.8933 E)",0.23,6.659999999999968,28.33000000000002,76.92,203.98
2019-04-26,0.62,22.05,17.42,26.71,72.71,"NASA POWER Daily Agroclimatology API (Point 25.5788 N, 91.8933 E)",0.62,4.659999999999968,28.95000000000002,76.33,202.28
2019-04-27,15.31,20.73,17.54,23.99,80.79,"NASA POWER Daily Agroclimatology API (Point 25.5788 N, 91.8933 E)",15.31,16.159999999999968,39.83000000000002,88.41,217.59
2019-04-28,14.8,21.07,17.02,25.15,86.86,"NASA POWER Daily Agroclimatology API (Point 25.5788 N, 91.8933 E)",14.8,30.72999999999997,42.08000000000002,92.68,232.39000000000001
2019-04-29,25.77,20.51,17.27,24.26,88.63,"NASA POWER Daily Agroclimatology API (Point 25.5788 N, 91.8933 E)",25.77,55.87999999999997,63.16000000000002,104.72,256.26
2019-04-30,33.21,20.76,18.05,24.38,89.65,"NASA POWER Daily Agroclimatology API (Point 25.5788 N, 91.8933 E)",33.21,73.77999999999997,93.75000000000003,121.69,266.29
2019-05-01,41.35,21.3,19.08,24.43,89.57,"NASA POWER Daily Agroclimatology API (Point 25.5788 N, 91.8933 E)",41.35,100.32999999999997,131.29000000000002,159.39000000000001,286.46
2019-05-02,17.51,21.12,18.56,25.31,87.49,"NASA POWER Daily Agroclimatology API (Point 25.5788 N, 91.8933 E)",17.51,92.06999999999998,148.57000000000002,176.9,290.45
2019-05-03,21.1,20.09,16.82,24.13,86.93,"NASA POWER Daily Agroclimatology API (Point 25.5788 N, 91.8933 E)",21.1,79.95999999999997,169.05000000000004,198.0,310.59000000000003
2019-05-04,161.81,19.6,16.61,22.83,91.29,"NASA POWER Daily Agroclimatology API (Point 25.5788 N, 91.8933 E)",161.81,200.41999999999996,315.55000000000007,355.38,470.7
2019-05-05,9.89,19.54,16.03,23.39,86.44,"NASA POWER Daily Agroclimatology API (Point 25.5788 N, 91.8933 E)",9.89,192.79999999999995,310.64000000000004,352.71999999999997,480.15
2019-05-06,4.03,20.49,16.22,25.48,86.5,"NASA POWER Daily Agroclimatology API (Point 25.5788 N, 91.8933 E)",4.03,175.72999999999993,288.90000000000003,352.06,469.96000000000004
2019-05-07,0.37,20.8,15.53,26.05,79.44,"NASA POWER Daily Agroclimatology API (Point 25.5788 N, 91.8933 E)",0.37,14.289999999999944,256.06000000000006,349.81,454.23
2019-05-08,6.55,20.7,15.61,25.66,83.62,"NASA POWER Daily Agroclimatology API (Point 25.5788 N, 91.8933 E)",6.55,10.949999999999942,221.26000000000005,352.54999999999995,458.66999999999996
2019-05-09,15.57,21.21,17.6,24.9,90.36,"NASA POWER Daily Agroclimatology API (Point 25.5788 N, 91.8933 E)",15.57,22.48999999999994,219.32000000000002,367.89000000000004,447.37
2019-05-10,22.64,21.62,18.47,25.59,89.86,"NASA POWER Daily Agroclimatology API (Point 25.5788 N, 91.8933 E)",22.64,44.75999999999994,220.86000000000004,389.91,469.94
2019-05-11,27.72,21.66,19.7,24.13,92.21,"NASA POWER Daily Agroclimatology API (Point 25.5788 N, 91.8933 E)",27.72,65.92999999999995,86.77000000000002,402.32,495.17
2019-05-12,7.85,21.26,18.34,24.45,92.32,"NASA POWER Daily Agroclimatology API (Point 25.5788 N, 91.8933 E)",7.85,58.209999999999944,84.73000000000003,395.37,501.81
2019-05-13,8.1,21.1,18.66,24.23,89.7,"NASA POWER Daily Agroclimatology API (Point 25.5788 N, 91.8933 E)",8.1,43.669999999999945,88.80000000000003,377.70000000000005,506.68000000000006
2019-05-14,15.21,21.03,18.0,25.16,83.75,"NASA POWER Daily Agroclimatology API (Point 25.5788 N, 91.8933 E)",15.21,31.159999999999943,103.64000000000001,359.7,511.36
2019-05-15,15.54,20.35,16.97,24.26,81.99,"NASA POWER Daily Agroclimatology API (Point 25.5788 N, 91.8933 E)",15.54,38.849999999999945,112.63000000000002,333.89,513.17
2019-05-16,5.5,20.86,17.31,25.91,80.3,"NASA POWER Daily Agroclimatology API (Point 25.5788 N, 91.8933 E)",5.5,36.24999999999994,102.56000000000003,321.88,502.42999999999995
2019-05-17,24.69,20.41,16.97,24.32,90.43,"NASA POWER Daily Agroclimatology API (Point 25.5788 N, 91.8933 E)",24.69,45.72999999999995,104.61000000000003,325.47,523.47
2019-05-18,21.04,20.99,18.43,23.79,91.4,"NASA POWER Daily Agroclimatology API (Point 25.5788 N, 91.8933 E)",21.04,51.22999999999995,97.93000000000004,184.7,544.51
2019-05-19,9.46,21.16,18.47,24.28,91.51,"NASA POWER Daily Agroclimatology API (Point 25.5788 N, 91.8933 E)",9.46,55.18999999999994,99.54000000000002,184.27,553.97
2019-05-20,2.81,20.74,17.53,24.02,85.85,"NASA POWER Daily Agroclimatology API (Point 25.5788 N, 91.8933 E)",2.81,33.309999999999945,94.25000000000003,183.05,552.35
2019-05-21,12.86,21.38,18.19,25.46,83.78,"NASA POWER Daily Agroclimatology API (Point 25.5788 N, 91.8933 E)",12.86,25.129999999999946,91.90000000000002,195.54000000000002,552.66
2019-05-22,38.56,21.41,18.24,25.43,88.71,"NASA POWER Daily Agroclimatology API (Point 25.5788 N, 91.8933 E)",38.56,54.22999999999995,114.92000000000003,227.55,586.5300000000001
2019-05-23,25.82,20.18,17.08,24.15,91.56,"NASA POWER Daily Agroclimatology API (Point 25.5788 N, 91.8933 E)",25.82,77.23999999999995,135.24000000000004,237.8,609.73
2019-05-24,39.51,21.13,17.52,24.04,92.05,"NASA POWER Daily Agroclimatology API (Point 25.5788 N, 91.8933 E)",39.51,103.88999999999994,150.06000000000003,254.67,645.43
2019-05-25,19.56,21.47,19.63,23.54,93.91,"NASA POWER Daily Agroclimatology API (Point 25.5788 N, 91.8933 E)",19.56,84.88999999999994,148.58000000000004,246.51,664.76
2019-05-26,8.25,20.83,17.69,24.98,88.31,"NASA POWER Daily Agroclimatology API (Point 25.5788 N, 91.8933 E)",8.25,67.31999999999994,147.37000000000003,246.91,672.39
2019-05-27,8.96,20.64,15.99,24.93,85.56,"NASA POWER Daily Agroclimatology API (Point 25.5788 N, 91.8933 E)",8.96,36.76999999999994,153.52000000000004,247.77,666.04
2019-05-28,6.51,21.76,17.18,26.67,75.35,"NASA POWER Daily Agroclimatology API (Point 25.5788 N, 91.8933 E)",6.51,23.719999999999942,147.17000000000002,239.07,657.75
2019-05-29,13.64,22.16,18.14,27.19,74.61,"NASA POWER Daily Agroclimatology API (Point 25.5788 N, 91.8933 E)",13.64,29.109999999999943,122.25000000000003,237.17,645.62
2019-05-30,8.6,21.17,17.57,25.33,86.51,"NASA POWER Daily Agroclimatology API (Point 25.5788 N, 91.8933 E)",8.6,28.749999999999943,105.03000000000003,240.27,621.01
2019-05-31,10.8,21.45,16.86,26.12,81.85,"NASA POWER Daily Agroclimatology API (Point 25.5788 N, 91.8933 E)",10.8,33.03999999999995,76.32000000000002,226.38,590.46
2019-06-01,21.59,20.57,18.58,23.26,88.96,"NASA POWER Daily Agroclimatology API (Point 25.5788 N, 91.8933 E)",21.59,40.989999999999945,78.35000000000002,226.93,594.5400000000001
2019-06-02,17.12,21.62,18.62,24.73,85.9,"NASA POWER Daily Agroclimatology API (Point 25.5788 N, 91.8933 E)",17.12,49.50999999999995,87.22000000000003,234.59,590.56
2019-06-03,48.19,20.5,18.05,22.84,90.09,"NASA POWER Daily Agroclimatology API (Point 25.5788 N, 91.8933 E)",48.19,86.89999999999995,126.45000000000003,279.97,476.94
2019-06-04,59.94,21.21,18.12,23.88,92.58,"NASA POWER Daily Agroclimatology API (Point 25.5788 N, 91.8933 E)",59.94,125.24999999999994,179.88000000000002,327.04999999999995,526.99
2019-06-05,13.76,21.01,19.05,23.94,93.06,"NASA POWER Daily Agroclimatology API (Point 25.5788 N, 91.8933 E)",13.76,121.88999999999994,180.00000000000003,302.25,536.72
2019-06-06,3.13,20.92,18.55,23.28,93.45,"NASA POWER Daily Agroclimatology API (Point 25.5788 N, 91.8933 E)",3.13,76.82999999999994,174.53,279.56,539.48
2019-06-07,20.34,21.51,19.41,24.61,92.79,"NASA POWER Daily Agroclimatology API (Point 25.5788 N, 91.8933 E)",20.34,37.22999999999995,184.07000000000002,260.39,553.27
2019-06-08,14.55,21.12,18.18,24.16,91.89,"NASA POWER Daily Agroclimatology API (Point 25.5788 N, 91.8933 E)",14.55,38.019999999999946,177.03000000000003,255.38,552.25
2019-06-09,29.58,22.0,19.51,24.76,93.09,"NASA POWER Daily Agroclimatology API (Point 25.5788 N, 91.8933 E)",29.58,64.46999999999994,189.49,276.71,559.19
2019-06-10,14.45,22.54,19.37,26.17,90.54,"NASA POWER Daily Agroclimatology API (Point 25.5788 N, 91.8933 E)",14.45,58.57999999999994,155.75000000000003,282.2,545.92
2019-06-11,12.84,22.99,19.87,27.1,88.19,"NASA POWER Daily Agroclimatology API (Point 25.5788 N, 91.8933 E)",12.84,56.86999999999994,108.65000000000003,288.53000000000003,550.91
2019-06-12,1.72,23.65,19.2,28.3,83.34,"NASA POWER Daily Agroclimatology API (Point 25.5788 N, 91.8933 E)",1.72,29.00999999999994,96.61000000000003,276.60999999999996,544.53
2019-06-13,1.59,24.41,20.16,28.61,83.59,"NASA POWER Daily Agroclimatology API (Point 25.5788 N, 91.8933 E)",1.59,16.14999999999994,95.07000000000002,269.6,530.9100000000001
2019-06-14,39.71,22.77,21.24,24.85,94.87,"NASA POWER Daily Agroclimatology API (Point 25.5788 N, 91.8933 E)",39.71,43.01999999999994,114.44000000000003,298.51,555.0799999999999
2019-06-15,23.11,22.94,21.48,25.62,92.4,"NASA POWER Daily Agroclimatology API (Point 25.5788 N, 91.8933 E)",23.11,64.40999999999994,123.00000000000003,300.03,572.6899999999999
2019-06-16,62.24,22.43,20.58,24.83,93.59,"NASA POWER Daily Agroclimatology API (Point 25.5788 N, 91.8933 E)",62.24,125.05999999999995,155.66000000000003,345.15,610.24
2019-06-17,53.79,22.67,20.97,25.62,93.25,"NASA POWER Daily Agroclimatology API (Point 25.5788 N, 91.8933 E)",53.79,139.13999999999993,195.00000000000006,350.75,642.99
2019-06-18,5.21,23.31,20.21,26.83,87.17,"NASA POWER Daily Agroclimatology API (Point 25.5788 N, 91.8933 E)",5.21,121.23999999999995,187.37000000000003,296.02,638.74
2019-06-19,6.52,24.47,20.03,28.69,77.4,"NASA POWER Daily Agroclimatology API (Point 25.5788 N, 91.8933 E)",6.52,65.51999999999994,192.17000000000004,288.78,642.4499999999999
2019-06-20,15.83,22.56,20.92,24.46,93.49,"NASA POWER Daily Agroclimatology API (Point 25.5788 N, 91.8933 E)",15.83,27.559999999999942,206.41000000000003,301.47999999999996,645.42
2019-06-21,10.53,23.26,20.77,26.52,90.61,"NASA POWER Daily Agroclimatology API (Point 25.5788 N, 91.8933 E)",10.53,32.87999999999994,177.23000000000002,291.67,617.39
2019-06-22,4.76,22.84,20.88,26.16,91.67,"NASA POWER Daily Agroclimatology API (Point 25.5788 N, 91.8933 E)",4.76,31.11999999999994,158.88000000000002,281.88,596.3299999999999
2019-06-23,4.22,22.98,20.1,26.85,89.91,"NASA POWER Daily Agroclimatology API (Point 25.5788 N, 91.8933 E)",4.22,19.50999999999994,100.86000000000003,256.52000000000004,561.04
2019-06-24,23.46,22.93,19.58,26.3,91.67,"NASA POWER Daily Agroclimatology API (Point 25.5788 N, 91.8933 E)",23.46,32.43999999999994,70.53000000000003,265.53,564.94
2019-06-25,45.06,23.09,20.46,25.79,92.96,"NASA POWER Daily Agroclimatology API (Point 25.5788 N, 91.8933 E)",45.06,72.73999999999995,110.38000000000004,297.75,601.75
2019-06-26,90.98,22.56,21.43,23.57,96.54,"NASA POWER Daily Agroclimatology API (Point 25.5788 N, 91.8933 E)",90.98,159.49999999999994,194.84000000000003,387.01000000000005,683.77
2019-06-27,115.1,22.23,21.52,22.94,97.08,"NASA POWER Daily Agroclimatology API (Point 25.5788 N, 91.8933 E)",115.1,251.13999999999993,294.11,500.52,792.36
2019-06-28,59.09,22.87,20.92,25.33,94.37,"NASA POWER Daily Agroclimatology API (Point 25.5788 N, 91.8933 E)",59.09,265.16999999999996,342.67,519.9,837.8100000000001
2019-06-29,8.76,22.74,20.51,25.34,91.62,"NASA POWER Daily Agroclimatology API (Point 25.5788 N, 91.8933 E)",8.76,182.9499999999999,346.67,505.55,837.97
2019-06-30,7.72,24.16,20.79,27.26,85.33,"NASA POWER Daily Agroclimatology API (Point 25.5788 N, 91.8933 E)",7.72,75.56999999999994,350.1700000000001,451.03,834.89
2019-07-01,17.7,24.44,21.92,27.83,89.4,"NASA POWER Daily Agroclimatology API (Point 25.5788 N, 91.8933 E)",17.7,34.17999999999993,344.41,414.94000000000005,831.0
2019-07-02,3.96,23.57,20.9,26.51,88.04,"NASA POWER Daily Agroclimatology API (Point 25.5788 N, 91.8933 E)",3.96,29.37999999999993,303.31,413.69,817.84
2019-07-03,5.11,22.63,20.65,25.67,91.37,"NASA POWER Daily Agroclimatology API (Point 25.5788 N, 91.8933 E)",5.11,26.76999999999993,217.44000000000003,412.28000000000003,774.7600000000001
2019-07-04,4.72,23.66,20.08,27.96,88.6,"NASA POWER Daily Agroclimatology API (Point 25.5788 N, 91.8933 E)",4.72,13.789999999999928,107.06000000000003,401.17,719.54
2019-07-05,9.95,23.14,21.03,25.63,93.47,"NASA POWER Daily Agroclimatology API (Point 25.5788 N, 91.8933 E)",9.95,19.779999999999927,57.92000000000003,400.59,715.73
2019-07-06,61.46,23.22,21.33,25.8,93.13,"NASA POWER Daily Agroclimatology API (Point 25.5788 N, 91.8933 E)",61.46,76.12999999999992,110.62000000000003,457.29,774.0600000000001
2019-07-07,28.07,23.29,20.99,26.03,93.77,"NASA POWER Daily Agroclimatology API (Point 25.5788 N, 91.8933 E)",28.07,99.47999999999993,130.97000000000003,481.14,781.79
2019-07-08,89.92,22.81,21.1,24.64,95.22,"NASA POWER Daily Agroclimatology API (Point 25.5788 N, 91.8933 E)",89.92,179.44999999999993,203.19000000000003,547.6,857.1600000000001
2019-07-09,150.66,22.37,20.27,24.66,95.18,"NASA POWER Daily Agroclimatology API (Point 25.5788 N, 91.8933 E)",150.66,268.6499999999999,349.89,653.2,978.24
2019-07-10,131.09,22.24,21.0,23.54,96.96,"NASA POWER Daily Agroclimatology API (Point 25.5788 N, 91.8933 E)",131.09,371.66999999999996,475.87,693.31,1094.88
2019-07-11,90.55,22.19,21.15,22.94,97.05,"NASA POWER Daily Agroclimatology API (Point 25.5788 N, 91.8933 E)",90.55,372.29999999999995,561.7,668.76,1172.59
2019-07-12,61.01,21.69,20.03,23.24,96.65,"NASA POWER Daily Agroclimatology API (Point 25.5788 N, 91.8933 E)",61.01,282.6499999999999,612.76,670.6800000000001,1231.88
2019-07-13,57.97,21.72,20.02,23.44,95.44,"NASA POWER Daily Agroclimatology API (Point 25.5788 N, 91.8933 E)",57.97,209.52999999999994,609.2700000000001,719.89,1288.26
2019-07-14,59.82,21.37,19.99,23.05,96.33,"NASA POWER Daily Agroclimatology API (Point 25.5788 N, 91.8933 E)",59.82,178.79999999999995,641.02,771.99,1308.37
2019-07-15,85.73,21.58,19.72,23.36,96.42,"NASA POWER Daily Agroclimatology API (Point 25.5788 N, 91.8933 E)",85.73,203.51999999999995,636.83,840.02,1370.99
2019-07-16,21.1,21.79,19.42,24.91,91.07,"NASA POWER Daily Agroclimatology API (Point 25.5788 N, 91.8933 E)",21.1,166.64999999999995,507.27000000000004,857.1600000000001,1329.85
2019-07-17,1.11,23.19,18.47,27.62,82.7,"NASA POWER Daily Agroclimatology API (Point 25.5788 N, 91.8933 E)",1.11,107.93999999999996,377.2900000000001,853.1600000000001,1277.17
2019-07-18,1.18,23.74,19.1,28.77,85.27,"NASA POWER Daily Agroclimatology API (Point 25.5788 N, 91.8933 E)",1.18,23.389999999999944,287.9200000000001,849.62,1273.14
2019-07-19,4.62,23.81,19.89,28.43,84.09,"NASA POWER Daily Agroclimatology API (Point 25.5788 N, 91.8933 E)",4.62,6.909999999999943,231.53000000000003,844.29,1271.24
2019-07-20,10.55,22.69,20.28,26.04,90.53,"NASA POWER Daily Agroclimatology API (Point 25.5788 N, 91.8933 E)",10.55,16.349999999999945,184.11,793.38,1265.96
2019-07-21,31.59,22.6,20.08,25.79,92.49,"NASA POWER Daily Agroclimatology API (Point 25.5788 N, 91.8933 E)",31.59,46.75999999999995,155.88000000000002,796.9,1287.02
2019-07-22,59.61,21.66,19.96,23.27,95.01,"NASA POWER Daily Agroclimatology API (Point 25.5788 N, 91.8933 E)",59.61,101.74999999999994,129.76000000000005,766.59,1341.87
2019-07-23,63.59,21.56,19.57,24.23,93.78,"NASA POWER Daily Agroclimatology API (Point 25.5788 N, 91.8933 E)",63.59,154.78999999999994,172.25000000000006,679.5200000000001,1401.2399999999998
2019-07-24,21.13,21.87,20.32,23.22,95.83,"NASA POWER Daily Agroclimatology API (Point 25.5788 N, 91.8933 E)",21.13,144.32999999999996,192.27000000000004,569.5600000000001,1398.91
2019-07-25,12.31,22.25,20.05,24.95,92.97,"NASA POWER Daily Agroclimatology API (Point 25.5788 N, 91.8933 E)",12.31,97.02999999999996,203.40000000000003,491.32000000000005,1366.1599999999999
2019-07-26,10.76,22.51,19.66,26.58,91.34,"NASA POWER Daily Agroclimatology API (Point 25.5788 N, 91.8933 E)",10.76,44.199999999999946,209.54000000000005,441.07000000000005,1285.9399999999998
2019-07-27,24.69,22.18,19.85,25.81,90.47,"NASA POWER Daily Agroclimatology API (Point 25.5788 N, 91.8933 E)",24.69,47.75999999999995,223.68000000000004,407.79,1195.53
2019-07-28,5.65,22.73,20.33,26.68,90.19,"NASA POWER Daily Agroclimatology API (Point 25.5788 N, 91.8933 E)",5.65,41.09999999999995,197.74000000000004,353.62,1142.0900000000001
2019-07-29,19.17,21.7,19.77,24.35,92.42,"NASA POWER Daily Agroclimatology API (Point 25.5788 N, 91.8933 E)",19.17,49.509999999999955,157.30000000000004,287.06,1152.5
2019-07-30,26.76,21.54,19.54,24.22,93.36,"NASA POWER Daily Agroclimatology API (Point 25.5788 N, 91.8933 E)",26.76,51.579999999999956,120.47000000000003,292.72,1171.54
2019-07-31,36.64,21.4,19.99,23.48,93.75,"NASA POWER Daily Agroclimatology API (Point 25.5788 N, 91.8933 E)",36.64,82.56999999999996,135.98000000000002,328.25,1190.48
2019-08-01,22.38,22.3,19.2,26.29,89.62,"NASA POWER Daily Agroclimatology API (Point 25.5788 N, 91.8933 E)",22.38,85.77999999999996,146.05000000000004,349.45,1208.8999999999999
2019-08-02,26.78,22.75,19.54,27.04,89.28,"NASA POWER Daily Agroclimatology API (Point 25.5788 N, 91.8933 E)",26.78,85.79999999999995,162.07000000000005,371.61,1230.5700000000002
2019-08-03,4.36,23.34,19.66,27.69,89.43,"NASA POWER Daily Agroclimatology API (Point 25.5788 N, 91.8933 E)",4.36,53.51999999999995,141.74000000000004,365.42,1230.21
2019-08-04,2.26,23.28,19.77,27.06,89.02,"NASA POWER Daily Agroclimatology API (Point 25.5788 N, 91.8933 E)",2.26,33.39999999999995,138.35000000000002,336.09000000000003,1222.52
2019-08-05,2.66,24.0,20.82,27.98,89.48,"NASA POWER Daily Agroclimatology API (Point 25.5788 N, 91.8933 E)",2.66,9.279999999999951,121.84000000000002,279.14,1163.72
2019-08-06,0.63,23.43,21.24,26.33,92.59,"NASA POWER Daily Agroclimatology API (Point 25.5788 N, 91.8933 E)",0.63,5.54999999999995,95.71000000000004,216.18,1136.28
2019-08-07,14.32,23.17,20.39,27.49,90.14,"NASA POWER Daily Agroclimatology API (Point 25.5788 N, 91.8933 E)",14.32,17.60999999999995,73.39000000000003,209.37,1060.6799999999998
2019-08-08,11.28,22.14,19.42,25.67,90.87,"NASA POWER Daily Agroclimatology API (Point 25.5788 N, 91.8933 E)",11.28,26.229999999999947,62.290000000000035,208.34,921.3
2019-08-09,8.65,22.8,19.77,26.4,90.91,"NASA POWER Daily Agroclimatology API (Point 25.5788 N, 91.8933 E)",8.65,34.24999999999995,44.16000000000003,206.23000000000002,798.86
2019-08-10,3.14,23.52,20.26,28.17,88.96,"NASA POWER Daily Agroclimatology API (Point 25.5788 N, 91.8933 E)",3.14,23.06999999999995,42.940000000000026,184.68,711.45
2019-08-11,1.0,24.52,20.57,28.42,83.52,"NASA POWER Daily Agroclimatology API (Point 25.5788 N, 91.8933 E)",1.0,12.78999999999995,41.68000000000003,180.03,651.44
2019-08-12,7.62,24.51,21.39,28.36,88.01,"NASA POWER Daily Agroclimatology API (Point 25.5788 N, 91.8933 E)",7.62,11.759999999999948,46.64000000000003,168.48,601.09
2019-08-13,27.93,21.96,19.75,24.48,92.6,"NASA POWER Daily Agroclimatology API (Point 25.5788 N, 91.8933 E)",27.93,36.54999999999995,73.94000000000003,169.65,569.2
2019-08-14,43.47,21.59,19.53,24.3,93.76,"NASA POWER Daily Agroclimatology API (Point 25.5788 N, 91.8933 E)",43.47,79.01999999999995,103.09000000000003,176.48,526.94
2019-08-15,26.78,22.03,19.48,24.5,93.61,"NASA POWER Daily Agroclimatology API (Point 25.5788 N, 91.8933 E)",26.78,98.17999999999995,118.59000000000003,180.88,532.62
2019-08-16,28.31,22.28,21.2,23.45,96.57,"NASA POWER Daily Agroclimatology API (Point 25.5788 N, 91.8933 E)",28.31,98.55999999999995,138.25000000000003,182.41,559.8199999999999
2019-08-17,19.62,22.9,20.47,26.8,91.85,"NASA POWER Daily Agroclimatology API (Point 25.5788 N, 91.8933 E)",19.62,74.70999999999995,154.73000000000002,197.67000000000002,578.26
2019-08-18,15.49,22.4,20.51,25.76,92.83,"NASA POWER Daily Agroclimatology API (Point 25.5788 N, 91.8933 E)",15.49,63.41999999999995,169.22000000000003,210.9,589.13
2019-08-19,3.1,22.58,19.22,26.69,90.61,"NASA POWER Daily Agroclimatology API (Point 25.5788 N, 91.8933 E)",3.1,38.20999999999996,164.70000000000002,211.33999999999997,581.68
2019-08-20,5.84,22.63,20.54,25.34,92.56,"NASA POWER Daily Agroclimatology API (Point 25.5788 N, 91.8933 E)",5.84,24.42999999999995,142.61,216.54999999999998,555.9300000000001
2019-08-21,1.1,23.32,20.04,27.13,87.17,"NASA POWER Daily Agroclimatology API (Point 25.5788 N, 91.8933 E)",1.1,10.03999999999995,100.24000000000002,203.32999999999998,497.42
2019-08-22,12.0,23.47,20.59,26.81,87.77,"NASA POWER Daily Agroclimatology API (Point 25.5788 N, 91.8933 E)",12.0,18.939999999999948,85.46000000000004,204.04999999999998,445.83
2019-08-23,10.69,22.5,20.66,25.65,93.66,"NASA POWER Daily Agroclimatology API (Point 25.5788 N, 91.8933 E)",10.69,23.78999999999995,67.84000000000003,206.08999999999997,435.39
2019-08-24,23.34,22.38,20.23,26.33,91.9,"NASA POWER Daily Agroclimatology API (Point 25.5788 N, 91.8933 E)",23.34,46.029999999999944,71.56000000000003,226.29,446.42
2019-08-25,10.54,23.13,19.52,27.36,86.85,"NASA POWER Daily Agroclimatology API (Point 25.5788 N, 91.8933 E)",10.54,44.56999999999995,66.61000000000003,235.83,446.2
2019-08-26,1.53,23.28,19.56,27.73,86.95,"NASA POWER Daily Agroclimatology API (Point 25.5788 N, 91.8933 E)",1.53,35.40999999999995,65.04000000000002,229.74,423.04
2019-08-27,4.76,23.61,20.63,27.86,87.52,"NASA POWER Daily Agroclimatology API (Point 25.5788 N, 91.8933 E)",4.76,16.82999999999995,63.96000000000003,206.57,422.15
2019-08-28,16.44,23.41,20.72,26.73,87.57,"NASA POWER Daily Agroclimatology API (Point 25.5788 N, 91.8933 E)",16.44,22.72999999999995,79.30000000000003,179.54,419.42
2019-08-29,4.76,23.3,20.17,27.49,88.75,"NASA POWER Daily Agroclimatology API (Point 25.5788 N, 91.8933 E)",4.76,25.95999999999995,72.06000000000003,157.51999999999998,397.41999999999996
2019-08-30,4.31,23.79,20.59,27.98,86.6,"NASA POWER Daily Agroclimatology API (Point 25.5788 N, 91.8933 E)",4.31,25.509999999999952,65.68000000000002,133.51999999999998,365.09
2019-08-31,11.5,22.61,20.2,25.14,91.28,"NASA POWER Daily Agroclimatology API (Point 25.5788 N, 91.8933 E)",11.5,20.56999999999995,53.840000000000025,125.4,354.21
2019-09-01,1.71,22.59,19.11,26.24,88.81,"NASA POWER Daily Agroclimatology API (Point 25.5788 N, 91.8933 E)",1.71,17.51999999999995,45.010000000000026,111.62,329.14
2019-09-02,4.18,23.45,20.04,27.59,89.41,"NASA POWER Daily Agroclimatology API (Point 25.5788 N, 91.8933 E)",4.18,17.38999999999995,47.66000000000003,112.69999999999999,328.96
2019-09-03,7.01,23.14,20.28,26.4,90.62,"NASA POWER Daily Agroclimatology API (Point 25.5788 N, 91.8933 E)",7.01,12.899999999999952,49.910000000000025,113.86999999999999,333.71000000000004
2019-09-04,30.54,22.1,20.27,24.47,91.15,"NASA POWER Daily Agroclimatology API (Point 25.5788 N, 91.8933 E)",30.54,41.72999999999995,64.01000000000002,143.31,361.59
2019-09-05,14.47,21.88,19.0,25.22,92.08,"NASA POWER Daily Agroclimatology API (Point 25.5788 N, 91.8933 E)",14.47,52.01999999999995,73.72000000000003,145.78,375.43
2019-09-06,7.98,22.87,19.54,26.64,86.59,"NASA POWER Daily Agroclimatology API (Point 25.5788 N, 91.8933 E)",7.98,52.98999999999995,77.39000000000003,143.07,369.09
2019-09-07,16.69,22.95,20.2,26.76,89.87,"NASA POWER Daily Agroclimatology API (Point 25.5788 N, 91.8933 E)",16.69,39.13999999999996,82.58000000000003,136.42,374.5
2019-09-08,25.12,21.88,20.27,24.47,93.59,"NASA POWER Daily Agroclimatology API (Point 25.5788 N, 91.8933 E)",25.12,49.789999999999964,105.99000000000004,151.0,390.96999999999997
2019-09-09,15.8,22.59,19.83,25.78,93.28,"NASA POWER Daily Agroclimatology API (Point 25.5788 N, 91.8933 E)",15.8,57.60999999999996,117.61000000000003,165.27,403.63
2019-09-10,42.45,22.27,21.16,24.62,94.67,"NASA POWER Daily Agroclimatology API (Point 25.5788 N, 91.8933 E)",42.45,83.36999999999996,153.05,202.96,445.08
2019-09-11,18.95,22.81,21.2,25.65,94.11,"NASA POWER Daily Agroclimatology API (Point 25.5788 N, 91.8933 E)",18.95,77.19999999999996,141.46000000000004,205.47,456.41
2019-09-12,50.67,21.79,20.21,23.6,95.43,"NASA POWER Daily Agroclimatology API (Point 25.5788 N, 91.8933 E)",50.67,112.06999999999996,177.66000000000003,251.38,479.15
2019-09-13,91.29,21.67,20.08,24.16,95.45,"NASA POWER Daily Agroclimatology API (Point 25.5788 N, 91.8933 E)",91.29,160.90999999999997,260.97,338.36,526.97
2019-09-14,30.7,21.54,19.34,24.69,93.25,"NASA POWER Daily Agroclimatology API (Point 25.5788 N, 91.8933 E)",30.7,172.65999999999997,274.9800000000001,357.56,530.89
2019-09-15,12.61,21.76,19.0,25.59,91.59,"NASA POWER Daily Agroclimatology API (Point 25.5788 N, 91.8933 E)",12.61,134.59999999999997,262.47,368.46000000000004,515.1899999999999
2019-09-16,19.94,21.8,19.38,25.2,91.54,"NASA POWER Daily Agroclimatology API (Point 25.5788 N, 91.8933 E)",19.94,63.24999999999996,266.61,384.22,515.51
2019-09-17,9.69,21.6,18.56,25.79,88.58,"NASA POWER Daily Agroclimatology API (Point 25.5788 N, 91.8933 E)",9.69,42.23999999999995,233.85000000000005,386.90000000000003,509.71
2019-09-18,4.16,22.73,18.72,27.55,82.29,"NASA POWER Daily Agroclimatology API (Point 25.5788 N, 91.8933 E)",4.16,33.78999999999996,219.06000000000003,360.52,510.77000000000004
2019-09-19,2.68,22.28,18.18,27.05,85.59,"NASA POWER Daily Agroclimatology API (Point 25.5788 N, 91.8933 E)",2.68,16.52999999999996,171.07000000000005,348.73,507.60999999999996
2019-09-20,3.03,21.81,18.93,26.78,87.68,"NASA POWER Daily Agroclimatology API (Point 25.5788 N, 91.8933 E)",3.03,9.869999999999958,82.81000000000003,343.78000000000003,509.54
2019-09-21,2.65,21.59,18.14,25.68,89.42,"NASA POWER Daily Agroclimatology API (Point 25.5788 N, 91.8933 E)",2.65,8.359999999999957,54.760000000000026,329.74,500.19
2019-09-22,15.55,21.51,18.69,25.22,90.52,"NASA POWER Daily Agroclimatology API (Point 25.5788 N, 91.8933 E)",15.55,21.229999999999958,57.70000000000003,320.17,505.05
2019-09-23,22.78,20.14,18.03,22.13,93.69,"NASA POWER Daily Agroclimatology API (Point 25.5788 N, 91.8933 E)",22.78,40.97999999999996,60.54000000000003,327.15,504.49
2019-09-24,44.7,19.97,17.8,23.17,90.03,"NASA POWER Daily Agroclimatology API (Point 25.5788 N, 91.8933 E)",44.7,83.02999999999997,95.55000000000004,329.40000000000003,538.65
2019-09-25,17.01,19.64,17.21,22.97,89.34,"NASA POWER Daily Agroclimatology API (Point 25.5788 N, 91.8933 E)",17.01,84.48999999999997,108.40000000000003,327.46000000000004,554.1300000000001
2019-09-26,7.26,20.01,15.57,25.31,87.3,"NASA POWER Daily Agroclimatology API (Point 25.5788 N, 91.8933 E)",7.26,68.96999999999997,112.98000000000003,284.05,556.6300000000001
2019-09-27,1.94,20.38,16.99,24.69,90.23,"NASA POWER Daily Agroclimatology API (Point 25.5788 N, 91.8933 E)",1.94,26.209999999999965,111.89000000000003,194.7,542.13
2019-09-28,3.89,19.78,17.35,22.73,92.15,"NASA POWER Daily Agroclimatology API (Point 25.5788 N, 91.8933 E)",3.89,13.089999999999964,113.13000000000004,167.89,541.26
2019-09-29,16.87,19.03,16.52,22.73,89.09,"NASA POWER Daily Agroclimatology API (Point 25.5788 N, 91.8933 E)",16.87,22.699999999999967,114.45000000000003,172.15,553.8199999999999
2019-09-30,10.63,18.59,16.6,21.48,93.84,"NASA POWER Daily Agroclimatology API (Point 25.5788 N, 91.8933 E)",10.63,31.389999999999965,102.30000000000004,162.84,552.9499999999999
2019-10-01,74.99,18.46,16.81,20.61,95.65,"NASA POWER Daily Agroclimatology API (Point 25.5788 N, 91.8933 E)",74.99,102.48999999999995,132.59000000000003,228.14,626.23
2019-10-02,25.26,19.99,16.26,24.55,90.94,"NASA POWER Daily Agroclimatology API (Point 25.5788 N, 91.8933 E)",25.26,110.87999999999997,140.84,249.23999999999998,647.31
2019-10-03,12.29,20.47,18.16,24.67,91.96,"NASA POWER Daily Agroclimatology API (Point 25.5788 N, 91.8933 E)",12.29,112.53999999999996,145.87000000000003,258.85,652.59
2019-10-04,5.74,20.82,17.28,25.83,86.17,"NASA POWER Daily Agroclimatology API (Point 25.5788 N, 91.8933 E)",5.74,43.28999999999997,149.67000000000002,261.56,627.79
2019-10-05,5.52,21.08,18.18,24.88,87.89,"NASA POWER Daily Agroclimatology API (Point 25.5788 N, 91.8933 E)",5.52,23.54999999999997,151.3,264.42999999999995,618.84
2019-10-06,1.76,20.81,18.45,24.29,86.57,"NASA POWER Daily Agroclimatology API (Point 25.5788 N, 91.8933 E)",1.76,13.019999999999971,136.19,250.64,612.62
2019-10-07,10.14,20.84,17.81,25.05,84.53,"NASA POWER Daily Agroclimatology API (Point 25.5788 N, 91.8933 E)",10.14,17.419999999999973,135.70000000000002,238.0,606.07
2019-10-08,9.26,20.05,17.68,22.95,91.13,"NASA POWER Daily Agroclimatology API (Point 25.5788 N, 91.8933 E)",9.26,21.15999999999997,69.97000000000001,202.56,590.21
2019-10-09,15.08,19.76,17.02,23.07,89.52,"NASA POWER Daily Agroclimatology API (Point 25.5788 N, 91.8933 E)",15.08,34.47999999999997,59.790000000000006,200.63,589.49
2019-10-10,7.8,18.36,15.16,21.77,92.82,"NASA POWER Daily Agroclimatology API (Point 25.5788 N, 91.8933 E)",7.8,32.13999999999997,55.30000000000002,201.17,554.84
2019-10-11,4.07,19.72,16.49,24.21,87.06,"NASA POWER Daily Agroclimatology API (Point 25.5788 N, 91.8933 E)",4.07,26.94999999999997,53.63000000000002,203.29999999999998,539.9599999999999
2019-10-12,0.17,19.44,15.7,24.88,82.32,"NASA POWER Daily Agroclimatology API (Point 25.5788 N, 91.8933 E)",0.17,12.039999999999973,48.280000000000015,199.57999999999998,489.46000000000004
2019-10-13,0.0,19.08,14.92,24.09,86.52,"NASA POWER Daily Agroclimatology API (Point 25.5788 N, 91.8933 E)",0.0,4.239999999999972,46.52000000000002,182.71,398.17
2019-10-14,0.0,19.7,14.82,24.87,79.14,"NASA POWER Daily Agroclimatology API (Point 25.5788 N, 91.8933 E)",0.0,0.1699999999999716,36.38000000000002,172.07999999999998,367.47
2019-10-15,1.15,20.21,14.87,25.6,84.31,"NASA POWER Daily Agroclimatology API (Point 25.5788 N, 91.8933 E)",1.15,1.1499999999999715,28.270000000000017,98.24,356.01
2019-10-16,1.79,20.15,17.0,24.68,88.56,"NASA POWER Daily Agroclimatology API (Point 25.5788 N, 91.8933 E)",1.79,2.9399999999999715,14.980000000000015,74.77,337.86
2019-10-17,1.98,20.0,16.74,24.46,86.02,"NASA POWER Daily Agroclimatology API (Point 25.5788 N, 91.8933 E)",1.98,4.9199999999999715,9.160000000000014,64.46000000000001,330.15
2019-10-18,0.02,20.55,16.63,25.05,79.7,"NASA POWER Daily Agroclimatology API (Point 25.5788 N, 91.8933 E)",0.02,3.7899999999999716,5.110000000000014,58.74,326.01
2019-10-19,0.1,20.44,16.69,25.54,79.55,"NASA POWER Daily Agroclimatology API (Point 25.5788 N, 91.8933 E)",0.1,2.0999999999999717,5.040000000000014,53.32,323.43
2019-10-20,0.03,19.02,16.08,22.56,81.69,"NASA POWER Daily Agroclimatology API (Point 25.5788 N, 91.8933 E)",0.03,0.1499999999999716,5.0700000000000145,51.59,320.43
2019-10-21,0.51,18.73,15.12,23.41,85.37,"NASA POWER Daily Agroclimatology API (Point 25.5788 N, 91.8933 E)",0.51,0.6399999999999716,5.580000000000014,41.96,318.29
2019-10-22,0.44,17.76,13.93,22.9,90.81,"NASA POWER Daily Agroclimatology API (Point 25.5788 N, 91.8933 E)",0.44,0.9799999999999716,4.870000000000013,33.14,303.18
2019-10-23,0.29,17.96,12.42,23.59,71.39,"NASA POWER Daily Agroclimatology API (Point 25.5788 N, 91.8933 E)",0.29,1.2399999999999716,3.3700000000000143,18.35,280.69
2019-10-24,13.6,16.24,14.27,18.61,90.68,"NASA POWER Daily Agroclimatology API (Point 25.5788 N, 91.8933 E)",13.6,14.329999999999972,14.990000000000014,24.15,249.58999999999997
2019-10-25,62.96,16.76,14.33,19.84,92.91,"NASA POWER Daily Agroclimatology API (Point 25.5788 N, 91.8933 E)",62.96,76.84999999999997,77.93000000000002,83.03999999999999,295.54
2019-10-26,120.8,18.17,15.32,20.44,97.11,"NASA POWER Daily Agroclimatology API (Point 25.5788 N, 91.8933 E)",120.8,197.35999999999996,198.63,203.67000000000002,409.08000000000004
2019-10-27,0.48,18.69,15.26,23.52,88.69,"NASA POWER Daily Agroclimatology API (Point 25.5788 N, 91.8933 E)",0.48,184.23999999999998,199.08,204.15,407.62
2019-10-28,0.01,17.91,14.58,22.15,88.69,"NASA POWER Daily Agroclimatology API (Point 25.5788 N, 91.8933 E)",0.01,121.28999999999996,198.58,204.16,403.74
2019-10-29,0.0,18.51,14.08,23.4,88.26,"NASA POWER Daily Agroclimatology API (Point 25.5788 N, 91.8933 E)",0.0,0.4899999999999858,198.14,203.01,386.87
2019-10-30,0.0,18.47,15.14,22.62,90.52,"NASA POWER Daily Agroclimatology API (Point 25.5788 N, 91.8933 E)",0.0,0.00999999999998579,197.85,201.22,376.23999999999995
2019-10-31,0.0,18.3,15.28,22.45,88.88,"NASA POWER Daily Agroclimatology API (Point 25.5788 N, 91.8933 E)",0.0,0.0,184.25,199.24,301.25
2019-11-01,0.0,18.31,15.27,22.67,86.91,"NASA POWER Daily Agroclimatology API (Point 25.5788 N, 91.8933 E)",0.0,0.0,121.28999999999999,199.22,275.99
2019-11-02,0.0,18.12,13.11,23.68,85.24,"NASA POWER Daily Agroclimatology API (Point 25.5788 N, 91.8933 E)",0.0,0.0,0.4900000000000142,199.12,263.7
2019-11-03,0.0,18.17,14.11,23.2,85.84,"NASA POWER Daily Agroclimatology API (Point 25.5788 N, 91.8933 E)",0.0,0.0,0.010000000000014211,199.09,257.96
2019-11-04,0.0,17.5,14.5,22.54,88.72,"NASA POWER Daily Agroclimatology API (Point 25.5788 N, 91.8933 E)",0.0,0.0,0.0,198.58,252.44000000000003
2019-11-05,0.92,16.98,13.89,22.34,88.76,"NASA POWER Daily Agroclimatology API (Point 25.5788 N, 91.8933 E)",0.92,0.9199999999999858,0.9200000000000143,199.06,251.6
2019-11-06,1.16,16.92,12.29,22.27,80.95,"NASA POWER Daily Agroclimatology API (Point 25.5788 N, 91.8933 E)",1.16,2.079999999999986,2.0800000000000143,199.93,242.62
2019-11-07,0.04,16.84,12.52,23.1,87.41,"NASA POWER Daily Agroclimatology API (Point 25.5788 N, 91.8933 E)",0.04,2.1199999999999855,2.120000000000014,186.37,233.4
2019-11-08,0.38,17.86,13.56,22.91,86.05,"NASA POWER Daily Agroclimatology API (Point 25.5788 N, 91.8933 E)",0.38,1.5799999999999856,2.500000000000014,123.78999999999999,218.70000000000002
2019-11-09,10.55,17.26,15.04,19.71,92.11,"NASA POWER Daily Agroclimatology API (Point 25.5788 N, 91.8933 E)",10.55,10.969999999999986,13.050000000000015,13.540000000000015,221.45
2019-11-10,5.32,16.2,14.65,18.36,92.42,"NASA POWER Daily Agroclimatology API (Point 25.5788 N, 91.8933 E)",5.32,16.249999999999986,18.370000000000015,18.380000000000017,222.70000000000002
2019-11-11,0.27,17.99,14.46,23.11,88.86,"NASA POWER Daily Agroclimatology API (Point 25.5788 N, 91.8933 E)",0.27,16.139999999999986,18.640000000000015,18.64000000000002,222.8
2019-11-12,0.03,17.8,15.07,22.15,90.23,"NASA POWER Daily Agroclimatology API (Point 25.5788 N, 91.8933 E)",0.03,5.619999999999986,17.750000000000014,18.670000000000016,222.83
2019-11-13,0.0,17.46,13.95,22.49,89.71,"NASA POWER Daily Agroclimatology API (Point 25.5788 N, 91.8933 E)",0.0,0.29999999999998583,16.590000000000018,18.670000000000016,222.83
2019-11-14,0.01,17.63,12.13,23.12,85.8,"NASA POWER Daily Agroclimatology API (Point 25.5788 N, 91.8933 E)",0.01,0.03999999999998579,16.560000000000013,18.680000000000017,221.69
2019-11-15,0.0,17.46,13.9,22.78,88.33,"NASA POWER Daily Agroclimatology API (Point 25.5788 N, 91.8933 E)",0.0,0.00999999999998579,16.180000000000014,18.680000000000017,219.9
2019-11-16,0.0,16.82,13.44,21.79,87.72,"NASA POWER Daily Agroclimatology API (Point 25.5788 N, 91.8933 E)",0.0,0.00999999999998579,5.630000000000014,18.680000000000017,217.92
2019-11-17,0.0,16.21,11.94,21.53,89.55,"NASA POWER Daily Agroclimatology API (Point 25.5788 N, 91.8933 E)",0.0,0.0,0.3100000000000142,18.680000000000017,217.9
2019-11-18,0.0,16.2,12.54,21.99,84.07,"NASA POWER Daily Agroclimatology API (Point 25.5788 N, 91.8933 E)",0.0,0.0,0.04000000000001421,18.680000000000017,217.79999999999998
2019-11-19,2.05,15.3,12.71,19.72,88.56,"NASA POWER Daily Agroclimatology API (Point 25.5788 N, 91.8933 E)",2.05,2.0499999999999856,2.060000000000014,19.810000000000016,219.82
2019-11-20,0.4,15.08,11.14,20.02,87.32,"NASA POWER Daily Agroclimatology API (Point 25.5788 N, 91.8933 E)",0.4,2.4499999999999855,2.4600000000000137,19.050000000000015,219.71
2019-11-21,0.0,14.15,8.35,20.77,83.69,"NASA POWER Daily Agroclimatology API (Point 25.5788 N, 91.8933 E)",0.0,2.4499999999999855,2.450000000000014,19.010000000000016,219.27
2019-11-22,0.0,14.3,10.04,19.95,82.22,"NASA POWER Daily Agroclimatology API (Point 25.5788 N, 91.8933 E)",0.0,0.3999999999999858,2.450000000000014,18.630000000000017,218.98000000000002
2019-11-23,0.0,14.43,9.87,20.31,80.49,"NASA POWER Daily Agroclimatology API (Point 25.5788 N, 91.8933 E)",0.0,0.0,2.450000000000014,8.080000000000014,205.38
2019-11-24,0.0,15.41,11.46,20.68,89.74,"NASA POWER Daily Agroclimatology API (Point 25.5788 N, 91.8933 E)",0.0,0.0,2.450000000000014,2.760000000000014,142.42000000000002
2019-11-25,0.0,15.24,12.34,18.99,88.13,"NASA POWER Daily Agroclimatology API (Point 25.5788 N, 91.8933 E)",0.0,0.0,2.450000000000014,2.490000000000014,21.62
2019-11-26,0.0,15.22,11.34,21.05,86.52,"NASA POWER Daily Agroclimatology API (Point 25.5788 N, 91.8933 E)",0.0,0.0,0.40000000000001423,2.460000000000014,21.14
2019-11-27,0.0,15.83,10.55,21.92,81.09,"NASA POWER Daily Agroclimatology API (Point 25.5788 N, 91.8933 E)",0.0,0.0,0.0,2.460000000000014,21.130000000000003
2019-11-28,0.0,16.68,12.42,24.6,71.42,"NASA POWER Daily Agroclimatology API (Point 25.5788 N, 91.8933 E)",0.0,0.0,0.0,2.450000000000014,21.130000000000003
2019-11-29,0.0,16.43,11.85,22.57,64.15,"NASA POWER Daily Agroclimatology API (Point 25.5788 N, 91.8933 E)",0.0,0.0,0.0,2.450000000000014,21.130000000000003
2019-11-30,0.0,14.31,10.75,20.08,81.83,"NASA POWER Daily Agroclimatology API (Point 25.5788 N, 91.8933 E)",0.0,0.0,0.0,2.450000000000014,21.130000000000003
2019-12-01,0.0,13.19,8.77,19.2,85.33,"NASA POWER Daily Agroclimatology API (Point 25.5788 N, 91.8933 E)",0.0,0.0,0.0,2.450000000000014,21.130000000000003
2019-12-02,0.0,12.98,9.38,18.37,87.64,"NASA POWER Daily Agroclimatology API (Point 25.5788 N, 91.8933 E)",0.0,0.0,0.0,2.450000000000014,21.130000000000003
2019-12-03,0.0,12.37,8.28,18.21,83.09,"NASA POWER Daily Agroclimatology API (Point 25.5788 N, 91.8933 E)",0.0,0.0,0.0,0.40000000000001423,21.130000000000003
2019-12-04,0.0,11.61,6.97,18.42,85.37,"NASA POWER Daily Agroclimatology API (Point 25.5788 N, 91.8933 E)",0.0,0.0,0.0,0.0,21.130000000000003
2019-12-05,0.0,12.47,6.49,20.17,74.75,"NASA POWER Daily Agroclimatology API (Point 25.5788 N, 91.8933 E)",0.0,0.0,0.0,0.0,20.21
2019-12-06,0.0,14.23,9.49,19.44,60.35,"NASA POWER Daily Agroclimatology API (Point 25.5788 N, 91.8933 E)",0.0,0.0,0.0,0.0,19.05
2019-12-07,0.0,14.3,10.24,19.19,75.1,"NASA POWER Daily Agroclimatology API (Point 25.5788 N, 91.8933 E)",0.0,0.0,0.0,0.0,19.01
2019-12-08,0.0,13.61,10.31,18.75,80.57,"NASA POWER Daily Agroclimatology API (Point 25.5788 N, 91.8933 E)",0.0,0.0,0.0,0.0,18.630000000000003
2019-12-09,0.0,13.32,10.03,18.53,83.75,"NASA POWER Daily Agroclimatology API (Point 25.5788 N, 91.8933 E)",0.0,0.0,0.0,0.0,8.08
2019-12-10,0.0,12.63,9.03,16.68,87.52,"NASA POWER Daily Agroclimatology API (Point 25.5788 N, 91.8933 E)",0.0,0.0,0.0,0.0,2.76
2019-12-11,0.0,13.11,10.93,16.5,88.84,"NASA POWER Daily Agroclimatology API (Point 25.5788 N, 91.8933 E)",0.0,0.0,0.0,0.0,2.4899999999999998
2019-12-12,0.0,12.9,9.59,17.46,84.71,"NASA POWER Daily Agroclimatology API (Point 25.5788 N, 91.8933 E)",0.0,0.0,0.0,0.0,2.46
2019-12-13,0.0,12.01,7.77,18.28,87.25,"NASA POWER Daily Agroclimatology API (Point 25.5788 N, 91.8933 E)",0.0,0.0,0.0,0.0,2.46
2019-12-14,0.0,12.5,8.07,18.84,83.57,"NASA POWER Daily Agroclimatology API (Point 25.5788 N, 91.8933 E)",0.0,0.0,0.0,0.0,2.4499999999999997
2019-12-15,0.01,13.07,8.92,19.4,81.93,"NASA POWER Daily Agroclimatology API (Point 25.5788 N, 91.8933 E)",0.01,0.00999999999998579,0.010000000000014211,0.010000000000014211,2.46
2019-12-16,0.01,12.65,8.98,18.53,87.47,"NASA POWER Daily Agroclimatology API (Point 25.5788 N, 91.8933 E)",0.01,0.01999999999998579,0.02000000000001421,0.02000000000001421,2.4699999999999998
2019-12-17,0.0,11.03,6.87,16.99,80.64,"NASA POWER Daily Agroclimatology API (Point 25.5788 N, 91.8933 E)",0.0,0.01999999999998579,0.02000000000001421,0.02000000000001421,2.4699999999999998
2019-12-18,0.0,9.86,3.85,17.07,85.96,"NASA POWER Daily Agroclimatology API (Point 25.5788 N, 91.8933 E)",0.0,0.00999999999998579,0.02000000000001421,0.02000000000001421,2.4699999999999998
2019-12-19,0.0,11.02,7.8,16.82,86.47,"NASA POWER Daily Agroclimatology API (Point 25.5788 N, 91.8933 E)",0.0,0.0,0.02000000000001421,0.02000000000001421,0.42000000000000004
2019-12-20,0.0,11.12,7.69,16.74,87.29,"NASA POWER Daily Agroclimatology API (Point 25.5788 N, 91.8933 E)",0.0,0.0,0.02000000000001421,0.02000000000001421,0.02
2019-12-21,0.0,10.71,6.83,15.83,87.91,"NASA POWER Daily Agroclimatology API (Point 25.5788 N, 91.8933 E)",0.0,0.0,0.02000000000001421,0.02000000000001421,0.02
2019-12-22,0.0,11.23,7.33,18.45,85.42,"NASA POWER Daily Agroclimatology API (Point 25.5788 N, 91.8933 E)",0.0,0.0,0.010000000000014211,0.02000000000001421,0.02
2019-12-23,0.0,10.95,6.4,17.68,75.64,"NASA POWER Daily Agroclimatology API (Point 25.5788 N, 91.8933 E)",0.0,0.0,0.0,0.02000000000001421,0.02
2019-12-24,0.0,9.6,5.33,16.73,84.23,"NASA POWER Daily Agroclimatology API (Point 25.5788 N, 91.8933 E)",0.0,0.0,0.0,0.02000000000001421,0.02
2019-12-25,0.0,9.48,3.78,16.93,74.17,"NASA POWER Daily Agroclimatology API (Point 25.5788 N, 91.8933 E)",0.0,0.0,0.0,0.02000000000001421,0.02
2019-12-26,0.23,10.82,7.31,17.21,61.27,"NASA POWER Daily Agroclimatology API (Point 25.5788 N, 91.8933 E)",0.23,0.2299999999999858,0.23000000000001422,0.2500000000000142,0.25
2019-12-27,1.95,10.41,6.99,15.59,75.83,"NASA POWER Daily Agroclimatology API (Point 25.5788 N, 91.8933 E)",1.95,2.179999999999986,2.1800000000000144,2.2000000000000144,2.2
2019-12-28,0.02,9.14,3.68,16.07,86.3,"NASA POWER Daily Agroclimatology API (Point 25.5788 N, 91.8933 E)",0.02,2.1999999999999855,2.200000000000014,2.220000000000014,2.2199999999999998
2019-12-29,0.03,9.28,2.42,17.21,77.82,"NASA POWER Daily Agroclimatology API (Point 25.5788 N, 91.8933 E)",0.03,1.9999999999999858,2.230000000000014,2.2400000000000144,2.25
2019-12-30,0.0,9.55,3.9,16.84,80.52,"NASA POWER Daily Agroclimatology API (Point 25.5788 N, 91.8933 E)",0.0,0.04999999999998579,2.230000000000014,2.230000000000014,2.25
2019-12-31,0.01,11.23,4.4,17.9,78.44,"NASA POWER Daily Agroclimatology API (Point 25.5788 N, 91.8933 E)",0.01,0.03999999999998579,2.240000000000014,2.240000000000014,2.26
2020-01-01,0.25,11.8,7.59,17.41,85.37,"NASA POWER Daily Agroclimatology API (Point 25.5788 N, 91.8933 E)",0.25,0.2599999999999858,2.490000000000014,2.490000000000014,2.51
2020-01-02,2.94,13.55,9.22,19.19,85.18,"NASA POWER Daily Agroclimatology API (Point 25.5788 N, 91.8933 E)",2.94,3.199999999999986,5.2000000000000135,5.430000000000014,5.449999999999999
2020-01-03,15.07,11.68,8.85,15.39,90.4,"NASA POWER Daily Agroclimatology API (Point 25.5788 N, 91.8933 E)",15.07,18.259999999999987,18.320000000000014,20.500000000000014,20.52
2020-01-04,0.71,11.3,7.83,14.45,92.05,"NASA POWER Daily Agroclimatology API (Point 25.5788 N, 91.8933 E)",0.71,18.719999999999988,19.010000000000016,21.210000000000015,21.23
2020-01-05,2.47,9.54,4.81,15.43,84.94,"NASA POWER Daily Agroclimatology API (Point 25.5788 N, 91.8933 E)",2.47,18.249999999999986,21.450000000000014,23.680000000000014,23.7
2020-01-06,0.18,8.03,2.29,14.89,80.25,"NASA POWER Daily Agroclimatology API (Point 25.5788 N, 91.8933 E)",0.18,3.359999999999986,21.630000000000013,23.860000000000014,23.88
2020-01-07,0.77,8.74,3.81,15.63,84.13,"NASA POWER Daily Agroclimatology API (Point 25.5788 N, 91.8933 E)",0.77,3.4199999999999857,22.390000000000015,24.630000000000013,24.65
2020-01-08,0.0,10.85,5.12,17.73,81.19,"NASA POWER Daily Agroclimatology API (Point 25.5788 N, 91.8933 E)",0.0,0.9499999999999857,22.140000000000015,24.630000000000013,24.65
2020-01-09,0.34,10.88,6.7,15.66,85.97,"NASA POWER Daily Agroclimatology API (Point 25.5788 N, 91.8933 E)",0.34,1.1099999999999859,19.540000000000013,24.740000000000013,24.99
2020-01-10,0.05,10.68,7.81,15.67,85.76,"NASA POWER Daily Agroclimatology API (Point 25.5788 N, 91.8933 E)",0.05,0.3899999999999858,4.520000000000015,22.840000000000014,25.04
2020-01-11,0.0,10.32,5.87,16.54,86.75,"NASA POWER Daily Agroclimatology API (Point 25.5788 N, 91.8933 E)",0.0,0.3899999999999858,3.8100000000000143,22.820000000000014,25.04
2020-01-12,0.0,10.66,5.28,17.73,84.2,"NASA POWER Daily Agroclimatology API (Point 25.5788 N, 91.8933 E)",0.0,0.04999999999998579,1.3400000000000143,22.790000000000013,25.04
2020-01-13,0.0,10.91,5.08,17.8,87.02,"NASA POWER Daily Agroclimatology API (Point 25.5788 N, 91.8933 E)",0.0,0.0,1.1600000000000144,22.790000000000013,25.04
2020-01-14,0.0,11.44,7.05,18.25,87.45,"NASA POWER Daily Agroclimatology API (Point 25.5788 N, 91.8933 E)",0.0,0.0,0.3900000000000142,22.780000000000015,25.029999999999998
2020-01-15,0.0,11.61,5.81,19.5,84.9,"NASA POWER Daily Agroclimatology API (Point 25.5788 N, 91.8933 E)",0.0,0.0,0.3900000000000142,22.530000000000015,25.02
2020-01-16,0.0,12.18,7.74,19.49,82.41,"NASA POWER Daily Agroclimatology API (Point 25.5788 N, 91.8933 E)",0.0,0.0,0.050000000000014214,19.590000000000014,25.02
2020-01-17,0.0,12.41,7.24,19.66,83.26,"NASA POWER Daily Agroclimatology API (Point 25.5788 N, 91.8933 E)",0.0,0.0,0.0,4.520000000000015,25.02
2020-01-18,0.0,12.51,8.77,18.67,81.69,"NASA POWER Daily Agroclimatology API (Point 25.5788 N, 91.8933 E)",0.0,0.0,0.0,3.8100000000000143,25.02
2020-01-19,2.68,11.86,7.77,17.66,87.0,"NASA POWER Daily Agroclimatology API (Point 25.5788 N, 91.8933 E)",2.68,2.679999999999986,2.6800000000000144,4.020000000000014,27.7
2020-01-20,0.01,10.78,6.94,15.81,84.92,"NASA POWER Daily Agroclimatology API (Point 25.5788 N, 91.8933 E)",0.01,2.6899999999999857,2.690000000000014,3.850000000000014,27.71
2020-01-21,0.0,8.86,4.12,15.72,74.18,"NASA POWER Daily Agroclimatology API (Point 25.5788 N, 91.8933 E)",0.0,2.6899999999999857,2.690000000000014,3.0800000000000143,27.71
2020-01-22,0.0,8.63,3.9,16.83,72.46,"NASA POWER Daily Agroclimatology API (Point 25.5788 N, 91.8933 E)",0.0,0.00999999999998579,2.690000000000014,3.0800000000000143,27.71
2020-01-23,0.0,8.05,3.77,15.52,66.51,"NASA POWER Daily Agroclimatology API (Point 25.5788 N, 91.8933 E)",0.0,0.0,2.690000000000014,2.740000000000014,27.71
2020-01-24,0.01,6.56,0.99,13.77,78.01,"NASA POWER Daily Agroclimatology API (Point 25.5788 N, 91.8933 E)",0.01,0.00999999999998579,2.7000000000000144,2.7000000000000144,27.72
2020-01-25,0.0,9.41,2.28,17.51,72.51,"NASA POWER Daily Agroclimatology API (Point 25.5788 N, 91.8933 E)",0.0,0.00999999999998579,2.7000000000000144,2.7000000000000144,27.49
2020-01-26,0.0,9.42,5.87,14.82,79.27,"NASA POWER Daily Agroclimatology API (Point 25.5788 N, 91.8933 E)",0.0,0.00999999999998579,0.02000000000001421,2.7000000000000144,25.54
2020-01-27,0.0,9.48,5.82,15.31,80.69,"NASA POWER Daily Agroclimatology API (Point 25.5788 N, 91.8933 E)",0.0,0.0,0.010000000000014211,2.7000000000000144,25.52
2020-01-28,0.0,9.24,4.95,16.18,83.35,"NASA POWER Daily Agroclimatology API (Point 25.5788 N, 91.8933 E)",0.0,0.0,0.010000000000014211,2.7000000000000144,25.49
2020-01-29,0.0,10.17,4.97,18.02,81.42,"NASA POWER Daily Agroclimatology API (Point 25.5788 N, 91.8933 E)",0.0,0.0,0.010000000000014211,2.7000000000000144,25.49
2020-01-30,0.83,11.2,7.4,17.31,83.46,"NASA POWER Daily Agroclimatology API (Point 25.5788 N, 91.8933 E)",0.83,0.8299999999999857,0.8400000000000142,3.5300000000000145,26.31
2020-01-31,1.27,10.06,6.62,15.75,85.67,"NASA POWER Daily Agroclimatology API (Point 25.5788 N, 91.8933 E)",1.27,2.099999999999986,2.1000000000000143,4.800000000000015,27.33
2020-02-01,0.0,8.61,3.21,16.21,84.64,"NASA POWER Daily Agroclimatology API (Point 25.5788 N, 91.8933 E)",0.0,2.099999999999986,2.1000000000000143,4.800000000000015,24.39
2020-02-02,0.02,8.29,3.54,15.32,77.58,"NASA POWER Daily Agroclimatology API (Point 25.5788 N, 91.8933 E)",0.02,1.2899999999999858,2.1200000000000143,2.1400000000000143,9.34
2020-02-03,0.0,7.73,1.4,16.05,80.73,"NASA POWER Daily Agroclimatology API (Point 25.5788 N, 91.8933 E)",0.0,0.01999999999998579,2.1200000000000143,2.1300000000000145,8.629999999999999
2020-02-04,0.0,9.16,3.58,17.01,82.15,"NASA POWER Daily Agroclimatology API (Point 25.5788 N, 91.8933 E)",0.0,0.01999999999998579,2.1200000000000143,2.1300000000000145,6.16
2020-02-05,0.0,9.54,5.05,16.07,73.27,"NASA POWER Daily Agroclimatology API (Point 25.5788 N, 91.8933 E)",0.0,0.0,2.1200000000000143,2.1300000000000145,5.9799999999999995
2020-02-06,0.0,9.66,4.89,16.83,70.7,"NASA POWER Daily Agroclimatology API (Point 25.5788 N, 91.8933 E)",0.0,0.0,1.2900000000000142,2.1300000000000145,5.21
2020-02-07,0.0,10.44,6.72,16.72,69.64,"NASA POWER Daily Agroclimatology API (Point 25.5788 N, 91.8933 E)",0.0,0.0,0.02000000000001421,2.1200000000000143,5.21
2020-02-08,0.0,11.35,6.37,18.7,74.32,"NASA POWER Daily Agroclimatology API (Point 25.5788 N, 91.8933 E)",0.0,0.0,0.02000000000001421,2.1200000000000143,4.87
2020-02-09,0.09,11.78,7.81,17.59,67.59,"NASA POWER Daily Agroclimatology API (Point 25.5788 N, 91.8933 E)",0.09,0.08999999999998579,0.09000000000001421,2.210000000000014,4.91
2020-02-10,0.0,10.53,5.02,17.95,71.67,"NASA POWER Daily Agroclimatology API (Point 25.5788 N, 91.8933 E)",0.0,0.08999999999998579,0.09000000000001421,2.210000000000014,4.91
2020-02-11,0.0,10.43,3.96,18.23,69.5,"NASA POWER Daily Agroclimatology API (Point 25.5788 N, 91.8933 E)",0.0,0.08999999999998579,0.09000000000001421,2.210000000000014,4.91
2020-02-12,0.0,11.87,6.23,19.15,68.04,"NASA POWER Daily Agroclimatology API (Point 25.5788 N, 91.8933 E)",0.0,0.0,0.09000000000001421,2.210000000000014,4.91
2020-02-13,0.0,12.89,8.51,19.74,66.93,"NASA POWER Daily Agroclimatology API (Point 25.5788 N, 91.8933 E)",0.0,0.0,0.09000000000001421,1.3800000000000143,4.91
2020-02-14,0.0,12.05,7.95,18.22,67.86,"NASA POWER Daily Agroclimatology API (Point 25.5788 N, 91.8933 E)",0.0,0.0,0.09000000000001421,0.11000000000001421,4.91
2020-02-15,0.0,12.19,7.46,17.96,85.73,"NASA POWER Daily Agroclimatology API (Point 25.5788 N, 91.8933 E)",0.0,0.0,0.09000000000001421,0.11000000000001421,4.91
2020-02-16,0.0,13.89,11.06,19.07,82.97,"NASA POWER Daily Agroclimatology API (Point 25.5788 N, 91.8933 E)",0.0,0.0,0.0,0.09000000000001421,4.91
2020-02-17,0.0,14.09,8.19,20.28,81.59,"NASA POWER Daily Agroclimatology API (Point 25.5788 N, 91.8933 E)",0.0,0.0,0.0,0.09000000000001421,4.91
2020-02-18,1.17,11.97,6.47,18.69,78.71,"NASA POWER Daily Agroclimatology API (Point 25.5788 N, 91.8933 E)",1.17,1.1699999999999857,1.1700000000000141,1.2600000000000142,3.4000000000000004
2020-02-19,0.09,13.1,8.35,19.51,78.3,"NASA POWER Daily Agroclimatology API (Point 25.5788 N, 91.8933 E)",0.09,1.2599999999999858,1.2600000000000142,1.3500000000000143,3.4800000000000004
2020-02-20,0.0,13.37,8.95,19.22,72.3,"NASA POWER Daily Agroclimatology API (Point 25.5788 N, 91.8933 E)",0.0,1.2599999999999858,1.2600000000000142,1.3500000000000143,3.4800000000000004
2020-02-21,0.0,14.18,7.12,21.51,72.62,"NASA POWER Daily Agroclimatology API (Point 25.5788 N, 91.8933 E)",0.0,0.08999999999998579,1.2600000000000142,1.3500000000000143,3.4800000000000004
2020-02-22,0.0,15.05,10.73,19.94,72.02,"NASA POWER Daily Agroclimatology API (Point 25.5788 N, 91.8933 E)",0.0,0.0,1.2600000000000142,1.3500000000000143,3.4800000000000004
2020-02-23,1.43,15.92,12.71,21.14,67.93,"NASA POWER Daily Agroclimatology API (Point 25.5788 N, 91.8933 E)",1.43,1.4299999999999857,2.690000000000014,2.690000000000014,4.9
2020-02-24,0.27,14.87,9.75,20.33,71.94,"NASA POWER Daily Agroclimatology API (Point 25.5788 N, 91.8933 E)",0.27,1.6999999999999857,2.960000000000014,2.960000000000014,5.17
2020-02-25,2.77,13.73,9.24,20.36,79.06,"NASA POWER Daily Agroclimatology API (Point 25.5788 N, 91.8933 E)",2.77,4.4699999999999855,4.560000000000015,5.730000000000015,7.94
2020-02-26,10.97,12.33,8.78,17.06,87.13,"NASA POWER Daily Agroclimatology API (Point 25.5788 N, 91.8933 E)",10.97,14.009999999999987,15.440000000000015,16.700000000000017,18.91
2020-02-27,0.65,12.47,7.15,19.28,76.58,"NASA POWER Daily Agroclimatology API (Point 25.5788 N, 91.8933 E)",0.65,14.389999999999986,16.090000000000014,17.350000000000016,19.560000000000002
2020-02-28,0.0,13.76,8.02,20.71,71.67,"NASA POWER Daily Agroclimatology API (Point 25.5788 N, 91.8933 E)",0.0,11.619999999999987,16.090000000000014,17.350000000000016,19.560000000000002
2020-02-29,0.0,14.83,10.22,21.69,73.75,"NASA POWER Daily Agroclimatology API (Point 25.5788 N, 91.8933 E)",0.0,0.649999999999984,16.090000000000014,17.350000000000016,18.730000000000004
2020-03-01,0.0,15.18,11.16,21.52,72.66,"NASA POWER Daily Agroclimatology API (Point 25.5788 N, 91.8933 E)",0.0,0.0,14.660000000000016,17.350000000000016,17.46
2020-03-02,0.85,14.85,10.37,21.52,73.51,"NASA POWER Daily Agroclimatology API (Point 25.5788 N, 91.8933 E)",0.85,0.849999999999984,15.240000000000014,18.200000000000017,18.310000000000002
2020-03-03,1.93,13.77,9.29,19.46,76.53,"NASA POWER Daily Agroclimatology API (Point 25.5788 N, 91.8933 E)",1.93,2.779999999999984,14.400000000000015,18.960000000000015,20.220000000000002
2020-03-04,1.28,14.27,9.96,19.92,74.98,"NASA POWER Daily Agroclimatology API (Point 25.5788 N, 91.8933 E)",1.28,4.0599999999999845,4.710000000000014,20.150000000000013,21.5
2020-03-05,3.64,14.45,10.7,19.47,81.49,"NASA POWER Daily Agroclimatology API (Point 25.5788 N, 91.8933 E)",3.64,6.849999999999984,7.7000000000000135,23.790000000000013,25.14
2020-03-06,6.95,13.99,9.55,19.89,85.28,"NASA POWER Daily Agroclimatology API (Point 25.5788 N, 91.8933 E)",6.95,11.869999999999985,14.650000000000015,30.740000000000016,32.09
2020-03-07,5.09,13.96,9.9,19.69,83.94,"NASA POWER Daily Agroclimatology API (Point 25.5788 N, 91.8933 E)",5.09,15.679999999999986,19.740000000000016,35.83000000000001,37.18
2020-03-08,1.19,13.32,7.51,19.42,86.18,"NASA POWER Daily Agroclimatology API (Point 25.5788 N, 91.8933 E)",1.19,13.229999999999984,20.930000000000014,35.59000000000002,38.370000000000005
2020-03-09,0.12,13.11,7.1,20.03,74.87,"NASA POWER Daily Agroclimatology API (Point 25.5788 N, 91.8933 E)",0.12,6.399999999999984,20.200000000000014,35.44000000000002,38.49
2020-03-10,0.01,13.55,7.68,21.13,71.1,"NASA POWER Daily Agroclimatology API (Point 25.5788 N, 91.8933 E)",0.01,1.3199999999999847,18.280000000000012,32.680000000000014,38.410000000000004
2020-03-11,0.0,14.1,7.96,21.6,67.74,"NASA POWER Daily Agroclimatology API (Point 25.5788 N, 91.8933 E)",0.0,0.1299999999999849,17.000000000000014,21.710000000000015,38.410000000000004
2020-03-12,0.0,16.25,10.99,22.86,73.3,"NASA POWER Daily Agroclimatology API (Point 25.5788 N, 91.8933 E)",0.0,0.009999999999984901,13.360000000000015,21.060000000000013,38.410000000000004
2020-03-13,0.0,17.82,12.06,24.76,72.59,"NASA POWER Daily Agroclimatology API (Point 25.5788 N, 91.8933 E)",0.0,0.0,6.410000000000014,21.060000000000013,38.410000000000004
2020-03-14,0.0,17.63,12.7,24.52,75.06,"NASA POWER Daily Agroclimatology API (Point 25.5788 N, 91.8933 E)",0.0,0.0,1.320000000000014,21.060000000000013,38.410000000000004
2020-03-15,0.0,18.07,13.91,23.96,69.86,"NASA POWER Daily Agroclimatology API (Point 25.5788 N, 91.8933 E)",0.0,0.0,0.13000000000001422,21.060000000000013,38.410000000000004
2020-03-16,0.0,17.32,11.42,22.82,63.6,"NASA POWER Daily Agroclimatology API (Point 25.5788 N, 91.8933 E)",0.0,0.0,0.010000000000014211,20.210000000000015,38.410000000000004
2020-03-17,0.0,15.1,9.86,22.23,63.32,"NASA POWER Daily Agroclimatology API (Point 25.5788 N, 91.8933 E)",0.0,0.0,0.0,18.280000000000012,38.410000000000004
2020-03-18,0.0,14.47,7.83,21.75,69.75,"NASA POWER Daily Agroclimatology API (Point 25.5788 N, 91.8933 E)",0.0,0.0,0.0,17.000000000000014,38.410000000000004
2020-03-19,0.0,15.33,10.69,22.02,62.95,"NASA POWER Daily Agroclimatology API (Point 25.5788 N, 91.8933 E)",0.0,0.0,0.0,13.360000000000015,37.24
2020-03-20,0.07,15.24,10.19,22.07,65.29,"NASA POWER Daily Agroclimatology API (Point 25.5788 N, 91.8933 E)",0.07,0.06999999999998491,0.07000000000001422,6.480000000000014,37.22
2020-03-21,0.21,15.65,10.97,21.28,62.4,"NASA POWER Daily Agroclimatology API (Point 25.5788 N, 91.8933 E)",0.21,0.2799999999999849,0.28000000000001424,1.600000000000014,37.43
2020-03-22,2.97,15.28,11.55,20.65,70.0,"NASA POWER Daily Agroclimatology API (Point 25.5788 N, 91.8933 E)",2.97,3.249999999999985,3.250000000000014,3.380000000000014,40.4
2020-03-23,0.25,14.87,10.83,18.93,79.51,"NASA POWER Daily Agroclimatology API (Point 25.5788 N, 91.8933 E)",0.25,3.4299999999999855,3.5000000000000147,3.5100000000000144,40.65
2020-03-24,0.02,16.26,11.94,20.83,74.33,"NASA POWER Daily Agroclimatology API (Point 25.5788 N, 91.8933 E)",0.02,3.2399999999999856,3.5200000000000147,3.5200000000000147,39.24
2020-03-25,0.02,17.16,12.72,23.77,72.0,"NASA POWER Daily Agroclimatology API (Point 25.5788 N, 91.8933 E)",0.02,0.2899999999999853,3.5400000000000147,3.5400000000000147,38.99
2020-03-26,0.0,17.66,12.73,23.85,72.01,"NASA POWER Daily Agroclimatology API (Point 25.5788 N, 91.8933 E)",0.0,0.039999999999985346,3.5400000000000147,3.5400000000000147,36.22
2020-03-27,0.0,18.37,13.66,24.54,71.19,"NASA POWER Daily Agroclimatology API (Point 25.5788 N, 91.8933 E)",0.0,0.019999999999985345,3.470000000000015,3.5400000000000147,25.250000000000004
2020-03-28,0.0,18.42,13.01,24.61,73.56,"NASA POWER Daily Agroclimatology API (Point 25.5788 N, 91.8933 E)",0.0,0.0,3.260000000000015,3.5400000000000147,24.600000000000005
2020-03-29,0.0,17.43,12.22,24.39,66.39,"NASA POWER Daily Agroclimatology API (Point 25.5788 N, 91.8933 E)",0.0,0.0,0.29000000000001463,3.5400000000000147,24.600000000000005
2020-03-30,0.0,16.97,11.28,23.77,54.41,"NASA POWER Daily Agroclimatology API (Point 25.5788 N, 91.8933 E)",0.0,0.0,0.040000000000014656,3.5400000000000147,24.600000000000005
2020-03-31,0.0,17.55,12.62,24.15,51.52,"NASA POWER Daily Agroclimatology API (Point 25.5788 N, 91.8933 E)",0.0,0.0,0.020000000000014655,3.5400000000000147,24.600000000000005
2020-04-01,0.0,17.64,12.26,24.78,55.38,"NASA POWER Daily Agroclimatology API (Point 25.5788 N, 91.8933 E)",0.0,0.0,0.0,3.5400000000000147,23.750000000000004
2020-04-02,0.06,18.07,11.81,24.08,69.34,"NASA POWER Daily Agroclimatology API (Point 25.5788 N, 91.8933 E)",0.06,0.05999999999998534,0.06000000000001465,3.6000000000000147,21.880000000000003
2020-04-03,0.49,18.37,12.99,24.28,77.67,"NASA POWER Daily Agroclimatology API (Point 25.5788 N, 91.8933 E)",0.49,0.5499999999999854,0.5500000000000147,4.020000000000015,21.090000000000003
2020-04-04,0.07,17.89,13.12,24.13,66.08,"NASA POWER Daily Agroclimatology API (Point 25.5788 N, 91.8933 E)",0.07,0.6199999999999853,0.6200000000000147,3.8800000000000145,17.52
2020-04-05,0.0,17.92,12.9,24.13,65.41,"NASA POWER Daily Agroclimatology API (Point 25.5788 N, 91.8933 E)",0.0,0.5599999999999854,0.6200000000000147,0.9100000000000141,10.570000000000002
2020-04-06,0.01,17.68,12.58,23.82,63.66,"NASA POWER Daily Agroclimatology API (Point 25.5788 N, 91.8933 E)",0.01,0.07999999999998535,0.6300000000000147,0.6700000000000141,5.490000000000002
2020-04-07,0.0,18.16,13.2,23.73,59.24,"NASA POWER Daily Agroclimatology API (Point 25.5788 N, 91.8933 E)",0.0,0.009999999999985345,0.6300000000000147,0.6500000000000141,4.3000000000000025
2020-04-08,1.51,19.31,14.82,25.0,66.41,"NASA POWER Daily Agroclimatology API (Point 25.5788 N, 91.8933 E)",1.51,1.5199999999999854,2.140000000000015,2.140000000000014,5.690000000000002
2020-04-09,3.84,18.55,14.23,23.64,77.3,"NASA POWER Daily Agroclimatology API (Point 25.5788 N, 91.8933 E)",3.84,5.349999999999985,5.920000000000014,5.980000000000014,9.520000000000001
2020-04-10,0.64,19.38,15.32,24.6,66.55,"NASA POWER Daily Agroclimatology API (Point 25.5788 N, 91.8933 E)",0.64,5.989999999999985,6.0700000000000145,6.620000000000013,10.160000000000002
2020-04-11,8.86,19.23,14.75,24.44,67.96,"NASA POWER Daily Agroclimatology API (Point 25.5788 N, 91.8933 E)",8.86,13.339999999999986,14.860000000000014,15.480000000000013,19.020000000000003
2020-04-12,3.41,19.01,14.49,24.41,65.57,"NASA POWER Daily Agroclimatology API (Point 25.5788 N, 91.8933 E)",3.41,12.909999999999986,18.270000000000014,18.890000000000015,22.43
2020-04-13,0.0,20.55,14.45,26.99,62.04,"NASA POWER Daily Agroclimatology API (Point 25.5788 N, 91.8933 E)",0.0,12.269999999999985,18.260000000000012,18.890000000000015,22.43
2020-04-14,0.0,21.29,16.85,26.12,66.88,"NASA POWER Daily Agroclimatology API (Point 25.5788 N, 91.8933 E)",0.0,3.409999999999986,18.260000000000012,18.890000000000015,22.43
2020-04-15,21.13,19.82,15.72,24.68,80.28,"NASA POWER Daily Agroclimatology API (Point 25.5788 N, 91.8933 E)",21.13,21.129999999999985,37.88000000000001,40.02000000000001,43.56
2020-04-16,26.58,18.84,14.98,24.18,76.44,"NASA POWER Daily Agroclimatology API (Point 25.5788 N, 91.8933 E)",26.58,47.70999999999998,60.620000000000005,66.54,70.14
2020-04-17,28.68,18.31,14.6,22.76,83.47,"NASA POWER Daily Agroclimatology API (Point 25.5788 N, 91.8933 E)",28.68,76.38999999999999,88.66000000000001,94.73000000000002,98.82
2020-04-18,34.54,17.97,14.92,20.05,92.65,"NASA POWER Daily Agroclimatology API (Point 25.5788 N, 91.8933 E)",34.54,89.79999999999998,114.34,129.2,133.36
2020-04-19,24.92,18.68,14.9,22.53,88.78,"NASA POWER Daily Agroclimatology API (Point 25.5788 N, 91.8933 E)",24.92,88.13999999999999,135.85000000000002,154.12,158.21
2020-04-20,18.77,18.68,14.11,24.3,85.99,"NASA POWER Daily Agroclimatology API (Point 25.5788 N, 91.8933 E)",18.77,78.22999999999998,154.62,172.88000000000002,176.77
2020-04-21,17.85,18.08,13.12,22.61,79.83,"NASA POWER Daily Agroclimatology API (Point 25.5788 N, 91.8933 E)",17.85,61.53999999999999,172.47,190.73000000000002,191.65
2020-04-22,10.67,16.16,13.02,21.26,83.48,"NASA POWER Daily Agroclimatology API (Point 25.5788 N, 91.8933 E)",10.67,47.289999999999985,162.01000000000002,199.89000000000001,202.07
2020-04-23,5.53,17.08,12.83,22.05,80.57,"NASA POWER Daily Agroclimatology API (Point 25.5788 N, 91.8933 E)",5.53,34.04999999999999,140.96,201.58,207.57999999999998
2020-04-24,53.05,16.25,12.83,19.87,84.09,"NASA POWER Daily Agroclimatology API (Point 25.5788 N, 91.8933 E)",53.05,69.24999999999999,165.33,253.99,260.61
2020-04-25,3.49,17.56,13.09,23.15,75.33,"NASA POWER Daily Agroclimatology API (Point 25.5788 N, 91.8933 E)",3.49,62.069999999999986,134.28,248.62,264.1
2020-04-26,4.22,17.88,13.17,23.43,83.72,"NASA POWER Daily Agroclimatology API (Point 25.5788 N, 91.8933 E)",4.22,60.759999999999984,113.58000000000001,249.43,268.32
2020-04-27,20.43,18.31,15.29,21.72,81.43,"NASA POWER Daily Agroclimatology API (Point 25.5788 N, 91.8933 E)",20.43,28.139999999999986,115.24000000000001,269.86,288.75
2020-04-28,18.69,17.84,14.28,22.48,84.99,"NASA POWER Daily Agroclimatology API (Point 25.5788 N, 91.8933 E)",18.69,43.33999999999999,116.08000000000001,288.55,307.44
2020-04-29,7.73,17.79,14.39,22.67,84.04,"NASA POWER Daily Agroclimatology API (Point 25.5788 N, 91.8933 E)",7.73,46.84999999999999,113.14000000000001,275.15000000000003,315.17
2020-04-30,4.21,19.54,15.52,24.12,74.57,"NASA POWER Daily Agroclimatology API (Point 25.5788 N, 91.8933 E)",4.21,30.62999999999999,111.82000000000001,252.78,319.38
2020-05-01,3.25,19.87,15.69,24.26,75.33,"NASA POWER Daily Agroclimatology API (Point 25.5788 N, 91.8933 E)",3.25,15.189999999999987,62.02000000000002,227.35,322.63
2020-05-02,15.32,18.6,14.84,22.25,85.76,"NASA POWER Daily Agroclimatology API (Point 25.5788 N, 91.8933 E)",15.32,22.779999999999987,73.85000000000002,208.13000000000002,337.89
2020-05-03,7.16,19.31,15.82,23.53,80.26,"NASA POWER Daily Agroclimatology API (Point 25.5788 N, 91.8933 E)",7.16,25.729999999999986,76.79000000000002,190.37000000000003,344.56
2020-05-04,10.74,19.86,15.78,24.89,82.03,"NASA POWER Daily Agroclimatology API (Point 25.5788 N, 91.8933 E)",10.74,33.219999999999985,67.10000000000002,182.34000000000003,355.23
2020-05-05,27.91,19.62,15.28,24.86,86.58,"NASA POWER Daily Agroclimatology API (Point 25.5788 N, 91.8933 E)",27.91,45.80999999999999,76.32000000000002,192.40000000000003,383.14
2020-05-06,5.86,19.19,14.76,24.9,81.83,"NASA POWER Daily Agroclimatology API (Point 25.5788 N, 91.8933 E)",5.86,44.50999999999999,74.45000000000002,187.59,388.99
2020-05-07,8.77,19.4,14.9,25.36,78.81,"NASA POWER Daily Agroclimatology API (Point 25.5788 N, 91.8933 E)",8.77,42.53999999999999,79.01000000000002,190.83,397.76
2020-05-08,8.2,18.51,13.73,24.58,75.45,"NASA POWER Daily Agroclimatology API (Point 25.5788 N, 91.8933 E)",8.2,22.829999999999984,83.96000000000002,145.98000000000002,404.45000000000005
2020-05-09,4.7,20.26,14.67,25.93,70.36,"NASA POWER Daily Agroclimatology API (Point 25.5788 N, 91.8933 E)",4.7,21.669999999999984,73.34000000000002,147.19000000000003,405.31
2020-05-10,2.95,21.01,16.14,26.67,74.12,"NASA POWER Daily Agroclimatology API (Point 25.5788 N, 91.8933 E)",2.95,15.849999999999985,69.13000000000002,145.92000000000002,407.62
2020-05-11,2.18,21.13,17.12,26.45,78.98,"NASA POWER Daily Agroclimatology API (Point 25.5788 N, 91.8933 E)",2.18,9.829999999999986,60.570000000000014,127.67000000000002,400.94
2020-05-12,2.18,20.63,16.44,25.47,80.98,"NASA POWER Daily Agroclimatology API (Point 25.5788 N, 91.8933 E)",2.18,7.309999999999986,34.84000000000001,111.16000000000001,399.71000000000004
2020-05-13,29.73,19.62,15.48,23.37,89.15,"NASA POWER Daily Agroclimatology API (Point 25.5788 N, 91.8933 E)",29.73,34.08999999999999,58.710000000000015,133.16000000000003,429.44000000000005
2020-05-14,8.53,20.9,16.37,25.74,74.55,"NASA POWER Daily Agroclimatology API (Point 25.5788 N, 91.8933 E)",8.53,40.43999999999998,58.47000000000001,137.48000000000002,437.97
2020-05-15,19.14,20.7,16.55,24.86,82.94,"NASA POWER Daily Agroclimatology API (Point 25.5788 N, 91.8933 E)",19.14,57.399999999999984,69.41000000000003,153.37000000000003,435.98
2020-05-16,28.82,20.41,16.5,24.59,88.96,"NASA POWER Daily Agroclimatology API (Point 25.5788 N, 91.8933 E)",28.82,56.48999999999998,93.53000000000002,166.87,438.21999999999997
2020-05-17,3.44,21.91,17.58,26.51,72.75,"NASA POWER Daily Agroclimatology API (Point 25.5788 N, 91.8933 E)",3.44,51.399999999999984,94.02000000000001,163.15,412.97999999999996
2020-05-18,0.14,22.0,18.24,27.39,76.61,"NASA POWER Daily Agroclimatology API (Point 25.5788 N, 91.8933 E)",0.14,32.399999999999984,91.98000000000002,152.55,378.58000000000004
2020-05-19,1.83,20.38,16.96,24.9,78.93,"NASA POWER Daily Agroclimatology API (Point 25.5788 N, 91.8933 E)",1.83,5.409999999999982,91.63000000000001,126.47000000000001,355.49
2020-05-20,13.96,20.56,17.6,24.45,85.68,"NASA POWER Daily Agroclimatology API (Point 25.5788 N, 91.8933 E)",13.96,15.929999999999984,75.86000000000001,134.57000000000002,350.68
2020-05-21,125.77,20.24,18.9,21.44,95.35,"NASA POWER Daily Agroclimatology API (Point 25.5788 N, 91.8933 E)",125.77,141.55999999999997,193.10000000000002,251.57,458.6
2020-05-22,98.71,20.48,17.65,22.8,94.63,"NASA POWER Daily Agroclimatology API (Point 25.5788 N, 91.8933 E)",98.71,238.43999999999994,272.67,342.08000000000004,546.64
2020-05-23,43.64,21.27,17.35,25.11,91.69,"NASA POWER Daily Agroclimatology API (Point 25.5788 N, 91.8933 E)",43.64,268.12,287.49,381.02000000000004,584.75
2020-05-24,134.28,21.88,20.07,24.26,93.52,"NASA POWER Daily Agroclimatology API (Point 25.5788 N, 91.8933 E)",134.28,276.63,418.33,512.3499999999999,665.98
2020-05-25,88.93,21.75,19.7,24.14,94.18,"NASA POWER Daily Agroclimatology API (Point 25.5788 N, 91.8933 E)",88.93,266.85,507.12,599.1,751.4200000000001
2020-05-26,94.99,21.21,19.76,23.79,94.38,"NASA POWER Daily Agroclimatology API (Point 25.5788 N, 91.8933 E)",94.99,318.2,600.28,691.91,842.19
2020-05-27,40.23,20.82,19.06,23.34,92.38,"NASA POWER Daily Agroclimatology API (Point 25.5788 N, 91.8933 E)",40.23,224.14999999999998,626.55,702.4100000000001,861.9899999999999
2020-05-28,13.02,20.54,18.79,23.64,89.49,"NASA POWER Daily Agroclimatology API (Point 25.5788 N, 91.8933 E)",13.02,148.23999999999995,513.8,706.9,856.32
2020-05-29,7.98,19.99,17.1,23.47,88.5,"NASA POWER Daily Agroclimatology API (Point 25.5788 N, 91.8933 E)",7.98,61.22999999999997,423.07,695.74,856.5699999999999
2020-05-30,12.81,19.91,15.29,24.39,86.72,"NASA POWER Daily Agroclimatology API (Point 25.5788 N, 91.8933 E)",12.81,33.809999999999974,392.23999999999995,679.73,865.17
2020-05-31,38.0,20.39,17.32,24.26,87.38,"NASA POWER Daily Agroclimatology API (Point 25.5788 N, 91.8933 E)",38.0,58.78999999999998,295.96,714.29,899.92
2020-06-01,17.07,20.47,15.69,24.01,91.67,"NASA POWER Daily Agroclimatology API (Point 25.5788 N, 91.8933 E)",17.07,67.87999999999997,224.1,731.22,901.6700000000001
2020-06-02,16.61,20.65,18.39,23.29,93.46,"NASA POWER Daily Agroclimatology API (Point 25.5788 N, 91.8933 E)",16.61,71.67999999999998,145.72000000000003,746.0,911.12
2020-06-03,22.31,20.04,18.93,21.44,94.32,"NASA POWER Daily Agroclimatology API (Point 25.5788 N, 91.8933 E)",22.31,55.98999999999998,127.8,754.35,922.69
2020-06-04,13.86,20.19,18.51,23.15,94.24,"NASA POWER Daily Agroclimatology API (Point 25.5788 N, 91.8933 E)",13.86,52.77999999999997,128.64,642.4399999999999,908.64
2020-06-05,36.39,21.19,18.39,24.65,92.86,"NASA POWER Daily Agroclimatology API (Point 25.5788 N, 91.8933 E)",36.39,72.55999999999997,157.05,580.12,939.17
2020-06-06,53.95,20.98,19.43,22.74,97.01,"NASA POWER Daily Agroclimatology API (Point 25.5788 N, 91.8933 E)",53.95,104.19999999999997,198.19,590.4300000000001,984.3499999999999
2020-06-07,9.17,21.51,19.17,24.2,92.13,"NASA POWER Daily Agroclimatology API (Point 25.5788 N, 91.8933 E)",9.17,99.50999999999998,169.36,465.32,985.32
2020-06-08,2.37,21.55,18.57,24.46,91.16,"NASA POWER Daily Agroclimatology API (Point 25.5788 N, 91.8933 E)",2.37,65.48999999999998,154.66000000000003,378.76,982.99
2020-06-09,2.8,22.69,18.03,27.44,86.51,"NASA POWER Daily Agroclimatology API (Point 25.5788 N, 91.8933 E)",2.8,14.339999999999971,140.85,286.57,982.8399999999999
2020-06-10,6.86,22.71,19.05,26.43,88.79,"NASA POWER Daily Agroclimatology API (Point 25.5788 N, 91.8933 E)",6.86,12.029999999999973,125.4,253.2,987.52
2020-06-11,19.19,21.48,19.85,23.6,94.45,"NASA POWER Daily Agroclimatology API (Point 25.5788 N, 91.8933 E)",19.19,28.849999999999973,130.73000000000002,259.37,1004.5300000000001
2020-06-12,19.73,21.65,19.16,24.62,93.97,"NASA POWER Daily Agroclimatology API (Point 25.5788 N, 91.8933 E)",19.73,45.77999999999997,114.07000000000001,271.12,994.53
2020-06-13,34.76,21.41,19.39,23.03,95.29,"NASA POWER Daily Agroclimatology API (Point 25.5788 N, 91.8933 E)",34.76,73.67999999999998,94.88,293.07,1020.76
2020-06-14,15.29,22.32,18.56,26.1,90.19,"NASA POWER Daily Agroclimatology API (Point 25.5788 N, 91.8933 E)",15.29,69.77999999999997,101.0,270.36,1016.91
2020-06-15,11.81,22.86,19.74,26.43,91.18,"NASA POWER Daily Agroclimatology API (Point 25.5788 N, 91.8933 E)",11.81,61.85999999999997,110.43999999999998,265.1,999.9
2020-06-16,26.44,21.48,19.54,23.12,95.04,"NASA POWER Daily Agroclimatology API (Point 25.5788 N, 91.8933 E)",26.44,53.53999999999998,134.07999999999998,274.93,1022.9
2020-06-17,79.54,22.28,19.43,25.75,92.69,"NASA POWER Daily Agroclimatology API (Point 25.5788 N, 91.8933 E)",79.54,117.78999999999999,206.76,332.16,1102.3
2020-06-18,38.41,22.07,20.89,23.3,94.71,"NASA POWER Daily Agroclimatology API (Point 25.5788 N, 91.8933 E)",38.41,144.39,225.98000000000002,356.71000000000004,1138.88
2020-06-19,27.73,22.34,20.46,25.49,91.99,"NASA POWER Daily Agroclimatology API (Point 25.5788 N, 91.8933 E)",27.73,145.67999999999998,233.98000000000002,348.05,1152.65
2020-06-20,15.31,22.63,20.23,25.87,91.65,"NASA POWER Daily Agroclimatology API (Point 25.5788 N, 91.8933 E)",15.31,81.44999999999997,214.53000000000003,309.41,1042.19
2020-06-21,19.61,21.88,19.64,24.22,92.89,"NASA POWER Daily Agroclimatology API (Point 25.5788 N, 91.8933 E)",19.61,62.64999999999997,218.85,319.85,963.09
2020-06-22,18.32,22.39,19.33,25.73,91.1,"NASA POWER Daily Agroclimatology API (Point 25.5788 N, 91.8933 E)",18.32,53.239999999999974,225.36,335.8,937.77
2020-06-23,48.88,22.55,19.77,25.67,92.32,"NASA POWER Daily Agroclimatology API (Point 25.5788 N, 91.8933 E)",48.88,86.80999999999997,247.8,381.88,852.37
2020-06-24,54.59,22.38,21.12,24.66,93.57,"NASA POWER Daily Agroclimatology API (Point 25.5788 N, 91.8933 E)",54.59,121.78999999999998,222.85000000000002,429.61,818.03
2020-06-25,88.25,22.06,21.11,23.73,95.51,"NASA POWER Daily Agroclimatology API (Point 25.5788 N, 91.8933 E)",88.25,191.71999999999997,272.69000000000005,498.66999999999996,811.29
2020-06-26,134.38,21.13,20.6,22.08,97.0,"NASA POWER Daily Agroclimatology API (Point 25.5788 N, 91.8933 E)",134.38,277.21999999999997,379.34000000000003,613.32,905.44
2020-06-27,194.23,21.7,20.4,22.77,96.6,"NASA POWER Daily Agroclimatology API (Point 25.5788 N, 91.8933 E)",194.23,416.85999999999996,558.26,772.79,1086.6499999999999
2020-06-28,69.17,21.91,19.97,24.55,93.96,"NASA POWER Daily Agroclimatology API (Point 25.5788 N, 91.8933 E)",69.17,397.78,607.82,826.67,1147.84
2020-06-29,15.07,21.8,19.45,25.59,91.41,"NASA POWER Daily Agroclimatology API (Point 25.5788 N, 91.8933 E)",15.07,278.46999999999997,604.5699999999999,829.93,1150.1
2020-06-30,3.93,22.43,18.73,26.0,91.5,"NASA POWER Daily Agroclimatology API (Point 25.5788 N, 91.8933 E)",3.93,88.16999999999997,559.62,807.42,1116.03
2020-07-01,31.35,21.84,20.35,23.19,96.27,"NASA POWER Daily Agroclimatology API (Point 25.5788 N, 91.8933 E)",31.35,50.34999999999997,536.38,759.23,1130.31
2020-07-02,25.71,21.76,20.23,23.94,94.53,"NASA POWER Daily Agroclimatology API (Point 25.5788 N, 91.8933 E)",25.71,60.989999999999974,473.84,746.53,1139.4099999999999
2020-07-03,16.78,22.6,20.2,25.78,92.65,"NASA POWER Daily Agroclimatology API (Point 25.5788 N, 91.8933 E)",16.78,73.83999999999997,356.24000000000007,735.58,1133.8799999999999
2020-07-04,12.81,23.03,19.84,26.6,89.27,"NASA POWER Daily Agroclimatology API (Point 25.5788 N, 91.8933 E)",12.81,55.299999999999976,174.82000000000002,733.0799999999999,1132.8300000000002
2020-07-05,20.8,22.34,20.24,25.06,92.63,"NASA POWER Daily Agroclimatology API (Point 25.5788 N, 91.8933 E)",20.8,50.38999999999997,126.45000000000003,734.27,1117.24
2020-07-06,26.24,20.95,18.98,23.14,92.48,"NASA POWER Daily Agroclimatology API (Point 25.5788 N, 91.8933 E)",26.24,59.849999999999966,137.62000000000003,742.1899999999999,1089.53
2020-07-07,11.75,22.48,19.0,25.12,93.12,"NASA POWER Daily Agroclimatology API (Point 25.5788 N, 91.8933 E)",11.75,58.789999999999964,145.44000000000003,705.06,1092.1100000000001
2020-07-08,40.95,22.61,20.86,25.01,93.13,"NASA POWER Daily Agroclimatology API (Point 25.5788 N, 91.8933 E)",40.95,78.93999999999997,155.04000000000002,691.42,1130.69
2020-07-09,57.34,22.79,21.2,24.07,96.19,"NASA POWER Daily Agroclimatology API (Point 25.5788 N, 91.8933 E)",57.34,110.03999999999998,186.67000000000004,660.51,1185.23
2020-07-10,116.96,22.45,21.32,23.63,96.65,"NASA POWER Daily Agroclimatology API (Point 25.5788 N, 91.8933 E)",116.96,215.24999999999997,286.85,643.0899999999999,1295.33
2020-07-11,102.15,21.47,20.26,22.6,96.4,"NASA POWER Daily Agroclimatology API (Point 25.5788 N, 91.8933 E)",102.15,276.44999999999993,376.19000000000005,551.01,1378.29
2020-07-12,63.66,22.23,20.15,24.71,93.41,"NASA POWER Daily Agroclimatology API (Point 25.5788 N, 91.8933 E)",63.66,282.77,419.05,545.5,1422.22
2020-07-13,35.0,23.03,20.08,26.3,92.08,"NASA POWER Daily Agroclimatology API (Point 25.5788 N, 91.8933 E)",35.0,200.80999999999997,427.81,565.4300000000001,1422.46
2020-07-14,17.13,21.98,20.59,24.7,94.21,"NASA POWER Daily Agroclimatology API (Point 25.5788 N, 91.8933 E)",17.13,115.78999999999996,433.19,578.63,1424.3000000000002
2020-07-15,17.39,22.46,19.68,25.92,92.77,"NASA POWER Daily Agroclimatology API (Point 25.5788 N, 91.8933 E)",17.39,69.51999999999997,409.63000000000005,564.67,1429.8799999999999
2020-07-16,13.87,22.14,19.96,24.8,92.57,"NASA POWER Daily Agroclimatology API (Point 25.5788 N, 91.8933 E)",13.87,48.38999999999997,366.16,552.83,1417.3100000000002
2020-07-17,12.25,21.75,19.87,24.35,93.42,"NASA POWER Daily Agroclimatology API (Point 25.5788 N, 91.8933 E)",12.25,43.50999999999997,261.45,548.3,1350.02
2020-07-18,49.77,21.59,19.85,24.12,93.39,"NASA POWER Daily Agroclimatology API (Point 25.5788 N, 91.8933 E)",49.77,75.88999999999997,209.07000000000005,585.26,1361.38
2020-07-19,102.99,22.39,20.32,24.05,94.75,"NASA POWER Daily Agroclimatology API (Point 25.5788 N, 91.8933 E)",102.99,165.00999999999996,248.4,667.45,1436.64
2020-07-20,131.95,21.6,20.38,22.57,97.07,"NASA POWER Daily Agroclimatology API (Point 25.5788 N, 91.8933 E)",131.95,284.7099999999999,345.35,773.1600000000001,1553.28
2020-07-21,74.64,21.67,20.11,22.63,96.0,"NASA POWER Daily Agroclimatology API (Point 25.5788 N, 91.8933 E)",74.64,309.5799999999999,402.86,836.0500000000001,1608.31
2020-07-22,21.12,22.18,19.73,25.0,93.19,"NASA POWER Daily Agroclimatology API (Point 25.5788 N, 91.8933 E)",21.12,227.70999999999995,406.59,816.22,1611.11
2020-07-23,22.68,21.4,19.53,23.88,94.01,"NASA POWER Daily Agroclimatology API (Point 25.5788 N, 91.8933 E)",22.68,118.43999999999997,415.40000000000003,781.56,1584.9099999999999
2020-07-24,16.17,22.17,19.78,25.71,91.63,"NASA POWER Daily Agroclimatology API (Point 25.5788 N, 91.8933 E)",16.17,59.96999999999997,419.32000000000005,680.77,1546.49
2020-07-25,3.15,22.75,20.08,26.57,91.42,"NASA POWER Daily Agroclimatology API (Point 25.5788 N, 91.8933 E)",3.15,41.99999999999997,372.7,581.77,1461.3899999999999
2020-07-26,5.58,22.74,20.31,26.19,92.2,"NASA POWER Daily Agroclimatology API (Point 25.5788 N, 91.8933 E)",5.58,24.899999999999974,275.2900000000001,523.6899999999999,1332.59
2020-07-27,11.33,22.47,20.35,24.92,92.83,"NASA POWER Daily Agroclimatology API (Point 25.5788 N, 91.8933 E)",11.33,20.059999999999974,154.67000000000004,500.02,1149.69
2020-07-28,13.15,22.26,20.07,25.65,92.54,"NASA POWER Daily Agroclimatology API (Point 25.5788 N, 91.8933 E)",13.15,30.059999999999974,93.18000000000004,496.03999999999996,1093.67
2020-07-29,36.92,22.23,20.34,24.66,95.42,"NASA POWER Daily Agroclimatology API (Point 25.5788 N, 91.8933 E)",36.92,61.39999999999998,108.98000000000003,515.5699999999999,1115.52
2020-07-30,14.28,21.25,19.55,22.99,94.78,"NASA POWER Daily Agroclimatology API (Point 25.5788 N, 91.8933 E)",14.28,64.34999999999998,100.58000000000004,515.98,1125.87
2020-07-31,12.32,22.26,18.96,26.29,92.14,"NASA POWER Daily Agroclimatology API (Point 25.5788 N, 91.8933 E)",12.32,63.519999999999975,96.73000000000003,516.05,1106.8400000000001
2020-08-01,5.69,23.55,19.88,28.03,87.32,"NASA POWER Daily Agroclimatology API (Point 25.5788 N, 91.8933 E)",5.69,32.28999999999997,99.27000000000004,471.97,1086.8200000000002
2020-08-02,10.29,23.81,20.35,28.34,89.34,"NASA POWER Daily Agroclimatology API (Point 25.5788 N, 91.8933 E)",10.29,28.29999999999997,103.98000000000003,379.27,1080.3300000000002
2020-08-03,4.29,24.53,20.82,28.41,86.14,"NASA POWER Daily Agroclimatology API (Point 25.5788 N, 91.8933 E)",4.29,20.26999999999997,96.94000000000004,251.61,1071.81
2020-08-04,0.11,23.6,21.4,26.64,90.88,"NASA POWER Daily Agroclimatology API (Point 25.5788 N, 91.8933 E)",0.11,14.68999999999997,83.90000000000003,177.08,1051.12
2020-08-05,1.15,23.73,20.29,27.24,89.48,"NASA POWER Daily Agroclimatology API (Point 25.5788 N, 91.8933 E)",1.15,5.54999999999997,48.130000000000024,157.11,1026.03
2020-08-06,17.79,23.52,20.14,27.4,88.65,"NASA POWER Daily Agroclimatology API (Point 25.5788 N, 91.8933 E)",17.79,19.04999999999997,51.64000000000003,152.22,1032.07
2020-08-07,12.89,22.97,20.71,26.1,92.95,"NASA POWER Daily Agroclimatology API (Point 25.5788 N, 91.8933 E)",12.89,31.82999999999997,52.21000000000002,148.94,1004.01
2020-08-08,13.33,22.55,20.81,24.7,94.99,"NASA POWER Daily Agroclimatology API (Point 25.5788 N, 91.8933 E)",13.33,44.00999999999997,59.85000000000003,159.12,960.0
2020-08-09,27.75,21.87,20.26,23.39,95.13,"NASA POWER Daily Agroclimatology API (Point 25.5788 N, 91.8933 E)",27.75,53.96999999999997,77.31000000000003,181.29000000000002,870.79
2020-08-10,10.84,22.21,19.81,25.3,92.47,"NASA POWER Daily Agroclimatology API (Point 25.5788 N, 91.8933 E)",10.84,51.91999999999997,83.86000000000003,180.79999999999998,779.48
2020-08-11,29.26,22.56,21.09,24.5,94.43,"NASA POWER Daily Agroclimatology API (Point 25.5788 N, 91.8933 E)",29.26,67.84999999999997,113.01000000000002,196.91000000000003,745.08
2020-08-12,19.8,23.33,21.06,26.7,91.82,"NASA POWER Daily Agroclimatology API (Point 25.5788 N, 91.8933 E)",19.8,59.89999999999998,131.66000000000003,179.79,729.88
2020-08-13,24.24,22.81,20.68,25.64,92.88,"NASA POWER Daily Agroclimatology API (Point 25.5788 N, 91.8933 E)",24.24,73.29999999999997,138.11,189.75,736.99
2020-08-14,18.73,22.84,19.62,26.67,88.24,"NASA POWER Daily Agroclimatology API (Point 25.5788 N, 91.8933 E)",18.73,62.76999999999997,143.95000000000002,196.16,738.33
2020-08-15,31.54,22.3,20.22,24.06,92.77,"NASA POWER Daily Agroclimatology API (Point 25.5788 N, 91.8933 E)",31.54,74.50999999999998,162.16000000000005,222.01000000000002,756.0
2020-08-16,30.82,22.0,20.01,24.97,94.27,"NASA POWER Daily Agroclimatology API (Point 25.5788 N, 91.8933 E)",30.82,81.08999999999997,165.23000000000002,242.54000000000002,774.57
2020-08-17,31.3,21.73,20.27,23.68,95.47,"NASA POWER Daily Agroclimatology API (Point 25.5788 N, 91.8933 E)",31.3,93.65999999999997,185.69000000000005,269.55,756.1
2020-08-18,18.97,22.42,19.89,26.05,93.05,"NASA POWER Daily Agroclimatology API (Point 25.5788 N, 91.8933 E)",18.97,81.08999999999997,175.40000000000003,288.40999999999997,672.08
2020-08-19,19.54,22.26,19.54,26.14,91.09,"NASA POWER Daily Agroclimatology API (Point 25.5788 N, 91.8933 E)",19.54,69.80999999999997,175.14000000000004,306.8,559.67
2020-08-20,10.08,21.28,19.01,25.03,91.77,"NASA POWER Daily Agroclimatology API (Point 25.5788 N, 91.8933 E)",10.08,48.58999999999997,160.98000000000002,299.09,495.11
2020-08-21,21.54,20.86,18.08,25.22,92.15,"NASA POWER Daily Agroclimatology API (Point 25.5788 N, 91.8933 E)",21.54,51.15999999999997,163.79000000000002,307.74,495.53
2020-08-22,41.75,21.35,18.78,24.9,93.27,"NASA POWER Daily Agroclimatology API (Point 25.5788 N, 91.8933 E)",41.75,73.36999999999998,174.0,336.16,514.6
2020-08-23,1.87,21.36,18.02,25.11,91.94,"NASA POWER Daily Agroclimatology API (Point 25.5788 N, 91.8933 E)",1.87,65.15999999999997,145.05,310.28000000000003,500.3
2020-08-24,7.77,22.71,19.38,26.79,89.63,"NASA POWER Daily Agroclimatology API (Point 25.5788 N, 91.8933 E)",7.77,51.38999999999997,121.52000000000002,307.21,504.91999999999996
2020-08-25,6.82,22.71,20.3,26.82,91.03,"NASA POWER Daily Agroclimatology API (Point 25.5788 N, 91.8933 E)",6.82,16.459999999999972,109.37000000000002,284.77,506.16
2020-08-26,4.58,22.34,18.31,26.61,89.36,"NASA POWER Daily Agroclimatology API (Point 25.5788 N, 91.8933 E)",4.58,19.16999999999997,94.41000000000003,269.54999999999995,499.41
2020-08-27,24.99,20.9,18.87,23.83,94.04,"NASA POWER Daily Agroclimatology API (Point 25.5788 N, 91.8933 E)",24.99,36.38999999999997,109.32000000000002,270.3,511.25
2020-08-28,21.32,21.65,18.69,25.22,91.75,"NASA POWER Daily Agroclimatology API (Point 25.5788 N, 91.8933 E)",21.32,50.88999999999997,109.10000000000002,272.89,495.65000000000003
2020-08-29,30.98,21.87,19.9,25.04,92.93,"NASA POWER Daily Agroclimatology API (Point 25.5788 N, 91.8933 E)",30.98,77.28999999999996,98.33000000000003,272.33,512.35
2020-08-30,13.87,22.51,20.22,25.85,92.14,"NASA POWER Daily Agroclimatology API (Point 25.5788 N, 91.8933 E)",13.87,66.16999999999997,110.33000000000003,255.38,513.9
2020-08-31,23.08,21.97,19.74,25.16,93.52,"NASA POWER Daily Agroclimatology API (Point 25.5788 N, 91.8933 E)",23.08,67.92999999999996,125.64000000000001,247.15999999999997,531.29
2020-09-01,13.06,21.04,18.48,24.07,93.35,"NASA POWER Daily Agroclimatology API (Point 25.5788 N, 91.8933 E)",13.06,50.00999999999997,131.88000000000002,241.25,534.0600000000001
2020-09-02,3.45,22.26,18.17,27.16,88.39,"NASA POWER Daily Agroclimatology API (Point 25.5788 N, 91.8933 E)",3.45,39.58999999999997,130.75000000000003,225.16,533.2199999999999
2020-09-03,5.94,22.54,19.37,26.25,88.9,"NASA POWER Daily Agroclimatology API (Point 25.5788 N, 91.8933 E)",5.94,22.449999999999974,111.70000000000002,221.02,539.05
2020-09-04,3.53,22.44,18.55,26.9,89.33,"NASA POWER Daily Agroclimatology API (Point 25.5788 N, 91.8933 E)",3.53,12.919999999999972,93.91000000000003,203.01000000000002,541.43
2020-09-05,16.63,22.1,19.85,25.55,91.98,"NASA POWER Daily Agroclimatology API (Point 25.5788 N, 91.8933 E)",16.63,26.09999999999997,79.56000000000003,177.89,540.27
2020-09-06,20.32,22.1,19.81,25.22,93.43,"NASA POWER Daily Agroclimatology API (Point 25.5788 N, 91.8933 E)",20.32,40.47999999999997,86.01000000000002,196.34,547.7
2020-09-07,39.37,21.56,19.33,24.68,93.36,"NASA POWER Daily Agroclimatology API (Point 25.5788 N, 91.8933 E)",39.37,76.31999999999996,102.30000000000003,227.94,573.74
2020-09-08,18.24,21.49,18.83,23.74,95.71,"NASA POWER Daily Agroclimatology API (Point 25.5788 N, 91.8933 E)",18.24,77.92999999999996,107.48000000000002,239.35999999999999,564.23
2020-09-09,9.49,22.24,19.93,25.34,91.9,"NASA POWER Daily Agroclimatology API (Point 25.5788 N, 91.8933 E)",9.49,67.09999999999997,113.52000000000002,244.26999999999998,562.88
2020-09-10,14.37,22.24,19.48,25.43,91.58,"NASA POWER Daily Agroclimatology API (Point 25.5788 N, 91.8933 E)",14.37,42.099999999999966,121.95000000000002,233.65,547.9899999999999
2020-09-11,27.14,22.11,19.81,25.42,94.64,"NASA POWER Daily Agroclimatology API (Point 25.5788 N, 91.8933 E)",27.14,50.99999999999997,145.56000000000003,239.46999999999997,555.33
2020-09-12,12.68,21.6,20.08,23.85,95.19,"NASA POWER Daily Agroclimatology API (Point 25.5788 N, 91.8933 E)",12.68,54.18999999999997,141.61,221.17,543.77
2020-09-13,16.22,22.02,19.61,25.71,94.38,"NASA POWER Daily Agroclimatology API (Point 25.5788 N, 91.8933 E)",16.22,56.03999999999997,137.51000000000002,223.51999999999998,541.26
2020-09-14,18.74,21.52,20.08,24.21,94.74,"NASA POWER Daily Agroclimatology API (Point 25.5788 N, 91.8933 E)",18.74,47.63999999999997,116.88000000000002,219.18,528.46
2020-09-15,43.44,21.09,19.43,23.33,94.46,"NASA POWER Daily Agroclimatology API (Point 25.5788 N, 91.8933 E)",43.44,78.39999999999998,142.08000000000004,249.56,541.08
2020-09-16,63.23,21.09,19.25,23.59,96.11,"NASA POWER Daily Agroclimatology API (Point 25.5788 N, 91.8933 E)",63.23,125.40999999999997,195.82000000000002,309.34,573.01
2020-09-17,31.59,21.32,19.7,23.86,94.38,"NASA POWER Daily Agroclimatology API (Point 25.5788 N, 91.8933 E)",31.59,138.25999999999996,213.04000000000002,334.98999999999995,585.63
2020-09-18,0.67,23.03,18.95,27.7,85.84,"NASA POWER Daily Agroclimatology API (Point 25.5788 N, 91.8933 E)",0.67,95.48999999999998,186.57000000000002,332.13,566.76
2020-09-19,0.03,23.26,19.72,28.1,88.36,"NASA POWER Daily Agroclimatology API (Point 25.5788 N, 91.8933 E)",0.03,32.28999999999998,173.92000000000002,315.53000000000003,556.7099999999999
2020-09-20,0.09,23.44,19.58,27.65,87.29,"NASA POWER Daily Agroclimatology API (Point 25.5788 N, 91.8933 E)",0.09,0.7899999999999787,157.79000000000002,295.3,535.26
2020-09-21,53.19,21.87,19.65,24.47,93.16,"NASA POWER Daily Agroclimatology API (Point 25.5788 N, 91.8933 E)",53.19,53.309999999999974,192.24,309.12,546.7
2020-09-22,92.41,21.72,19.81,24.48,95.97,"NASA POWER Daily Agroclimatology API (Point 25.5788 N, 91.8933 E)",92.41,145.68999999999997,241.21,383.28999999999996,637.24
2020-09-23,82.38,21.54,20.5,22.59,96.65,"NASA POWER Daily Agroclimatology API (Point 25.5788 N, 91.8933 E)",82.38,227.97999999999996,260.36,456.17999999999995,711.85
2020-09-24,109.18,21.61,20.25,23.5,96.42,"NASA POWER Daily Agroclimatology API (Point 25.5788 N, 91.8933 E)",109.18,283.96999999999997,337.95000000000005,550.99,814.2099999999999
2020-09-25,110.56,21.78,20.77,22.73,97.21,"NASA POWER Daily Agroclimatology API (Point 25.5788 N, 91.8933 E)",110.56,302.12,447.84000000000003,634.4100000000001,920.19
2020-09-26,65.46,21.14,20.14,22.54,96.12,"NASA POWER Daily Agroclimatology API (Point 25.5788 N, 91.8933 E)",65.46,285.2,513.27,687.1899999999999,960.66
2020-09-27,25.56,21.04,19.34,23.6,95.5,"NASA POWER Daily Agroclimatology API (Point 25.5788 N, 91.8933 E)",25.56,201.57999999999996,538.74,696.53,964.9
2020-09-28,1.71,21.88,18.34,26.37,90.37,"NASA POWER Daily Agroclimatology API (Point 25.5788 N, 91.8933 E)",1.71,92.72999999999996,487.26000000000005,679.5,935.63
2020-09-29,0.03,22.3,19.53,26.36,88.72,"NASA POWER Daily Agroclimatology API (Point 25.5788 N, 91.8933 E)",0.03,27.29999999999997,394.88000000000005,636.09,921.79
2020-09-30,2.1,22.26,19.46,25.91,89.74,"NASA POWER Daily Agroclimatology API (Point 25.5788 N, 91.8933 E)",2.1,3.8399999999999714,314.6,574.9599999999999,900.8100000000001
2020-10-01,4.09,22.37,20.12,26.11,90.3,"NASA POWER Daily Agroclimatology API (Point 25.5788 N, 91.8933 E)",4.09,6.219999999999971,209.51000000000002,547.46,891.8399999999999
2020-10-02,1.23,22.17,19.48,26.28,89.87,"NASA POWER Daily Agroclimatology API (Point 25.5788 N, 91.8933 E)",1.23,7.4199999999999715,100.18000000000002,548.02,889.62
2020-10-03,7.86,20.97,19.06,23.72,95.2,"NASA POWER Daily Agroclimatology API (Point 25.5788 N, 91.8933 E)",7.86,13.179999999999971,42.58000000000003,555.85,891.54
2020-10-04,9.73,21.32,18.76,24.79,93.24,"NASA POWER Daily Agroclimatology API (Point 25.5788 N, 91.8933 E)",9.73,18.819999999999972,26.75000000000003,565.49,897.74
2020-10-05,42.41,21.16,18.47,24.22,92.12,"NASA POWER Daily Agroclimatology API (Point 25.5788 N, 91.8933 E)",42.41,59.99999999999997,67.45000000000002,554.71,923.52
2020-10-06,30.76,20.51,19.09,22.9,95.01,"NASA POWER Daily Agroclimatology API (Point 25.5788 N, 91.8933 E)",30.76,82.89999999999998,98.18000000000002,493.06,933.9599999999999
2020-10-07,32.11,20.72,17.85,24.48,92.64,"NASA POWER Daily Agroclimatology API (Point 25.5788 N, 91.8933 E)",32.11,105.27999999999997,128.19000000000003,442.79,926.6999999999999
2020-10-08,1.93,22.36,18.59,26.97,86.83,"NASA POWER Daily Agroclimatology API (Point 25.5788 N, 91.8933 E)",1.93,64.79999999999998,126.03000000000003,335.54,910.39
2020-10-09,0.38,22.44,19.15,26.88,90.02,"NASA POWER Daily Agroclimatology API (Point 25.5788 N, 91.8933 E)",0.38,34.41999999999997,125.18000000000002,225.35999999999999,901.28
2020-10-10,0.35,22.42,19.71,26.32,90.77,"NASA POWER Daily Agroclimatology API (Point 25.5788 N, 91.8933 E)",0.35,2.6599999999999717,117.67000000000002,160.25,887.26
2020-10-11,0.37,21.96,19.71,25.6,91.85,"NASA POWER Daily Agroclimatology API (Point 25.5788 N, 91.8933 E)",0.37,1.0999999999999717,108.31000000000003,135.06,860.4899999999999
2020-10-12,0.4,22.4,19.83,26.08,86.82,"NASA POWER Daily Agroclimatology API (Point 25.5788 N, 91.8933 E)",0.4,1.1199999999999717,66.30000000000004,133.75,848.21
2020-10-13,0.15,22.36,18.1,27.03,84.9,"NASA POWER Daily Agroclimatology API (Point 25.5788 N, 91.8933 E)",0.15,0.9199999999999716,35.690000000000026,133.87,832.14
2020-10-14,0.81,22.64,19.17,27.02,84.3,"NASA POWER Daily Agroclimatology API (Point 25.5788 N, 91.8933 E)",0.81,1.3599999999999717,4.390000000000028,132.58,814.2099999999999
2020-10-15,0.14,22.22,18.99,26.63,87.62,"NASA POWER Daily Agroclimatology API (Point 25.5788 N, 91.8933 E)",0.14,1.0999999999999717,2.600000000000029,128.63,770.91
2020-10-16,0.0,22.73,19.54,26.89,82.4,"NASA POWER Daily Agroclimatology API (Point 25.5788 N, 91.8933 E)",0.0,0.9499999999999716,2.220000000000028,127.4,707.68
2020-10-17,0.04,21.86,17.74,26.98,81.38,"NASA POWER Daily Agroclimatology API (Point 25.5788 N, 91.8933 E)",0.04,0.1799999999999716,1.9100000000000286,119.58,676.13
2020-10-18,0.08,21.04,16.8,25.99,89.09,"NASA POWER Daily Agroclimatology API (Point 25.5788 N, 91.8933 E)",0.08,0.11999999999997157,1.6200000000000285,109.93,675.54
2020-10-19,0.84,21.26,18.18,25.18,88.29,"NASA POWER Daily Agroclimatology API (Point 25.5788 N, 91.8933 E)",0.84,0.9599999999999715,2.0600000000000285,68.36,676.35
2020-10-20,1.34,21.57,17.76,26.79,86.16,"NASA POWER Daily Agroclimatology API (Point 25.5788 N, 91.8933 E)",1.34,2.2599999999999714,3.2500000000000284,38.94,677.6
2020-10-21,5.87,21.2,17.69,25.65,88.23,"NASA POWER Daily Agroclimatology API (Point 25.5788 N, 91.8933 E)",5.87,8.049999999999972,8.310000000000029,12.7,630.28
2020-10-22,16.71,19.73,17.23,22.13,93.39,"NASA POWER Daily Agroclimatology API (Point 25.5788 N, 91.8933 E)",16.71,23.919999999999973,24.88000000000003,27.48,554.5799999999999
2020-10-23,122.01,18.43,16.32,20.69,95.06,"NASA POWER Daily Agroclimatology API (Point 25.5788 N, 91.8933 E)",122.01,144.58999999999997,146.89000000000004,149.11,594.21
2020-10-24,78.09,18.85,16.54,21.44,95.49,"NASA POWER Daily Agroclimatology API (Point 25.5788 N, 91.8933 E)",78.09,216.80999999999997,224.94000000000005,226.85000000000002,563.12
2020-10-25,11.56,19.83,17.62,23.08,93.64,"NASA POWER Daily Agroclimatology API (Point 25.5788 N, 91.8933 E)",11.56,211.65999999999997,236.42000000000002,238.04,464.11999999999995
2020-10-26,0.07,19.64,16.07,24.51,87.29,"NASA POWER Daily Agroclimatology API (Point 25.5788 N, 91.8933 E)",0.07,89.71999999999997,235.65000000000003,237.71,398.73
2020-10-27,0.03,19.83,15.04,25.39,83.64,"NASA POWER Daily Agroclimatology API (Point 25.5788 N, 91.8933 E)",0.03,11.659999999999972,234.34000000000003,237.59,373.2
2020-10-28,0.01,19.72,15.0,24.82,86.89,"NASA POWER Daily Agroclimatology API (Point 25.5788 N, 91.8933 E)",0.01,0.10999999999997158,228.48000000000005,236.79,371.5
2020-10-29,0.05,19.64,15.63,25.14,89.3,"NASA POWER Daily Agroclimatology API (Point 25.5788 N, 91.8933 E)",0.05,0.08999999999997157,211.82000000000005,236.70000000000002,371.52
2020-10-30,0.07,20.0,15.16,25.24,87.57,"NASA POWER Daily Agroclimatology API (Point 25.5788 N, 91.8933 E)",0.07,0.12999999999997158,89.88000000000002,236.77,369.49
2020-10-31,2.62,19.88,18.01,21.99,94.33,"NASA POWER Daily Agroclimatology API (Point 25.5788 N, 91.8933 E)",2.62,2.739999999999972,14.410000000000014,239.35000000000002,368.02
2020-11-01,5.48,19.62,17.42,22.28,90.62,"NASA POWER Daily Agroclimatology API (Point 25.5788 N, 91.8933 E)",5.48,8.169999999999973,8.330000000000014,244.75,372.27000000000004
2020-11-02,0.83,19.91,17.35,24.2,89.43,"NASA POWER Daily Agroclimatology API (Point 25.5788 N, 91.8933 E)",0.83,8.929999999999971,9.090000000000014,244.74,365.24
2020-11-03,0.11,19.13,16.52,23.04,92.17,"NASA POWER Daily Agroclimatology API (Point 25.5788 N, 91.8933 E)",0.11,6.419999999999972,9.170000000000014,243.51,355.62
2020-11-04,0.08,17.19,12.9,22.64,85.98,"NASA POWER Daily Agroclimatology API (Point 25.5788 N, 91.8933 E)",0.08,1.0199999999999716,9.240000000000014,237.72,313.29
2020-11-05,0.0,15.69,11.93,21.15,67.93,"NASA POWER Daily Agroclimatology API (Point 25.5788 N, 91.8933 E)",0.0,0.18999999999997158,9.190000000000014,221.01000000000002,282.53000000000003
2020-11-06,0.0,15.73,10.83,21.41,61.22,"NASA POWER Daily Agroclimatology API (Point 25.5788 N, 91.8933 E)",0.0,0.07999999999997158,9.120000000000013,98.99999999999999,250.42000000000002
2020-11-07,0.0,15.83,10.33,22.47,86.19,"NASA POWER Daily Agroclimatology API (Point 25.5788 N, 91.8933 E)",0.0,0.0,6.500000000000014,20.909999999999986,248.49
2020-11-08,0.0,15.64,10.78,21.91,87.64,"NASA POWER Daily Agroclimatology API (Point 25.5788 N, 91.8933 E)",0.0,0.0,1.0200000000000142,9.349999999999985,248.11
2020-11-09,0.0,15.31,10.76,21.75,82.5,"NASA POWER Daily Agroclimatology API (Point 25.5788 N, 91.8933 E)",0.0,0.0,0.1900000000000142,9.279999999999985,247.76
2020-11-10,0.0,15.76,11.27,22.26,80.26,"NASA POWER Daily Agroclimatology API (Point 25.5788 N, 91.8933 E)",0.0,0.0,0.08000000000001421,9.249999999999986,247.39000000000001
2020-11-11,0.0,16.53,11.76,22.64,83.69,"NASA POWER Daily Agroclimatology API (Point 25.5788 N, 91.8933 E)",0.0,0.0,0.0,9.239999999999986,246.99
2020-11-12,0.0,17.27,11.88,23.71,82.46,"NASA POWER Daily Agroclimatology API (Point 25.5788 N, 91.8933 E)",0.0,0.0,0.0,9.189999999999985,246.84
2020-11-13,0.0,17.82,12.1,24.27,80.15,"NASA POWER Daily Agroclimatology API (Point 25.5788 N, 91.8933 E)",0.0,0.0,0.0,9.119999999999985,246.03
2020-11-14,0.0,18.18,14.48,23.56,82.99,"NASA POWER Daily Agroclimatology API (Point 25.5788 N, 91.8933 E)",0.0,0.0,0.0,6.499999999999986,245.89000000000001
2020-11-15,0.0,17.47,12.99,23.41,85.43,"NASA POWER Daily Agroclimatology API (Point 25.5788 N, 91.8933 E)",0.0,0.0,0.0,1.0199999999999858,245.89000000000001
2020-11-16,0.0,16.75,12.29,23.11,87.33,"NASA POWER Daily Agroclimatology API (Point 25.5788 N, 91.8933 E)",0.0,0.0,0.0,0.1899999999999858,245.85
2020-11-17,0.19,15.59,12.69,20.22,90.77,"NASA POWER Daily Agroclimatology API (Point 25.5788 N, 91.8933 E)",0.19,0.18999999999997158,0.1900000000000142,0.2699999999999858,245.96
2020-11-18,0.01,13.92,10.57,18.48,88.59,"NASA POWER Daily Agroclimatology API (Point 25.5788 N, 91.8933 E)",0.01,0.1999999999999716,0.20000000000001422,0.1999999999999858,245.13000000000002
2020-11-19,0.0,13.74,8.84,19.32,89.71,"NASA POWER Daily Agroclimatology API (Point 25.5788 N, 91.8933 E)",0.0,0.1999999999999716,0.20000000000001422,0.1999999999999858,243.79000000000002
2020-11-20,0.0,14.3,10.16,19.76,88.1,"NASA POWER Daily Agroclimatology API (Point 25.5788 N, 91.8933 E)",0.0,0.009999999999971578,0.20000000000001422,0.1999999999999858,237.92000000000002
2020-11-21,0.14,14.71,10.81,20.17,84.53,"NASA POWER Daily Agroclimatology API (Point 25.5788 N, 91.8933 E)",0.14,0.1399999999999716,0.34000000000001424,0.3399999999999858,221.35
2020-11-22,0.09,12.6,7.35,17.98,83.83,"NASA POWER Daily Agroclimatology API (Point 25.5788 N, 91.8933 E)",0.09,0.2299999999999716,0.43000000000001426,0.42999999999998584,99.43
2020-11-23,0.0,11.65,5.37,18.61,79.98,"NASA POWER Daily Agroclimatology API (Point 25.5788 N, 91.8933 E)",0.0,0.2299999999999716,0.43000000000001426,0.42999999999998584,21.34
2020-11-24,0.0,13.77,8.11,20.43,79.22,"NASA POWER Daily Agroclimatology API (Point 25.5788 N, 91.8933 E)",0.0,0.08999999999997157,0.24000000000001423,0.42999999999998584,9.78
2020-11-25,0.0,14.15,7.81,21.23,83.92,"NASA POWER Daily Agroclimatology API (Point 25.5788 N, 91.8933 E)",0.0,0.0,0.23000000000001422,0.42999999999998584,9.709999999999999
2020-11-26,0.0,14.53,10.25,20.46,82.02,"NASA POWER Daily Agroclimatology API (Point 25.5788 N, 91.8933 E)",0.0,0.0,0.23000000000001422,0.42999999999998584,9.68
2020-11-27,0.0,15.1,11.42,20.74,82.47,"NASA POWER Daily Agroclimatology API (Point 25.5788 N, 91.8933 E)",0.0,0.0,0.23000000000001422,0.42999999999998584,9.67
2020-11-28,0.0,16.53,11.71,22.87,74.19,"NASA POWER Daily Agroclimatology API (Point 25.5788 N, 91.8933 E)",0.0,0.0,0.09000000000001421,0.42999999999998584,9.62
2020-11-29,0.0,15.64,10.55,21.67,82.34,"NASA POWER Daily Agroclimatology API (Point 25.5788 N, 91.8933 E)",0.0,0.0,0.0,0.42999999999998584,9.549999999999999
2020-11-30,0.0,15.18,11.07,20.91,83.78,"NASA POWER Daily Agroclimatology API (Point 25.5788 N, 91.8933 E)",0.0,0.0,0.0,0.42999999999998584,6.930000000000001
2020-12-01,0.0,14.83,11.16,20.29,77.98,"NASA POWER Daily Agroclimatology API (Point 25.5788 N, 91.8933 E)",0.0,0.0,0.0,0.2399999999999858,1.45
2020-12-02,0.0,13.84,9.67,19.85,82.64,"NASA POWER Daily Agroclimatology API (Point 25.5788 N, 91.8933 E)",0.0,0.0,0.0,0.2299999999999858,0.62
2020-12-03,0.0,13.52,9.3,19.31,86.47,"NASA POWER Daily Agroclimatology API (Point 25.5788 N, 91.8933 E)",0.0,0.0,0.0,0.2299999999999858,0.51
2020-12-04,0.0,13.32,9.87,18.79,85.44,"NASA POWER Daily Agroclimatology API (Point 25.5788 N, 91.8933 E)",0.0,0.0,0.0,0.2299999999999858,0.43000000000000005
2020-12-05,0.04,12.89,9.86,17.59,88.61,"NASA POWER Daily Agroclimatology API (Point 25.5788 N, 91.8933 E)",0.04,0.03999999999997158,0.04000000000001421,0.1299999999999858,0.47000000000000003
2020-12-06,0.0,13.4,9.94,18.79,85.41,"NASA POWER Daily Agroclimatology API (Point 25.5788 N, 91.8933 E)",0.0,0.03999999999997158,0.04000000000001421,0.03999999999998579,0.47000000000000003
2020-12-07,0.0,13.44,9.03,19.5,80.39,"NASA POWER Daily Agroclimatology API (Point 25.5788 N, 91.8933 E)",0.0,0.03999999999997158,0.04000000000001421,0.03999999999998579,0.47000000000000003
2020-12-08,0.0,12.65,8.35,18.46,87.38,"NASA POWER Daily Agroclimatology API (Point 25.5788 N, 91.8933 E)",0.0,0.0,0.04000000000001421,0.03999999999998579,0.47000000000000003
2020-12-09,0.0,13.26,8.97,19.31,86.66,"NASA POWER Daily Agroclimatology API (Point 25.5788 N, 91.8933 E)",0.0,0.0,0.04000000000001421,0.03999999999998579,0.47000000000000003
2020-12-10,0.0,13.5,9.89,19.51,88.03,"NASA POWER Daily Agroclimatology API (Point 25.5788 N, 91.8933 E)",0.0,0.0,0.04000000000001421,0.03999999999998579,0.47000000000000003
2020-12-11,0.0,13.02,9.18,19.1,87.41,"NASA POWER Daily Agroclimatology API (Point 25.5788 N, 91.8933 E)",0.0,0.0,0.04000000000001421,0.03999999999998579,0.47000000000000003
2020-12-12,0.0,12.82,8.7,19.31,87.98,"NASA POWER Daily Agroclimatology API (Point 25.5788 N, 91.8933 E)",0.0,0.0,0.0,0.03999999999998579,0.47000000000000003
2020-12-13,0.0,12.51,8.69,19.09,86.24,"NASA POWER Daily Agroclimatology API (Point 25.5788 N, 91.8933 E)",0.0,0.0,0.0,0.03999999999998579,0.47000000000000003
2020-12-14,0.0,12.58,7.59,19.43,73.07,"NASA POWER Daily Agroclimatology API (Point 25.5788 N, 91.8933 E)",0.0,0.0,0.0,0.03999999999998579,0.47000000000000003
2020-12-15,0.0,11.95,6.81,19.04,78.04,"NASA POWER Daily Agroclimatology API (Point 25.5788 N, 91.8933 E)",0.0,0.0,0.0,0.03999999999998579,0.47000000000000003
2020-12-16,0.0,12.88,8.72,20.39,78.26,"NASA POWER Daily Agroclimatology API (Point 25.5788 N, 91.8933 E)",0.0,0.0,0.0,0.03999999999998579,0.47000000000000003
2020-12-17,0.0,11.55,7.93,17.77,86.84,"NASA POWER Daily Agroclimatology API (Point 25.5788 N, 91.8933 E)",0.0,0.0,0.0,0.03999999999998579,0.28
2020-12-18,0.0,9.37,4.21,15.47,84.22,"NASA POWER Daily Agroclimatology API (Point 25.5788 N, 91.8933 E)",0.0,0.0,0.0,0.03999999999998579,0.27
2020-12-19,0.0,8.73,3.16,16.09,72.54,"NASA POWER Daily Agroclimatology API (Point 25.5788 N, 91.8933 E)",0.0,0.0,0.0,0.0,0.27
2020-12-20,0.0,9.4,4.47,17.21,76.51,"NASA POWER Daily Agroclimatology API (Point 25.5788 N, 91.8933 E)",0.0,0.0,0.0,0.0,0.27
2020-12-21,0.0,10.84,4.87,17.79,81.23,"NASA POWER Daily Agroclimatology API (Point 25.5788 N, 91.8933 E)",0.0,0.0,0.0,0.0,0.13
2020-12-22,0.0,10.56,6.51,17.29,85.31,"NASA POWER Daily Agroclimatology API (Point 25.5788 N, 91.8933 E)",0.0,0.0,0.0,0.0,0.04
2020-12-23,0.0,11.27,6.68,18.37,85.33,"NASA POWER Daily Agroclimatology API (Point 25.5788 N, 91.8933 E)",0.0,0.0,0.0,0.0,0.04
2020-12-24,0.0,12.15,7.41,19.18,86.02,"NASA POWER Daily Agroclimatology API (Point 25.5788 N, 91.8933 E)",0.0,0.0,0.0,0.0,0.04
2020-12-25,0.0,11.27,6.61,18.69,85.23,"NASA POWER Daily Agroclimatology API (Point 25.5788 N, 91.8933 E)",0.0,0.0,0.0,0.0,0.04
2020-12-26,0.0,9.84,3.09,17.99,80.11,"NASA POWER Daily Agroclimatology API (Point 25.5788 N, 91.8933 E)",0.0,0.0,0.0,0.0,0.04
2020-12-27,0.0,10.43,6.29,16.94,82.74,"NASA POWER Daily Agroclimatology API (Point 25.5788 N, 91.8933 E)",0.0,0.0,0.0,0.0,0.04
2020-12-28,0.0,10.53,6.17,17.46,86.18,"NASA POWER Daily Agroclimatology API (Point 25.5788 N, 91.8933 E)",0.0,0.0,0.0,0.0,0.04
2020-12-29,0.0,11.38,5.6,18.52,73.04,"NASA POWER Daily Agroclimatology API (Point 25.5788 N, 91.8933 E)",0.0,0.0,0.0,0.0,0.04
2020-12-30,0.0,11.18,5.65,18.46,82.13,"NASA POWER Daily Agroclimatology API (Point 25.5788 N, 91.8933 E)",0.0,0.0,0.0,0.0,0.04
2020-12-31,0.0,12.17,8.15,19.12,78.67,"NASA POWER Daily Agroclimatology API (Point 25.5788 N, 91.8933 E)",0.0,0.0,0.0,0.0,0.04
2021-01-01,0.0,11.53,6.53,18.7,83.48,"NASA POWER Daily Agroclimatology API (Point 25.5788 N, 91.8933 E)",0.0,0.0,0.0,0.0,0.04
2021-01-02,0.0,11.7,6.98,18.22,77.4,"NASA POWER Daily Agroclimatology API (Point 25.5788 N, 91.8933 E)",0.0,0.0,0.0,0.0,0.04
2021-01-03,0.0,12.71,7.09,19.66,71.81,"NASA POWER Daily Agroclimatology API (Point 25.5788 N, 91.8933 E)",0.0,0.0,0.0,0.0,0.04
2021-01-04,0.0,14.08,9.12,21.3,71.14,"NASA POWER Daily Agroclimatology API (Point 25.5788 N, 91.8933 E)",0.0,0.0,0.0,0.0,0.0
2021-01-05,0.0,14.21,9.67,21.71,74.63,"NASA POWER Daily Agroclimatology API (Point 25.5788 N, 91.8933 E)",0.0,0.0,0.0,0.0,0.0
2021-01-06,0.0,14.06,9.46,21.39,76.08,"NASA POWER Daily Agroclimatology API (Point 25.5788 N, 91.8933 E)",0.0,0.0,0.0,0.0,0.0
2021-01-07,0.0,13.12,8.64,20.38,82.51,"NASA POWER Daily Agroclimatology API (Point 25.5788 N, 91.8933 E)",0.0,0.0,0.0,0.0,0.0
2021-01-08,0.0,12.36,8.02,19.32,80.63,"NASA POWER Daily Agroclimatology API (Point 25.5788 N, 91.8933 E)",0.0,0.0,0.0,0.0,0.0
2021-01-09,0.0,12.52,8.53,20.15,79.55,"NASA POWER Daily Agroclimatology API (Point 25.5788 N, 91.8933 E)",0.0,0.0,0.0,0.0,0.0
2021-01-10,0.0,12.37,7.6,18.7,86.68,"NASA POWER Daily Agroclimatology API (Point 25.5788 N, 91.8933 E)",0.0,0.0,0.0,0.0,0.0
2021-01-11,0.0,12.68,7.8,19.05,86.76,"NASA POWER Daily Agroclimatology API (Point 25.5788 N, 91.8933 E)",0.0,0.0,0.0,0.0,0.0
2021-01-12,0.0,11.54,7.82,17.54,86.84,"NASA POWER Daily Agroclimatology API (Point 25.5788 N, 91.8933 E)",0.0,0.0,0.0,0.0,0.0
2021-01-13,0.0,10.13,5.95,15.99,86.18,"NASA POWER Daily Agroclimatology API (Point 25.5788 N, 91.8933 E)",0.0,0.0,0.0,0.0,0.0
2021-01-14,0.0,10.18,5.4,16.4,86.86,"NASA POWER Daily Agroclimatology API (Point 25.5788 N, 91.8933 E)",0.0,0.0,0.0,0.0,0.0
2021-01-15,0.0,10.54,5.86,17.31,85.09,"NASA POWER Daily Agroclimatology API (Point 25.5788 N, 91.8933 E)",0.0,0.0,0.0,0.0,0.0
2021-01-16,0.0,11.25,7.45,17.05,86.2,"NASA POWER Daily Agroclimatology API (Point 25.5788 N, 91.8933 E)",0.0,0.0,0.0,0.0,0.0
2021-01-17,0.0,10.67,6.49,17.05,86.19,"NASA POWER Daily Agroclimatology API (Point 25.5788 N, 91.8933 E)",0.0,0.0,0.0,0.0,0.0
2021-01-18,0.0,12.17,7.78,18.26,87.94,"NASA POWER Daily Agroclimatology API (Point 25.5788 N, 91.8933 E)",0.0,0.0,0.0,0.0,0.0
2021-01-19,0.06,10.63,7.87,14.75,90.0,"NASA POWER Daily Agroclimatology API (Point 25.5788 N, 91.8933 E)",0.06,0.059999999999971576,0.06000000000001421,0.05999999999998579,0.06
2021-01-20,2.72,10.35,7.52,13.89,92.39,"NASA POWER Daily Agroclimatology API (Point 25.5788 N, 91.8933 E)",2.72,2.779999999999972,2.7800000000000145,2.779999999999986,2.7800000000000002
2021-01-21,0.38,9.86,5.11,15.51,84.27,"NASA POWER Daily Agroclimatology API (Point 25.5788 N, 91.8933 E)",0.38,3.1599999999999717,3.1600000000000144,3.159999999999986,3.16
2021-01-22,0.01,10.8,5.13,17.66,81.54,"NASA POWER Daily Agroclimatology API (Point 25.5788 N, 91.8933 E)",0.01,3.109999999999972,3.1700000000000146,3.169999999999986,3.1700000000000004
2021-01-23,0.0,10.73,6.47,16.75,83.22,"NASA POWER Daily Agroclimatology API (Point 25.5788 N, 91.8933 E)",0.0,0.3899999999999716,3.1700000000000146,3.169999999999986,3.1700000000000004
2021-01-24,0.0,10.98,6.55,17.44,84.03,"NASA POWER Daily Agroclimatology API (Point 25.5788 N, 91.8933 E)",0.0,0.009999999999971578,3.1700000000000146,3.169999999999986,3.1700000000000004
2021-01-25,0.0,9.82,3.88,17.96,79.97,"NASA POWER Daily Agroclimatology API (Point 25.5788 N, 91.8933 E)",0.0,0.0,3.1700000000000146,3.169999999999986,3.1700000000000004
2021-01-26,0.0,10.19,5.57,17.67,74.8,"NASA POWER Daily Agroclimatology API (Point 25.5788 N, 91.8933 E)",0.0,0.0,3.1100000000000145,3.169999999999986,3.1700000000000004
2021-01-27,0.0,10.3,4.2,18.06,69.29,"NASA POWER Daily Agroclimatology API (Point 25.5788 N, 91.8933 E)",0.0,0.0,0.3900000000000142,3.169999999999986,3.1700000000000004
2021-01-28,0.0,11.12,4.3,18.97,73.88,"NASA POWER Daily Agroclimatology API (Point 25.5788 N, 91.8933 E)",0.0,0.0,0.010000000000014211,3.169999999999986,3.1700000000000004
2021-01-29,0.0,11.73,5.7,19.53,70.61,"NASA POWER Daily Agroclimatology API (Point 25.5788 N, 91.8933 E)",0.0,0.0,0.0,3.169999999999986,3.1700000000000004
2021-01-30,0.0,8.77,3.83,15.82,70.86,"NASA POWER Daily Agroclimatology API (Point 25.5788 N, 91.8933 E)",0.0,0.0,0.0,3.169999999999986,3.1700000000000004
2021-01-31,0.0,8.75,3.46,15.47,66.67,"NASA POWER Daily Agroclimatology API (Point 25.5788 N, 91.8933 E)",0.0,0.0,0.0,3.169999999999986,3.1700000000000004
2021-02-01,0.0,8.8,4.09,16.55,73.72,"NASA POWER Daily Agroclimatology API (Point 25.5788 N, 91.8933 E)",0.0,0.0,0.0,3.169999999999986,3.1700000000000004
2021-02-02,0.0,9.43,3.34,18.02,71.9,"NASA POWER Daily Agroclimatology API (Point 25.5788 N, 91.8933 E)",0.0,0.0,0.0,3.109999999999986,3.1700000000000004
2021-02-03,0.0,11.29,5.94,19.32,72.17,"NASA POWER Daily Agroclimatology API (Point 25.5788 N, 91.8933 E)",0.0,0.0,0.0,0.3899999999999858,3.1700000000000004
2021-02-04,0.0,12.7,7.37,19.76,71.02,"NASA POWER Daily Agroclimatology API (Point 25.5788 N, 91.8933 E)",0.0,0.0,0.0,0.00999999999998579,3.1700000000000004
2021-02-05,0.0,13.09,9.0,19.72,70.45,"NASA POWER Daily Agroclimatology API (Point 25.5788 N, 91.8933 E)",0.0,0.0,0.0,0.0,3.1700000000000004
2021-02-06,0.0,12.61,6.94,19.39,74.76,"NASA POWER Daily Agroclimatology API (Point 25.5788 N, 91.8933 E)",0.0,0.0,0.0,0.0,3.1700000000000004
2021-02-07,1.26,9.9,5.9,15.48,81.16,"NASA POWER Daily Agroclimatology API (Point 25.5788 N, 91.8933 E)",1.26,1.2599999999999716,1.2600000000000142,1.2599999999999858,4.43
2021-02-08,0.0,11.57,5.4,19.91,68.39,"NASA POWER Daily Agroclimatology API (Point 25.5788 N, 91.8933 E)",0.0,1.2599999999999716,1.2600000000000142,1.2599999999999858,4.43
2021-02-09,0.0,14.51,9.09,22.59,47.33,"NASA POWER Daily Agroclimatology API (Point 25.5788 N, 91.8933 E)",0.0,1.2599999999999716,1.2600000000000142,1.2599999999999858,4.43
2021-02-10,0.0,13.89,10.26,20.76,51.37,"NASA POWER Daily Agroclimatology API (Point 25.5788 N, 91.8933 E)",0.0,0.0,1.2600000000000142,1.2599999999999858,4.43
2021-02-11,0.0,12.19,7.83,18.53,63.87,"NASA POWER Daily Agroclimatology API (Point 25.5788 N, 91.8933 E)",0.0,0.0,1.2600000000000142,1.2599999999999858,4.43
2021-02-12,0.0,12.33,7.5,20.08,66.74,"NASA POWER Daily Agroclimatology API (Point 25.5788 N, 91.8933 E)",0.0,0.0,1.2600000000000142,1.2599999999999858,4.43
2021-02-13,0.0,13.31,8.99,20.0,66.36,"NASA POWER Daily Agroclimatology API (Point 25.5788 N, 91.8933 E)",0.0,0.0,1.2600000000000142,1.2599999999999858,4.43
2021-02-14,0.0,12.68,7.89,19.84,74.6,"NASA POWER Daily Agroclimatology API (Point 25.5788 N, 91.8933 E)",0.0,0.0,0.0,1.2599999999999858,4.43
2021-02-15,0.0,11.94,7.36,18.61,72.29,"NASA POWER Daily Agroclimatology API (Point 25.5788 N, 91.8933 E)",0.0,0.0,0.0,1.2599999999999858,4.43
2021-02-16,0.0,12.83,8.29,19.87,57.69,"NASA POWER Daily Agroclimatology API (Point 25.5788 N, 91.8933 E)",0.0,0.0,0.0,1.2599999999999858,4.43
2021-02-17,0.0,14.11,7.52,21.52,64.0,"NASA POWER Daily Agroclimatology API (Point 25.5788 N, 91.8933 E)",0.0,0.0,0.0,1.2599999999999858,4.43
2021-02-18,0.0,15.35,11.25,21.51,70.18,"NASA POWER Daily Agroclimatology API (Point 25.5788 N, 91.8933 E)",0.0,0.0,0.0,1.2599999999999858,4.370000000000001
2021-02-19,0.0,14.82,10.11,20.99,63.06,"NASA POWER Daily Agroclimatology API (Point 25.5788 N, 91.8933 E)",0.0,0.0,0.0,1.2599999999999858,1.65
2021-02-20,0.0,14.0,10.16,19.41,69.5,"NASA POWER Daily Agroclimatology API (Point 25.5788 N, 91.8933 E)",0.0,0.0,0.0,1.2599999999999858,1.27
2021-02-21,0.0,14.05,8.7,21.49,58.43,"NASA POWER Daily Agroclimatology API (Point 25.5788 N, 91.8933 E)",0.0,0.0,0.0,0.0,1.26
2021-02-22,0.0,14.7,9.36,21.74,56.31,"NASA POWER Daily Agroclimatology API (Point 25.5788 N, 91.8933 E)",0.0,0.0,0.0,0.0,1.26
2021-02-23,0.0,14.75,9.87,21.68,54.99,"NASA POWER Daily Agroclimatology API (Point 25.5788 N, 91.8933 E)",0.0,0.0,0.0,0.0,1.26
2021-02-24,0.0,13.88,9.02,20.86,61.43,"NASA POWER Daily Agroclimatology API (Point 25.5788 N, 91.8933 E)",0.0,0.0,0.0,0.0,1.26
2021-02-25,0.14,12.98,7.68,19.5,72.75,"NASA POWER Daily Agroclimatology API (Point 25.5788 N, 91.8933 E)",0.14,0.1399999999999716,0.14000000000001422,0.1399999999999858,1.4
2021-02-26,1.16,14.45,8.72,21.15,64.67,"NASA POWER Daily Agroclimatology API (Point 25.5788 N, 91.8933 E)",1.16,1.2999999999999714,1.300000000000014,1.2999999999999856,2.56
2021-02-27,0.0,14.82,9.8,20.64,66.06,"NASA POWER Daily Agroclimatology API (Point 25.5788 N, 91.8933 E)",0.0,1.2999999999999716,1.3000000000000143,1.2999999999999858,2.56
2021-02-28,0.0,15.48,11.05,20.74,63.46,"NASA POWER Daily Agroclimatology API (Point 25.5788 N, 91.8933 E)",0.0,1.1599999999999717,1.3000000000000143,1.2999999999999858,2.56
2021-03-01,0.0,15.72,11.52,21.55,66.44,"NASA POWER Daily Agroclimatology API (Point 25.5788 N, 91.8933 E)",0.0,0.0,1.3000000000000143,1.2999999999999858,2.56
2021-03-02,0.0,14.85,10.14,21.23,60.62,"NASA POWER Daily Agroclimatology API (Point 25.5788 N, 91.8933 E)",0.0,0.0,1.3000000000000143,1.2999999999999858,2.56
2021-03-03,0.0,15.78,10.57,21.01,59.5,"NASA POWER Daily Agroclimatology API (Point 25.5788 N, 91.8933 E)",0.0,0.0,1.3000000000000143,1.2999999999999858,2.56
2021-03-04,0.0,13.74,8.76,20.26,54.64,"NASA POWER Daily Agroclimatology API (Point 25.5788 N, 91.8933 E)",0.0,0.0,1.1600000000000144,1.2999999999999858,2.56
2021-03-05,8.54,13.75,8.43,19.89,60.78,"NASA POWER Daily Agroclimatology API (Point 25.5788 N, 91.8933 E)",8.54,8.53999999999997,8.540000000000013,9.839999999999986,11.1
2021-03-06,13.53,14.56,8.9,20.74,80.77,"NASA POWER Daily Agroclimatology API (Point 25.5788 N, 91.8933 E)",13.53,22.069999999999972,22.070000000000014,23.369999999999983,24.63
2021-03-07,2.8,14.95,9.67,20.78,76.76,"NASA POWER Daily Agroclimatology API (Point 25.5788 N, 91.8933 E)",2.8,24.86999999999997,24.87000000000001,26.169999999999984,27.43
2021-03-08,5.43,15.48,11.53,21.43,70.32,"NASA POWER Daily Agroclimatology API (Point 25.5788 N, 91.8933 E)",5.43,21.75999999999997,30.30000000000001,31.599999999999984,32.86
2021-03-09,5.31,15.44,11.2,20.35,84.19,"NASA POWER Daily Agroclimatology API (Point 25.5788 N, 91.8933 E)",5.31,13.53999999999997,35.610000000000014,36.90999999999998,36.91
2021-03-10,2.01,16.36,11.7,22.61,73.61,"NASA POWER Daily Agroclimatology API (Point 25.5788 N, 91.8933 E)",2.01,12.74999999999997,37.62000000000001,38.91999999999999,38.919999999999995
2021-03-11,0.04,16.28,11.69,22.21,76.63,"NASA POWER Daily Agroclimatology API (Point 25.5788 N, 91.8933 E)",0.04,7.359999999999971,37.66000000000001,38.819999999999986,38.959999999999994
2021-03-12,0.0,17.27,12.15,23.9,63.97,"NASA POWER Daily Agroclimatology API (Point 25.5788 N, 91.8933 E)",0.0,2.0499999999999714,29.12000000000001,37.65999999999999,38.959999999999994
2021-03-13,0.01,16.64,10.75,23.88,67.05,"NASA POWER Daily Agroclimatology API (Point 25.5788 N, 91.8933 E)",0.01,0.04999999999997158,15.600000000000014,37.66999999999999,38.97
2021-03-14,0.14,15.86,10.56,22.91,71.04,"NASA POWER Daily Agroclimatology API (Point 25.5788 N, 91.8933 E)",0.14,0.1499999999999716,12.940000000000014,37.80999999999999,39.11
2021-03-15,0.0,15.71,11.04,21.67,76.52,"NASA POWER Daily Agroclimatology API (Point 25.5788 N, 91.8933 E)",0.0,0.1499999999999716,7.510000000000014,37.80999999999999,39.11
2021-03-16,0.0,15.53,9.93,23.09,68.24,"NASA POWER Daily Agroclimatology API (Point 25.5788 N, 91.8933 E)",0.0,0.1399999999999716,2.200000000000014,37.80999999999999,39.11
2021-03-17,0.0,15.63,9.19,22.93,59.27,"NASA POWER Daily Agroclimatology API (Point 25.5788 N, 91.8933 E)",0.0,0.0,0.1900000000000142,37.80999999999999,39.11
2021-03-18,0.0,16.53,10.69,23.81,56.35,"NASA POWER Daily Agroclimatology API (Point 25.5788 N, 91.8933 E)",0.0,0.0,0.1500000000000142,37.80999999999999,39.11
2021-03-19,0.0,17.36,11.53,24.13,64.47,"NASA POWER Daily Agroclimatology API (Point 25.5788 N, 91.8933 E)",0.0,0.0,0.1500000000000142,29.269999999999985,39.11
2021-03-20,0.0,16.98,12.53,23.51,63.77,"NASA POWER Daily Agroclimatology API (Point 25.5788 N, 91.8933 E)",0.0,0.0,0.14000000000001422,15.739999999999984,39.11
2021-03-21,0.0,17.37,11.37,24.22,67.29,"NASA POWER Daily Agroclimatology API (Point 25.5788 N, 91.8933 E)",0.0,0.0,0.0,12.939999999999984,39.11
2021-03-22,0.0,18.13,12.25,25.15,53.02,"NASA POWER Daily Agroclimatology API (Point 25.5788 N, 91.8933 E)",0.0,0.0,0.0,7.509999999999986,39.11
2021-03-23,0.0,18.83,13.78,25.37,50.5,"NASA POWER Daily Agroclimatology API (Point 25.5788 N, 91.8933 E)",0.0,0.0,0.0,2.1999999999999855,39.11
2021-03-24,0.0,18.37,12.36,25.36,61.59,"NASA POWER Daily Agroclimatology API (Point 25.5788 N, 91.8933 E)",0.0,0.0,0.0,0.1899999999999858,39.11
2021-03-25,0.0,17.25,11.57,24.32,59.49,"NASA POWER Daily Agroclimatology API (Point 25.5788 N, 91.8933 E)",0.0,0.0,0.0,0.14999999999998578,39.11
2021-03-26,0.0,17.28,12.07,24.63,50.06,"NASA POWER Daily Agroclimatology API (Point 25.5788 N, 91.8933 E)",0.0,0.0,0.0,0.14999999999998578,39.11
2021-03-27,0.0,18.29,12.84,25.72,40.47,"NASA POWER Daily Agroclimatology API (Point 25.5788 N, 91.8933 E)",0.0,0.0,0.0,0.1399999999999858,38.97
2021-03-28,0.0,17.86,12.09,25.73,48.04,"NASA POWER Daily Agroclimatology API (Point 25.5788 N, 91.8933 E)",0.0,0.0,0.0,0.0,37.81
2021-03-29,2.39,18.19,11.72,24.31,61.8,"NASA POWER Daily Agroclimatology API (Point 25.5788 N, 91.8933 E)",2.39,2.3899999999999717,2.3900000000000143,2.389999999999986,40.2
2021-03-30,19.44,17.86,15.18,22.68,84.01,"NASA POWER Daily Agroclimatology API (Point 25.5788 N, 91.8933 E)",19.44,21.829999999999973,21.830000000000016,21.829999999999988,59.64
2021-03-31,17.89,18.78,13.76,23.87,86.67,"NASA POWER Daily Agroclimatology API (Point 25.5788 N, 91.8933 E)",17.89,39.71999999999997,39.72000000000001,39.719999999999985,77.53
2021-04-01,5.21,17.89,11.96,22.87,81.79,"NASA POWER Daily Agroclimatology API (Point 25.5788 N, 91.8933 E)",5.21,42.53999999999997,44.930000000000014,44.929999999999986,82.74
2021-04-02,15.92,17.31,12.14,22.75,76.85,"NASA POWER Daily Agroclimatology API (Point 25.5788 N, 91.8933 E)",15.92,39.01999999999997,60.850000000000016,60.84999999999999,98.66
2021-04-03,1.72,17.87,11.57,24.69,69.11,"NASA POWER Daily Agroclimatology API (Point 25.5788 N, 91.8933 E)",1.72,22.84999999999997,62.570000000000014,62.569999999999986,100.38
2021-04-04,0.01,19.45,14.87,25.16,51.19,"NASA POWER Daily Agroclimatology API (Point 25.5788 N, 91.8933 E)",0.01,17.64999999999997,62.58000000000001,62.579999999999984,91.85
2021-04-05,1.59,19.69,15.41,25.4,56.54,"NASA POWER Daily Agroclimatology API (Point 25.5788 N, 91.8933 E)",1.59,3.319999999999972,61.780000000000015,64.16999999999999,79.91
2021-04-06,0.26,19.99,15.62,25.26,53.59,"NASA POWER Daily Agroclimatology API (Point 25.5788 N, 91.8933 E)",0.26,1.8599999999999717,42.600000000000016,64.42999999999999,77.36999999999999
2021-04-07,4.63,19.02,14.45,23.86,65.38,"NASA POWER Daily Agroclimatology API (Point 25.5788 N, 91.8933 E)",4.63,6.479999999999972,29.340000000000014,69.05999999999999,76.57000000000001
2021-04-08,3.81,18.24,13.09,24.03,80.42,"NASA POWER Daily Agroclimatology API (Point 25.5788 N, 91.8933 E)",3.81,8.69999999999997,27.940000000000012,72.86999999999999,75.07000000000001
2021-04-09,10.85,18.3,14.61,22.98,86.14,"NASA POWER Daily Agroclimatology API (Point 25.5788 N, 91.8933 E)",10.85,19.28999999999997,22.87000000000001,83.71999999999998,83.91
2021-04-10,9.0,18.66,14.26,24.41,83.87,"NASA POWER Daily Agroclimatology API (Point 25.5788 N, 91.8933 E)",9.0,23.659999999999968,30.150000000000013,92.71999999999998,92.87
2021-04-11,0.91,19.04,13.62,24.66,79.34,"NASA POWER Daily Agroclimatology API (Point 25.5788 N, 91.8933 E)",0.91,20.75999999999997,31.05000000000001,93.62999999999998,93.78
2021-04-12,0.74,19.52,13.24,25.69,70.04,"NASA POWER Daily Agroclimatology API (Point 25.5788 N, 91.8933 E)",0.74,10.64999999999997,30.200000000000014,91.97999999999999,94.50999999999999
2021-04-13,0.35,19.76,14.73,25.82,66.86,"NASA POWER Daily Agroclimatology API (Point 25.5788 N, 91.8933 E)",0.35,1.9999999999999698,30.290000000000013,72.88999999999999,94.72
2021-04-14,6.87,19.65,13.32,26.04,65.02,"NASA POWER Daily Agroclimatology API (Point 25.5788 N, 91.8933 E)",6.87,7.95999999999997,32.530000000000015,61.86999999999999,101.59
2021-04-15,2.96,18.93,15.3,22.93,73.17,"NASA POWER Daily Agroclimatology API (Point 25.5788 N, 91.8933 E)",2.96,10.17999999999997,31.680000000000014,59.61999999999999,104.55
2021-04-16,34.41,17.37,14.23,20.32,88.42,"NASA POWER Daily Agroclimatology API (Point 25.5788 N, 91.8933 E)",34.41,44.23999999999997,55.24000000000001,78.10999999999999,138.95999999999998
2021-04-17,9.01,17.84,13.31,22.57,79.14,"NASA POWER Daily Agroclimatology API (Point 25.5788 N, 91.8933 E)",9.01,46.37999999999997,55.25000000000001,85.39999999999999,147.97
2021-04-18,26.36,17.28,13.3,22.01,85.25,"NASA POWER Daily Agroclimatology API (Point 25.5788 N, 91.8933 E)",26.36,69.77999999999997,80.70000000000002,111.74999999999997,174.32999999999998
2021-04-19,2.48,17.35,12.34,22.79,80.37,"NASA POWER Daily Agroclimatology API (Point 25.5788 N, 91.8933 E)",2.48,37.849999999999966,82.44000000000001,112.63999999999999,176.81
2021-04-20,5.66,18.39,12.7,24.58,77.54,"NASA POWER Daily Agroclimatology API (Point 25.5788 N, 91.8933 E)",5.66,34.49999999999997,87.75,118.03999999999999,182.47
2021-04-21,14.72,19.19,14.09,24.19,74.12,"NASA POWER Daily Agroclimatology API (Point 25.5788 N, 91.8933 E)",14.72,22.85999999999997,95.60000000000001,128.13,197.19
2021-04-22,3.19,19.66,15.06,25.47,82.06,"NASA POWER Daily Agroclimatology API (Point 25.5788 N, 91.8933 E)",3.19,23.569999999999972,95.83000000000001,127.50999999999999,200.38
2021-04-23,0.01,19.04,14.51,25.37,68.32,"NASA POWER Daily Agroclimatology API (Point 25.5788 N, 91.8933 E)",0.01,17.919999999999973,61.430000000000014,116.66999999999997,200.39
2021-04-24,0.0,19.89,14.39,25.74,60.92,"NASA POWER Daily Agroclimatology API (Point 25.5788 N, 91.8933 E)",0.0,3.1999999999999713,52.420000000000016,107.66999999999997,200.39
2021-04-25,0.0,20.93,16.15,26.88,58.84,"NASA POWER Daily Agroclimatology API (Point 25.5788 N, 91.8933 E)",0.0,0.009999999999971578,26.060000000000016,106.75999999999998,200.39
2021-04-26,0.01,21.28,16.55,26.65,63.46,"NASA POWER Daily Agroclimatology API (Point 25.5788 N, 91.8933 E)",0.01,0.009999999999971578,23.590000000000014,106.02999999999999,200.4
2021-04-27,12.42,21.95,19.22,26.43,65.52,"NASA POWER Daily Agroclimatology API (Point 25.5788 N, 91.8933 E)",12.42,12.429999999999971,30.350000000000016,118.09999999999998,212.82
2021-04-28,1.97,21.68,17.35,26.6,66.81,"NASA POWER Daily Agroclimatology API (Point 25.5788 N, 91.8933 E)",1.97,14.399999999999972,17.600000000000012,113.19999999999999,212.4
2021-04-29,0.04,21.55,17.31,25.92,65.9,"NASA POWER Daily Agroclimatology API (Point 25.5788 N, 91.8933 E)",0.04,14.429999999999971,14.450000000000014,110.27999999999999,192.99999999999997
2021-04-30,2.62,20.56,16.93,25.61,75.19,"NASA POWER Daily Agroclimatology API (Point 25.5788 N, 91.8933 E)",2.62,4.6299999999999715,17.060000000000013,78.48999999999998,177.73
2021-05-01,5.82,19.67,15.93,23.99,76.44,"NASA POWER Daily Agroclimatology API (Point 25.5788 N, 91.8933 E)",5.82,8.479999999999972,22.880000000000013,75.29999999999998,178.33999999999997
2021-05-02,15.31,19.47,15.96,23.49,81.08,"NASA POWER Daily Agroclimatology API (Point 25.5788 N, 91.8933 E)",15.31,23.74999999999997,38.19000000000001,64.24999999999999,177.73
2021-05-03,22.27,17.97,15.46,20.67,90.72,"NASA POWER Daily Agroclimatology API (Point 25.5788 N, 91.8933 E)",22.27,43.39999999999998,60.45000000000002,84.03999999999999,198.28
2021-05-04,12.03,18.1,14.52,22.68,86.09,"NASA POWER Daily Agroclimatology API (Point 25.5788 N, 91.8933 E)",12.03,49.60999999999997,60.06000000000002,90.41,210.3
2021-05-05,18.73,18.12,14.69,21.45,80.5,"NASA POWER Daily Agroclimatology API (Point 25.5788 N, 91.8933 E)",18.73,53.02999999999997,76.82000000000002,94.41999999999999,227.44
2021-05-06,7.33,18.21,13.25,23.44,83.35,"NASA POWER Daily Agroclimatology API (Point 25.5788 N, 91.8933 E)",7.33,38.089999999999975,84.11000000000001,98.55999999999999,234.51
2021-05-07,18.98,18.72,14.75,23.15,82.67,"NASA POWER Daily Agroclimatology API (Point 25.5788 N, 91.8933 E)",18.98,45.03999999999997,100.47000000000003,117.53,248.85999999999999
2021-05-08,13.18,18.91,15.41,23.3,85.19,"NASA POWER Daily Agroclimatology API (Point 25.5788 N, 91.8933 E)",13.18,39.489999999999974,107.83000000000001,130.70999999999998,258.23
2021-05-09,1.75,18.83,14.13,24.29,83.06,"NASA POWER Daily Agroclimatology API (Point 25.5788 N, 91.8933 E)",1.75,33.909999999999975,94.27000000000001,132.45999999999998,249.13
2021-05-10,9.46,18.58,14.2,23.77,86.0,"NASA POWER Daily Agroclimatology API (Point 25.5788 N, 91.8933 E)",9.46,24.389999999999972,81.46000000000001,141.90999999999997,249.59
2021-05-11,2.64,18.9,15.06,23.48,85.16,"NASA POWER Daily Agroclimatology API (Point 25.5788 N, 91.8933 E)",2.64,13.849999999999973,72.07000000000001,132.13,251.32
2021-05-12,6.21,18.53,15.63,22.48,86.0,"NASA POWER Daily Agroclimatology API (Point 25.5788 N, 91.8933 E)",6.21,18.309999999999974,59.55000000000002,136.36999999999998,256.78999999999996
2021-05-13,13.67,18.81,15.0,22.13,88.52,"NASA POWER Daily Agroclimatology API (Point 25.5788 N, 91.8933 E)",13.67,22.51999999999997,65.89000000000001,150.0,270.11
2021-05-14,20.5,19.15,15.72,22.89,91.27,"NASA POWER Daily Agroclimatology API (Point 25.5788 N, 91.8933 E)",20.5,40.37999999999997,67.41000000000001,167.88,283.74
2021-05-15,2.69,19.04,13.9,23.77,87.93,"NASA POWER Daily Agroclimatology API (Point 25.5788 N, 91.8933 E)",2.69,36.85999999999997,56.920000000000016,164.75,283.46999999999997
2021-05-16,9.44,20.15,15.27,25.22,85.43,"NASA POWER Daily Agroclimatology API (Point 25.5788 N, 91.8933 E)",9.44,32.62999999999997,64.61000000000001,158.88,258.5
2021-05-17,19.79,20.93,16.06,25.53,88.06,"NASA POWER Daily Agroclimatology API (Point 25.5788 N, 91.8933 E)",19.79,31.91999999999997,74.94000000000001,156.39999999999998,269.28
2021-05-18,33.49,21.6,16.93,25.32,88.73,"NASA POWER Daily Agroclimatology API (Point 25.5788 N, 91.8933 E)",33.49,62.71999999999997,105.79000000000002,177.85999999999999,276.41
2021-05-19,44.77,21.54,18.66,24.97,88.97,"NASA POWER Daily Agroclimatology API (Point 25.5788 N, 91.8933 E)",44.77,98.04999999999998,144.35000000000002,203.9,318.7
2021-05-20,34.17,22.36,19.23,26.84,88.32,"NASA POWER Daily Agroclimatology API (Point 25.5788 N, 91.8933 E)",34.17,112.42999999999998,164.85000000000002,230.73999999999998,347.21000000000004
2021-05-21,14.25,21.8,19.45,24.63,91.83,"NASA POWER Daily Agroclimatology API (Point 25.5788 N, 91.8933 E)",14.25,93.18999999999997,158.60000000000002,226.01,346.74
2021-05-22,11.06,22.21,19.9,25.06,92.69,"NASA POWER Daily Agroclimatology API (Point 25.5788 N, 91.8933 E)",11.06,59.479999999999976,166.97,223.89,354.61
2021-05-23,0.01,22.86,18.63,27.52,83.49,"NASA POWER Daily Agroclimatology API (Point 25.5788 N, 91.8933 E)",0.01,25.319999999999972,157.54000000000002,222.15,354.61
2021-05-24,0.37,22.4,17.83,27.12,87.97,"NASA POWER Daily Agroclimatology API (Point 25.5788 N, 91.8933 E)",0.37,11.439999999999973,138.12000000000003,213.05999999999997,354.98
2021-05-25,9.59,23.13,19.87,27.84,85.91,"NASA POWER Daily Agroclimatology API (Point 25.5788 N, 91.8933 E)",9.59,9.969999999999972,114.22000000000001,220.01,364.57
2021-05-26,14.72,22.55,19.83,26.55,87.51,"NASA POWER Daily Agroclimatology API (Point 25.5788 N, 91.8933 E)",14.72,24.67999999999997,84.17000000000002,228.51999999999998,379.28000000000003
2021-05-27,9.67,20.56,17.0,24.62,81.61,"NASA POWER Daily Agroclimatology API (Point 25.5788 N, 91.8933 E)",9.67,33.979999999999976,59.670000000000016,224.52,376.53000000000003
2021-05-28,4.42,21.83,17.83,27.08,78.05,"NASA POWER Daily Agroclimatology API (Point 25.5788 N, 91.8933 E)",4.42,28.809999999999974,49.84000000000002,208.44,378.98
2021-05-29,10.07,21.69,17.28,26.22,87.03,"NASA POWER Daily Agroclimatology API (Point 25.5788 N, 91.8933 E)",10.07,24.15999999999997,48.850000000000016,215.82,389.01
2021-05-30,12.13,22.29,18.27,26.39,88.69,"NASA POWER Daily Agroclimatology API (Point 25.5788 N, 91.8933 E)",12.13,26.619999999999973,60.97000000000001,218.51000000000002,398.52000000000004
2021-05-31,47.32,21.97,20.74,24.22,94.99,"NASA POWER Daily Agroclimatology API (Point 25.5788 N, 91.8933 E)",47.32,69.51999999999998,107.92000000000002,246.04,440.02000000000004
2021-06-01,23.08,21.82,20.0,24.26,90.47,"NASA POWER Daily Agroclimatology API (Point 25.5788 N, 91.8933 E)",23.08,82.52999999999997,121.41000000000003,235.63,447.79
2021-06-02,8.24,21.38,19.71,23.86,92.68,"NASA POWER Daily Agroclimatology API (Point 25.5788 N, 91.8933 E)",8.24,78.63999999999997,114.93000000000002,199.1,433.76000000000005
2021-06-03,7.42,21.76,19.0,24.18,91.28,"NASA POWER Daily Agroclimatology API (Point 25.5788 N, 91.8933 E)",7.42,38.73999999999997,112.68000000000002,172.35,429.15000000000003
2021-06-04,21.32,21.97,20.39,24.03,93.88,"NASA POWER Daily Agroclimatology API (Point 25.5788 N, 91.8933 E)",21.32,36.979999999999976,129.58,179.42,431.74
2021-06-05,37.54,22.02,20.75,24.21,93.71,"NASA POWER Daily Agroclimatology API (Point 25.5788 N, 91.8933 E)",37.54,66.27999999999997,157.05,205.89999999999998,461.95
2021-06-06,17.99,22.11,20.52,24.82,91.61,"NASA POWER Daily Agroclimatology API (Point 25.5788 N, 91.8933 E)",17.99,76.84999999999997,162.91000000000003,223.88,460.96
2021-06-07,9.85,22.55,20.53,25.28,91.12,"NASA POWER Daily Agroclimatology API (Point 25.5788 N, 91.8933 E)",9.85,65.37999999999997,125.44000000000003,233.35999999999999,457.63
2021-06-08,11.99,21.97,20.1,24.34,92.81,"NASA POWER Daily Agroclimatology API (Point 25.5788 N, 91.8933 E)",11.99,39.82999999999996,114.35000000000002,235.76,467.87
2021-06-09,1.69,20.73,18.77,23.09,91.65,"NASA POWER Daily Agroclimatology API (Point 25.5788 N, 91.8933 E)",1.69,23.529999999999966,107.80000000000003,222.73,460.1
2021-06-10,5.48,21.92,18.25,25.78,85.06,"NASA POWER Daily Agroclimatology API (Point 25.5788 N, 91.8933 E)",5.48,19.159999999999965,105.86000000000003,218.54,462.94
2021-06-11,29.43,21.69,19.28,24.57,90.94,"NASA POWER Daily Agroclimatology API (Point 25.5788 N, 91.8933 E)",29.43,36.599999999999966,113.97000000000003,243.54999999999998,486.16
2021-06-12,17.78,22.89,19.5,27.56,88.85,"NASA POWER Daily Agroclimatology API (Point 25.5788 N, 91.8933 E)",17.78,52.68999999999997,94.21000000000004,251.26,490.27000000000004
2021-06-13,5.32,22.48,20.29,25.7,89.94,"NASA POWER Daily Agroclimatology API (Point 25.5788 N, 91.8933 E)",5.32,52.529999999999966,81.54000000000003,244.45,475.09000000000003
2021-06-14,30.1,22.15,20.14,25.59,92.38,"NASA POWER Daily Agroclimatology API (Point 25.5788 N, 91.8933 E)",30.1,53.19999999999997,101.79000000000002,227.23,502.5
2021-06-15,11.9,22.82,19.7,27.53,88.4,"NASA POWER Daily Agroclimatology API (Point 25.5788 N, 91.8933 E)",11.9,47.319999999999965,101.70000000000003,216.04999999999998,504.96000000000004
2021-06-16,15.3,22.0,19.41,25.69,90.52,"NASA POWER Daily Agroclimatology API (Point 25.5788 N, 91.8933 E)",15.3,57.29999999999997,115.31000000000003,223.10999999999999,500.47
2021-06-17,15.86,22.41,19.87,26.14,90.54,"NASA POWER Daily Agroclimatology API (Point 25.5788 N, 91.8933 E)",15.86,43.05999999999997,125.69000000000003,231.54999999999998,482.84
2021-06-18,19.81,21.1,18.56,24.85,89.6,"NASA POWER Daily Agroclimatology API (Point 25.5788 N, 91.8933 E)",19.81,50.96999999999996,116.07000000000002,230.04,457.88
2021-06-19,41.75,21.05,18.99,24.51,92.51,"NASA POWER Daily Agroclimatology API (Point 25.5788 N, 91.8933 E)",41.75,77.41999999999996,140.04000000000002,234.25,465.46
2021-06-20,22.17,21.45,18.21,25.81,89.7,"NASA POWER Daily Agroclimatology API (Point 25.5788 N, 91.8933 E)",22.17,83.72999999999996,156.89000000000004,238.43,473.38
2021-06-21,5.61,21.89,18.58,25.52,90.43,"NASA POWER Daily Agroclimatology API (Point 25.5788 N, 91.8933 E)",5.61,69.52999999999997,132.40000000000003,234.19,467.93
2021-06-22,6.95,22.28,19.36,26.29,91.57,"NASA POWER Daily Agroclimatology API (Point 25.5788 N, 91.8933 E)",6.95,34.72999999999997,127.45000000000003,229.14999999999998,474.87
2021-06-23,24.61,22.13,18.63,25.73,90.62,"NASA POWER Daily Agroclimatology API (Point 25.5788 N, 91.8933 E)",24.61,37.169999999999966,136.76000000000005,252.07,499.11
2021-06-24,41.6,22.05,19.96,24.51,92.26,"NASA POWER Daily Agroclimatology API (Point 25.5788 N, 91.8933 E)",41.6,73.15999999999997,162.50000000000003,288.19,531.12
2021-06-25,28.41,22.15,19.89,25.54,92.13,"NASA POWER Daily Agroclimatology API (Point 25.5788 N, 91.8933 E)",28.41,94.61999999999996,171.10000000000002,287.17,544.81
2021-06-26,22.91,22.31,19.41,25.57,91.97,"NASA POWER Daily Agroclimatology API (Point 25.5788 N, 91.8933 E)",22.91,92.91999999999996,152.26000000000005,292.29999999999995,558.0500000000001
2021-06-27,49.57,22.2,20.05,25.33,92.12,"NASA POWER Daily Agroclimatology API (Point 25.5788 N, 91.8933 E)",49.57,100.88999999999996,179.66000000000003,336.54999999999995,603.1999999999999
2021-06-28,64.51,21.81,20.53,23.95,95.48,"NASA POWER Daily Agroclimatology API (Point 25.5788 N, 91.8933 E)",64.51,136.98999999999998,238.56000000000003,370.96000000000004,657.6400000000001
2021-06-29,39.81,22.24,20.67,23.75,95.77,"NASA POWER Daily Agroclimatology API (Point 25.5788 N, 91.8933 E)",39.81,153.89,271.4200000000001,398.87,685.32
2021-06-30,55.39,22.35,20.69,24.6,95.33,"NASA POWER Daily Agroclimatology API (Point 25.5788 N, 91.8933 E)",55.39,159.70999999999998,302.20000000000005,438.96,693.39
2021-07-01,14.88,22.13,20.01,23.93,93.06,"NASA POWER Daily Agroclimatology API (Point 25.5788 N, 91.8933 E)",14.88,110.07999999999997,275.48,437.98,685.1899999999999
2021-07-02,28.37,21.28,19.74,22.83,95.51,"NASA POWER Daily Agroclimatology API (Point 25.5788 N, 91.8933 E)",28.37,98.63999999999997,275.44000000000005,446.54,705.32
2021-07-03,88.85,22.23,20.47,24.83,94.84,"NASA POWER Daily Agroclimatology API (Point 25.5788 N, 91.8933 E)",88.85,132.09999999999997,341.38,493.64,786.75
2021-07-04,16.37,22.17,20.08,25.61,90.98,"NASA POWER Daily Agroclimatology API (Point 25.5788 N, 91.8933 E)",16.37,133.58999999999997,308.18,487.84,781.8000000000001
2021-07-05,16.15,22.46,20.03,25.41,92.38,"NASA POWER Daily Agroclimatology API (Point 25.5788 N, 91.8933 E)",16.15,121.36999999999996,259.82000000000005,498.38,760.41
2021-07-06,36.55,22.28,20.36,25.51,93.64,"NASA POWER Daily Agroclimatology API (Point 25.5788 N, 91.8933 E)",36.55,69.06999999999996,256.56,527.98,778.9699999999999
2021-07-07,25.6,22.12,20.66,24.12,96.06,"NASA POWER Daily Agroclimatology API (Point 25.5788 N, 91.8933 E)",25.6,78.29999999999995,226.77000000000004,528.9699999999999,794.72
2021-07-08,11.47,22.73,20.14,26.29,90.73,"NASA POWER Daily Agroclimatology API (Point 25.5788 N, 91.8933 E)",11.47,73.61999999999998,223.36,498.84,794.2
2021-07-09,6.1,22.59,20.58,25.77,92.27,"NASA POWER Daily Agroclimatology API (Point 25.5788 N, 91.8933 E)",6.1,43.16999999999997,201.09,476.53,798.61
2021-07-10,22.76,22.68,20.83,25.95,91.2,"NASA POWER Daily Agroclimatology API (Point 25.5788 N, 91.8933 E)",22.76,40.32999999999997,135.00000000000003,476.38,815.89
2021-07-11,6.59,22.05,20.7,23.84,95.57,"NASA POWER Daily Agroclimatology API (Point 25.5788 N, 91.8933 E)",6.59,35.449999999999974,125.22000000000003,433.4,793.0500000000001
2021-07-12,10.58,23.04,20.04,27.38,89.85,"NASA POWER Daily Agroclimatology API (Point 25.5788 N, 91.8933 E)",10.58,39.92999999999997,119.65000000000003,379.46999999999997,785.85
2021-07-13,21.56,21.91,19.63,25.56,92.36,"NASA POWER Daily Agroclimatology API (Point 25.5788 N, 91.8933 E)",21.56,38.729999999999976,104.66000000000003,361.21999999999997,802.09
2021-07-14,25.21,21.36,19.39,23.78,94.32,"NASA POWER Daily Agroclimatology API (Point 25.5788 N, 91.8933 E)",25.21,57.349999999999966,104.27000000000004,331.03999999999996,797.1999999999999
2021-07-15,4.18,22.01,19.25,25.12,90.52,"NASA POWER Daily Agroclimatology API (Point 25.5788 N, 91.8933 E)",4.18,50.949999999999974,96.98000000000002,320.34,789.48
2021-07-16,19.29,21.57,19.13,25.53,92.93,"NASA POWER Daily Agroclimatology API (Point 25.5788 N, 91.8933 E)",19.29,48.67999999999998,110.17000000000003,311.26,793.47
2021-07-17,3.61,22.03,19.01,25.52,93.53,"NASA POWER Daily Agroclimatology API (Point 25.5788 N, 91.8933 E)",3.61,27.079999999999973,91.02000000000002,226.01999999999995,781.22
2021-07-18,9.92,22.64,19.98,26.35,92.59,"NASA POWER Daily Agroclimatology API (Point 25.5788 N, 91.8933 E)",9.92,32.81999999999997,94.35000000000004,219.56999999999996,771.3299999999999
2021-07-19,25.32,23.12,20.33,27.19,89.99,"NASA POWER Daily Agroclimatology API (Point 25.5788 N, 91.8933 E)",25.32,38.84999999999997,109.09000000000003,228.73999999999998,754.9
2021-07-20,17.71,22.65,20.54,25.62,91.08,"NASA POWER Daily Agroclimatology API (Point 25.5788 N, 91.8933 E)",17.71,52.949999999999974,105.24000000000002,209.89999999999998,750.44
2021-07-21,20.3,23.73,20.32,28.08,88.12,"NASA POWER Daily Agroclimatology API (Point 25.5788 N, 91.8933 E)",20.3,63.32999999999997,100.33000000000003,204.59999999999997,765.13
2021-07-22,3.66,23.66,20.41,27.52,88.31,"NASA POWER Daily Agroclimatology API (Point 25.5788 N, 91.8933 E)",3.66,41.66999999999997,99.81000000000003,196.78999999999996,761.84
2021-07-23,12.2,22.17,19.68,25.4,91.48,"NASA POWER Daily Agroclimatology API (Point 25.5788 N, 91.8933 E)",12.2,36.15999999999997,92.72000000000003,202.89,749.4300000000001
2021-07-24,11.66,22.7,19.52,26.45,91.07,"NASA POWER Daily Agroclimatology API (Point 25.5788 N, 91.8933 E)",11.66,27.51999999999997,100.77000000000004,191.79,719.49
2021-07-25,7.83,23.15,20.6,26.44,91.71,"NASA POWER Daily Agroclimatology API (Point 25.5788 N, 91.8933 E)",7.83,31.68999999999997,98.68000000000004,193.02999999999997,698.9100000000001
2021-07-26,4.94,23.04,20.68,25.61,91.19,"NASA POWER Daily Agroclimatology API (Point 25.5788 N, 91.8933 E)",4.94,24.42999999999997,78.30000000000004,187.38999999999996,680.9399999999999
2021-07-27,2.39,23.1,20.5,26.08,90.88,"NASA POWER Daily Agroclimatology API (Point 25.5788 N, 91.8933 E)",2.39,15.159999999999972,62.98000000000003,168.21999999999997,633.76
2021-07-28,4.38,23.59,21.04,27.23,88.34,"NASA POWER Daily Agroclimatology API (Point 25.5788 N, 91.8933 E)",4.38,11.709999999999972,47.06000000000003,147.39,573.6300000000001
2021-07-29,29.59,22.18,19.86,24.73,91.34,"NASA POWER Daily Agroclimatology API (Point 25.5788 N, 91.8933 E)",29.59,36.35999999999997,72.99000000000004,172.79999999999998,563.41
2021-07-30,31.82,22.36,20.15,25.09,92.96,"NASA POWER Daily Agroclimatology API (Point 25.5788 N, 91.8933 E)",31.82,65.78999999999996,92.61000000000003,185.32999999999998,539.84
2021-07-31,21.48,21.9,19.69,23.83,94.46,"NASA POWER Daily Agroclimatology API (Point 25.5788 N, 91.8933 E)",21.48,82.88999999999997,102.43000000000004,203.2,546.44
2021-08-01,9.99,22.4,19.89,25.56,92.81,"NASA POWER Daily Agroclimatology API (Point 25.5788 N, 91.8933 E)",9.99,63.28999999999997,104.59000000000003,203.26999999999998,528.0600000000001
2021-08-02,56.12,22.44,21.21,24.75,95.0,"NASA POWER Daily Agroclimatology API (Point 25.5788 N, 91.8933 E)",56.12,87.58999999999997,155.77000000000004,234.06999999999996,495.33
2021-08-03,17.46,23.4,20.8,26.95,88.99,"NASA POWER Daily Agroclimatology API (Point 25.5788 N, 91.8933 E)",17.46,83.56999999999996,170.84000000000003,233.81999999999996,496.41999999999996
2021-08-04,9.11,23.05,20.69,26.76,90.02,"NASA POWER Daily Agroclimatology API (Point 25.5788 N, 91.8933 E)",9.11,82.68999999999997,175.57000000000002,222.62999999999997,489.38
2021-08-05,3.23,23.26,18.89,27.57,85.63,"NASA POWER Daily Agroclimatology API (Point 25.5788 N, 91.8933 E)",3.23,29.799999999999972,149.21,222.2,456.06
2021-08-06,14.08,22.4,19.15,26.16,87.76,"NASA POWER Daily Agroclimatology API (Point 25.5788 N, 91.8933 E)",14.08,26.419999999999973,131.47000000000003,224.07999999999996,444.54
2021-08-07,43.03,21.46,19.16,23.92,93.58,"NASA POWER Daily Agroclimatology API (Point 25.5788 N, 91.8933 E)",43.03,60.339999999999975,153.02000000000004,255.44999999999996,476.1
2021-08-08,34.11,23.16,21.38,25.5,93.3,"NASA POWER Daily Agroclimatology API (Point 25.5788 N, 91.8933 E)",34.11,91.21999999999997,177.14000000000001,281.72999999999996,504.10999999999996
2021-08-09,44.23,22.99,21.21,25.84,93.18,"NASA POWER Daily Agroclimatology API (Point 25.5788 N, 91.8933 E)",44.23,121.36999999999998,165.25000000000003,321.02,525.5799999999999
2021-08-10,66.51,22.42,21.25,24.29,95.5,"NASA POWER Daily Agroclimatology API (Point 25.5788 N, 91.8933 E)",66.51,144.84999999999997,214.30000000000004,385.14,585.5
2021-08-11,30.45,23.36,21.87,25.74,94.07,"NASA POWER Daily Agroclimatology API (Point 25.5788 N, 91.8933 E)",30.45,141.18999999999997,235.64000000000004,411.2099999999999,605.37
2021-08-12,46.48,21.76,20.38,22.84,96.93,"NASA POWER Daily Agroclimatology API (Point 25.5788 N, 91.8933 E)",46.48,143.43999999999997,278.89000000000004,428.09999999999997,630.29
2021-08-13,52.51,21.86,20.54,23.22,96.39,"NASA POWER Daily Agroclimatology API (Point 25.5788 N, 91.8933 E)",52.51,129.43999999999997,317.32000000000005,448.78999999999996,657.59
2021-08-14,65.42,22.16,20.13,25.04,93.6,"NASA POWER Daily Agroclimatology API (Point 25.5788 N, 91.8933 E)",65.42,164.40999999999997,339.71000000000004,492.72999999999996,718.8299999999999
2021-08-15,8.0,22.56,20.73,24.81,94.84,"NASA POWER Daily Agroclimatology API (Point 25.5788 N, 91.8933 E)",8.0,125.92999999999996,313.6,490.73999999999995,707.54
2021-08-16,8.64,22.31,20.25,24.97,92.58,"NASA POWER Daily Agroclimatology API (Point 25.5788 N, 91.8933 E)",8.64,82.05999999999996,278.01000000000005,443.26,712.57
2021-08-17,29.07,21.63,19.23,24.59,92.79,"NASA POWER Daily Agroclimatology API (Point 25.5788 N, 91.8933 E)",29.07,45.70999999999997,240.57000000000002,454.86999999999995,731.72
2021-08-18,20.54,21.55,20.18,23.81,94.79,"NASA POWER Daily Agroclimatology API (Point 25.5788 N, 91.8933 E)",20.54,58.24999999999997,230.66000000000003,466.29999999999995,726.94
2021-08-19,26.96,21.2,19.4,22.82,95.29,"NASA POWER Daily Agroclimatology API (Point 25.5788 N, 91.8933 E)",26.96,76.56999999999996,211.14000000000001,490.03,736.1899999999999
2021-08-20,9.0,21.56,18.93,24.64,93.13,"NASA POWER Daily Agroclimatology API (Point 25.5788 N, 91.8933 E)",9.0,56.49999999999997,167.63000000000002,484.94999999999993,724.89
2021-08-21,6.49,21.61,19.26,25.56,91.73,"NASA POWER Daily Agroclimatology API (Point 25.5788 N, 91.8933 E)",6.49,42.449999999999974,108.70000000000003,448.40999999999997,727.72
2021-08-22,33.83,21.23,19.17,23.99,93.89,"NASA POWER Daily Agroclimatology API (Point 25.5788 N, 91.8933 E)",33.83,49.31999999999997,134.53000000000003,448.13,749.35
2021-08-23,92.64,21.36,18.41,24.53,93.58,"NASA POWER Daily Agroclimatology API (Point 25.5788 N, 91.8933 E)",92.64,132.95999999999998,218.53000000000003,496.53999999999996,830.33
2021-08-24,12.75,21.86,20.21,24.49,93.79,"NASA POWER Daily Agroclimatology API (Point 25.5788 N, 91.8933 E)",12.75,139.21999999999997,202.21000000000004,442.78,835.25
2021-08-25,34.36,22.43,21.0,24.27,95.85,"NASA POWER Daily Agroclimatology API (Point 25.5788 N, 91.8933 E)",34.36,139.74999999999994,216.03000000000003,446.68999999999994,864.6700000000001
2021-08-26,59.65,22.02,20.83,23.84,95.42,"NASA POWER Daily Agroclimatology API (Point 25.5788 N, 91.8933 E)",59.65,106.75999999999996,248.72000000000003,459.85999999999996,921.9300000000001
2021-08-27,19.38,20.76,19.21,22.79,93.37,"NASA POWER Daily Agroclimatology API (Point 25.5788 N, 91.8933 E)",19.38,113.38999999999997,259.1,426.72999999999996,936.93
2021-08-28,6.33,21.36,19.24,24.24,90.64,"NASA POWER Daily Agroclimatology API (Point 25.5788 N, 91.8933 E)",6.33,85.35999999999997,258.94,367.63999999999993,913.6700000000001
2021-08-29,9.68,21.5,18.16,24.54,90.45,"NASA POWER Daily Agroclimatology API (Point 25.5788 N, 91.8933 E)",9.68,35.38999999999997,234.79000000000005,369.32,891.53
2021-08-30,13.37,21.26,18.2,24.44,92.24,"NASA POWER Daily Agroclimatology API (Point 25.5788 N, 91.8933 E)",13.37,29.37999999999997,155.52000000000004,374.04999999999995,883.42
2021-08-31,9.24,21.33,19.62,24.1,93.63,"NASA POWER Daily Agroclimatology API (Point 25.5788 N, 91.8933 E)",9.24,32.28999999999997,152.01000000000002,354.21999999999997,882.67
2021-09-01,0.97,21.88,19.52,25.05,90.73,"NASA POWER Daily Agroclimatology API (Point 25.5788 N, 91.8933 E)",0.97,23.57999999999997,118.62000000000002,334.6499999999999,827.52
2021-09-02,6.52,22.33,19.62,26.07,85.36,"NASA POWER Daily Agroclimatology API (Point 25.5788 N, 91.8933 E)",6.52,16.729999999999972,65.49000000000002,314.21,816.58
2021-09-03,1.65,22.09,18.54,26.39,90.23,"NASA POWER Daily Agroclimatology API (Point 25.5788 N, 91.8933 E)",1.65,9.13999999999997,47.76000000000003,306.85999999999996,809.12
2021-09-04,5.58,22.74,18.86,27.5,85.7,"NASA POWER Daily Agroclimatology API (Point 25.5788 N, 91.8933 E)",5.58,13.74999999999997,47.010000000000026,305.94999999999993,811.47
2021-09-05,3.49,22.92,18.93,27.43,88.32,"NASA POWER Daily Agroclimatology API (Point 25.5788 N, 91.8933 E)",3.49,10.71999999999997,40.82000000000002,275.60999999999996,800.88
2021-09-06,31.97,22.67,20.62,26.26,92.76,"NASA POWER Daily Agroclimatology API (Point 25.5788 N, 91.8933 E)",31.97,41.03999999999997,59.42000000000003,214.93999999999997,789.8199999999999
2021-09-07,14.25,21.08,19.12,23.44,93.9,"NASA POWER Daily Agroclimatology API (Point 25.5788 N, 91.8933 E)",14.25,49.70999999999997,64.43000000000002,216.43999999999994,769.9599999999999
2021-09-08,4.24,21.52,17.9,25.79,90.34,"NASA POWER Daily Agroclimatology API (Point 25.5788 N, 91.8933 E)",4.24,50.45999999999997,67.70000000000003,186.31999999999996,729.97
2021-09-09,5.16,22.75,19.46,26.11,85.61,"NASA POWER Daily Agroclimatology API (Point 25.5788 N, 91.8933 E)",5.16,23.64999999999997,66.34000000000003,131.82999999999996,668.62
2021-09-10,14.83,21.85,19.12,25.36,91.6,"NASA POWER Daily Agroclimatology API (Point 25.5788 N, 91.8933 E)",14.83,24.229999999999972,79.52000000000002,127.27999999999997,653.0
2021-09-11,23.85,22.12,19.51,25.72,91.31,"NASA POWER Daily Agroclimatology API (Point 25.5788 N, 91.8933 E)",23.85,43.839999999999975,97.79000000000002,144.79999999999995,630.37
2021-09-12,0.44,22.56,19.62,26.54,86.5,"NASA POWER Daily Agroclimatology API (Point 25.5788 N, 91.8933 E)",0.44,39.11999999999997,94.74000000000004,135.55999999999997,578.3000000000001
2021-09-13,5.14,22.22,18.28,25.84,87.18,"NASA POWER Daily Agroclimatology API (Point 25.5788 N, 91.8933 E)",5.14,29.42999999999997,67.91000000000004,127.32999999999997,518.0200000000001
2021-09-14,13.13,22.2,19.1,26.23,88.68,"NASA POWER Daily Agroclimatology API (Point 25.5788 N, 91.8933 E)",13.13,18.709999999999972,66.79000000000003,131.21999999999997,523.15
2021-09-15,4.62,23.2,19.91,27.04,85.42,"NASA POWER Daily Agroclimatology API (Point 25.5788 N, 91.8933 E)",4.62,22.889999999999972,67.17000000000003,134.86999999999998,519.13
2021-09-16,7.17,21.45,19.8,23.43,95.38,"NASA POWER Daily Agroclimatology API (Point 25.5788 N, 91.8933 E)",7.17,24.91999999999997,69.18000000000004,135.51999999999998,497.23
2021-09-17,9.13,21.6,18.86,24.23,89.57,"NASA POWER Daily Agroclimatology API (Point 25.5788 N, 91.8933 E)",9.13,20.919999999999973,63.48000000000003,142.99999999999997,485.82
2021-09-18,16.57,20.56,18.86,22.95,94.84,"NASA POWER Daily Agroclimatology API (Point 25.5788 N, 91.8933 E)",16.57,32.869999999999976,56.20000000000003,153.98999999999998,475.43
2021-09-19,3.38,21.9,17.23,26.77,88.14,"NASA POWER Daily Agroclimatology API (Point 25.5788 N, 91.8933 E)",3.38,29.079999999999973,59.140000000000036,153.87999999999997,469.81
2021-09-20,5.09,22.29,19.21,26.6,89.53,"NASA POWER Daily Agroclimatology API (Point 25.5788 N, 91.8933 E)",5.09,25.03999999999997,59.09000000000003,126.99999999999997,468.41
2021-09-21,8.09,21.93,19.09,26.05,89.73,"NASA POWER Daily Agroclimatology API (Point 25.5788 N, 91.8933 E)",8.09,16.55999999999997,54.050000000000026,120.83999999999997,442.67
2021-09-22,1.94,20.75,18.71,23.83,92.62,"NASA POWER Daily Agroclimatology API (Point 25.5788 N, 91.8933 E)",1.94,15.11999999999997,51.37000000000003,118.53999999999998,351.96999999999997
2021-09-23,3.14,21.75,18.25,26.52,84.85,"NASA POWER Daily Agroclimatology API (Point 25.5788 N, 91.8933 E)",3.14,13.16999999999997,47.34000000000003,116.51999999999998,342.35999999999996
2021-09-24,0.66,22.52,17.94,27.69,83.42,"NASA POWER Daily Agroclimatology API (Point 25.5788 N, 91.8933 E)",0.66,5.73999999999997,38.870000000000026,102.34999999999997,308.66
2021-09-25,3.91,22.19,18.19,26.47,88.48,"NASA POWER Daily Agroclimatology API (Point 25.5788 N, 91.8933 E)",3.91,7.709999999999971,26.21000000000003,82.40999999999997,252.92
2021-09-26,0.87,22.62,19.67,26.92,83.97,"NASA POWER Daily Agroclimatology API (Point 25.5788 N, 91.8933 E)",0.87,5.439999999999969,23.700000000000028,82.83999999999997,234.41
2021-09-27,3.81,21.77,18.44,25.84,86.48,"NASA POWER Daily Agroclimatology API (Point 25.5788 N, 91.8933 E)",3.81,8.589999999999971,22.42000000000003,81.50999999999998,231.89000000000001
2021-09-28,0.4,21.39,17.93,25.51,89.93,"NASA POWER Daily Agroclimatology API (Point 25.5788 N, 91.8933 E)",0.4,5.079999999999971,14.730000000000029,68.77999999999997,222.61
2021-09-29,10.42,20.72,19.01,23.12,91.92,"NASA POWER Daily Agroclimatology API (Point 25.5788 N, 91.8933 E)",10.42,14.62999999999997,23.21000000000003,74.57999999999997,219.66
2021-09-30,1.35,20.99,18.31,25.23,91.58,"NASA POWER Daily Agroclimatology API (Point 25.5788 N, 91.8933 E)",1.35,12.16999999999997,21.42000000000003,68.75999999999998,211.76999999999998
2021-10-01,0.54,21.63,17.89,26.95,86.44,"NASA POWER Daily Agroclimatology API (Point 25.5788 N, 91.8933 E)",0.54,12.30999999999997,21.30000000000003,60.16999999999997,211.34
2021-10-02,2.79,21.27,18.03,25.61,84.25,"NASA POWER Daily Agroclimatology API (Point 25.5788 N, 91.8933 E)",2.79,4.6799999999999695,20.180000000000028,46.38999999999997,207.61
2021-10-03,29.29,21.38,19.18,24.48,93.79,"NASA POWER Daily Agroclimatology API (Point 25.5788 N, 91.8933 E)",29.29,32.61999999999997,48.60000000000002,72.29999999999997,235.25
2021-10-04,25.77,20.64,18.73,22.37,95.14,"NASA POWER Daily Agroclimatology API (Point 25.5788 N, 91.8933 E)",25.77,57.849999999999966,70.56000000000003,92.97999999999996,255.44
2021-10-05,27.11,20.18,18.28,22.99,91.88,"NASA POWER Daily Agroclimatology API (Point 25.5788 N, 91.8933 E)",27.11,82.16999999999997,97.27000000000004,111.99999999999997,279.06
2021-10-06,0.13,20.66,16.77,25.32,86.77,"NASA POWER Daily Agroclimatology API (Point 25.5788 N, 91.8933 E)",0.13,53.00999999999997,86.98000000000003,110.18999999999998,247.22000000000003
2021-10-07,1.27,21.27,17.35,26.23,88.41,"NASA POWER Daily Agroclimatology API (Point 25.5788 N, 91.8933 E)",1.27,28.50999999999997,86.90000000000002,108.31999999999998,234.24
2021-10-08,1.51,21.93,18.53,27.65,87.6,"NASA POWER Daily Agroclimatology API (Point 25.5788 N, 91.8933 E)",1.51,2.9099999999999717,87.87000000000003,109.16999999999996,231.51
2021-10-09,7.85,21.79,18.55,26.21,88.06,"NASA POWER Daily Agroclimatology API (Point 25.5788 N, 91.8933 E)",7.85,10.62999999999997,92.93000000000002,113.10999999999997,234.20000000000002
2021-10-10,2.98,22.07,19.05,26.61,89.38,"NASA POWER Daily Agroclimatology API (Point 25.5788 N, 91.8933 E)",2.98,12.339999999999971,66.62000000000003,115.21999999999997,222.35
2021-10-11,0.0,22.66,18.3,27.87,84.56,"NASA POWER Daily Agroclimatology API (Point 25.5788 N, 91.8933 E)",0.0,10.829999999999972,40.85000000000003,111.40999999999998,198.5
2021-10-12,0.0,23.28,18.25,27.87,81.3,"NASA POWER Daily Agroclimatology API (Point 25.5788 N, 91.8933 E)",0.0,2.9799999999999716,13.740000000000029,111.00999999999998,198.06
2021-10-13,1.21,23.05,18.66,27.55,84.43,"NASA POWER Daily Agroclimatology API (Point 25.5788 N, 91.8933 E)",1.21,1.2099999999999715,14.820000000000027,101.79999999999997,194.13
2021-10-14,1.31,23.01,19.62,26.92,84.81,"NASA POWER Daily Agroclimatology API (Point 25.5788 N, 91.8933 E)",1.31,2.5199999999999716,14.860000000000028,101.75999999999998,182.31
2021-10-15,0.62,22.77,19.82,27.01,82.49,"NASA POWER Daily Agroclimatology API (Point 25.5788 N, 91.8933 E)",0.62,3.1399999999999717,13.970000000000027,101.83999999999997,178.31
2021-10-16,1.35,21.35,18.28,25.82,86.18,"NASA POWER Daily Agroclimatology API (Point 25.5788 N, 91.8933 E)",1.35,3.279999999999972,7.470000000000029,100.39999999999998,172.49
2021-10-17,0.04,20.73,18.24,24.0,88.04,"NASA POWER Daily Agroclimatology API (Point 25.5788 N, 91.8933 E)",0.04,2.009999999999972,4.530000000000028,71.14999999999998,163.4
2021-10-18,4.83,19.91,17.93,22.91,89.92,"NASA POWER Daily Agroclimatology API (Point 25.5788 N, 91.8933 E)",4.83,6.219999999999972,9.360000000000028,50.20999999999997,151.66
2021-10-19,24.61,19.74,18.04,21.93,95.17,"NASA POWER Daily Agroclimatology API (Point 25.5788 N, 91.8933 E)",24.61,29.479999999999972,33.97000000000003,47.709999999999965,172.89
2021-10-20,38.96,20.02,18.73,21.73,95.51,"NASA POWER Daily Agroclimatology API (Point 25.5788 N, 91.8933 E)",38.96,68.39999999999998,71.72000000000003,86.53999999999996,206.76
2021-10-21,9.89,19.21,14.56,22.26,93.93,"NASA POWER Daily Agroclimatology API (Point 25.5788 N, 91.8933 E)",9.89,73.45999999999998,80.30000000000003,95.15999999999997,208.56
2021-10-22,3.25,15.88,11.92,21.79,86.85,"NASA POWER Daily Agroclimatology API (Point 25.5788 N, 91.8933 E)",3.25,52.09999999999997,82.93000000000004,96.89999999999998,209.87
2021-10-23,0.0,17.05,10.82,22.69,82.86,"NASA POWER Daily Agroclimatology API (Point 25.5788 N, 91.8933 E)",0.0,13.139999999999965,81.58000000000003,89.04999999999998,206.73
2021-10-24,0.0,18.36,13.67,24.26,84.4,"NASA POWER Daily Agroclimatology API (Point 25.5788 N, 91.8933 E)",0.0,3.2499999999999645,81.54000000000003,86.06999999999996,206.07
2021-10-25,0.0,18.02,14.81,23.02,87.79,"NASA POWER Daily Agroclimatology API (Point 25.5788 N, 91.8933 E)",0.0,0.0,76.71000000000004,86.06999999999996,202.16
2021-10-26,0.0,18.11,15.05,23.48,86.18,"NASA POWER Daily Agroclimatology API (Point 25.5788 N, 91.8933 E)",0.0,0.0,52.10000000000003,86.06999999999996,201.29
2021-10-27,0.0,17.3,13.27,23.58,84.14,"NASA POWER Daily Agroclimatology API (Point 25.5788 N, 91.8933 E)",0.0,0.0,13.140000000000029,84.85999999999999,197.48
2021-10-28,0.0,17.35,12.14,23.86,84.19,"NASA POWER Daily Agroclimatology API (Point 25.5788 N, 91.8933 E)",0.0,0.0,3.2500000000000284,83.54999999999998,197.07999999999998
2021-10-29,0.0,18.27,14.54,24.14,86.0,"NASA POWER Daily Agroclimatology API (Point 25.5788 N, 91.8933 E)",0.0,0.0,0.0,82.92999999999998,186.66
2021-10-30,0.0,17.54,14.14,22.93,88.07,"NASA POWER Daily Agroclimatology API (Point 25.5788 N, 91.8933 E)",0.0,0.0,0.0,81.57999999999998,185.31
2021-10-31,0.0,15.84,12.14,21.63,81.75,"NASA POWER Daily Agroclimatology API (Point 25.5788 N, 91.8933 E)",0.0,0.0,0.0,81.53999999999996,184.76999999999998
2021-11-01,0.0,14.35,10.61,20.2,72.21,"NASA POWER Daily Agroclimatology API (Point 25.5788 N, 91.8933 E)",0.0,0.0,0.0,76.70999999999998,181.98
2021-11-02,0.0,14.65,8.8,22.0,65.41,"NASA POWER Daily Agroclimatology API (Point 25.5788 N, 91.8933 E)",0.0,0.0,0.0,52.09999999999997,152.69
2021-11-03,0.0,14.74,9.72,21.55,68.66,"NASA POWER Daily Agroclimatology API (Point 25.5788 N, 91.8933 E)",0.0,0.0,0.0,13.139999999999972,126.91999999999999
2021-11-04,0.0,15.24,11.87,20.95,88.32,"NASA POWER Daily Agroclimatology API (Point 25.5788 N, 91.8933 E)",0.0,0.0,0.0,3.2499999999999716,99.81
2021-11-05,0.0,15.15,9.37,21.99,71.73,"NASA POWER Daily Agroclimatology API (Point 25.5788 N, 91.8933 E)",0.0,0.0,0.0,0.0,99.68
2021-11-06,0.0,14.84,9.5,21.8,70.97,"NASA POWER Daily Agroclimatology API (Point 25.5788 N, 91.8933 E)",0.0,0.0,0.0,0.0,98.41
2021-11-07,0.0,14.52,8.38,21.39,78.1,"NASA POWER Daily Agroclimatology API (Point 25.5788 N, 91.8933 E)",0.0,0.0,0.0,0.0,96.9
2021-11-08,0.0,15.92,10.69,21.9,69.33,"NASA POWER Daily Agroclimatology API (Point 25.5788 N, 91.8933 E)",0.0,0.0,0.0,0.0,89.05000000000001
2021-11-09,0.0,15.86,10.32,21.49,82.67,"NASA POWER Daily Agroclimatology API (Point 25.5788 N, 91.8933 E)",0.0,0.0,0.0,0.0,86.07
2021-11-10,0.0,15.55,11.07,21.63,88.38,"NASA POWER Daily Agroclimatology API (Point 25.5788 N, 91.8933 E)",0.0,0.0,0.0,0.0,86.07
2021-11-11,0.0,15.5,11.13,21.16,83.95,"NASA POWER Daily Agroclimatology API (Point 25.5788 N, 91.8933 E)",0.0,0.0,0.0,0.0,86.07
2021-11-12,0.0,15.68,11.47,21.61,86.81,"NASA POWER Daily Agroclimatology API (Point 25.5788 N, 91.8933 E)",0.0,0.0,0.0,0.0,84.85999999999999
2021-11-13,0.01,13.76,9.6,20.11,83.13,"NASA POWER Daily Agroclimatology API (Point 25.5788 N, 91.8933 E)",0.01,0.009999999999964473,0.010000000000028422,0.009999999999971578,83.56
2021-11-14,0.03,14.46,8.74,20.77,84.88,"NASA POWER Daily Agroclimatology API (Point 25.5788 N, 91.8933 E)",0.03,0.039999999999964474,0.04000000000002842,0.03999999999997158,82.97
2021-11-15,0.03,16.52,12.73,22.03,89.36,"NASA POWER Daily Agroclimatology API (Point 25.5788 N, 91.8933 E)",0.03,0.06999999999996448,0.07000000000002843,0.06999999999997158,81.65
2021-11-16,0.01,16.09,12.05,21.34,86.82,"NASA POWER Daily Agroclimatology API (Point 25.5788 N, 91.8933 E)",0.01,0.06999999999996447,0.08000000000002842,0.07999999999997158,81.62
2021-11-17,0.0,13.89,8.67,20.87,81.48,"NASA POWER Daily Agroclimatology API (Point 25.5788 N, 91.8933 E)",0.0,0.039999999999964474,0.08000000000002842,0.07999999999997158,76.79
2021-11-18,0.0,13.47,8.41,20.64,78.55,"NASA POWER Daily Agroclimatology API (Point 25.5788 N, 91.8933 E)",0.0,0.009999999999964473,0.08000000000002842,0.07999999999997158,52.18
2021-11-19,0.0,14.2,10.24,20.18,83.16,"NASA POWER Daily Agroclimatology API (Point 25.5788 N, 91.8933 E)",0.0,0.0,0.08000000000002842,0.07999999999997158,13.22
2021-11-20,0.0,14.62,10.62,20.28,87.07,"NASA POWER Daily Agroclimatology API (Point 25.5788 N, 91.8933 E)",0.0,0.0,0.07000000000002843,0.07999999999997158,3.33
2021-11-21,0.0,15.0,11.02,20.72,89.27,"NASA POWER Daily Agroclimatology API (Point 25.5788 N, 91.8933 E)",0.0,0.0,0.04000000000002842,0.07999999999997158,0.08
2021-11-22,0.0,14.52,11.31,18.96,91.74,"NASA POWER Daily Agroclimatology API (Point 25.5788 N, 91.8933 E)",0.0,0.0,0.010000000000028422,0.07999999999997158,0.08
2021-11-23,0.01,13.91,9.89,18.57,87.65,"NASA POWER Daily Agroclimatology API (Point 25.5788 N, 91.8933 E)",0.01,0.009999999999964473,0.010000000000028422,0.08999999999997157,0.09
2021-11-24,0.0,12.83,7.63,19.19,79.79,"NASA POWER Daily Agroclimatology API (Point 25.5788 N, 91.8933 E)",0.0,0.009999999999964473,0.010000000000028422,0.08999999999997157,0.09
2021-11-25,0.0,12.71,8.12,19.88,72.57,"NASA POWER Daily Agroclimatology API (Point 25.5788 N, 91.8933 E)",0.0,0.009999999999964473,0.010000000000028422,0.08999999999997157,0.09
2021-11-26,0.0,13.14,7.91,21.91,68.98,"NASA POWER Daily Agroclimatology API (Point 25.5788 N, 91.8933 E)",0.0,0.0,0.010000000000028422,0.08999999999997157,0.09
2021-11-27,0.0,12.89,6.92,19.3,64.82,"NASA POWER Daily Agroclimatology API (Point 25.5788 N, 91.8933 E)",0.0,0.0,0.010000000000028422,0.07999999999997158,0.09
2021-11-28,0.0,13.36,8.4,19.65,74.47,"NASA POWER Daily Agroclimatology API (Point 25.5788 N, 91.8933 E)",0.0,0.0,0.010000000000028422,0.04999999999997158,0.09
2021-11-29,0.0,12.86,7.64,19.19,74.33,"NASA POWER Daily Agroclimatology API (Point 25.5788 N, 91.8933 E)",0.0,0.0,0.010000000000028422,0.01999999999997158,0.09
2021-11-30,0.0,12.56,6.37,20.11,82.92,"NASA POWER Daily Agroclimatology API (Point 25.5788 N, 91.8933 E)",0.0,0.0,0.0,0.009999999999971578,0.09
2021-12-01,0.0,14.49,8.66,20.73,79.39,"NASA POWER Daily Agroclimatology API (Point 25.5788 N, 91.8933 E)",0.0,0.0,0.0,0.009999999999971578,0.09
2021-12-02,0.0,15.05,11.3,20.8,77.84,"NASA POWER Daily Agroclimatology API (Point 25.5788 N, 91.8933 E)",0.0,0.0,0.0,0.009999999999971578,0.09
2021-12-03,0.04,15.16,11.13,20.71,85.79,"NASA POWER Daily Agroclimatology API (Point 25.5788 N, 91.8933 E)",0.04,0.039999999999964474,0.04000000000002842,0.04999999999997158,0.13
2021-12-04,0.02,15.57,12.19,20.56,89.13,"NASA POWER Daily Agroclimatology API (Point 25.5788 N, 91.8933 E)",0.02,0.05999999999996447,0.06000000000002842,0.06999999999997158,0.15
2021-12-05,0.17,15.65,11.85,21.51,87.87,"NASA POWER Daily Agroclimatology API (Point 25.5788 N, 91.8933 E)",0.17,0.22999999999996448,0.23000000000002843,0.2399999999999716,0.32
2021-12-06,5.28,14.59,12.98,17.37,94.11,"NASA POWER Daily Agroclimatology API (Point 25.5788 N, 91.8933 E)",5.28,5.469999999999965,5.510000000000029,5.519999999999972,5.6000000000000005
2021-12-07,3.68,15.6,12.84,20.14,94.15,"NASA POWER Daily Agroclimatology API (Point 25.5788 N, 91.8933 E)",3.68,9.129999999999965,9.19000000000003,9.189999999999973,9.280000000000001
2021-12-08,0.05,15.37,11.03,20.71,87.79,"NASA POWER Daily Agroclimatology API (Point 25.5788 N, 91.8933 E)",0.05,9.009999999999966,9.240000000000029,9.239999999999972,9.33
2021-12-09,0.0,14.82,11.3,20.97,85.62,"NASA POWER Daily Agroclimatology API (Point 25.5788 N, 91.8933 E)",0.0,3.7299999999999645,9.240000000000029,9.239999999999972,9.33
2021-12-10,0.0,13.35,9.52,19.25,82.03,"NASA POWER Daily Agroclimatology API (Point 25.5788 N, 91.8933 E)",0.0,0.049999999999964476,9.20000000000003,9.239999999999972,9.33
2021-12-11,0.0,12.35,6.8,18.44,74.94,"NASA POWER Daily Agroclimatology API (Point 25.5788 N, 91.8933 E)",0.0,0.0,9.180000000000028,9.239999999999972,9.33
2021-12-12,0.0,10.65,5.87,18.0,80.25,"NASA POWER Daily Agroclimatology API (Point 25.5788 N, 91.8933 E)",0.0,0.0,9.010000000000028,9.239999999999972,9.33
2021-12-13,0.0,12.14,6.02,18.7,70.85,"NASA POWER Daily Agroclimatology API (Point 25.5788 N, 91.8933 E)",0.0,0.0,3.7300000000000284,9.239999999999972,9.32
2021-12-14,0.0,12.24,8.3,18.98,81.54,"NASA POWER Daily Agroclimatology API (Point 25.5788 N, 91.8933 E)",0.0,0.0,0.050000000000028424,9.239999999999972,9.290000000000001
2021-12-15,0.0,11.09,7.26,17.4,86.23,"NASA POWER Daily Agroclimatology API (Point 25.5788 N, 91.8933 E)",0.0,0.0,0.0,9.239999999999972,9.26
2021-12-16,0.0,11.59,6.77,17.95,77.8,"NASA POWER Daily Agroclimatology API (Point 25.5788 N, 91.8933 E)",0.0,0.0,0.0,9.239999999999972,9.25
2021-12-17,0.0,12.5,8.15,19.02,65.92,"NASA POWER Daily Agroclimatology API (Point 25.5788 N, 91.8933 E)",0.0,0.0,0.0,9.19999999999997,9.25
2021-12-18,0.0,12.42,8.71,18.99,66.74,"NASA POWER Daily Agroclimatology API (Point 25.5788 N, 91.8933 E)",0.0,0.0,0.0,9.179999999999971,9.25
2021-12-19,0.0,11.44,7.61,17.31,68.75,"NASA POWER Daily Agroclimatology API (Point 25.5788 N, 91.8933 E)",0.0,0.0,0.0,9.009999999999971,9.25
2021-12-20,0.0,10.69,6.06,16.93,79.85,"NASA POWER Daily Agroclimatology API (Point 25.5788 N, 91.8933 E)",0.0,0.0,0.0,3.7299999999999716,9.25
2021-12-21,0.0,11.39,5.5,17.36,82.24,"NASA POWER Daily Agroclimatology API (Point 25.5788 N, 91.8933 E)",0.0,0.0,0.0,0.04999999999997158,9.25
2021-12-22,4.22,11.79,7.94,16.04,79.05,"NASA POWER Daily Agroclimatology API (Point 25.5788 N, 91.8933 E)",4.22,4.219999999999964,4.220000000000028,4.219999999999971,13.47
2021-12-23,1.17,11.0,6.27,16.83,78.08,"NASA POWER Daily Agroclimatology API (Point 25.5788 N, 91.8933 E)",1.17,5.389999999999964,5.390000000000028,5.389999999999971,14.63
2021-12-24,0.0,11.09,7.44,16.62,74.43,"NASA POWER Daily Agroclimatology API (Point 25.5788 N, 91.8933 E)",0.0,5.389999999999964,5.390000000000028,5.389999999999971,14.63
2021-12-25,0.02,10.93,7.19,16.49,71.31,"NASA POWER Daily Agroclimatology API (Point 25.5788 N, 91.8933 E)",0.02,1.1899999999999644,5.410000000000028,5.409999999999971,14.65
2021-12-26,0.0,10.51,6.89,16.41,76.38,"NASA POWER Daily Agroclimatology API (Point 25.5788 N, 91.8933 E)",0.0,0.019999999999964473,5.410000000000028,5.409999999999971,14.65
2021-12-27,0.0,10.06,6.19,16.76,78.85,"NASA POWER Daily Agroclimatology API (Point 25.5788 N, 91.8933 E)",0.0,0.019999999999964473,5.410000000000028,5.409999999999971,14.65
2021-12-28,0.0,11.34,6.62,17.18,70.46,"NASA POWER Daily Agroclimatology API (Point 25.5788 N, 91.8933 E)",0.0,0.0,5.410000000000028,5.409999999999971,14.65
2021-12-29,0.08,11.23,5.72,16.69,77.67,"NASA POWER Daily Agroclimatology API (Point 25.5788 N, 91.8933 E)",0.08,0.07999999999996447,1.2700000000000284,5.489999999999971,14.73
2021-12-30,0.21,12.3,7.76,18.63,72.92,"NASA POWER Daily Agroclimatology API (Point 25.5788 N, 91.8933 E)",0.21,0.28999999999996445,0.3100000000000284,5.699999999999971,14.940000000000001
2021-12-31,0.0,11.27,6.58,18.3,80.39,"NASA POWER Daily Agroclimatology API (Point 25.5788 N, 91.8933 E)",0.0,0.2899999999999645,0.3100000000000284,5.699999999999971,14.940000000000001
2022-01-01,0.0,10.74,7.25,15.75,85.38,"NASA POWER Daily Agroclimatology API (Point 25.5788 N, 91.8933 E)",0.0,0.20999999999996447,0.2900000000000284,5.699999999999971,14.940000000000001
2022-01-02,0.0,11.04,5.88,17.86,82.43,"NASA POWER Daily Agroclimatology API (Point 25.5788 N, 91.8933 E)",0.0,0.0,0.2900000000000284,5.699999999999971,14.9
2022-01-03,0.0,10.77,5.59,17.46,80.38,"NASA POWER Daily Agroclimatology API (Point 25.5788 N, 91.8933 E)",0.0,0.0,0.2900000000000284,5.699999999999971,14.88
2022-01-04,0.0,10.65,5.04,18.06,78.04,"NASA POWER Daily Agroclimatology API (Point 25.5788 N, 91.8933 E)",0.0,0.0,0.2900000000000284,5.699999999999971,14.71
2022-01-05,0.0,11.15,5.57,18.2,78.57,"NASA POWER Daily Agroclimatology API (Point 25.5788 N, 91.8933 E)",0.0,0.0,0.21000000000002841,1.4799999999999716,9.43
2022-01-06,0.0,11.01,6.37,18.16,80.67,"NASA POWER Daily Agroclimatology API (Point 25.5788 N, 91.8933 E)",0.0,0.0,0.0,0.3099999999999716,5.749999999999999
2022-01-07,0.0,12.34,6.77,19.46,81.8,"NASA POWER Daily Agroclimatology API (Point 25.5788 N, 91.8933 E)",0.0,0.0,0.0,0.3099999999999716,5.699999999999999
2022-01-08,0.0,12.71,7.99,20.14,85.26,"NASA POWER Daily Agroclimatology API (Point 25.5788 N, 91.8933 E)",0.0,0.0,0.0,0.28999999999997156,5.699999999999999
2022-01-09,0.0,12.26,7.7,19.66,85.41,"NASA POWER Daily Agroclimatology API (Point 25.5788 N, 91.8933 E)",0.0,0.0,0.0,0.28999999999997156,5.699999999999999
2022-01-10,0.0,12.39,7.61,19.89,86.79,"NASA POWER Daily Agroclimatology API (Point 25.5788 N, 91.8933 E)",0.0,0.0,0.0,0.28999999999997156,5.699999999999999
2022-01-11,0.02,13.53,7.13,20.26,78.69,"NASA POWER Daily Agroclimatology API (Point 25.5788 N, 91.8933 E)",0.02,0.0199999999999645,0.020000000000028422,0.3099999999999716,5.72
2022-01-12,8.59,12.52,9.62,17.11,88.29,"NASA POWER Daily Agroclimatology API (Point 25.5788 N, 91.8933 E)",8.59,8.609999999999964,8.610000000000028,8.819999999999972,14.309999999999999
2022-01-13,5.25,10.29,5.71,16.45,88.52,"NASA POWER Daily Agroclimatology API (Point 25.5788 N, 91.8933 E)",5.25,13.859999999999964,13.860000000000028,13.859999999999971,19.56
2022-01-14,2.55,9.01,2.33,15.23,75.35,"NASA POWER Daily Agroclimatology API (Point 25.5788 N, 91.8933 E)",2.55,16.389999999999965,16.41000000000003,16.40999999999997,22.11
2022-01-15,0.01,10.13,5.12,18.14,76.71,"NASA POWER Daily Agroclimatology API (Point 25.5788 N, 91.8933 E)",0.01,7.809999999999964,16.420000000000027,16.41999999999997,22.119999999999997
2022-01-16,0.0,9.97,3.75,17.05,82.19,"NASA POWER Daily Agroclimatology API (Point 25.5788 N, 91.8933 E)",0.0,2.559999999999964,16.420000000000027,16.41999999999997,22.119999999999997
2022-01-17,0.0,10.48,4.2,18.06,79.93,"NASA POWER Daily Agroclimatology API (Point 25.5788 N, 91.8933 E)",0.0,0.009999999999964473,16.420000000000027,16.41999999999997,22.119999999999997
2022-01-18,0.0,11.45,6.24,17.51,74.37,"NASA POWER Daily Agroclimatology API (Point 25.5788 N, 91.8933 E)",0.0,0.0,16.400000000000027,16.41999999999997,22.119999999999997
2022-01-19,0.18,10.48,7.07,16.02,84.16,"NASA POWER Daily Agroclimatology API (Point 25.5788 N, 91.8933 E)",0.18,0.17999999999996447,7.990000000000029,16.59999999999997,22.299999999999997
2022-01-20,0.51,10.53,7.19,14.41,80.31,"NASA POWER Daily Agroclimatology API (Point 25.5788 N, 91.8933 E)",0.51,0.6899999999999644,3.2500000000000284,17.10999999999997,22.81
2022-01-21,0.67,9.73,5.75,13.8,85.53,"NASA POWER Daily Agroclimatology API (Point 25.5788 N, 91.8933 E)",0.67,1.3599999999999643,1.3700000000000285,17.77999999999997,19.259999999999998
2022-01-22,0.18,8.79,4.42,14.61,80.24,"NASA POWER Daily Agroclimatology API (Point 25.5788 N, 91.8933 E)",0.18,1.3599999999999646,1.5400000000000285,17.959999999999972,18.27
2022-01-23,0.34,10.12,5.12,16.11,81.13,"NASA POWER Daily Agroclimatology API (Point 25.5788 N, 91.8933 E)",0.34,1.1899999999999644,1.8800000000000283,18.299999999999972,18.61
2022-01-24,0.05,10.58,6.77,15.11,87.21,"NASA POWER Daily Agroclimatology API (Point 25.5788 N, 91.8933 E)",0.05,0.5699999999999645,1.9300000000000284,18.34999999999997,18.639999999999997
2022-01-25,0.39,10.21,7.04,16.27,86.21,"NASA POWER Daily Agroclimatology API (Point 25.5788 N, 91.8933 E)",0.39,0.7799999999999645,2.3200000000000283,18.71999999999997,19.029999999999998
2022-01-26,3.83,9.83,6.7,14.64,88.73,"NASA POWER Daily Agroclimatology API (Point 25.5788 N, 91.8933 E)",3.83,4.269999999999965,5.970000000000028,13.959999999999972,22.86
2022-01-27,1.2,9.0,4.48,14.34,84.41,"NASA POWER Daily Agroclimatology API (Point 25.5788 N, 91.8933 E)",1.2,5.419999999999964,6.660000000000029,9.909999999999972,24.06
2022-01-28,0.23,6.38,1.27,12.8,78.55,"NASA POWER Daily Agroclimatology API (Point 25.5788 N, 91.8933 E)",0.23,5.259999999999964,6.220000000000028,7.589999999999971,24.21
2022-01-29,0.0,7.88,1.53,16.15,74.94,"NASA POWER Daily Agroclimatology API (Point 25.5788 N, 91.8933 E)",0.0,1.4299999999999644,6.0400000000000285,7.579999999999972,24.0
2022-01-30,0.0,8.38,4.04,14.75,77.5,"NASA POWER Daily Agroclimatology API (Point 25.5788 N, 91.8933 E)",0.0,0.22999999999996448,5.700000000000028,7.579999999999972,24.0
2022-01-31,0.0,8.58,4.08,15.96,78.82,"NASA POWER Daily Agroclimatology API (Point 25.5788 N, 91.8933 E)",0.0,0.0,5.650000000000028,7.579999999999972,24.0
2022-02-01,3.9,6.46,2.6,9.88,93.87,"NASA POWER Daily Agroclimatology API (Point 25.5788 N, 91.8933 E)",3.9,3.8999999999999644,9.160000000000029,11.479999999999972,27.9
2022-02-02,0.76,9.76,3.54,16.65,80.14,"NASA POWER Daily Agroclimatology API (Point 25.5788 N, 91.8933 E)",0.76,4.659999999999965,6.090000000000028,12.059999999999972,28.66
2022-02-03,0.4,10.19,4.4,16.3,81.04,"NASA POWER Daily Agroclimatology API (Point 25.5788 N, 91.8933 E)",0.4,5.059999999999964,5.2900000000000285,11.949999999999973,29.06
2022-02-04,20.18,10.97,7.52,15.86,83.52,"NASA POWER Daily Agroclimatology API (Point 25.5788 N, 91.8933 E)",20.18,21.339999999999964,25.24000000000003,31.459999999999972,49.239999999999995
2022-02-05,8.33,7.31,2.43,11.51,92.45,"NASA POWER Daily Agroclimatology API (Point 25.5788 N, 91.8933 E)",8.33,28.90999999999996,33.57000000000003,39.60999999999997,57.57
2022-02-06,1.46,7.61,1.14,15.97,79.96,"NASA POWER Daily Agroclimatology API (Point 25.5788 N, 91.8933 E)",1.46,29.969999999999963,35.03000000000003,40.72999999999997,59.03
2022-02-07,0.0,8.35,3.28,15.97,81.11,"NASA POWER Daily Agroclimatology API (Point 25.5788 N, 91.8933 E)",0.0,9.789999999999964,35.03000000000003,40.67999999999997,59.03
2022-02-08,0.0,8.63,3.88,16.04,77.07,"NASA POWER Daily Agroclimatology API (Point 25.5788 N, 91.8933 E)",0.0,1.4599999999999644,31.13000000000003,40.28999999999997,59.03
2022-02-09,0.03,8.97,3.85,16.28,78.34,"NASA POWER Daily Agroclimatology API (Point 25.5788 N, 91.8933 E)",0.03,0.029999999999964472,30.40000000000003,36.489999999999974,59.059999999999995
2022-02-10,1.04,9.52,3.83,16.56,86.43,"NASA POWER Daily Agroclimatology API (Point 25.5788 N, 91.8933 E)",1.04,1.0699999999999645,31.04000000000003,36.32999999999997,60.08
2022-02-11,0.12,10.07,4.79,15.97,84.76,"NASA POWER Daily Agroclimatology API (Point 25.5788 N, 91.8933 E)",0.12,1.1899999999999644,10.980000000000032,36.21999999999997,51.61
2022-02-12,0.1,8.28,3.04,15.91,77.35,"NASA POWER Daily Agroclimatology API (Point 25.5788 N, 91.8933 E)",0.1,1.2599999999999645,2.750000000000032,36.31999999999997,46.46
2022-02-13,0.0,10.42,3.11,18.73,60.16,"NASA POWER Daily Agroclimatology API (Point 25.5788 N, 91.8933 E)",0.0,0.21999999999996447,1.290000000000032,36.31999999999997,43.910000000000004
2022-02-14,0.0,12.24,7.39,19.09,54.33,"NASA POWER Daily Agroclimatology API (Point 25.5788 N, 91.8933 E)",0.0,0.09999999999996448,1.290000000000032,36.31999999999997,43.9
2022-02-15,0.0,11.9,6.77,18.95,57.48,"NASA POWER Daily Agroclimatology API (Point 25.5788 N, 91.8933 E)",0.0,0.0,1.290000000000032,32.41999999999997,43.9
2022-02-16,0.0,10.55,5.47,18.19,73.75,"NASA POWER Daily Agroclimatology API (Point 25.5788 N, 91.8933 E)",0.0,0.0,1.260000000000032,31.65999999999997,43.9
2022-02-17,0.0,9.82,3.86,17.88,69.58,"NASA POWER Daily Agroclimatology API (Point 25.5788 N, 91.8933 E)",0.0,0.0,0.22000000000003198,31.259999999999973,43.9
2022-02-18,0.0,10.61,4.69,18.45,66.84,"NASA POWER Daily Agroclimatology API (Point 25.5788 N, 91.8933 E)",0.0,0.0,0.10000000000003198,11.079999999999972,43.72
2022-02-19,0.0,9.85,5.07,17.22,66.16,"NASA POWER Daily Agroclimatology API (Point 25.5788 N, 91.8933 E)",0.0,0.0,0.0,2.7499999999999716,43.21
2022-02-20,2.06,9.36,4.29,16.17,76.74,"NASA POWER Daily Agroclimatology API (Point 25.5788 N, 91.8933 E)",2.06,2.0599999999999645,2.060000000000032,3.3499999999999717,44.599999999999994
2022-02-21,4.08,8.88,5.31,14.32,82.19,"NASA POWER Daily Agroclimatology API (Point 25.5788 N, 91.8933 E)",4.08,6.139999999999965,6.1400000000000325,7.429999999999971,48.5
2022-02-22,1.65,10.95,4.9,18.2,72.65,"NASA POWER Daily Agroclimatology API (Point 25.5788 N, 91.8933 E)",1.65,7.789999999999965,7.790000000000033,9.079999999999972,49.81
2022-02-23,0.01,12.57,7.64,18.37,70.39,"NASA POWER Daily Agroclimatology API (Point 25.5788 N, 91.8933 E)",0.01,5.739999999999965,7.800000000000033,9.059999999999972,49.769999999999996
2022-02-24,0.78,12.88,8.09,19.23,78.8,"NASA POWER Daily Agroclimatology API (Point 25.5788 N, 91.8933 E)",0.78,2.4399999999999644,8.580000000000032,8.79999999999997,50.16
2022-02-25,9.5,12.1,8.79,15.83,89.34,"NASA POWER Daily Agroclimatology API (Point 25.5788 N, 91.8933 E)",9.5,10.289999999999964,18.080000000000034,18.17999999999997,55.83
2022-02-26,0.53,13.01,8.21,19.38,82.39,"NASA POWER Daily Agroclimatology API (Point 25.5788 N, 91.8933 E)",0.53,10.809999999999963,18.61000000000003,18.60999999999997,55.160000000000004
2022-02-27,0.0,12.62,7.61,19.68,78.45,"NASA POWER Daily Agroclimatology API (Point 25.5788 N, 91.8933 E)",0.0,10.029999999999962,16.550000000000033,18.60999999999997,54.93
2022-02-28,0.05,13.4,8.81,18.33,82.24,"NASA POWER Daily Agroclimatology API (Point 25.5788 N, 91.8933 E)",0.05,0.5799999999999628,12.520000000000032,18.659999999999968,54.98
2022-03-01,0.0,13.66,7.54,21.22,65.91,"NASA POWER Daily Agroclimatology API (Point 25.5788 N, 91.8933 E)",0.0,0.0499999999999627,10.870000000000031,18.659999999999968,54.98
2022-03-02,0.0,14.11,9.42,21.19,63.16,"NASA POWER Daily Agroclimatology API (Point 25.5788 N, 91.8933 E)",0.0,0.0499999999999627,10.860000000000031,18.659999999999968,54.98
2022-03-03,0.0,13.52,7.74,21.24,63.32,"NASA POWER Daily Agroclimatology API (Point 25.5788 N, 91.8933 E)",0.0,0.0,10.080000000000032,18.659999999999968,51.08
2022-03-04,0.0,13.15,8.14,20.54,64.44,"NASA POWER Daily Agroclimatology API (Point 25.5788 N, 91.8933 E)",0.0,0.0,0.580000000000032,18.659999999999968,50.32
2022-03-05,0.0,13.6,7.8,20.96,64.0,"NASA POWER Daily Agroclimatology API (Point 25.5788 N, 91.8933 E)",0.0,0.0,0.05000000000003198,18.659999999999968,49.919999999999995
2022-03-06,0.0,14.45,8.31,23.11,66.19,"NASA POWER Daily Agroclimatology API (Point 25.5788 N, 91.8933 E)",0.0,0.0,0.05000000000003198,16.59999999999997,29.74
2022-03-07,0.0,17.22,11.24,24.6,47.68,"NASA POWER Daily Agroclimatology API (Point 25.5788 N, 91.8933 E)",0.0,0.0,0.0,12.519999999999971,21.409999999999997
2022-03-08,0.0,18.96,14.53,24.85,46.42,"NASA POWER Daily Agroclimatology API (Point 25.5788 N, 91.8933 E)",0.0,0.0,0.0,10.86999999999997,19.95
2022-03-09,0.0,17.57,12.94,24.22,56.63,"NASA POWER Daily Agroclimatology API (Point 25.5788 N, 91.8933 E)",0.0,0.0,0.0,10.859999999999971,19.95
2022-03-10,0.0,16.87,11.16,24.99,55.1,"NASA POWER Daily Agroclimatology API (Point 25.5788 N, 91.8933 E)",0.0,0.0,0.0,10.079999999999972,19.95
2022-03-11,0.0,17.0,11.26,24.33,51.69,"NASA POWER Daily Agroclimatology API (Point 25.5788 N, 91.8933 E)",0.0,0.0,0.0,0.5799999999999716,19.919999999999998
2022-03-12,0.0,16.89,10.39,24.23,56.42,"NASA POWER Daily Agroclimatology API (Point 25.5788 N, 91.8933 E)",0.0,0.0,0.0,0.04999999999997158,18.88
2022-03-13,0.0,17.31,11.69,24.62,60.92,"NASA POWER Daily Agroclimatology API (Point 25.5788 N, 91.8933 E)",0.0,0.0,0.0,0.04999999999997158,18.759999999999998
2022-03-14,0.0,19.6,13.22,25.46,50.52,"NASA POWER Daily Agroclimatology API (Point 25.5788 N, 91.8933 E)",0.0,0.0,0.0,0.0,18.659999999999997
2022-03-15,0.0,19.85,14.89,25.8,51.19,"NASA POWER Daily Agroclimatology API (Point 25.5788 N, 91.8933 E)",0.0,0.0,0.0,0.0,18.659999999999997
2022-03-16,0.0,18.35,13.83,24.72,55.71,"NASA POWER Daily Agroclimatology API (Point 25.5788 N, 91.8933 E)",0.0,0.0,0.0,0.0,18.659999999999997
2022-03-17,0.0,18.05,12.7,24.86,59.73,"NASA POWER Daily Agroclimatology API (Point 25.5788 N, 91.8933 E)",0.0,0.0,0.0,0.0,18.659999999999997
2022-03-18,0.0,19.18,13.94,26.18,63.98,"NASA POWER Daily Agroclimatology API (Point 25.5788 N, 91.8933 E)",0.0,0.0,0.0,0.0,18.659999999999997
2022-03-19,0.0,19.1,13.78,26.12,70.53,"NASA POWER Daily Agroclimatology API (Point 25.5788 N, 91.8933 E)",0.0,0.0,0.0,0.0,18.659999999999997
2022-03-20,0.0,17.74,12.56,24.83,70.6,"NASA POWER Daily Agroclimatology API (Point 25.5788 N, 91.8933 E)",0.0,0.0,0.0,0.0,18.659999999999997
2022-03-21,0.0,17.95,11.49,25.56,68.52,"NASA POWER Daily Agroclimatology API (Point 25.5788 N, 91.8933 E)",0.0,0.0,0.0,0.0,18.659999999999997
2022-03-22,1.04,18.93,13.27,25.07,66.74,"NASA POWER Daily Agroclimatology API (Point 25.5788 N, 91.8933 E)",1.04,1.0399999999999627,1.040000000000032,1.0399999999999716,17.64
2022-03-23,0.35,19.42,14.97,26.14,68.54,"NASA POWER Daily Agroclimatology API (Point 25.5788 N, 91.8933 E)",0.35,1.3899999999999628,1.390000000000032,1.3899999999999717,13.91
2022-03-24,0.68,18.51,14.76,23.85,74.23,"NASA POWER Daily Agroclimatology API (Point 25.5788 N, 91.8933 E)",0.68,2.069999999999963,2.0700000000000323,2.069999999999972,12.94
2022-03-25,21.27,18.52,15.93,22.07,88.19,"NASA POWER Daily Agroclimatology API (Point 25.5788 N, 91.8933 E)",21.27,22.29999999999996,23.340000000000032,23.33999999999997,34.2
2022-03-26,40.56,18.85,15.99,22.32,90.42,"NASA POWER Daily Agroclimatology API (Point 25.5788 N, 91.8933 E)",40.56,62.50999999999996,63.900000000000034,63.89999999999998,73.98
2022-03-27,14.79,18.32,14.38,23.51,80.54,"NASA POWER Daily Agroclimatology API (Point 25.5788 N, 91.8933 E)",14.79,76.61999999999996,78.69000000000003,78.68999999999997,79.27000000000001
2022-03-28,1.38,18.14,14.68,23.37,73.01,"NASA POWER Daily Agroclimatology API (Point 25.5788 N, 91.8933 E)",1.38,56.72999999999997,80.07000000000004,80.06999999999998,80.12
2022-03-29,4.06,17.56,13.57,22.69,82.99,"NASA POWER Daily Agroclimatology API (Point 25.5788 N, 91.8933 E)",4.06,20.22999999999996,83.09000000000003,84.12999999999998,84.18
2022-03-30,5.95,18.35,14.7,23.16,84.08,"NASA POWER Daily Agroclimatology API (Point 25.5788 N, 91.8933 E)",5.95,11.389999999999965,88.69000000000003,90.07999999999997,90.08
2022-03-31,30.64,18.57,14.17,23.37,89.56,"NASA POWER Daily Agroclimatology API (Point 25.5788 N, 91.8933 E)",30.64,40.64999999999996,118.65000000000003,120.71999999999997,120.72
2022-04-01,77.68,19.19,16.7,22.25,92.1,"NASA POWER Daily Agroclimatology API (Point 25.5788 N, 91.8933 E)",77.68,114.26999999999997,175.06000000000003,198.39999999999998,198.4
2022-04-02,26.97,19.56,16.01,24.36,89.33,"NASA POWER Daily Agroclimatology API (Point 25.5788 N, 91.8933 E)",26.97,135.28999999999996,161.47000000000003,225.36999999999998,225.37
2022-04-03,19.84,19.17,16.19,22.67,88.71,"NASA POWER Daily Agroclimatology API (Point 25.5788 N, 91.8933 E)",19.84,124.48999999999997,166.52000000000004,245.20999999999998,245.21
2022-04-04,75.42,18.83,16.79,21.74,92.35,"NASA POWER Daily Agroclimatology API (Point 25.5788 N, 91.8933 E)",75.42,122.22999999999996,240.56000000000006,320.63,320.63
2022-04-05,54.5,18.78,15.54,22.79,90.03,"NASA POWER Daily Agroclimatology API (Point 25.5788 N, 91.8933 E)",54.5,149.75999999999996,291.00000000000006,374.09,375.13
2022-04-06,13.21,18.98,14.85,23.73,87.93,"NASA POWER Daily Agroclimatology API (Point 25.5788 N, 91.8933 E)",13.21,143.12999999999997,298.26000000000005,386.95,388.34000000000003
2022-04-07,0.3,19.02,14.09,24.34,79.48,"NASA POWER Daily Agroclimatology API (Point 25.5788 N, 91.8933 E)",0.3,68.00999999999996,267.92,386.57,388.64
2022-04-08,4.35,18.98,14.56,23.61,78.55,"NASA POWER Daily Agroclimatology API (Point 25.5788 N, 91.8933 E)",4.35,17.859999999999957,194.59000000000003,369.65000000000003,392.99
2022-04-09,10.49,18.64,14.15,23.26,78.24,"NASA POWER Daily Agroclimatology API (Point 25.5788 N, 91.8933 E)",10.49,15.139999999999958,178.11000000000004,339.58,403.48
2022-04-10,3.9,18.86,14.94,23.52,76.92,"NASA POWER Daily Agroclimatology API (Point 25.5788 N, 91.8933 E)",3.9,18.739999999999956,162.17000000000004,328.69,407.38
2022-04-11,20.09,18.88,15.45,23.1,88.44,"NASA POWER Daily Agroclimatology API (Point 25.5788 N, 91.8933 E)",20.09,34.47999999999996,106.84000000000003,347.4,427.47
2022-04-12,11.51,19.5,14.86,23.76,86.91,"NASA POWER Daily Agroclimatology API (Point 25.5788 N, 91.8933 E)",11.51,35.49999999999996,63.85000000000003,354.84999999999997,438.98
2022-04-13,36.76,19.07,14.58,23.63,90.41,"NASA POWER Daily Agroclimatology API (Point 25.5788 N, 91.8933 E)",36.76,68.35999999999996,87.40000000000003,385.65999999999997,475.74
2022-04-14,35.58,19.5,17.37,22.39,94.23,"NASA POWER Daily Agroclimatology API (Point 25.5788 N, 91.8933 E)",35.58,83.84999999999995,122.68000000000004,390.59999999999997,511.32
2022-04-15,14.54,19.72,16.58,23.69,90.25,"NASA POWER Daily Agroclimatology API (Point 25.5788 N, 91.8933 E)",14.54,86.87999999999997,132.87,327.4599999999999,525.86
2022-04-16,38.81,19.8,17.94,22.27,92.65,"NASA POWER Daily Agroclimatology API (Point 25.5788 N, 91.8933 E)",38.81,88.92999999999995,161.19000000000003,339.29999999999995,564.67
2022-04-17,24.56,19.82,17.33,23.28,89.09,"NASA POWER Daily Agroclimatology API (Point 25.5788 N, 91.8933 E)",24.56,77.90999999999995,181.85000000000002,344.02,589.23
2022-04-18,15.55,19.71,15.62,24.51,87.38,"NASA POWER Daily Agroclimatology API (Point 25.5788 N, 91.8933 E)",15.55,78.91999999999996,177.31,284.15,604.78
2022-04-19,15.84,19.82,15.75,24.0,85.84,"NASA POWER Daily Agroclimatology API (Point 25.5788 N, 91.8933 E)",15.84,55.94999999999996,181.64000000000001,245.48999999999998,620.62
2022-04-20,12.51,19.59,15.9,24.49,85.11,"NASA POWER Daily Agroclimatology API (Point 25.5788 N, 91.8933 E)",12.51,43.899999999999956,157.39000000000004,244.78999999999996,633.13
2022-04-21,6.41,18.36,14.95,23.02,87.14,"NASA POWER Daily Agroclimatology API (Point 25.5788 N, 91.8933 E)",6.41,34.759999999999955,128.22000000000003,250.89999999999998,638.5
2022-04-22,6.85,18.82,14.09,22.95,89.69,"NASA POWER Daily Agroclimatology API (Point 25.5788 N, 91.8933 E)",6.85,25.769999999999957,120.53000000000003,253.39999999999998,645.0
2022-04-23,2.03,19.01,15.63,23.11,90.11,"NASA POWER Daily Agroclimatology API (Point 25.5788 N, 91.8933 E)",2.03,15.289999999999957,83.75000000000003,244.93999999999997,646.3499999999999
2022-04-24,3.68,19.71,16.72,23.83,89.17,"NASA POWER Daily Agroclimatology API (Point 25.5788 N, 91.8933 E)",3.68,12.559999999999956,62.870000000000026,244.71999999999994,628.76
2022-04-25,4.03,20.02,16.14,24.1,85.52,"NASA POWER Daily Agroclimatology API (Point 25.5788 N, 91.8933 E)",4.03,9.739999999999958,51.35000000000003,228.65999999999997,592.23
2022-04-26,5.11,20.03,16.05,24.53,87.68,"NASA POWER Daily Agroclimatology API (Point 25.5788 N, 91.8933 E)",5.11,12.819999999999958,40.62000000000003,222.25999999999996,582.55
2022-04-27,8.47,20.3,15.83,24.19,84.73,"NASA POWER Daily Agroclimatology API (Point 25.5788 N, 91.8933 E)",8.47,17.60999999999996,36.58000000000003,193.96999999999997,589.64
2022-04-28,1.21,21.11,16.86,26.12,75.54,"NASA POWER Daily Agroclimatology API (Point 25.5788 N, 91.8933 E)",1.21,14.78999999999996,31.38000000000003,159.6,586.79
2022-04-29,9.84,20.83,15.49,25.88,76.51,"NASA POWER Daily Agroclimatology API (Point 25.5788 N, 91.8933 E)",9.84,19.51999999999996,34.37000000000003,154.89999999999998,590.68
2022-04-30,20.11,20.48,16.39,24.38,81.36,"NASA POWER Daily Agroclimatology API (Point 25.5788 N, 91.8933 E)",20.11,31.159999999999958,52.45000000000003,136.19999999999996,580.15
2022-05-01,3.65,20.13,16.57,24.23,80.78,"NASA POWER Daily Agroclimatology API (Point 25.5788 N, 91.8933 E)",3.65,33.59999999999996,52.42000000000003,115.28999999999998,506.12
2022-05-02,22.15,19.7,16.54,23.6,84.68,"NASA POWER Daily Agroclimatology API (Point 25.5788 N, 91.8933 E)",22.15,45.909999999999954,70.54000000000002,121.88999999999997,501.3
2022-05-03,6.96,19.38,16.74,22.61,84.13,"NASA POWER Daily Agroclimatology API (Point 25.5788 N, 91.8933 E)",6.96,32.759999999999955,72.39000000000003,113.00999999999998,488.42
2022-05-04,3.28,19.04,16.09,23.27,87.13,"NASA POWER Daily Agroclimatology API (Point 25.5788 N, 91.8933 E)",3.28,32.38999999999996,67.20000000000003,103.77999999999997,416.28000000000003
2022-05-05,4.23,20.03,15.76,24.78,82.9,"NASA POWER Daily Agroclimatology API (Point 25.5788 N, 91.8933 E)",4.23,14.469999999999958,70.22000000000003,101.59999999999997,366.01
2022-05-06,1.38,21.06,17.16,25.82,80.13,"NASA POWER Daily Agroclimatology API (Point 25.5788 N, 91.8933 E)",1.38,8.889999999999958,61.760000000000026,96.12999999999998,354.17999999999995
2022-05-07,0.49,21.6,17.39,25.79,76.21,"NASA POWER Daily Agroclimatology API (Point 25.5788 N, 91.8933 E)",0.49,6.099999999999959,42.14000000000002,94.58999999999997,354.37
2022-05-08,0.04,21.35,17.04,26.03,76.06,"NASA POWER Daily Agroclimatology API (Point 25.5788 N, 91.8933 E)",0.04,1.9099999999999582,38.53000000000002,90.94999999999997,350.06
2022-05-09,9.75,20.09,16.82,23.92,80.32,"NASA POWER Daily Agroclimatology API (Point 25.5788 N, 91.8933 E)",9.75,10.279999999999959,26.13000000000003,96.66999999999997,349.32
2022-05-10,24.28,19.59,16.41,22.76,91.09,"NASA POWER Daily Agroclimatology API (Point 25.5788 N, 91.8933 E)",24.28,34.06999999999996,43.45000000000003,115.83999999999997,369.7
2022-05-11,47.07,20.84,18.44,23.31,93.83,"NASA POWER Daily Agroclimatology API (Point 25.5788 N, 91.8933 E)",47.07,81.09999999999997,87.24000000000004,154.43999999999997,396.67999999999995
2022-05-12,80.79,21.7,19.9,24.45,92.93,"NASA POWER Daily Agroclimatology API (Point 25.5788 N, 91.8933 E)",80.79,152.13999999999996,163.8,234.01999999999998,465.96
2022-05-13,104.17,22.04,20.34,24.35,93.49,"NASA POWER Daily Agroclimatology API (Point 25.5788 N, 91.8933 E)",104.17,232.02999999999997,266.59000000000003,328.34999999999997,533.37
2022-05-14,78.87,22.1,20.49,24.35,93.2,"NASA POWER Daily Agroclimatology API (Point 25.5788 N, 91.8933 E)",78.87,263.83,344.97,387.10999999999996,576.6600000000001
2022-05-15,45.2,22.28,20.93,24.46,92.94,"NASA POWER Daily Agroclimatology API (Point 25.5788 N, 91.8933 E)",45.2,228.23999999999995,390.13000000000005,428.65999999999997,607.32
2022-05-16,57.08,21.6,20.13,23.96,93.12,"NASA POWER Daily Agroclimatology API (Point 25.5788 N, 91.8933 E)",57.08,181.14999999999995,437.46000000000004,463.59000000000003,625.59
2022-05-17,121.42,20.5,19.39,22.03,95.52,"NASA POWER Daily Agroclimatology API (Point 25.5788 N, 91.8933 E)",121.42,223.69999999999993,534.6,578.05,722.45
2022-05-18,52.16,20.49,18.77,22.02,95.69,"NASA POWER Daily Agroclimatology API (Point 25.5788 N, 91.8933 E)",52.16,230.65999999999997,539.69,626.93,759.06
2022-05-19,62.71,21.03,18.66,23.62,94.32,"NASA POWER Daily Agroclimatology API (Point 25.5788 N, 91.8933 E)",62.71,236.28999999999994,521.61,685.41,805.93
2022-05-20,37.8,20.8,18.74,23.32,92.58,"NASA POWER Daily Agroclimatology API (Point 25.5788 N, 91.8933 E)",37.8,152.66999999999993,455.24,721.8299999999999,831.2199999999999
2022-05-21,9.8,20.63,18.08,23.94,91.88,"NASA POWER Daily Agroclimatology API (Point 25.5788 N, 91.8933 E)",9.8,110.30999999999995,386.17,731.14,834.61
2022-05-22,16.11,20.67,17.71,24.96,87.79,"NASA POWER Daily Agroclimatology API (Point 25.5788 N, 91.8933 E)",16.11,63.70999999999994,357.08,747.21,843.87
2022-05-23,15.81,20.65,17.1,25.07,86.31,"NASA POWER Daily Agroclimatology API (Point 25.5788 N, 91.8933 E)",15.81,41.71999999999994,315.81,753.27,857.65
2022-05-24,0.16,22.02,17.45,26.66,80.97,"NASA POWER Daily Agroclimatology API (Point 25.5788 N, 91.8933 E)",0.16,32.07999999999994,194.55,729.15,854.13
2022-05-25,7.39,20.93,19.33,22.86,91.68,"NASA POWER Daily Agroclimatology API (Point 25.5788 N, 91.8933 E)",7.39,23.359999999999943,149.78,689.47,857.49
2022-05-26,4.45,20.56,17.98,23.82,90.96,"NASA POWER Daily Agroclimatology API (Point 25.5788 N, 91.8933 E)",4.45,11.999999999999943,91.52000000000001,613.13,856.83
2022-05-27,0.77,20.4,15.9,24.09,88.17,"NASA POWER Daily Agroclimatology API (Point 25.5788 N, 91.8933 E)",0.77,12.609999999999943,54.490000000000016,509.72999999999996,849.13
2022-05-28,11.74,20.91,18.23,24.97,86.97,"NASA POWER Daily Agroclimatology API (Point 25.5788 N, 91.8933 E)",11.74,16.959999999999944,56.43000000000001,442.6,859.66
2022-05-29,6.27,21.26,17.03,25.96,84.14,"NASA POWER Daily Agroclimatology API (Point 25.5788 N, 91.8933 E)",6.27,18.779999999999944,46.59000000000001,403.66999999999996,856.0899999999999
2022-05-30,2.39,21.56,18.63,25.04,86.59,"NASA POWER Daily Agroclimatology API (Point 25.5788 N, 91.8933 E)",2.39,20.39999999999994,33.170000000000016,348.97999999999996,838.37
2022-05-31,6.56,21.59,18.49,25.51,85.15,"NASA POWER Daily Agroclimatology API (Point 25.5788 N, 91.8933 E)",6.56,15.21999999999994,39.57000000000001,234.11999999999995,841.28
2022-06-01,12.43,21.98,18.74,25.49,88.9,"NASA POWER Daily Agroclimatology API (Point 25.5788 N, 91.8933 E)",12.43,21.37999999999994,44.610000000000014,194.39,831.56
2022-06-02,38.94,21.12,19.13,23.57,94.26,"NASA POWER Daily Agroclimatology API (Point 25.5788 N, 91.8933 E)",38.94,57.929999999999936,79.10000000000002,170.61999999999998,863.54
2022-06-03,55.79,21.23,19.22,23.57,94.56,"NASA POWER Daily Agroclimatology API (Point 25.5788 N, 91.8933 E)",55.79,107.15999999999994,134.12,188.60999999999996,916.05
2022-06-04,49.4,20.84,19.12,23.72,91.68,"NASA POWER Daily Agroclimatology API (Point 25.5788 N, 91.8933 E)",49.4,144.12999999999994,171.78,228.20999999999998,961.22
2022-06-05,61.48,20.52,18.35,23.59,91.52,"NASA POWER Daily Agroclimatology API (Point 25.5788 N, 91.8933 E)",61.48,166.66999999999993,226.99,273.58,1021.3199999999999
2022-06-06,32.15,21.58,18.64,24.74,91.58,"NASA POWER Daily Agroclimatology API (Point 25.5788 N, 91.8933 E)",32.15,143.02999999999994,256.75,289.91999999999996,1052.98
2022-06-07,40.6,21.93,19.61,24.69,92.98,"NASA POWER Daily Agroclimatology API (Point 25.5788 N, 91.8933 E)",40.6,134.22999999999993,290.79,330.36,1093.54
2022-06-08,27.63,21.98,20.21,24.48,92.79,"NASA POWER Daily Agroclimatology API (Point 25.5788 N, 91.8933 E)",27.63,100.37999999999995,305.99,350.59999999999997,1111.42
2022-06-09,16.94,21.47,19.98,24.08,93.07,"NASA POWER Daily Agroclimatology API (Point 25.5788 N, 91.8933 E)",16.94,85.16999999999994,283.99,363.09,1104.08
2022-06-10,30.77,20.12,17.71,21.83,94.7,"NASA POWER Daily Agroclimatology API (Point 25.5788 N, 91.8933 E)",30.77,75.33999999999995,258.97,393.09,1087.7800000000002
2022-06-11,47.19,20.7,17.56,23.85,91.98,"NASA POWER Daily Agroclimatology API (Point 25.5788 N, 91.8933 E)",47.19,94.89999999999995,256.76000000000005,428.53999999999996,1054.18
2022-06-12,112.15,21.87,19.57,24.63,93.41,"NASA POWER Daily Agroclimatology API (Point 25.5788 N, 91.8933 E)",112.15,190.10999999999996,307.43,534.42,1062.1599999999999
2022-06-13,61.2,22.08,19.98,24.58,92.97,"NASA POWER Daily Agroclimatology API (Point 25.5788 N, 91.8933 E)",61.2,220.53999999999996,336.48,593.23,1044.49
2022-06-14,71.82,22.08,20.43,24.51,93.01,"NASA POWER Daily Agroclimatology API (Point 25.5788 N, 91.8933 E)",71.82,245.16999999999996,367.70000000000005,658.4899999999999,1071.11
2022-06-15,75.81,20.55,19.34,22.23,95.5,"NASA POWER Daily Agroclimatology API (Point 25.5788 N, 91.8933 E)",75.81,208.82999999999993,415.88,721.87,1089.84
2022-06-16,104.13,20.4,18.56,22.63,95.98,"NASA POWER Daily Agroclimatology API (Point 25.5788 N, 91.8933 E)",104.13,251.75999999999993,503.07000000000005,787.06,1072.55
2022-06-17,73.99,19.85,18.19,21.57,97.16,"NASA POWER Daily Agroclimatology API (Point 25.5788 N, 91.8933 E)",73.99,253.92999999999995,546.2900000000001,805.26,1094.38
2022-06-18,93.85,20.49,19.14,21.89,97.17,"NASA POWER Daily Agroclimatology API (Point 25.5788 N, 91.8933 E)",93.85,271.9699999999999,592.95,849.71,1125.52
2022-06-19,61.88,20.98,19.17,23.89,94.76,"NASA POWER Daily Agroclimatology API (Point 25.5788 N, 91.8933 E)",61.88,229.71999999999994,542.68,850.11,1149.6000000000001
2022-06-20,50.82,21.56,19.36,24.47,94.0,"NASA POWER Daily Agroclimatology API (Point 25.5788 N, 91.8933 E)",50.82,206.54999999999995,532.3,868.78,1190.6200000000001
2022-06-21,11.92,21.65,19.33,24.68,92.2,"NASA POWER Daily Agroclimatology API (Point 25.5788 N, 91.8933 E)",11.92,124.61999999999995,472.40000000000003,840.0999999999999,1186.4299999999998
2022-06-22,10.09,22.34,19.03,26.22,88.67,"NASA POWER Daily Agroclimatology API (Point 25.5788 N, 91.8933 E)",10.09,72.82999999999994,406.68,822.56,1180.71
2022-06-23,10.94,21.5,19.37,24.0,92.7,"NASA POWER Daily Agroclimatology API (Point 25.5788 N, 91.8933 E)",10.94,32.949999999999946,313.49,816.56,1191.49
2022-06-24,9.89,21.14,19.59,23.17,94.11,"NASA POWER Daily Agroclimatology API (Point 25.5788 N, 91.8933 E)",9.89,30.91999999999994,249.39000000000001,795.68,1193.99
2022-06-25,10.72,22.08,18.48,26.01,90.73,"NASA POWER Daily Agroclimatology API (Point 25.5788 N, 91.8933 E)",10.72,31.54999999999994,166.26000000000002,759.21,1200.26
2022-06-26,14.18,21.77,19.41,24.81,93.18,"NASA POWER Daily Agroclimatology API (Point 25.5788 N, 91.8933 E)",14.18,34.78999999999994,118.56000000000002,661.2399999999999,1213.67
2022-06-27,31.66,22.22,19.76,25.02,92.57,"NASA POWER Daily Agroclimatology API (Point 25.5788 N, 91.8933 E)",31.66,56.559999999999945,99.40000000000003,631.6999999999999,1233.59
2022-06-28,37.58,21.05,20.43,21.94,95.97,"NASA POWER Daily Agroclimatology API (Point 25.5788 N, 91.8933 E)",37.58,83.41999999999994,125.06000000000003,597.4599999999999,1264.9
2022-06-29,31.46,20.88,18.12,22.95,94.05,"NASA POWER Daily Agroclimatology API (Point 25.5788 N, 91.8933 E)",31.46,100.69999999999993,146.43,553.11,1293.97
2022-06-30,38.58,21.37,17.74,24.64,93.11,"NASA POWER Daily Agroclimatology API (Point 25.5788 N, 91.8933 E)",38.58,107.61999999999995,174.07000000000002,487.55999999999995,1325.99
2022-07-01,9.62,22.3,19.56,26.0,91.63,"NASA POWER Daily Agroclimatology API (Point 25.5788 N, 91.8933 E)",9.62,79.65999999999994,173.80000000000004,423.18999999999994,1323.1799999999998
2022-07-02,7.65,21.84,19.98,24.81,92.36,"NASA POWER Daily Agroclimatology API (Point 25.5788 N, 91.8933 E)",7.65,55.84999999999994,170.73000000000005,336.98999999999995,1291.8899999999999
2022-07-03,3.12,23.01,19.48,27.39,88.8,"NASA POWER Daily Agroclimatology API (Point 25.5788 N, 91.8933 E)",3.12,20.389999999999944,159.67000000000002,278.22999999999996,1239.2199999999998
2022-07-04,2.84,23.12,20.68,27.84,91.13,"NASA POWER Daily Agroclimatology API (Point 25.5788 N, 91.8933 E)",2.84,13.609999999999943,130.85000000000002,230.24999999999994,1192.66
2022-07-05,13.27,22.96,20.67,26.18,91.53,"NASA POWER Daily Agroclimatology API (Point 25.5788 N, 91.8933 E)",13.27,19.22999999999994,106.54000000000002,231.59999999999997,1144.45
2022-07-06,12.47,22.96,20.42,26.78,90.85,"NASA POWER Daily Agroclimatology API (Point 25.5788 N, 91.8933 E)",12.47,28.57999999999994,87.55000000000003,233.97999999999996,1124.77
2022-07-07,0.74,22.66,19.22,26.52,90.33,"NASA POWER Daily Agroclimatology API (Point 25.5788 N, 91.8933 E)",0.74,26.47999999999994,49.71000000000003,223.77999999999997,1084.91
2022-07-08,3.94,22.18,19.96,25.2,91.9,"NASA POWER Daily Agroclimatology API (Point 25.5788 N, 91.8933 E)",3.94,17.14999999999994,44.03000000000003,217.82999999999998,1061.2199999999998
2022-07-09,4.04,23.19,19.44,27.82,86.42,"NASA POWER Daily Agroclimatology API (Point 25.5788 N, 91.8933 E)",4.04,8.719999999999942,40.42000000000002,211.14999999999998,1048.3200000000002
2022-07-10,17.82,22.76,19.43,26.67,89.65,"NASA POWER Daily Agroclimatology API (Point 25.5788 N, 91.8933 E)",17.82,25.79999999999994,55.12000000000003,214.78999999999996,1035.37
2022-07-11,8.24,22.53,19.89,25.94,90.93,"NASA POWER Daily Agroclimatology API (Point 25.5788 N, 91.8933 E)",8.24,30.099999999999945,60.52000000000003,191.36999999999998,996.42
2022-07-12,5.0,23.08,19.22,27.76,87.53,"NASA POWER Daily Agroclimatology API (Point 25.5788 N, 91.8933 E)",5.0,31.05999999999994,52.25000000000003,158.78999999999996,889.27
2022-07-13,2.98,23.93,20.31,27.97,86.44,"NASA POWER Daily Agroclimatology API (Point 25.5788 N, 91.8933 E)",2.98,16.21999999999994,42.76000000000003,130.30999999999997,831.0500000000001
2022-07-14,1.24,23.98,20.29,27.84,84.51,"NASA POWER Daily Agroclimatology API (Point 25.5788 N, 91.8933 E)",1.24,9.21999999999994,43.260000000000026,92.96999999999997,760.47
2022-07-15,2.71,23.8,20.72,27.07,84.91,"NASA POWER Daily Agroclimatology API (Point 25.5788 N, 91.8933 E)",2.71,6.929999999999939,42.03000000000003,86.05999999999997,687.37
2022-07-16,11.94,24.22,19.83,28.58,84.97,"NASA POWER Daily Agroclimatology API (Point 25.5788 N, 91.8933 E)",11.94,15.889999999999938,49.930000000000035,90.34999999999998,595.1800000000001
2022-07-17,30.67,22.84,20.98,25.85,92.06,"NASA POWER Daily Agroclimatology API (Point 25.5788 N, 91.8933 E)",30.67,45.319999999999936,62.78000000000003,117.89999999999998,551.86
2022-07-18,16.7,22.23,19.95,25.28,91.51,"NASA POWER Daily Agroclimatology API (Point 25.5788 N, 91.8933 E)",16.7,59.30999999999994,71.24000000000004,131.75999999999996,474.71
2022-07-19,24.7,22.24,20.4,25.02,92.55,"NASA POWER Daily Agroclimatology API (Point 25.5788 N, 91.8933 E)",24.7,72.06999999999994,90.94000000000003,143.18999999999997,437.53000000000003
2022-07-20,34.31,22.56,20.4,25.89,92.41,"NASA POWER Daily Agroclimatology API (Point 25.5788 N, 91.8933 E)",34.31,75.70999999999994,122.27000000000002,165.02999999999997,421.02
2022-07-21,8.17,22.27,20.38,25.31,91.41,"NASA POWER Daily Agroclimatology API (Point 25.5788 N, 91.8933 E)",8.17,67.17999999999994,129.20000000000002,172.45999999999995,417.27
2022-07-22,4.75,22.11,20.2,23.91,93.11,"NASA POWER Daily Agroclimatology API (Point 25.5788 N, 91.8933 E)",4.75,47.22999999999994,131.24,173.26999999999995,411.93
2022-07-23,29.16,22.06,20.23,24.34,95.64,"NASA POWER Daily Agroclimatology API (Point 25.5788 N, 91.8933 E)",29.16,42.079999999999934,148.46000000000004,198.39,430.15000000000003
2022-07-24,26.32,21.35,19.93,23.2,95.5,"NASA POWER Daily Agroclimatology API (Point 25.5788 N, 91.8933 E)",26.32,60.22999999999993,144.11,206.89,446.58
2022-07-25,24.72,20.66,18.09,23.15,91.34,"NASA POWER Daily Agroclimatology API (Point 25.5788 N, 91.8933 E)",24.72,80.19999999999993,152.13000000000002,223.36999999999998,460.58
2022-07-26,31.66,21.67,18.35,25.76,89.28,"NASA POWER Daily Agroclimatology API (Point 25.5788 N, 91.8933 E)",31.66,82.69999999999993,159.09000000000003,250.02999999999997,478.06
2022-07-27,7.78,22.09,18.99,26.34,89.86,"NASA POWER Daily Agroclimatology API (Point 25.5788 N, 91.8933 E)",7.78,64.15999999999994,132.56000000000003,254.82999999999998,454.17999999999995
2022-07-28,12.74,22.42,19.15,26.77,89.95,"NASA POWER Daily Agroclimatology API (Point 25.5788 N, 91.8933 E)",12.74,52.179999999999936,137.13000000000002,266.33,429.34
2022-07-29,18.97,22.4,19.3,26.35,90.48,"NASA POWER Daily Agroclimatology API (Point 25.5788 N, 91.8933 E)",18.97,39.48999999999994,151.35000000000002,282.59,416.85
2022-07-30,29.31,22.15,19.53,25.7,93.61,"NASA POWER Daily Agroclimatology API (Point 25.5788 N, 91.8933 E)",29.31,61.01999999999993,151.50000000000003,299.96,407.58
2022-07-31,27.47,21.35,19.98,22.96,96.38,"NASA POWER Daily Agroclimatology API (Point 25.5788 N, 91.8933 E)",27.47,75.74999999999993,152.65000000000003,296.76,425.43
2022-08-01,16.45,22.29,19.96,25.13,91.88,"NASA POWER Daily Agroclimatology API (Point 25.5788 N, 91.8933 E)",16.45,73.22999999999993,144.38000000000002,296.51,434.22999999999996
2022-08-02,20.64,22.52,19.36,26.32,90.53,"NASA POWER Daily Agroclimatology API (Point 25.5788 N, 91.8933 E)",20.64,64.55999999999993,133.36,292.44999999999993,451.75
2022-08-03,7.52,22.88,20.71,26.25,90.47,"NASA POWER Daily Agroclimatology API (Point 25.5788 N, 91.8933 E)",7.52,44.609999999999935,133.10000000000002,265.65999999999997,456.43
2022-08-04,25.49,22.36,20.48,25.17,92.93,"NASA POWER Daily Agroclimatology API (Point 25.5788 N, 91.8933 E)",25.49,53.649999999999935,145.85000000000002,282.97999999999996,468.65
2022-08-05,26.77,22.5,20.05,25.1,90.88,"NASA POWER Daily Agroclimatology API (Point 25.5788 N, 91.8933 E)",26.77,59.77999999999993,153.65000000000003,305.0,482.95
2022-08-06,7.58,23.09,20.08,27.14,88.77,"NASA POWER Daily Agroclimatology API (Point 25.5788 N, 91.8933 E)",7.58,59.83999999999994,131.92000000000002,283.41999999999996,489.78999999999996
2022-08-07,16.21,24.05,20.75,27.88,85.11,"NASA POWER Daily Agroclimatology API (Point 25.5788 N, 91.8933 E)",16.21,50.55999999999994,120.66000000000003,273.30999999999995,502.06
2022-08-08,8.44,23.54,20.36,27.37,88.5,"NASA POWER Daily Agroclimatology API (Point 25.5788 N, 91.8933 E)",8.44,32.22999999999994,112.65000000000003,257.03,506.46
2022-08-09,12.75,22.73,20.09,25.73,89.63,"NASA POWER Daily Agroclimatology API (Point 25.5788 N, 91.8933 E)",12.75,37.39999999999994,104.76000000000002,238.11999999999998,501.39
2022-08-10,1.77,21.82,19.39,25.06,90.58,"NASA POWER Daily Agroclimatology API (Point 25.5788 N, 91.8933 E)",1.77,22.95999999999994,99.01000000000002,232.10999999999996,494.91999999999996
2022-08-11,0.13,22.57,18.71,26.73,87.79,"NASA POWER Daily Agroclimatology API (Point 25.5788 N, 91.8933 E)",0.13,14.64999999999994,73.65000000000003,219.49999999999994,490.04999999999995
2022-08-12,2.46,22.12,19.1,24.72,87.77,"NASA POWER Daily Agroclimatology API (Point 25.5788 N, 91.8933 E)",2.46,4.359999999999939,49.34000000000003,202.98999999999998,489.53000000000003
2022-08-13,7.95,22.58,19.64,26.89,87.99,"NASA POWER Daily Agroclimatology API (Point 25.5788 N, 91.8933 E)",7.95,10.53999999999994,49.71000000000003,181.63,496.24
2022-08-14,18.11,22.09,19.09,26.19,89.25,"NASA POWER Daily Agroclimatology API (Point 25.5788 N, 91.8933 E)",18.11,28.51999999999994,51.61000000000003,172.26999999999998,511.64
2022-08-15,6.11,21.61,18.03,25.58,88.5,"NASA POWER Daily Agroclimatology API (Point 25.5788 N, 91.8933 E)",6.11,32.16999999999994,49.28000000000003,161.92999999999998,505.81
2022-08-16,6.01,22.61,19.35,26.6,89.08,"NASA POWER Daily Agroclimatology API (Point 25.5788 N, 91.8933 E)",6.01,30.22999999999994,42.54000000000003,147.29999999999998,481.15
2022-08-17,1.64,23.53,20.2,27.66,88.51,"NASA POWER Daily Agroclimatology API (Point 25.5788 N, 91.8933 E)",1.64,13.75999999999994,42.410000000000025,141.41999999999996,466.09000000000003
2022-08-18,2.43,23.83,20.84,27.95,88.94,"NASA POWER Daily Agroclimatology API (Point 25.5788 N, 91.8933 E)",2.43,10.07999999999994,44.71000000000003,118.35999999999997,443.82
2022-08-19,3.6,22.56,20.21,26.1,89.52,"NASA POWER Daily Agroclimatology API (Point 25.5788 N, 91.8933 E)",3.6,7.6699999999999395,45.85000000000003,95.18999999999998,413.10999999999996
2022-08-20,2.8,22.76,19.45,26.86,88.92,"NASA POWER Daily Agroclimatology API (Point 25.5788 N, 91.8933 E)",2.8,8.82999999999994,40.70000000000003,90.40999999999998,407.74
2022-08-21,3.62,21.97,19.57,25.76,90.6,"NASA POWER Daily Agroclimatology API (Point 25.5788 N, 91.8933 E)",3.62,10.01999999999994,26.21000000000003,77.81999999999996,406.61
2022-08-22,12.02,23.61,18.88,28.89,84.19,"NASA POWER Daily Agroclimatology API (Point 25.5788 N, 91.8933 E)",12.02,18.43999999999994,32.12000000000003,81.39999999999998,389.46999999999997
2022-08-23,11.49,23.25,20.85,26.87,90.03,"NASA POWER Daily Agroclimatology API (Point 25.5788 N, 91.8933 E)",11.49,27.12999999999994,37.60000000000003,80.13999999999997,374.64
2022-08-24,3.88,22.98,19.88,27.16,89.64,"NASA POWER Daily Agroclimatology API (Point 25.5788 N, 91.8933 E)",3.88,27.389999999999937,39.840000000000025,82.24999999999997,353.8
2022-08-25,1.02,22.63,18.81,27.17,86.7,"NASA POWER Daily Agroclimatology API (Point 25.5788 N, 91.8933 E)",1.02,16.38999999999994,38.43000000000003,83.13999999999997,323.15999999999997
2022-08-26,1.99,22.87,18.48,28.06,82.68,"NASA POWER Daily Agroclimatology API (Point 25.5788 N, 91.8933 E)",1.99,6.889999999999939,36.82000000000003,82.66999999999997,317.37
2022-08-27,22.73,21.73,19.87,24.9,92.57,"NASA POWER Daily Agroclimatology API (Point 25.5788 N, 91.8933 E)",22.73,25.739999999999938,56.75000000000003,97.44999999999997,327.36
2022-08-28,22.68,21.69,19.64,25.24,91.47,"NASA POWER Daily Agroclimatology API (Point 25.5788 N, 91.8933 E)",22.68,47.39999999999994,75.81000000000003,102.01999999999997,331.07
2022-08-29,9.32,21.86,18.96,25.59,91.3,"NASA POWER Daily Agroclimatology API (Point 25.5788 N, 91.8933 E)",9.32,54.72999999999994,73.11000000000003,105.22999999999998,311.08
2022-08-30,14.87,21.58,19.08,24.77,92.52,"NASA POWER Daily Agroclimatology API (Point 25.5788 N, 91.8933 E)",14.87,46.86999999999994,76.49000000000002,114.08999999999996,298.48
2022-08-31,3.09,21.81,17.98,25.86,89.56,"NASA POWER Daily Agroclimatology API (Point 25.5788 N, 91.8933 E)",3.09,27.279999999999937,75.70000000000003,115.53999999999996,285.12
2022-09-01,21.26,20.88,18.6,23.56,92.95,"NASA POWER Daily Agroclimatology API (Point 25.5788 N, 91.8933 E)",21.26,39.21999999999994,95.94000000000003,134.36999999999998,285.74
2022-09-02,22.44,20.98,18.51,23.67,95.04,"NASA POWER Daily Agroclimatology API (Point 25.5788 N, 91.8933 E)",22.44,46.78999999999995,116.39000000000003,153.20999999999998,300.66
2022-09-03,45.32,22.26,20.07,24.64,94.44,"NASA POWER Daily Agroclimatology API (Point 25.5788 N, 91.8933 E)",45.32,89.01999999999994,138.98000000000002,195.72999999999996,320.49
2022-09-04,26.8,22.32,20.57,25.03,93.11,"NASA POWER Daily Agroclimatology API (Point 25.5788 N, 91.8933 E)",26.8,94.55999999999993,143.10000000000002,218.90999999999997,320.52000000000004
2022-09-05,15.92,21.51,19.84,23.73,95.04,"NASA POWER Daily Agroclimatology API (Point 25.5788 N, 91.8933 E)",15.92,88.03999999999994,149.70000000000005,222.81,328.86
2022-09-06,9.78,21.82,19.87,25.05,93.38,"NASA POWER Daily Agroclimatology API (Point 25.5788 N, 91.8933 E)",9.78,52.49999999999994,144.61,221.09999999999997,322.43
2022-09-07,1.53,21.69,19.47,24.19,93.39,"NASA POWER Daily Agroclimatology API (Point 25.5788 N, 91.8933 E)",1.53,27.229999999999944,143.05,218.74999999999997,315.52
2022-09-08,2.68,22.33,19.99,26.1,90.4,"NASA POWER Daily Agroclimatology API (Point 25.5788 N, 91.8933 E)",2.68,13.989999999999942,124.47000000000003,220.40999999999997,305.45
2022-09-09,3.62,20.84,18.94,23.76,91.92,"NASA POWER Daily Agroclimatology API (Point 25.5788 N, 91.8933 E)",3.62,7.829999999999943,105.65000000000002,222.03999999999996,307.3
2022-09-10,13.2,21.59,18.34,25.22,91.19,"NASA POWER Daily Agroclimatology API (Point 25.5788 N, 91.8933 E)",13.2,19.499999999999943,73.53000000000003,212.50999999999996,320.37
2022-09-11,10.23,20.79,18.32,22.79,95.12,"NASA POWER Daily Agroclimatology API (Point 25.5788 N, 91.8933 E)",10.23,27.049999999999944,56.96000000000003,200.05999999999997,328.14
2022-09-12,28.0,20.11,17.67,22.74,95.28,"NASA POWER Daily Agroclimatology API (Point 25.5788 N, 91.8933 E)",28.0,51.42999999999994,69.04000000000002,218.73999999999998,348.19
2022-09-13,38.73,20.96,18.5,25.11,92.87,"NASA POWER Daily Agroclimatology API (Point 25.5788 N, 91.8933 E)",38.73,76.95999999999995,97.99000000000002,242.59999999999997,368.81000000000006
2022-09-14,25.41,21.16,17.91,24.95,92.28,"NASA POWER Daily Agroclimatology API (Point 25.5788 N, 91.8933 E)",25.41,92.13999999999994,121.87000000000002,264.91999999999996,388.11
2022-09-15,32.18,21.53,19.05,24.83,92.98,"NASA POWER Daily Agroclimatology API (Point 25.5788 N, 91.8933 E)",32.18,96.31999999999994,151.37000000000003,275.84,414.28000000000003
2022-09-16,12.22,21.75,18.99,25.24,92.69,"NASA POWER Daily Agroclimatology API (Point 25.5788 N, 91.8933 E)",12.22,69.80999999999995,159.97000000000003,265.62,424.86
2022-09-17,1.14,22.1,18.87,26.05,91.2,"NASA POWER Daily Agroclimatology API (Point 25.5788 N, 91.8933 E)",1.14,45.53999999999994,147.91000000000005,221.44,423.57
2022-09-18,10.25,23.2,20.18,27.27,85.43,"NASA POWER Daily Agroclimatology API (Point 25.5788 N, 91.8933 E)",10.25,23.609999999999935,147.93000000000004,204.89,430.22
2022-09-19,8.94,22.24,19.29,26.11,91.1,"NASA POWER Daily Agroclimatology API (Point 25.5788 N, 91.8933 E)",8.94,20.329999999999934,128.87000000000003,197.90999999999997,436.36
2022-09-20,8.37,21.21,19.23,23.74,93.89,"NASA POWER Daily Agroclimatology API (Point 25.5788 N, 91.8933 E)",8.37,27.559999999999935,98.51000000000003,196.49999999999997,441.11
2022-09-21,7.89,21.23,18.81,24.73,93.09,"NASA POWER Daily Agroclimatology API (Point 25.5788 N, 91.8933 E)",7.89,25.199999999999935,80.99000000000004,202.85999999999999,436.98
2022-09-22,8.14,21.57,18.69,24.85,92.2,"NASA POWER Daily Agroclimatology API (Point 25.5788 N, 91.8933 E)",8.14,24.399999999999935,56.95000000000003,208.31999999999996,433.63
2022-09-23,4.7,21.5,19.53,24.51,92.24,"NASA POWER Daily Agroclimatology API (Point 25.5788 N, 91.8933 E)",4.7,20.729999999999936,49.43000000000003,209.39999999999998,434.45
2022-09-24,12.45,20.68,19.04,23.48,93.57,"NASA POWER Daily Agroclimatology API (Point 25.5788 N, 91.8933 E)",12.45,25.289999999999935,60.74000000000002,208.64999999999998,445.88000000000005
2022-09-25,3.63,20.83,17.66,23.53,86.56,"NASA POWER Daily Agroclimatology API (Point 25.5788 N, 91.8933 E)",3.63,20.779999999999934,54.120000000000026,202.04999999999995,447.52000000000004
2022-09-26,7.69,20.99,16.45,25.69,88.81,"NASA POWER Daily Agroclimatology API (Point 25.5788 N, 91.8933 E)",7.69,23.769999999999936,52.87000000000002,181.73999999999995,432.48
2022-09-27,2.03,21.72,19.51,25.3,92.19,"NASA POWER Daily Agroclimatology API (Point 25.5788 N, 91.8933 E)",2.03,13.349999999999936,46.53000000000002,145.03999999999996,411.83
2022-09-28,2.8,21.31,17.76,26.12,84.85,"NASA POWER Daily Agroclimatology API (Point 25.5788 N, 91.8933 E)",2.8,12.519999999999936,41.440000000000026,122.42999999999998,405.31
2022-09-29,0.46,22.64,18.69,27.0,78.0,"NASA POWER Daily Agroclimatology API (Point 25.5788 N, 91.8933 E)",0.46,5.289999999999936,33.760000000000026,90.70999999999997,390.9
2022-09-30,0.09,22.65,18.73,27.77,82.41,"NASA POWER Daily Agroclimatology API (Point 25.5788 N, 91.8933 E)",0.09,3.3499999999999357,29.150000000000027,78.57999999999997,387.90000000000003
2022-10-01,3.55,22.52,18.35,26.93,82.65,"NASA POWER Daily Agroclimatology API (Point 25.5788 N, 91.8933 E)",3.55,4.099999999999936,20.25000000000003,80.98999999999997,370.19
2022-10-02,13.29,21.85,18.69,25.74,89.23,"NASA POWER Daily Agroclimatology API (Point 25.5788 N, 91.8933 E)",13.29,16.929999999999936,29.91000000000003,84.02999999999997,361.03999999999996
2022-10-03,29.54,20.37,19.02,22.58,94.5,"NASA POWER Daily Agroclimatology API (Point 25.5788 N, 91.8933 E)",29.54,46.37999999999994,51.760000000000026,104.62999999999997,345.26
2022-10-04,6.85,20.56,18.34,23.2,92.72,"NASA POWER Daily Agroclimatology API (Point 25.5788 N, 91.8933 E)",6.85,49.679999999999936,56.58000000000003,103.10999999999997,325.30999999999995
2022-10-05,4.48,21.27,18.02,25.31,90.4,"NASA POWER Daily Agroclimatology API (Point 25.5788 N, 91.8933 E)",4.48,40.86999999999993,58.260000000000026,99.69999999999996,313.87
2022-10-06,0.9,20.57,17.6,24.39,91.52,"NASA POWER Daily Agroclimatology API (Point 25.5788 N, 91.8933 E)",0.9,12.229999999999936,58.700000000000024,92.45999999999997,304.98999999999995
2022-10-07,2.69,20.82,18.22,24.72,91.02,"NASA POWER Daily Agroclimatology API (Point 25.5788 N, 91.8933 E)",2.69,8.069999999999936,61.300000000000026,90.44999999999996,306.15000000000003
2022-10-08,8.15,20.51,17.14,24.29,92.14,"NASA POWER Daily Agroclimatology API (Point 25.5788 N, 91.8933 E)",8.15,11.739999999999936,65.90000000000003,86.14999999999998,311.62
2022-10-09,10.36,20.55,18.41,23.83,93.55,"NASA POWER Daily Agroclimatology API (Point 25.5788 N, 91.8933 E)",10.36,21.199999999999935,62.97000000000003,92.87999999999997,318.36
2022-10-10,21.7,20.38,18.18,23.21,93.68,"NASA POWER Daily Agroclimatology API (Point 25.5788 N, 91.8933 E)",21.7,40.20999999999994,55.130000000000024,106.88999999999996,326.86
2022-10-11,40.29,20.3,18.75,22.07,96.52,"NASA POWER Daily Agroclimatology API (Point 25.5788 N, 91.8933 E)",40.29,72.34999999999994,88.57000000000002,145.14999999999998,356.91999999999996
2022-10-12,22.39,19.6,18.47,21.32,95.61,"NASA POWER Daily Agroclimatology API (Point 25.5788 N, 91.8933 E)",22.39,84.37999999999994,106.48000000000002,164.73999999999998,351.31
2022-10-13,20.26,19.52,18.15,21.96,96.02,"NASA POWER Daily Agroclimatology API (Point 25.5788 N, 91.8933 E)",20.26,82.93999999999993,125.84000000000003,184.53999999999996,332.84000000000003
2022-10-14,2.84,20.03,17.99,23.79,92.92,"NASA POWER Daily Agroclimatology API (Point 25.5788 N, 91.8933 E)",2.84,45.48999999999994,125.99000000000004,187.28999999999996,310.27
2022-10-15,0.4,20.41,16.19,26.21,81.97,"NASA POWER Daily Agroclimatology API (Point 25.5788 N, 91.8933 E)",0.4,23.499999999999936,118.24000000000004,184.13999999999996,278.49
2022-10-16,0.02,20.33,15.81,26.12,77.34,"NASA POWER Daily Agroclimatology API (Point 25.5788 N, 91.8933 E)",0.02,3.259999999999936,107.90000000000003,170.86999999999998,266.28999999999996
2022-10-17,0.69,21.01,16.94,26.05,77.9,"NASA POWER Daily Agroclimatology API (Point 25.5788 N, 91.8933 E)",0.69,1.109999999999936,86.89000000000003,142.01999999999998,265.84
2022-10-18,0.16,20.93,17.13,25.6,81.11,"NASA POWER Daily Agroclimatology API (Point 25.5788 N, 91.8933 E)",0.16,0.869999999999936,46.76000000000004,135.32999999999998,255.74999999999997
2022-10-19,0.01,19.06,15.67,24.27,81.4,"NASA POWER Daily Agroclimatology API (Point 25.5788 N, 91.8933 E)",0.01,0.859999999999936,24.380000000000038,130.85999999999996,246.82
2022-10-20,0.0,19.25,14.18,24.82,78.18,"NASA POWER Daily Agroclimatology API (Point 25.5788 N, 91.8933 E)",0.0,0.16999999999993606,4.120000000000036,129.95999999999998,238.45000000000002
2022-10-21,0.0,18.31,13.59,24.09,84.23,"NASA POWER Daily Agroclimatology API (Point 25.5788 N, 91.8933 E)",0.0,0.009999999999936051,1.2800000000000356,127.26999999999997,230.56
2022-10-22,0.01,18.01,13.17,24.27,80.89,"NASA POWER Daily Agroclimatology API (Point 25.5788 N, 91.8933 E)",0.01,0.009999999999936051,0.8900000000000355,119.12999999999997,222.43
2022-10-23,1.35,18.06,14.78,22.21,89.74,"NASA POWER Daily Agroclimatology API (Point 25.5788 N, 91.8933 E)",1.35,1.3599999999999361,2.2200000000000357,110.11999999999996,219.07999999999998
2022-10-24,90.87,16.03,14.71,17.36,95.44,"NASA POWER Daily Agroclimatology API (Point 25.5788 N, 91.8933 E)",90.87,92.22999999999995,92.40000000000003,179.28999999999996,297.5
2022-10-25,42.24,16.65,14.33,20.01,95.18,"NASA POWER Daily Agroclimatology API (Point 25.5788 N, 91.8933 E)",42.24,134.45999999999995,134.48000000000005,181.23999999999998,336.11
2022-10-26,1.95,16.62,12.98,21.09,89.18,"NASA POWER Daily Agroclimatology API (Point 25.5788 N, 91.8933 E)",1.95,135.05999999999995,136.42000000000004,160.79999999999995,330.37
2022-10-27,0.01,16.34,11.58,22.21,81.71,"NASA POWER Daily Agroclimatology API (Point 25.5788 N, 91.8933 E)",0.01,44.199999999999946,136.43000000000004,140.54999999999995,328.34999999999997
2022-10-28,0.0,16.52,11.57,22.73,79.91,"NASA POWER Daily Agroclimatology API (Point 25.5788 N, 91.8933 E)",0.0,1.9599999999999431,136.43000000000004,137.70999999999995,325.55
2022-10-29,0.0,16.8,11.48,22.19,79.08,"NASA POWER Daily Agroclimatology API (Point 25.5788 N, 91.8933 E)",0.0,0.009999999999943157,136.42000000000002,137.30999999999995,325.09
2022-10-30,0.0,18.0,13.52,23.79,77.19,"NASA POWER Daily Agroclimatology API (Point 25.5788 N, 91.8933 E)",0.0,0.0,135.07000000000002,137.28999999999996,325.0
2022-10-31,0.0,18.52,13.39,24.55,76.38,"NASA POWER Daily Agroclimatology API (Point 25.5788 N, 91.8933 E)",0.0,0.0,44.20000000000003,136.59999999999997,321.45
2022-11-01,0.0,17.96,13.17,24.01,75.67,"NASA POWER Daily Agroclimatology API (Point 25.5788 N, 91.8933 E)",0.0,0.0,1.9600000000000284,136.43999999999997,308.15999999999997
2022-11-02,0.05,17.73,13.99,22.63,87.23,"NASA POWER Daily Agroclimatology API (Point 25.5788 N, 91.8933 E)",0.05,0.04999999999994316,0.060000000000028426,136.47999999999996,278.67
2022-11-03,0.01,17.29,12.67,22.21,86.91,"NASA POWER Daily Agroclimatology API (Point 25.5788 N, 91.8933 E)",0.01,0.05999999999994316,0.060000000000028426,136.48999999999995,271.83
2022-11-04,0.28,16.87,11.99,22.76,83.67,"NASA POWER Daily Agroclimatology API (Point 25.5788 N, 91.8933 E)",0.28,0.3399999999999432,0.34000000000002845,136.76999999999995,267.63
2022-11-05,0.09,17.67,12.89,23.08,82.13,"NASA POWER Daily Agroclimatology API (Point 25.5788 N, 91.8933 E)",0.09,0.37999999999994316,0.43000000000002847,136.84999999999997,266.82
2022-11-06,0.0,16.99,13.89,21.34,87.1,"NASA POWER Daily Agroclimatology API (Point 25.5788 N, 91.8933 E)",0.0,0.36999999999994315,0.43000000000002847,135.49999999999997,264.13
2022-11-07,0.0,16.4,12.4,21.57,82.64,"NASA POWER Daily Agroclimatology API (Point 25.5788 N, 91.8933 E)",0.0,0.08999999999994315,0.43000000000002847,44.629999999999974,255.98
2022-11-08,0.0,16.34,12.74,21.42,77.04,"NASA POWER Daily Agroclimatology API (Point 25.5788 N, 91.8933 E)",0.0,0.0,0.43000000000002847,2.3899999999999717,245.62
2022-11-09,0.0,15.42,11.4,20.99,73.94,"NASA POWER Daily Agroclimatology API (Point 25.5788 N, 91.8933 E)",0.0,0.0,0.3800000000000284,0.43999999999997164,223.92
2022-11-10,0.0,14.35,9.95,20.38,81.61,"NASA POWER Daily Agroclimatology API (Point 25.5788 N, 91.8933 E)",0.0,0.0,0.3700000000000284,0.4299999999999716,183.63
2022-11-11,0.0,14.57,9.4,21.16,74.2,"NASA POWER Daily Agroclimatology API (Point 25.5788 N, 91.8933 E)",0.0,0.0,0.09000000000002842,0.4299999999999716,161.24
2022-11-12,0.0,14.91,10.75,21.24,86.84,"NASA POWER Daily Agroclimatology API (Point 25.5788 N, 91.8933 E)",0.0,0.0,0.0,0.4299999999999716,140.98
2022-11-13,0.0,14.44,9.81,20.43,80.29,"NASA POWER Daily Agroclimatology API (Point 25.5788 N, 91.8933 E)",0.0,0.0,0.0,0.4299999999999716,138.14
2022-11-14,0.0,15.12,9.87,20.63,71.95,"NASA POWER Daily Agroclimatology API (Point 25.5788 N, 91.8933 E)",0.0,0.0,0.0,0.4299999999999716,137.73999999999998
2022-11-15,0.0,15.29,11.75,20.79,79.02,"NASA POWER Daily Agroclimatology API (Point 25.5788 N, 91.8933 E)",0.0,0.0,0.0,0.4299999999999716,137.72
2022-11-16,0.0,14.65,10.27,21.23,87.13,"NASA POWER Daily Agroclimatology API (Point 25.5788 N, 91.8933 E)",0.0,0.0,0.0,0.3799999999999716,137.03
2022-11-17,0.0,14.21,9.33,20.65,81.51,"NASA POWER Daily Agroclimatology API (Point 25.5788 N, 91.8933 E)",0.0,0.0,0.0,0.3699999999999716,136.87
2022-11-18,0.0,12.81,8.34,19.41,77.81,"NASA POWER Daily Agroclimatology API (Point 25.5788 N, 91.8933 E)",0.0,0.0,0.0,0.08999999999997157,136.85999999999999
2022-11-19,0.0,13.79,7.51,21.16,66.06,"NASA POWER Daily Agroclimatology API (Point 25.5788 N, 91.8933 E)",0.0,0.0,0.0,0.0,136.85999999999999
2022-11-20,0.0,15.23,10.0,21.23,63.86,"NASA POWER Daily Agroclimatology API (Point 25.5788 N, 91.8933 E)",0.0,0.0,0.0,0.0,136.85999999999999
2022-11-21,0.25,15.31,12.04,20.76,66.15,"NASA POWER Daily Agroclimatology API (Point 25.5788 N, 91.8933 E)",0.25,0.24999999999994316,0.2500000000000284,0.24999999999997158,137.1
2022-11-22,0.0,15.27,11.48,21.56,76.07,"NASA POWER Daily Agroclimatology API (Point 25.5788 N, 91.8933 E)",0.0,0.24999999999994316,0.2500000000000284,0.24999999999997158,135.75
2022-11-23,0.0,15.3,11.75,21.24,78.07,"NASA POWER Daily Agroclimatology API (Point 25.5788 N, 91.8933 E)",0.0,0.24999999999994316,0.2500000000000284,0.24999999999997158,44.88
2022-11-24,0.0,14.71,9.58,21.04,80.45,"NASA POWER Daily Agroclimatology API (Point 25.5788 N, 91.8933 E)",0.0,0.0,0.2500000000000284,0.24999999999997158,2.64
2022-11-25,0.0,16.09,10.67,21.32,54.75,"NASA POWER Daily Agroclimatology API (Point 25.5788 N, 91.8933 E)",0.0,0.0,0.2500000000000284,0.24999999999997158,0.6900000000000001
2022-11-26,0.0,14.83,10.69,20.55,69.44,"NASA POWER Daily Agroclimatology API (Point 25.5788 N, 91.8933 E)",0.0,0.0,0.2500000000000284,0.24999999999997158,0.68
2022-11-27,0.0,13.88,10.72,19.56,75.52,"NASA POWER Daily Agroclimatology API (Point 25.5788 N, 91.8933 E)",0.0,0.0,0.2500000000000284,0.24999999999997158,0.68
2022-11-28,0.0,14.69,10.68,21.4,58.94,"NASA POWER Daily Agroclimatology API (Point 25.5788 N, 91.8933 E)",0.0,0.0,0.0,0.24999999999997158,0.68
2022-11-29,0.0,15.06,9.97,20.97,79.54,"NASA POWER Daily Agroclimatology API (Point 25.5788 N, 91.8933 E)",0.0,0.0,0.0,0.24999999999997158,0.68
2022-11-30,0.0,15.52,12.04,20.88,86.01,"NASA POWER Daily Agroclimatology API (Point 25.5788 N, 91.8933 E)",0.0,0.0,0.0,0.24999999999997158,0.68
2022-12-01,0.0,15.36,11.36,20.97,80.78,"NASA POWER Daily Agroclimatology API (Point 25.5788 N, 91.8933 E)",0.0,0.0,0.0,0.24999999999997158,0.68
2022-12-02,0.0,14.8,10.91,20.28,74.7,"NASA POWER Daily Agroclimatology API (Point 25.5788 N, 91.8933 E)",0.0,0.0,0.0,0.24999999999997158,0.63
2022-12-03,0.0,13.86,9.87,19.69,75.24,"NASA POWER Daily Agroclimatology API (Point 25.5788 N, 91.8933 E)",0.0,0.0,0.0,0.24999999999997158,0.6200000000000001
2022-12-04,0.0,13.88,9.1,20.08,74.54,"NASA POWER Daily Agroclimatology API (Point 25.5788 N, 91.8933 E)",0.0,0.0,0.0,0.24999999999997158,0.34
2022-12-05,0.0,13.98,9.37,20.34,63.32,"NASA POWER Daily Agroclimatology API (Point 25.5788 N, 91.8933 E)",0.0,0.0,0.0,0.0,0.25
2022-12-06,0.0,13.66,9.02,20.49,70.27,"NASA POWER Daily Agroclimatology API (Point 25.5788 N, 91.8933 E)",0.0,0.0,0.0,0.0,0.25
2022-12-07,0.0,12.83,7.97,19.82,83.43,"NASA POWER Daily Agroclimatology API (Point 25.5788 N, 91.8933 E)",0.0,0.0,0.0,0.0,0.25
2022-12-08,0.0,13.3,8.04,19.77,68.25,"NASA POWER Daily Agroclimatology API (Point 25.5788 N, 91.8933 E)",0.0,0.0,0.0,0.0,0.25
2022-12-09,0.0,12.84,8.56,18.94,63.47,"NASA POWER Daily Agroclimatology API (Point 25.5788 N, 91.8933 E)",0.0,0.0,0.0,0.0,0.25
2022-12-10,0.0,12.16,7.11,19.87,83.12,"NASA POWER Daily Agroclimatology API (Point 25.5788 N, 91.8933 E)",0.0,0.0,0.0,0.0,0.25
2022-12-11,0.0,12.72,6.66,20.01,84.64,"NASA POWER Daily Agroclimatology API (Point 25.5788 N, 91.8933 E)",0.0,0.0,0.0,0.0,0.25
2022-12-12,0.0,13.09,7.93,19.6,84.24,"NASA POWER Daily Agroclimatology API (Point 25.5788 N, 91.8933 E)",0.0,0.0,0.0,0.0,0.25
2022-12-13,0.0,13.16,9.02,19.68,86.85,"NASA POWER Daily Agroclimatology API (Point 25.5788 N, 91.8933 E)",0.0,0.0,0.0,0.0,0.25
2022-12-14,0.0,13.68,9.11,20.81,81.88,"NASA POWER Daily Agroclimatology API (Point 25.5788 N, 91.8933 E)",0.0,0.0,0.0,0.0,0.25
2022-12-15,0.0,13.46,10.1,18.68,87.0,"NASA POWER Daily Agroclimatology API (Point 25.5788 N, 91.8933 E)",0.0,0.0,0.0,0.0,0.25
2022-12-16,0.0,13.83,10.56,18.94,86.91,"NASA POWER Daily Agroclimatology API (Point 25.5788 N, 91.8933 E)",0.0,0.0,0.0,0.0,0.25
2022-12-17,0.0,12.76,8.39,18.92,81.82,"NASA POWER Daily Agroclimatology API (Point 25.5788 N, 91.8933 E)",0.0,0.0,0.0,0.0,0.25
2022-12-18,0.0,12.93,7.73,18.71,76.15,"NASA POWER Daily Agroclimatology API (Point 25.5788 N, 91.8933 E)",0.0,0.0,0.0,0.0,0.25
2022-12-19,0.0,12.55,8.77,18.0,84.54,"NASA POWER Daily Agroclimatology API (Point 25.5788 N, 91.8933 E)",0.0,0.0,0.0,0.0,0.25
2022-12-20,0.0,12.38,7.71,18.74,81.44,"NASA POWER Daily Agroclimatology API (Point 25.5788 N, 91.8933 E)",0.0,0.0,0.0,0.0,0.25
2022-12-21,0.0,12.75,8.27,18.79,86.28,"NASA POWER Daily Agroclimatology API (Point 25.5788 N, 91.8933 E)",0.0,0.0,0.0,0.0,0.0
2022-12-22,0.0,13.31,9.38,19.75,86.94,"NASA POWER Daily Agroclimatology API (Point 25.5788 N, 91.8933 E)",0.0,0.0,0.0,0.0,0.0
2022-12-23,0.0,11.85,6.81,18.34,70.87,"NASA POWER Daily Agroclimatology API (Point 25.5788 N, 91.8933 E)",0.0,0.0,0.0,0.0,0.0
2022-12-24,0.0,11.56,7.63,18.54,80.39,"NASA POWER Daily Agroclimatology API (Point 25.5788 N, 91.8933 E)",0.0,0.0,0.0,0.0,0.0
2022-12-25,0.53,11.15,6.39,17.54,84.99,"NASA POWER Daily Agroclimatology API (Point 25.5788 N, 91.8933 E)",0.53,0.5299999999999432,0.5300000000000284,0.5299999999999716,0.53
2022-12-26,4.62,11.17,7.81,16.48,89.06,"NASA POWER Daily Agroclimatology API (Point 25.5788 N, 91.8933 E)",4.62,5.1499999999999435,5.150000000000029,5.149999999999972,5.15
2022-12-27,0.7,10.54,6.99,15.0,92.66,"NASA POWER Daily Agroclimatology API (Point 25.5788 N, 91.8933 E)",0.7,5.849999999999944,5.850000000000029,5.849999999999972,5.8500000000000005
2022-12-28,0.0,8.65,3.75,14.9,73.71,"NASA POWER Daily Agroclimatology API (Point 25.5788 N, 91.8933 E)",0.0,5.319999999999943,5.850000000000029,5.849999999999972,5.8500000000000005
2022-12-29,0.0,9.23,3.41,15.64,84.97,"NASA POWER Daily Agroclimatology API (Point 25.5788 N, 91.8933 E)",0.0,0.6999999999999431,5.850000000000029,5.849999999999972,5.8500000000000005
2022-12-30,0.0,9.81,5.97,16.27,83.83,"NASA POWER Daily Agroclimatology API (Point 25.5788 N, 91.8933 E)",0.0,0.0,5.850000000000029,5.849999999999972,5.8500000000000005
2022-12-31,0.0,9.99,6.01,16.61,84.52,"NASA POWER Daily Agroclimatology API (Point 25.5788 N, 91.8933 E)",0.0,0.0,5.850000000000029,5.849999999999972,5.8500000000000005
2023-01-01,0.0,10.26,5.85,16.48,83.18,"NASA POWER Daily Agroclimatology API (Point 25.5788 N, 91.8933 E)",0.0,0.0,5.320000000000029,5.849999999999972,5.8500000000000005
2023-01-02,0.0,10.19,5.68,16.34,79.23,"NASA POWER Daily Agroclimatology API (Point 25.5788 N, 91.8933 E)",0.0,0.0,0.7000000000000284,5.849999999999972,5.8500000000000005
2023-01-03,0.0,10.36,5.9,17.16,75.7,"NASA POWER Daily Agroclimatology API (Point 25.5788 N, 91.8933 E)",0.0,0.0,0.0,5.849999999999972,5.8500000000000005
2023-01-04,0.0,10.93,6.12,17.7,67.28,"NASA POWER Daily Agroclimatology API (Point 25.5788 N, 91.8933 E)",0.0,0.0,0.0,5.849999999999972,5.8500000000000005
2023-01-05,0.0,10.11,4.93,17.31,73.1,"NASA POWER Daily Agroclimatology API (Point 25.5788 N, 91.8933 E)",0.0,0.0,0.0,5.849999999999972,5.8500000000000005
2023-01-06,0.0,10.72,4.65,18.62,76.08,"NASA POWER Daily Agroclimatology API (Point 25.5788 N, 91.8933 E)",0.0,0.0,0.0,5.849999999999972,5.8500000000000005
2023-01-07,0.0,11.86,6.48,19.47,70.59,"NASA POWER Daily Agroclimatology API (Point 25.5788 N, 91.8933 E)",0.0,0.0,0.0,5.849999999999972,5.8500000000000005
2023-01-08,0.0,12.56,6.84,19.47,63.59,"NASA POWER Daily Agroclimatology API (Point 25.5788 N, 91.8933 E)",0.0,0.0,0.0,5.319999999999972,5.8500000000000005
2023-01-09,0.0,12.66,6.84,19.53,67.52,"NASA POWER Daily Agroclimatology API (Point 25.5788 N, 91.8933 E)",0.0,0.0,0.0,0.6999999999999715,5.8500000000000005
2023-01-10,0.0,12.14,8.3,18.37,74.69,"NASA POWER Daily Agroclimatology API (Point 25.5788 N, 91.8933 E)",0.0,0.0,0.0,0.0,5.8500000000000005
2023-01-11,0.0,11.42,6.66,17.79,78.68,"NASA POWER Daily Agroclimatology API (Point 25.5788 N, 91.8933 E)",0.0,0.0,0.0,0.0,5.8500000000000005
2023-01-12,0.0,10.89,6.46,17.48,84.18,"NASA POWER Daily Agroclimatology API (Point 25.5788 N, 91.8933 E)",0.0,0.0,0.0,0.0,5.8500000000000005
2023-01-13,0.0,9.59,5.43,16.53,79.77,"NASA POWER Daily Agroclimatology API (Point 25.5788 N, 91.8933 E)",0.0,0.0,0.0,0.0,5.8500000000000005
2023-01-14,0.0,9.74,5.64,15.76,81.79,"NASA POWER Daily Agroclimatology API (Point 25.5788 N, 91.8933 E)",0.0,0.0,0.0,0.0,5.8500000000000005
2023-01-15,0.0,9.24,4.48,15.48,85.23,"NASA POWER Daily Agroclimatology API (Point 25.5788 N, 91.8933 E)",0.0,0.0,0.0,0.0,5.8500000000000005
2023-01-16,0.0,7.94,3.04,15.05,82.35,"NASA POWER Daily Agroclimatology API (Point 25.5788 N, 91.8933 E)",0.0,0.0,0.0,0.0,5.8500000000000005
2023-01-17,0.0,6.98,2.26,14.75,68.08,"NASA POWER Daily Agroclimatology API (Point 25.5788 N, 91.8933 E)",0.0,0.0,0.0,0.0,5.8500000000000005
2023-01-18,0.0,7.38,2.18,15.19,57.71,"NASA POWER Daily Agroclimatology API (Point 25.5788 N, 91.8933 E)",0.0,0.0,0.0,0.0,5.8500000000000005
2023-01-19,0.0,8.29,4.02,15.85,59.67,"NASA POWER Daily Agroclimatology API (Point 25.5788 N, 91.8933 E)",0.0,0.0,0.0,0.0,5.8500000000000005
2023-01-20,0.0,9.56,4.4,17.86,61.48,"NASA POWER Daily Agroclimatology API (Point 25.5788 N, 91.8933 E)",0.0,0.0,0.0,0.0,5.8500000000000005
2023-01-21,0.0,10.81,5.35,18.77,67.87,"NASA POWER Daily Agroclimatology API (Point 25.5788 N, 91.8933 E)",0.0,0.0,0.0,0.0,5.8500000000000005
2023-01-22,0.0,10.78,6.25,18.12,65.27,"NASA POWER Daily Agroclimatology API (Point 25.5788 N, 91.8933 E)",0.0,0.0,0.0,0.0,5.8500000000000005
2023-01-23,0.0,10.37,4.65,17.83,74.41,"NASA POWER Daily Agroclimatology API (Point 25.5788 N, 91.8933 E)",0.0,0.0,0.0,0.0,5.8500000000000005
2023-01-24,0.0,12.51,7.23,20.49,68.03,"NASA POWER Daily Agroclimatology API (Point 25.5788 N, 91.8933 E)",0.0,0.0,0.0,0.0,5.32
2023-01-25,0.0,12.51,7.93,19.6,72.71,"NASA POWER Daily Agroclimatology API (Point 25.5788 N, 91.8933 E)",0.0,0.0,0.0,0.0,0.7
2023-01-26,0.0,12.53,7.06,20.37,83.67,"NASA POWER Daily Agroclimatology API (Point 25.5788 N, 91.8933 E)",0.0,0.0,0.0,0.0,0.0
2023-01-27,0.0,12.66,7.28,20.4,85.89,"NASA POWER Daily Agroclimatology API (Point 25.5788 N, 91.8933 E)",0.0,0.0,0.0,0.0,0.0
2023-01-28,0.0,12.58,6.89,20.52,84.46,"NASA POWER Daily Agroclimatology API (Point 25.5788 N, 91.8933 E)",0.0,0.0,0.0,0.0,0.0
2023-01-29,0.0,13.53,8.3,20.26,79.65,"NASA POWER Daily Agroclimatology API (Point 25.5788 N, 91.8933 E)",0.0,0.0,0.0,0.0,0.0
2023-01-30,0.0,14.33,7.91,22.22,68.84,"NASA POWER Daily Agroclimatology API (Point 25.5788 N, 91.8933 E)",0.0,0.0,0.0,0.0,0.0
2023-01-31,0.0,14.76,9.64,21.45,76.89,"NASA POWER Daily Agroclimatology API (Point 25.5788 N, 91.8933 E)",0.0,0.0,0.0,0.0,0.0
2023-02-01,0.0,13.7,7.2,20.79,73.08,"NASA POWER Daily Agroclimatology API (Point 25.5788 N, 91.8933 E)",0.0,0.0,0.0,0.0,0.0
2023-02-02,0.0,11.77,3.9,20.39,55.75,"NASA POWER Daily Agroclimatology API (Point 25.5788 N, 91.8933 E)",0.0,0.0,0.0,0.0,0.0
2023-02-03,0.0,12.54,6.95,20.75,62.5,"NASA POWER Daily Agroclimatology API (Point 25.5788 N, 91.8933 E)",0.0,0.0,0.0,0.0,0.0
2023-02-04,0.0,12.54,8.07,19.49,72.35,"NASA POWER Daily Agroclimatology API (Point 25.5788 N, 91.8933 E)",0.0,0.0,0.0,0.0,0.0
2023-02-05,0.0,11.6,7.36,19.03,76.14,"NASA POWER Daily Agroclimatology API (Point 25.5788 N, 91.8933 E)",0.0,0.0,0.0,0.0,0.0
2023-02-06,0.0,10.71,6.54,17.72,70.13,"NASA POWER Daily Agroclimatology API (Point 25.5788 N, 91.8933 E)",0.0,0.0,0.0,0.0,0.0
2023-02-07,0.0,10.5,5.67,16.27,71.48,"NASA POWER Daily Agroclimatology API (Point 25.5788 N, 91.8933 E)",0.0,0.0,0.0,0.0,0.0
2023-02-08,0.0,11.94,6.7,17.84,73.45,"NASA POWER Daily Agroclimatology API (Point 25.5788 N, 91.8933 E)",0.0,0.0,0.0,0.0,0.0
2023-02-09,0.0,12.1,8.22,17.78,81.78,"NASA POWER Daily Agroclimatology API (Point 25.5788 N, 91.8933 E)",0.0,0.0,0.0,0.0,0.0
2023-02-10,0.0,11.13,5.54,17.76,78.29,"NASA POWER Daily Agroclimatology API (Point 25.5788 N, 91.8933 E)",0.0,0.0,0.0,0.0,0.0
2023-02-11,0.0,11.15,7.0,17.81,69.7,"NASA POWER Daily Agroclimatology API (Point 25.5788 N, 91.8933 E)",0.0,0.0,0.0,0.0,0.0
2023-02-12,0.0,11.08,5.8,18.02,76.36,"NASA POWER Daily Agroclimatology API (Point 25.5788 N, 91.8933 E)",0.0,0.0,0.0,0.0,0.0
2023-02-13,0.0,10.3,4.5,17.89,55.52,"NASA POWER Daily Agroclimatology API (Point 25.5788 N, 91.8933 E)",0.0,0.0,0.0,0.0,0.0
2023-02-14,0.0,11.38,5.88,19.57,58.04,"NASA POWER Daily Agroclimatology API (Point 25.5788 N, 91.8933 E)",0.0,0.0,0.0,0.0,0.0
2023-02-15,0.0,12.54,6.74,19.41,66.13,"NASA POWER Daily Agroclimatology API (Point 25.5788 N, 91.8933 E)",0.0,0.0,0.0,0.0,0.0
2023-02-16,0.0,14.61,8.81,21.1,66.1,"NASA POWER Daily Agroclimatology API (Point 25.5788 N, 91.8933 E)",0.0,0.0,0.0,0.0,0.0
2023-02-17,0.0,15.48,11.23,21.87,63.11,"NASA POWER Daily Agroclimatology API (Point 25.5788 N, 91.8933 E)",0.0,0.0,0.0,0.0,0.0
2023-02-18,0.0,14.09,9.71,20.94,65.06,"NASA POWER Daily Agroclimatology API (Point 25.5788 N, 91.8933 E)",0.0,0.0,0.0,0.0,0.0
2023-02-19,0.0,15.04,10.27,21.09,60.57,"NASA POWER Daily Agroclimatology API (Point 25.5788 N, 91.8933 E)",0.0,0.0,0.0,0.0,0.0
2023-02-20,0.12,14.25,9.77,20.48,76.79,"NASA POWER Daily Agroclimatology API (Point 25.5788 N, 91.8933 E)",0.12,0.11999999999994315,0.12000000000002842,0.11999999999997157,0.12
2023-02-21,2.17,13.66,10.11,18.9,85.96,"NASA POWER Daily Agroclimatology API (Point 25.5788 N, 91.8933 E)",2.17,2.289999999999943,2.2900000000000285,2.2899999999999716,2.29
2023-02-22,3.96,14.17,9.54,19.23,90.23,"NASA POWER Daily Agroclimatology API (Point 25.5788 N, 91.8933 E)",3.96,6.249999999999943,6.250000000000028,6.249999999999972,6.25
2023-02-23,0.88,14.29,10.73,18.92,82.78,"NASA POWER Daily Agroclimatology API (Point 25.5788 N, 91.8933 E)",0.88,7.009999999999943,7.130000000000028,7.1299999999999715,7.13
2023-02-24,2.13,14.2,9.42,20.3,70.82,"NASA POWER Daily Agroclimatology API (Point 25.5788 N, 91.8933 E)",2.13,6.969999999999943,9.260000000000028,9.259999999999971,9.26
2023-02-25,0.02,13.89,6.98,21.78,70.95,"NASA POWER Daily Agroclimatology API (Point 25.5788 N, 91.8933 E)",0.02,3.029999999999943,9.280000000000028,9.279999999999971,9.28
2023-02-26,0.02,14.65,9.74,21.67,58.49,"NASA POWER Daily Agroclimatology API (Point 25.5788 N, 91.8933 E)",0.02,2.169999999999943,9.300000000000027,9.29999999999997,9.299999999999999
2023-02-27,0.0,14.98,10.76,20.47,51.17,"NASA POWER Daily Agroclimatology API (Point 25.5788 N, 91.8933 E)",0.0,0.03999999999994316,9.180000000000028,9.29999999999997,9.299999999999999
2023-02-28,0.0,14.07,9.65,20.15,56.0,"NASA POWER Daily Agroclimatology API (Point 25.5788 N, 91.8933 E)",0.0,0.019999999999943157,7.010000000000028,9.29999999999997,9.299999999999999
2023-03-01,0.0,14.97,9.32,22.17,66.35,"NASA POWER Daily Agroclimatology API (Point 25.5788 N, 91.8933 E)",0.0,0.0,3.0500000000000282,9.29999999999997,9.299999999999999
2023-03-02,0.0,15.66,11.17,21.86,66.27,"NASA POWER Daily Agroclimatology API (Point 25.5788 N, 91.8933 E)",0.0,0.0,2.1700000000000284,9.29999999999997,9.299999999999999
2023-03-03,0.0,15.77,9.9,22.13,62.89,"NASA POWER Daily Agroclimatology API (Point 25.5788 N, 91.8933 E)",0.0,0.0,0.04000000000002842,9.29999999999997,9.299999999999999
2023-03-04,0.0,17.53,13.45,23.4,61.65,"NASA POWER Daily Agroclimatology API (Point 25.5788 N, 91.8933 E)",0.0,0.0,0.020000000000028422,9.29999999999997,9.299999999999999
2023-03-05,0.05,17.1,12.7,23.54,68.76,"NASA POWER Daily Agroclimatology API (Point 25.5788 N, 91.8933 E)",0.05,0.04999999999994316,0.050000000000028424,9.349999999999971,9.35
2023-03-06,0.02,15.81,10.4,22.84,67.48,"NASA POWER Daily Agroclimatology API (Point 25.5788 N, 91.8933 E)",0.02,0.06999999999994316,0.07000000000002843,9.249999999999972,9.37
2023-03-07,0.04,15.83,9.33,22.69,54.07,"NASA POWER Daily Agroclimatology API (Point 25.5788 N, 91.8933 E)",0.04,0.10999999999994316,0.11000000000002842,7.119999999999972,9.41
2023-03-08,0.0,16.23,11.88,23.12,56.09,"NASA POWER Daily Agroclimatology API (Point 25.5788 N, 91.8933 E)",0.0,0.059999999999943154,0.11000000000002842,3.1599999999999713,9.41
2023-03-09,0.0,16.38,11.49,22.91,63.89,"NASA POWER Daily Agroclimatology API (Point 25.5788 N, 91.8933 E)",0.0,0.03999999999994315,0.11000000000002842,2.2799999999999714,9.41
2023-03-10,0.0,14.33,9.43,19.66,63.35,"NASA POWER Daily Agroclimatology API (Point 25.5788 N, 91.8933 E)",0.0,0.0,0.11000000000002842,0.1499999999999716,9.41
2023-03-11,0.0,16.66,9.76,24.03,61.02,"NASA POWER Daily Agroclimatology API (Point 25.5788 N, 91.8933 E)",0.0,0.0,0.11000000000002842,0.12999999999997158,9.41
2023-03-12,0.0,16.94,11.1,23.96,64.2,"NASA POWER Daily Agroclimatology API (Point 25.5788 N, 91.8933 E)",0.0,0.0,0.06000000000002842,0.10999999999997158,9.41
2023-03-13,0.0,18.3,13.27,25.06,58.9,"NASA POWER Daily Agroclimatology API (Point 25.5788 N, 91.8933 E)",0.0,0.0,0.040000000000028416,0.10999999999997159,9.41
2023-03-14,1.88,16.76,12.07,23.41,63.04,"NASA POWER Daily Agroclimatology API (Point 25.5788 N, 91.8933 E)",1.88,1.879999999999943,1.8800000000000283,1.9899999999999716,11.29
2023-03-15,12.42,15.58,11.32,21.14,81.18,"NASA POWER Daily Agroclimatology API (Point 25.5788 N, 91.8933 E)",12.42,14.299999999999944,14.30000000000003,14.409999999999972,23.71
2023-03-16,6.36,16.53,11.26,22.41,72.89,"NASA POWER Daily Agroclimatology API (Point 25.5788 N, 91.8933 E)",6.36,20.659999999999943,20.66000000000003,20.76999999999997,30.07
2023-03-17,10.96,15.76,12.12,21.12,81.63,"NASA POWER Daily Agroclimatology API (Point 25.5788 N, 91.8933 E)",10.96,29.739999999999945,31.62000000000003,31.729999999999972,41.03
2023-03-18,6.14,16.43,12.02,21.71,78.64,"NASA POWER Daily Agroclimatology API (Point 25.5788 N, 91.8933 E)",6.14,23.459999999999944,37.760000000000026,37.86999999999997,47.17
2023-03-19,37.32,15.23,12.88,19.02,87.56,"NASA POWER Daily Agroclimatology API (Point 25.5788 N, 91.8933 E)",37.32,54.419999999999945,75.08000000000003,75.13999999999997,84.49000000000001
2023-03-20,33.07,14.81,13.25,18.77,90.39,"NASA POWER Daily Agroclimatology API (Point 25.5788 N, 91.8933 E)",33.07,76.52999999999994,108.15000000000003,108.18999999999997,117.56
2023-03-21,24.3,14.78,12.32,19.29,87.99,"NASA POWER Daily Agroclimatology API (Point 25.5788 N, 91.8933 E)",24.3,94.68999999999994,130.57000000000002,132.44999999999996,141.86
2023-03-22,10.25,14.09,10.56,18.55,88.72,"NASA POWER Daily Agroclimatology API (Point 25.5788 N, 91.8933 E)",10.25,67.61999999999995,128.40000000000003,142.69999999999996,151.99
2023-03-23,0.63,13.64,8.46,19.04,83.99,"NASA POWER Daily Agroclimatology API (Point 25.5788 N, 91.8933 E)",0.63,35.17999999999994,122.67000000000003,143.32999999999998,150.45000000000002
2023-03-24,2.86,15.08,10.04,20.64,76.42,"NASA POWER Daily Agroclimatology API (Point 25.5788 N, 91.8933 E)",2.86,13.739999999999943,114.57000000000002,146.18999999999997,149.35
2023-03-25,2.96,16.14,11.54,21.54,78.58,"NASA POWER Daily Agroclimatology API (Point 25.5788 N, 91.8933 E)",2.96,6.4499999999999424,111.39000000000003,149.14999999999998,151.43
2023-03-26,3.22,16.09,11.22,21.43,85.59,"NASA POWER Daily Agroclimatology API (Point 25.5788 N, 91.8933 E)",3.22,9.039999999999942,77.29000000000003,152.36999999999998,152.52
2023-03-27,3.28,16.32,12.33,21.82,85.21,"NASA POWER Daily Agroclimatology API (Point 25.5788 N, 91.8933 E)",3.28,9.459999999999944,47.50000000000003,155.64999999999998,155.78
2023-03-28,10.91,15.95,11.22,21.08,83.39,"NASA POWER Daily Agroclimatology API (Point 25.5788 N, 91.8933 E)",10.91,17.409999999999943,34.11000000000003,164.67999999999998,166.67
2023-03-29,4.54,16.31,12.21,22.06,80.71,"NASA POWER Daily Agroclimatology API (Point 25.5788 N, 91.8933 E)",4.54,18.729999999999944,28.400000000000027,156.79999999999995,171.20999999999998
2023-03-30,3.36,16.5,12.72,22.07,75.42,"NASA POWER Daily Agroclimatology API (Point 25.5788 N, 91.8933 E)",3.36,18.809999999999942,31.130000000000027,153.79999999999998,174.57
2023-03-31,11.37,16.99,12.11,23.12,79.67,"NASA POWER Daily Agroclimatology API (Point 25.5788 N, 91.8933 E)",11.37,19.269999999999943,39.64000000000003,154.20999999999998,185.94
2023-04-01,19.7,16.42,12.62,21.94,83.32,"NASA POWER Daily Agroclimatology API (Point 25.5788 N, 91.8933 E)",19.7,34.42999999999994,56.380000000000024,167.76999999999998,205.64
2023-04-02,11.2,15.23,11.41,19.89,86.61,"NASA POWER Daily Agroclimatology API (Point 25.5788 N, 91.8933 E)",11.2,42.26999999999994,64.36000000000003,141.64999999999998,216.83999999999997
2023-04-03,1.84,14.9,10.07,20.02,86.48,"NASA POWER Daily Agroclimatology API (Point 25.5788 N, 91.8933 E)",1.84,32.739999999999945,62.92000000000003,110.41999999999996,218.67999999999998
2023-04-04,5.44,16.14,11.99,21.15,83.46,"NASA POWER Daily Agroclimatology API (Point 25.5788 N, 91.8933 E)",5.44,18.479999999999944,57.45000000000003,91.55999999999996,224.07
2023-04-05,19.92,16.78,11.99,22.32,88.07,"NASA POWER Daily Agroclimatology API (Point 25.5788 N, 91.8933 E)",19.92,27.199999999999946,72.83000000000003,101.22999999999996,243.97
2023-04-06,0.97,17.14,12.32,23.1,81.38,"NASA POWER Daily Agroclimatology API (Point 25.5788 N, 91.8933 E)",0.97,26.329999999999945,70.44000000000003,101.56999999999998,244.9
2023-04-07,0.0,18.5,13.55,24.11,62.86,"NASA POWER Daily Agroclimatology API (Point 25.5788 N, 91.8933 E)",0.0,20.889999999999944,59.07000000000003,98.70999999999998,244.9
2023-04-08,0.0,19.23,14.55,25.38,58.49,"NASA POWER Daily Agroclimatology API (Point 25.5788 N, 91.8933 E)",0.0,0.9699999999999431,39.37000000000003,95.74999999999997,244.9
2023-04-09,0.0,19.33,14.43,25.29,64.08,"NASA POWER Daily Agroclimatology API (Point 25.5788 N, 91.8933 E)",0.0,0.0,28.17000000000003,92.52999999999997,244.9
2023-04-10,0.0,18.25,13.06,24.59,66.25,"NASA POWER Daily Agroclimatology API (Point 25.5788 N, 91.8933 E)",0.0,0.0,26.33000000000003,89.24999999999997,244.9
2023-04-11,0.0,18.85,12.98,25.36,63.53,"NASA POWER Daily Agroclimatology API (Point 25.5788 N, 91.8933 E)",0.0,0.0,20.89000000000003,78.33999999999997,244.9
2023-04-12,0.0,19.05,13.55,25.88,57.36,"NASA POWER Daily Agroclimatology API (Point 25.5788 N, 91.8933 E)",0.0,0.0,0.9700000000000284,73.79999999999998,244.9
2023-04-13,0.0,20.24,14.42,26.23,56.1,"NASA POWER Daily Agroclimatology API (Point 25.5788 N, 91.8933 E)",0.0,0.0,0.0,70.43999999999998,243.02
2023-04-14,0.0,21.7,16.45,27.62,56.2,"NASA POWER Daily Agroclimatology API (Point 25.5788 N, 91.8933 E)",0.0,0.0,0.0,59.06999999999997,230.6
2023-04-15,0.0,22.02,17.6,27.08,56.32,"NASA POWER Daily Agroclimatology API (Point 25.5788 N, 91.8933 E)",0.0,0.0,0.0,39.369999999999976,224.24
2023-04-16,0.0,21.2,16.63,26.35,62.1,"NASA POWER Daily Agroclimatology API (Point 25.5788 N, 91.8933 E)",0.0,0.0,0.0,28.169999999999973,213.28
2023-04-17,0.03,21.06,16.11,26.38,70.0,"NASA POWER Daily Agroclimatology API (Point 25.5788 N, 91.8933 E)",0.03,0.029999999999943155,0.03000000000002842,26.359999999999975,207.17000000000002
2023-04-18,0.08,21.4,16.34,27.42,77.61,"NASA POWER Daily Agroclimatology API (Point 25.5788 N, 91.8933 E)",0.08,0.10999999999994316,0.11000000000002842,20.99999999999997,169.93
2023-04-19,10.47,20.91,15.68,26.99,80.08,"NASA POWER Daily Agroclimatology API (Point 25.5788 N, 91.8933 E)",10.47,10.579999999999943,10.580000000000028,11.549999999999972,147.33
2023-04-20,12.31,20.53,15.59,26.14,80.98,"NASA POWER Daily Agroclimatology API (Point 25.5788 N, 91.8933 E)",12.31,22.859999999999943,22.89000000000003,22.889999999999972,135.34
2023-04-21,17.94,19.69,15.0,24.57,83.02,"NASA POWER Daily Agroclimatology API (Point 25.5788 N, 91.8933 E)",17.94,40.71999999999994,40.83000000000003,40.82999999999997,143.03
2023-04-22,12.14,19.31,15.74,24.21,79.96,"NASA POWER Daily Agroclimatology API (Point 25.5788 N, 91.8933 E)",12.14,42.389999999999944,52.97000000000003,52.96999999999997,154.54000000000002
2023-04-23,21.81,17.4,13.91,20.83,76.93,"NASA POWER Daily Agroclimatology API (Point 25.5788 N, 91.8933 E)",21.81,51.889999999999944,74.78000000000003,74.77999999999997,173.49
2023-04-24,0.28,18.73,13.39,24.62,73.77,"NASA POWER Daily Agroclimatology API (Point 25.5788 N, 91.8933 E)",0.28,34.22999999999995,75.03000000000003,75.05999999999997,170.81
2023-04-25,3.68,18.81,14.23,24.75,72.12,"NASA POWER Daily Agroclimatology API (Point 25.5788 N, 91.8933 E)",3.68,25.769999999999946,78.63000000000002,78.73999999999997,171.26999999999998
2023-04-26,1.34,18.74,13.16,25.02,72.04,"NASA POWER Daily Agroclimatology API (Point 25.5788 N, 91.8933 E)",1.34,5.2999999999999465,69.50000000000003,80.07999999999997,169.32999999999998
2023-04-27,4.12,19.31,13.56,25.03,73.76,"NASA POWER Daily Agroclimatology API (Point 25.5788 N, 91.8933 E)",4.12,9.139999999999947,61.31000000000003,84.19999999999997,162.54
2023-04-28,1.38,18.53,13.15,24.28,73.57,"NASA POWER Daily Agroclimatology API (Point 25.5788 N, 91.8933 E)",1.38,6.839999999999947,44.75000000000003,85.57999999999997,159.38
2023-04-29,2.94,19.59,14.71,24.79,71.75,"NASA POWER Daily Agroclimatology API (Point 25.5788 N, 91.8933 E)",2.94,8.439999999999946,35.55000000000003,88.51999999999997,158.96
2023-04-30,10.58,19.1,15.15,23.91,80.65,"NASA POWER Daily Agroclimatology API (Point 25.5788 N, 91.8933 E)",10.58,14.899999999999945,24.32000000000003,99.09999999999997,158.17000000000002
2023-05-01,12.31,18.87,14.46,23.95,81.96,"NASA POWER Daily Agroclimatology API (Point 25.5788 N, 91.8933 E)",12.31,25.82999999999995,36.35000000000003,111.37999999999997,150.78
2023-05-02,1.83,19.4,16.16,24.71,72.24,"NASA POWER Daily Agroclimatology API (Point 25.5788 N, 91.8933 E)",1.83,24.71999999999995,34.50000000000003,113.12999999999997,141.41
2023-05-03,1.4,19.31,14.52,24.32,77.59,"NASA POWER Daily Agroclimatology API (Point 25.5788 N, 91.8933 E)",1.4,15.539999999999948,34.56000000000003,104.05999999999997,140.97
2023-05-04,16.28,18.9,14.5,23.34,87.46,"NASA POWER Daily Agroclimatology API (Point 25.5788 N, 91.8933 E)",16.28,19.50999999999995,46.72000000000003,108.02999999999997,151.81
2023-05-05,3.97,19.12,15.03,24.0,87.63,"NASA POWER Daily Agroclimatology API (Point 25.5788 N, 91.8933 E)",3.97,21.64999999999995,49.31000000000003,94.05999999999997,135.85999999999999
2023-05-06,5.99,18.93,13.98,24.41,83.87,"NASA POWER Daily Agroclimatology API (Point 25.5788 N, 91.8933 E)",5.99,26.23999999999995,52.36000000000003,87.90999999999997,140.88
2023-05-07,0.11,19.95,15.94,25.19,74.63,"NASA POWER Daily Agroclimatology API (Point 25.5788 N, 91.8933 E)",0.11,10.069999999999947,41.89000000000003,66.20999999999998,140.98999999999998
2023-05-08,0.01,20.89,16.59,26.08,69.46,"NASA POWER Daily Agroclimatology API (Point 25.5788 N, 91.8933 E)",0.01,6.109999999999947,29.59000000000003,65.93999999999997,141.0
2023-05-09,0.0,21.41,17.14,26.35,60.53,"NASA POWER Daily Agroclimatology API (Point 25.5788 N, 91.8933 E)",0.0,0.1199999999999467,27.76000000000003,62.25999999999997,141.0
2023-05-10,1.42,21.46,16.6,27.47,64.57,"NASA POWER Daily Agroclimatology API (Point 25.5788 N, 91.8933 E)",1.42,1.4299999999999466,27.78000000000003,62.339999999999975,142.42
2023-05-11,2.33,21.43,17.45,26.57,70.1,"NASA POWER Daily Agroclimatology API (Point 25.5788 N, 91.8933 E)",2.33,3.7499999999999467,13.83000000000003,60.54999999999997,144.75
2023-05-12,0.86,21.98,16.79,27.39,64.09,"NASA POWER Daily Agroclimatology API (Point 25.5788 N, 91.8933 E)",0.86,4.609999999999947,10.720000000000029,60.02999999999997,145.60999999999999
2023-05-13,0.0,21.15,14.75,27.93,69.44,"NASA POWER Daily Agroclimatology API (Point 25.5788 N, 91.8933 E)",0.0,3.1899999999999467,4.730000000000029,57.08999999999997,145.60999999999999
2023-05-14,0.23,20.13,15.5,24.97,72.26,"NASA POWER Daily Agroclimatology API (Point 25.5788 N, 91.8933 E)",0.23,1.0899999999999468,4.850000000000028,46.739999999999974,145.84
2023-05-15,4.71,18.67,14.36,24.4,81.47,"NASA POWER Daily Agroclimatology API (Point 25.5788 N, 91.8933 E)",4.71,4.939999999999947,9.55000000000003,39.13999999999997,150.54999999999998
2023-05-16,28.9,19.42,15.23,24.44,86.66,"NASA POWER Daily Agroclimatology API (Point 25.5788 N, 91.8933 E)",28.9,33.83999999999995,38.45000000000003,66.20999999999998,179.45
2023-05-17,12.92,19.74,16.17,24.55,86.16,"NASA POWER Daily Agroclimatology API (Point 25.5788 N, 91.8933 E)",12.92,46.52999999999995,49.950000000000024,77.72999999999996,192.34
2023-05-18,13.58,19.46,15.88,24.21,89.91,"NASA POWER Daily Agroclimatology API (Point 25.5788 N, 91.8933 E)",13.58,55.39999999999995,61.20000000000003,75.02999999999997,205.84
2023-05-19,11.42,19.98,16.52,23.98,88.69,"NASA POWER Daily Agroclimatology API (Point 25.5788 N, 91.8933 E)",11.42,37.919999999999945,71.76000000000003,82.47999999999998,206.79
2023-05-20,30.6,19.69,16.53,23.27,90.07,"NASA POWER Daily Agroclimatology API (Point 25.5788 N, 91.8933 E)",30.6,55.599999999999945,102.36000000000003,107.08999999999997,225.08
2023-05-21,9.62,19.98,15.46,24.78,83.08,"NASA POWER Daily Agroclimatology API (Point 25.5788 N, 91.8933 E)",9.62,51.639999999999944,111.75000000000003,116.59999999999997,216.76000000000002
2023-05-22,6.85,19.94,16.44,23.88,84.96,"NASA POWER Daily Agroclimatology API (Point 25.5788 N, 91.8933 E)",6.85,47.06999999999994,113.89000000000003,123.43999999999997,211.47
2023-05-23,7.32,20.13,16.92,23.51,86.9,"NASA POWER Daily Agroclimatology API (Point 25.5788 N, 91.8933 E)",7.32,23.789999999999942,92.31000000000003,130.76,196.98
2023-05-24,5.01,20.01,16.36,24.68,83.75,"NASA POWER Daily Agroclimatology API (Point 25.5788 N, 91.8933 E)",5.01,19.179999999999943,84.40000000000002,134.34999999999997,201.70999999999998
2023-05-25,12.58,20.27,16.58,25.23,83.95,"NASA POWER Daily Agroclimatology API (Point 25.5788 N, 91.8933 E)",12.58,24.909999999999943,83.40000000000002,144.59999999999997,210.61
2023-05-26,36.59,20.21,16.51,24.41,88.41,"NASA POWER Daily Agroclimatology API (Point 25.5788 N, 91.8933 E)",36.59,54.17999999999995,108.57000000000002,180.32999999999998,245.86
2023-05-27,15.13,20.38,16.98,24.61,88.1,"NASA POWER Daily Agroclimatology API (Point 25.5788 N, 91.8933 E)",15.13,64.29999999999995,93.10000000000002,195.45999999999998,256.87
2023-05-28,0.68,21.37,17.86,26.05,80.31,"NASA POWER Daily Agroclimatology API (Point 25.5788 N, 91.8933 E)",0.68,52.399999999999956,84.16000000000003,195.90999999999997,256.17
2023-05-29,0.04,22.3,17.18,28.13,77.25,"NASA POWER Daily Agroclimatology API (Point 25.5788 N, 91.8933 E)",0.04,15.849999999999952,77.35000000000002,191.23999999999998,253.27
2023-05-30,0.0,22.92,17.86,28.72,78.33,"NASA POWER Daily Agroclimatology API (Point 25.5788 N, 91.8933 E)",0.0,0.7199999999999503,70.03000000000003,162.33999999999997,242.69
2023-05-31,0.0,23.33,18.33,29.09,74.37,"NASA POWER Daily Agroclimatology API (Point 25.5788 N, 91.8933 E)",0.0,0.03999999999995026,65.02000000000002,149.42,230.38
2023-06-01,10.41,22.08,17.65,26.57,87.26,"NASA POWER Daily Agroclimatology API (Point 25.5788 N, 91.8933 E)",10.41,10.40999999999995,62.85000000000004,146.24999999999997,238.96
2023-06-02,6.58,21.42,18.41,25.05,87.62,"NASA POWER Daily Agroclimatology API (Point 25.5788 N, 91.8933 E)",6.58,16.989999999999952,32.84000000000003,141.40999999999997,244.14000000000001
2023-06-03,0.45,22.26,17.78,27.38,75.32,"NASA POWER Daily Agroclimatology API (Point 25.5788 N, 91.8933 E)",0.45,17.43999999999995,18.16000000000003,111.25999999999999,228.31
2023-06-04,0.12,21.69,17.43,26.69,79.54,"NASA POWER Daily Agroclimatology API (Point 25.5788 N, 91.8933 E)",0.12,7.149999999999951,17.600000000000026,101.75999999999998,224.46
2023-06-05,0.0,23.02,18.25,27.43,65.47,"NASA POWER Daily Agroclimatology API (Point 25.5788 N, 91.8933 E)",0.0,0.5699999999999503,17.560000000000027,94.90999999999997,218.47
2023-06-06,0.03,23.47,20.4,27.44,70.43,"NASA POWER Daily Agroclimatology API (Point 25.5788 N, 91.8933 E)",0.03,0.14999999999995026,17.59000000000003,87.61999999999998,218.39000000000001
2023-06-07,0.27,24.11,19.51,29.55,69.98,"NASA POWER Daily Agroclimatology API (Point 25.5788 N, 91.8933 E)",0.27,0.2999999999999503,17.860000000000028,82.87999999999998,218.65
2023-06-08,6.9,23.95,20.58,28.16,77.04,"NASA POWER Daily Agroclimatology API (Point 25.5788 N, 91.8933 E)",6.9,7.19999999999995,14.35000000000003,77.19999999999997,225.55
2023-06-09,28.69,23.19,19.94,27.53,85.5,"NASA POWER Daily Agroclimatology API (Point 25.5788 N, 91.8933 E)",28.69,35.85999999999995,36.46000000000003,69.29999999999998,252.82000000000002
2023-06-10,19.44,22.24,20.51,25.27,92.96,"NASA POWER Daily Agroclimatology API (Point 25.5788 N, 91.8933 E)",19.44,55.02999999999995,55.45000000000003,73.60999999999997,269.93
2023-06-11,60.35,22.46,20.03,25.95,91.24,"NASA POWER Daily Agroclimatology API (Point 25.5788 N, 91.8933 E)",60.35,108.47999999999996,115.68000000000004,133.27999999999997,329.41999999999996
2023-06-12,8.75,22.28,18.74,26.52,88.39,"NASA POWER Daily Agroclimatology API (Point 25.5788 N, 91.8933 E)",8.75,88.53999999999996,124.43000000000004,141.99,338.16999999999996
2023-06-13,29.83,22.59,19.43,26.37,88.47,"NASA POWER Daily Agroclimatology API (Point 25.5788 N, 91.8933 E)",29.83,98.92999999999995,154.23000000000002,171.82,367.77000000000004
2023-06-14,79.22,22.29,20.7,24.4,94.0,"NASA POWER Daily Agroclimatology API (Point 25.5788 N, 91.8933 E)",79.22,117.79999999999994,233.18,251.04,442.28
2023-06-15,115.86,22.24,20.63,24.6,93.39,"NASA POWER Daily Agroclimatology API (Point 25.5788 N, 91.8933 E)",115.86,224.90999999999994,342.14000000000004,356.48999999999995,529.24
2023-06-16,116.74,22.3,20.31,25.15,93.28,"NASA POWER Daily Agroclimatology API (Point 25.5788 N, 91.8933 E)",116.74,311.81999999999994,430.19000000000005,466.65,633.0600000000001
2023-06-17,67.11,22.27,19.96,25.25,92.92,"NASA POWER Daily Agroclimatology API (Point 25.5788 N, 91.8933 E)",67.11,299.7099999999999,477.86,533.31,686.59
2023-06-18,94.52,22.2,19.91,25.04,92.82,"NASA POWER Daily Agroclimatology API (Point 25.5788 N, 91.8933 E)",94.52,278.36999999999995,512.03,627.71,769.69
2023-06-19,57.03,21.8,19.86,24.37,94.32,"NASA POWER Daily Agroclimatology API (Point 25.5788 N, 91.8933 E)",57.03,218.6599999999999,560.3100000000001,684.74,796.12
2023-06-20,41.21,21.46,19.36,24.62,92.79,"NASA POWER Daily Agroclimatology API (Point 25.5788 N, 91.8933 E)",41.21,192.75999999999993,571.6899999999999,725.92,827.71
2023-06-21,57.76,20.99,19.45,22.53,95.47,"NASA POWER Daily Agroclimatology API (Point 25.5788 N, 91.8933 E)",57.76,155.99999999999994,550.23,783.4099999999999,878.62
2023-06-22,41.4,21.54,19.42,23.84,94.46,"NASA POWER Daily Agroclimatology API (Point 25.5788 N, 91.8933 E)",41.4,140.36999999999995,475.77,817.91,912.6999999999999
2023-06-23,9.63,22.43,19.36,26.39,91.86,"NASA POWER Daily Agroclimatology API (Point 25.5788 N, 91.8933 E)",9.63,108.78999999999994,368.66,798.85,917.3199999999999
2023-06-24,2.24,22.99,19.38,27.2,88.01,"NASA POWER Daily Agroclimatology API (Point 25.5788 N, 91.8933 E)",2.24,53.26999999999994,303.79,781.65,906.98
2023-06-25,2.69,22.65,18.72,26.86,88.53,"NASA POWER Daily Agroclimatology API (Point 25.5788 N, 91.8933 E)",2.69,14.559999999999944,211.96000000000004,723.9899999999999,873.08
2023-06-26,11.15,22.34,19.95,25.78,90.95,"NASA POWER Daily Agroclimatology API (Point 25.5788 N, 91.8933 E)",11.15,16.07999999999994,166.08,726.3899999999999,869.1
2023-06-27,30.41,22.15,19.24,25.57,91.11,"NASA POWER Daily Agroclimatology API (Point 25.5788 N, 91.8933 E)",30.41,44.24999999999994,155.28000000000003,726.97,898.83
2023-06-28,64.11,22.23,19.6,25.04,92.97,"NASA POWER Daily Agroclimatology API (Point 25.5788 N, 91.8933 E)",64.11,105.66999999999994,161.63000000000002,711.8599999999999,962.9
2023-06-29,50.33,21.68,19.36,24.54,93.95,"NASA POWER Daily Agroclimatology API (Point 25.5788 N, 91.8933 E)",50.33,144.84999999999994,170.56,646.3299999999999,1013.23
2023-06-30,58.26,22.18,19.67,25.59,93.28,"NASA POWER Daily Agroclimatology API (Point 25.5788 N, 91.8933 E)",58.26,172.69999999999993,219.19000000000003,587.8499999999999,1071.49
2023-07-01,80.91,22.56,20.85,25.22,92.95,"NASA POWER Daily Agroclimatology API (Point 25.5788 N, 91.8933 E)",80.91,189.49999999999994,297.86,601.6499999999999,1141.9899999999998
2023-07-02,39.44,22.52,20.27,24.81,94.4,"NASA POWER Daily Agroclimatology API (Point 25.5788 N, 91.8933 E)",39.44,178.60999999999996,334.61,546.5699999999999,1174.85
2023-07-03,54.36,22.52,20.52,24.89,94.53,"NASA POWER Daily Agroclimatology API (Point 25.5788 N, 91.8933 E)",54.36,174.70999999999992,377.82000000000005,543.9,1228.76
2023-07-04,5.74,23.03,19.43,26.99,90.77,"NASA POWER Daily Agroclimatology API (Point 25.5788 N, 91.8933 E)",5.74,99.53999999999992,353.15000000000003,508.43,1234.38
2023-07-05,26.34,22.86,20.19,25.9,90.26,"NASA POWER Daily Agroclimatology API (Point 25.5788 N, 91.8933 E)",26.34,86.43999999999993,315.38000000000005,477.00999999999993,1260.72
2023-07-06,50.54,22.03,19.77,24.38,94.04,"NASA POWER Daily Agroclimatology API (Point 25.5788 N, 91.8933 E)",50.54,82.61999999999992,315.59000000000003,486.15,1311.23
2023-07-07,33.47,21.79,19.62,24.69,93.24,"NASA POWER Daily Agroclimatology API (Point 25.5788 N, 91.8933 E)",33.47,110.34999999999994,290.8,509.98999999999995,1344.43
2023-07-08,9.18,22.21,19.56,25.78,92.01,"NASA POWER Daily Agroclimatology API (Point 25.5788 N, 91.8933 E)",9.18,93.18999999999993,219.07000000000002,516.93,1346.71
2023-07-09,7.07,22.15,19.25,25.58,91.54,"NASA POWER Daily Agroclimatology API (Point 25.5788 N, 91.8933 E)",7.07,49.71999999999993,186.70000000000002,521.3100000000001,1325.09
2023-07-10,23.71,23.19,20.58,26.16,92.38,"NASA POWER Daily Agroclimatology API (Point 25.5788 N, 91.8933 E)",23.71,39.95999999999993,156.05000000000004,533.87,1329.3600000000001
2023-07-11,56.58,22.74,20.91,25.88,94.43,"NASA POWER Daily Agroclimatology API (Point 25.5788 N, 91.8933 E)",56.58,87.35999999999993,206.89000000000004,560.04,1325.59
2023-07-12,54.5,21.58,19.49,23.79,94.61,"NASA POWER Daily Agroclimatology API (Point 25.5788 N, 91.8933 E)",54.5,134.78999999999994,235.05,550.43,1371.34
2023-07-13,70.76,22.22,20.54,25.09,93.62,"NASA POWER Daily Agroclimatology API (Point 25.5788 N, 91.8933 E)",70.76,181.83999999999992,255.27000000000004,570.8599999999999,1412.27
2023-07-14,19.31,22.25,19.81,25.56,90.6,"NASA POWER Daily Agroclimatology API (Point 25.5788 N, 91.8933 E)",19.31,144.56999999999994,241.11000000000004,531.91,1352.36
2023-07-15,5.87,22.49,19.43,26.33,90.43,"NASA POWER Daily Agroclimatology API (Point 25.5788 N, 91.8933 E)",5.87,95.93999999999993,237.80000000000004,456.87,1242.3700000000001
2023-07-16,4.08,21.95,18.87,25.59,91.73,"NASA POWER Daily Agroclimatology API (Point 25.5788 N, 91.8933 E)",4.08,29.259999999999927,234.81000000000003,421.50999999999993,1129.71
2023-07-17,4.01,21.36,19.32,23.9,92.16,"NASA POWER Daily Agroclimatology API (Point 25.5788 N, 91.8933 E)",4.01,13.95999999999993,215.11000000000004,371.15999999999997,1066.61
2023-07-18,1.54,23.65,19.3,28.03,81.12,"NASA POWER Daily Agroclimatology API (Point 25.5788 N, 91.8933 E)",1.54,9.629999999999928,160.07000000000002,366.96,973.63
2023-07-19,1.93,23.88,20.3,28.56,84.92,"NASA POWER Daily Agroclimatology API (Point 25.5788 N, 91.8933 E)",1.93,7.4799999999999285,107.50000000000003,342.55,918.53
2023-07-20,3.13,23.94,20.47,28.2,87.55,"NASA POWER Daily Agroclimatology API (Point 25.5788 N, 91.8933 E)",3.13,6.599999999999929,39.870000000000026,295.14,880.4499999999999
2023-07-21,25.6,23.27,20.47,26.52,89.97,"NASA POWER Daily Agroclimatology API (Point 25.5788 N, 91.8933 E)",25.6,30.65999999999993,46.160000000000025,287.27,848.29
2023-07-22,8.89,22.65,20.59,25.73,91.92,"NASA POWER Daily Agroclimatology API (Point 25.5788 N, 91.8933 E)",8.89,37.61999999999993,49.180000000000035,286.98,815.78
2023-07-23,2.23,23.37,20.04,27.55,88.08,"NASA POWER Daily Agroclimatology API (Point 25.5788 N, 91.8933 E)",2.23,36.71999999999993,47.33000000000003,282.13999999999993,808.38
2023-07-24,1.97,22.73,20.94,25.55,87.95,"NASA POWER Daily Agroclimatology API (Point 25.5788 N, 91.8933 E)",1.97,13.089999999999929,45.29000000000003,260.4,808.11
2023-07-25,5.97,23.44,20.4,27.55,84.76,"NASA POWER Daily Agroclimatology API (Point 25.5788 N, 91.8933 E)",5.97,10.169999999999929,49.72000000000003,209.79,811.3899999999999
2023-07-26,18.88,22.4,19.59,26.34,90.51,"NASA POWER Daily Agroclimatology API (Point 25.5788 N, 91.8933 E)",18.88,26.81999999999993,66.67000000000003,174.16999999999996,819.1199999999999
2023-07-27,36.17,22.66,18.91,26.45,91.86,"NASA POWER Daily Agroclimatology API (Point 25.5788 N, 91.8933 E)",36.17,61.01999999999993,99.71000000000004,139.57999999999998,824.88
2023-07-28,28.21,22.95,20.35,26.15,91.36,"NASA POWER Daily Agroclimatology API (Point 25.5788 N, 91.8933 E)",28.21,83.25999999999993,102.32000000000004,148.47999999999996,788.98
2023-07-29,9.1,23.18,20.13,26.89,88.68,"NASA POWER Daily Agroclimatology API (Point 25.5788 N, 91.8933 E)",9.1,73.47999999999993,102.53000000000003,151.70999999999995,747.75
2023-07-30,4.46,24.13,20.21,28.71,86.3,"NASA POWER Daily Agroclimatology API (Point 25.5788 N, 91.8933 E)",4.46,41.76999999999993,104.76000000000003,152.08999999999997,693.9499999999999
2023-07-31,7.07,23.78,21.24,28.21,89.32,"NASA POWER Daily Agroclimatology API (Point 25.5788 N, 91.8933 E)",7.07,20.629999999999928,109.86000000000003,155.14999999999995,620.11
2023-08-01,2.67,24.42,20.35,28.68,87.31,"NASA POWER Daily Agroclimatology API (Point 25.5788 N, 91.8933 E)",2.67,14.199999999999928,106.56000000000003,156.27999999999997,583.34
2023-08-02,9.73,23.46,20.81,26.52,91.0,"NASA POWER Daily Agroclimatology API (Point 25.5788 N, 91.8933 E)",9.73,19.469999999999928,97.41000000000004,164.07999999999996,538.71
2023-08-03,24.1,22.93,20.23,26.04,91.82,"NASA POWER Daily Agroclimatology API (Point 25.5788 N, 91.8933 E)",24.1,36.49999999999993,85.34000000000003,185.04999999999995,557.07
2023-08-04,24.26,22.99,20.47,26.16,92.42,"NASA POWER Daily Agroclimatology API (Point 25.5788 N, 91.8933 E)",24.26,58.08999999999993,81.39000000000003,183.70999999999998,554.99
2023-08-05,25.76,22.53,19.9,25.21,92.7,"NASA POWER Daily Agroclimatology API (Point 25.5788 N, 91.8933 E)",25.76,74.11999999999993,98.05000000000004,200.57999999999998,530.21
2023-08-06,72.1,22.23,20.84,24.11,95.72,"NASA POWER Daily Agroclimatology API (Point 25.5788 N, 91.8933 E)",72.1,122.11999999999992,165.69000000000003,270.44999999999993,568.8399999999999
2023-08-07,50.99,22.83,20.86,25.19,95.31,"NASA POWER Daily Agroclimatology API (Point 25.5788 N, 91.8933 E)",50.99,148.8499999999999,209.61000000000004,319.46999999999997,610.65
2023-08-08,26.82,22.6,21.66,23.94,95.34,"NASA POWER Daily Agroclimatology API (Point 25.5788 N, 91.8933 E)",26.82,149.9099999999999,233.76000000000002,340.31999999999994,630.4
2023-08-09,20.5,23.07,20.98,26.56,92.32,"NASA POWER Daily Agroclimatology API (Point 25.5788 N, 91.8933 E)",20.5,98.30999999999993,244.53000000000003,341.93999999999994,627.19
2023-08-10,10.44,23.12,19.87,26.87,92.13,"NASA POWER Daily Agroclimatology API (Point 25.5788 N, 91.8933 E)",10.44,57.75999999999993,230.87000000000003,316.21,581.0500000000001
2023-08-11,18.89,22.86,20.79,25.43,93.65,"NASA POWER Daily Agroclimatology API (Point 25.5788 N, 91.8933 E)",18.89,49.82999999999993,225.5,306.89,545.44
2023-08-12,44.63,22.05,20.76,24.27,95.95,"NASA POWER Daily Agroclimatology API (Point 25.5788 N, 91.8933 E)",44.63,73.95999999999992,244.37000000000003,342.41999999999996,519.3100000000001
2023-08-13,41.67,22.21,19.82,25.19,94.54,"NASA POWER Daily Agroclimatology API (Point 25.5788 N, 91.8933 E)",41.67,105.18999999999994,213.94000000000003,379.63,541.6700000000001
2023-08-14,14.41,22.93,18.81,27.53,87.42,"NASA POWER Daily Agroclimatology API (Point 25.5788 N, 91.8933 E)",14.41,100.70999999999994,177.36,386.96999999999997,550.21
2023-08-15,5.98,22.31,19.82,25.47,93.76,"NASA POWER Daily Agroclimatology API (Point 25.5788 N, 91.8933 E)",5.98,62.05999999999993,156.52000000000004,390.28,552.11
2023-08-16,15.0,23.2,19.93,27.02,91.34,"NASA POWER Daily Agroclimatology API (Point 25.5788 N, 91.8933 E)",15.0,35.38999999999993,151.02000000000004,395.54999999999995,563.1
2023-08-17,7.71,24.17,21.3,27.94,90.43,"NASA POWER Daily Agroclimatology API (Point 25.5788 N, 91.8933 E)",7.71,28.68999999999993,148.29000000000002,379.15999999999997,569.27
2023-08-18,6.56,23.76,21.16,27.75,89.89,"NASA POWER Daily Agroclimatology API (Point 25.5788 N, 91.8933 E)",6.56,29.26999999999993,135.96000000000004,361.46,573.9
2023-08-19,3.57,22.57,20.13,25.9,92.42,"NASA POWER Daily Agroclimatology API (Point 25.5788 N, 91.8933 E)",3.57,17.83999999999993,94.90000000000002,339.2699999999999,574.3399999999999
2023-08-20,1.73,22.19,19.08,25.91,91.06,"NASA POWER Daily Agroclimatology API (Point 25.5788 N, 91.8933 E)",1.73,11.859999999999928,54.96000000000003,268.9,550.47
2023-08-21,25.22,22.47,20.06,25.95,92.69,"NASA POWER Daily Agroclimatology API (Point 25.5788 N, 91.8933 E)",25.22,30.51999999999993,65.77000000000002,243.12999999999997,566.8
2023-08-22,20.32,21.46,20.04,23.64,95.41,"NASA POWER Daily Agroclimatology API (Point 25.5788 N, 91.8933 E)",20.32,47.269999999999925,80.11000000000003,236.62999999999997,584.8900000000001
2023-08-23,28.83,21.58,19.93,23.63,93.7,"NASA POWER Daily Agroclimatology API (Point 25.5788 N, 91.8933 E)",28.83,74.36999999999993,93.94000000000003,244.95999999999998,611.75
2023-08-24,25.07,22.13,20.0,25.33,93.41,"NASA POWER Daily Agroclimatology API (Point 25.5788 N, 91.8933 E)",25.07,74.21999999999993,111.30000000000004,259.59,630.85
2023-08-25,26.08,22.09,19.85,25.0,93.73,"NASA POWER Daily Agroclimatology API (Point 25.5788 N, 91.8933 E)",26.08,79.97999999999992,130.82000000000002,266.78,638.05
2023-08-26,44.23,22.49,20.5,25.07,94.18,"NASA POWER Daily Agroclimatology API (Point 25.5788 N, 91.8933 E)",44.23,95.37999999999992,171.48000000000002,266.37999999999994,646.11
2023-08-27,86.55,22.53,21.01,24.99,94.2,"NASA POWER Daily Agroclimatology API (Point 25.5788 N, 91.8933 E)",86.55,156.85999999999993,256.3,311.26,704.45
2023-08-28,8.12,22.61,20.63,25.74,92.1,"NASA POWER Daily Agroclimatology API (Point 25.5788 N, 91.8933 E)",8.12,138.89999999999992,239.20000000000002,304.9699999999999,703.4699999999999
2023-08-29,0.01,22.36,18.63,26.89,83.62,"NASA POWER Daily Agroclimatology API (Point 25.5788 N, 91.8933 E)",0.01,94.67999999999992,218.89000000000001,299.0,699.02
2023-08-30,0.04,22.61,17.54,28.09,83.2,"NASA POWER Daily Agroclimatology API (Point 25.5788 N, 91.8933 E)",0.04,8.169999999999929,190.10000000000002,284.03999999999996,691.99
2023-08-31,1.13,22.79,17.77,27.95,85.34,"NASA POWER Daily Agroclimatology API (Point 25.5788 N, 91.8933 E)",1.13,1.1799999999999289,166.16000000000003,277.4599999999999,690.45
2023-09-01,5.0,23.54,20.82,27.98,87.18,"NASA POWER Daily Agroclimatology API (Point 25.5788 N, 91.8933 E)",5.0,6.169999999999929,145.08,275.8999999999999,685.72
2023-09-02,1.82,23.82,19.72,28.77,84.89,"NASA POWER Daily Agroclimatology API (Point 25.5788 N, 91.8933 E)",1.82,7.949999999999929,102.67000000000003,274.1499999999999,663.4399999999999
2023-09-03,2.15,23.42,20.01,27.72,85.73,"NASA POWER Daily Agroclimatology API (Point 25.5788 N, 91.8933 E)",2.15,8.969999999999928,18.270000000000028,274.57,641.33
2023-09-04,2.98,23.33,18.94,27.81,84.44,"NASA POWER Daily Agroclimatology API (Point 25.5788 N, 91.8933 E)",2.98,6.949999999999928,13.130000000000027,252.32999999999996,618.55
2023-09-05,0.86,23.23,18.15,28.13,82.06,"NASA POWER Daily Agroclimatology API (Point 25.5788 N, 91.8933 E)",0.86,5.989999999999928,13.980000000000029,232.86999999999995,547.31
2023-09-06,2.74,23.21,18.87,27.65,84.09,"NASA POWER Daily Agroclimatology API (Point 25.5788 N, 91.8933 E)",2.74,6.579999999999929,16.680000000000028,206.77999999999994,499.06
2023-09-07,13.71,22.56,19.17,25.86,89.03,"NASA POWER Daily Agroclimatology API (Point 25.5788 N, 91.8933 E)",13.71,17.30999999999993,29.26000000000003,195.41999999999996,485.95
2023-09-08,18.34,21.85,19.79,24.87,92.75,"NASA POWER Daily Agroclimatology API (Point 25.5788 N, 91.8933 E)",18.34,34.78999999999993,42.60000000000003,187.67999999999998,483.78999999999996
2023-09-09,6.22,22.47,19.49,26.37,90.74,"NASA POWER Daily Agroclimatology API (Point 25.5788 N, 91.8933 E)",6.22,38.269999999999925,47.00000000000003,149.66999999999996,479.57
2023-09-10,8.34,23.12,20.04,27.64,87.73,"NASA POWER Daily Agroclimatology API (Point 25.5788 N, 91.8933 E)",8.34,32.89999999999992,53.190000000000026,71.45999999999997,469.02
2023-09-11,10.61,23.09,20.23,26.31,92.19,"NASA POWER Daily Agroclimatology API (Point 25.5788 N, 91.8933 E)",10.61,25.169999999999927,60.82000000000002,73.94999999999997,435.0
2023-09-12,3.89,21.95,19.91,24.03,89.6,"NASA POWER Daily Agroclimatology API (Point 25.5788 N, 91.8933 E)",3.89,22.83999999999993,63.85000000000002,77.82999999999997,397.21999999999997
2023-09-13,8.35,22.2,19.94,25.64,92.35,"NASA POWER Daily Agroclimatology API (Point 25.5788 N, 91.8933 E)",8.35,22.84999999999993,69.46000000000004,86.13999999999997,391.15999999999997
2023-09-14,6.65,22.33,19.02,26.43,89.11,"NASA POWER Daily Agroclimatology API (Point 25.5788 N, 91.8933 E)",6.65,18.88999999999993,62.40000000000002,91.65999999999997,391.83
2023-09-15,1.36,22.89,18.97,27.42,86.13,"NASA POWER Daily Agroclimatology API (Point 25.5788 N, 91.8933 E)",1.36,16.35999999999993,45.42000000000003,88.01999999999997,378.19
2023-09-16,0.0,23.4,19.43,27.74,85.3,"NASA POWER Daily Agroclimatology API (Point 25.5788 N, 91.8933 E)",0.0,8.009999999999929,39.20000000000003,86.19999999999997,370.47999999999996
2023-09-17,1.67,23.28,18.72,27.93,83.14,"NASA POWER Daily Agroclimatology API (Point 25.5788 N, 91.8933 E)",1.67,3.029999999999929,32.53000000000003,85.71999999999997,365.59
2023-09-18,10.99,21.24,19.12,24.05,91.85,"NASA POWER Daily Agroclimatology API (Point 25.5788 N, 91.8933 E)",10.99,12.659999999999929,32.910000000000025,93.72999999999998,373.01
2023-09-19,19.73,20.6,18.69,23.47,92.82,"NASA POWER Daily Agroclimatology API (Point 25.5788 N, 91.8933 E)",19.73,32.38999999999993,48.75000000000003,112.59999999999998,391.01
2023-09-20,28.04,20.57,18.25,22.93,93.2,"NASA POWER Daily Agroclimatology API (Point 25.5788 N, 91.8933 E)",28.04,58.75999999999993,68.44000000000003,137.89999999999998,393.83
2023-09-21,46.35,20.91,18.89,23.82,93.84,"NASA POWER Daily Agroclimatology API (Point 25.5788 N, 91.8933 E)",46.35,94.11999999999992,108.14000000000003,170.53999999999996,419.86
2023-09-22,22.32,20.4,18.52,23.63,93.36,"NASA POWER Daily Agroclimatology API (Point 25.5788 N, 91.8933 E)",22.32,96.70999999999994,129.10000000000002,174.51999999999998,413.35
2023-09-23,10.82,20.89,18.69,24.31,92.69,"NASA POWER Daily Agroclimatology API (Point 25.5788 N, 91.8933 E)",10.82,79.48999999999992,139.92000000000002,179.11999999999998,399.09999999999997
2023-09-24,7.82,21.11,19.08,24.57,92.44,"NASA POWER Daily Agroclimatology API (Point 25.5788 N, 91.8933 E)",7.82,40.95999999999993,146.07000000000005,178.59999999999997,380.84
2023-09-25,4.6,21.59,18.54,25.06,89.59,"NASA POWER Daily Agroclimatology API (Point 25.5788 N, 91.8933 E)",4.6,23.23999999999993,139.68000000000004,172.58999999999997,341.21
2023-09-26,6.12,22.03,18.51,26.84,87.54,"NASA POWER Daily Agroclimatology API (Point 25.5788 N, 91.8933 E)",6.12,18.539999999999928,126.07000000000004,174.81999999999996,260.78
2023-09-27,0.61,22.5,19.65,26.72,86.7,"NASA POWER Daily Agroclimatology API (Point 25.5788 N, 91.8933 E)",0.61,11.329999999999929,98.64000000000003,167.07999999999998,253.26999999999998
2023-09-28,0.0,22.64,18.51,26.79,86.64,"NASA POWER Daily Agroclimatology API (Point 25.5788 N, 91.8933 E)",0.0,6.729999999999929,52.29000000000003,160.42999999999998,253.26
2023-09-29,1.79,22.53,20.05,26.07,90.5,"NASA POWER Daily Agroclimatology API (Point 25.5788 N, 91.8933 E)",1.79,2.399999999999929,31.76000000000003,160.85999999999999,255.01000000000002
2023-09-30,9.71,21.78,19.2,25.1,92.31,"NASA POWER Daily Agroclimatology API (Point 25.5788 N, 91.8933 E)",9.71,11.499999999999929,30.650000000000027,170.57,263.59
2023-10-01,15.21,21.93,19.09,25.35,89.36,"NASA POWER Daily Agroclimatology API (Point 25.5788 N, 91.8933 E)",15.21,26.70999999999993,38.04000000000003,184.10999999999999,273.8
2023-10-02,17.7,22.12,18.42,26.65,90.85,"NASA POWER Daily Agroclimatology API (Point 25.5788 N, 91.8933 E)",17.7,42.61999999999993,51.14000000000003,190.82,289.68
2023-10-03,13.75,21.73,18.82,25.32,93.21,"NASA POWER Daily Agroclimatology API (Point 25.5788 N, 91.8933 E)",13.75,46.659999999999926,58.77000000000003,184.83999999999997,301.28000000000003
2023-10-04,16.99,20.25,18.31,23.53,92.09,"NASA POWER Daily Agroclimatology API (Point 25.5788 N, 91.8933 E)",16.99,48.43999999999993,75.15000000000003,173.79,315.29
2023-10-05,73.29,18.94,17.79,20.45,93.46,"NASA POWER Daily Agroclimatology API (Point 25.5788 N, 91.8933 E)",73.29,104.02999999999993,148.44000000000005,200.72999999999996,387.71999999999997
2023-10-06,107.4,20.3,17.76,22.59,95.6,"NASA POWER Daily Agroclimatology API (Point 25.5788 N, 91.8933 E)",107.4,197.67999999999995,254.05000000000007,285.81,492.38
2023-10-07,37.04,20.65,18.58,23.54,95.41,"NASA POWER Daily Agroclimatology API (Point 25.5788 N, 91.8933 E)",37.04,217.72999999999993,281.38000000000005,312.03,515.71
2023-10-08,30.18,21.09,18.52,24.37,94.39,"NASA POWER Daily Agroclimatology API (Point 25.5788 N, 91.8933 E)",30.18,174.61999999999995,296.3500000000001,334.39,527.5500000000001
2023-10-09,13.16,20.4,16.8,24.76,93.93,"NASA POWER Daily Agroclimatology API (Point 25.5788 N, 91.8933 E)",13.16,80.37999999999992,291.81,342.95,534.49
2023-10-10,0.41,21.21,18.55,25.04,89.52,"NASA POWER Daily Agroclimatology API (Point 25.5788 N, 91.8933 E)",0.41,43.74999999999993,278.47,337.23999999999995,526.56
2023-10-11,1.05,20.24,16.88,24.39,90.0,"NASA POWER Daily Agroclimatology API (Point 25.5788 N, 91.8933 E)",1.05,14.61999999999993,262.5300000000001,337.67999999999995,517.0
2023-10-12,1.69,20.09,16.94,24.32,90.49,"NASA POWER Daily Agroclimatology API (Point 25.5788 N, 91.8933 E)",1.69,3.149999999999929,190.93000000000004,339.36999999999995,514.8
2023-10-13,1.24,19.48,14.64,24.92,78.21,"NASA POWER Daily Agroclimatology API (Point 25.5788 N, 91.8933 E)",1.24,3.9799999999999285,84.77000000000002,338.82,507.69
2023-10-14,0.26,19.3,15.76,23.89,80.27,"NASA POWER Daily Agroclimatology API (Point 25.5788 N, 91.8933 E)",0.26,3.189999999999929,47.99000000000003,329.36999999999995,501.3
2023-10-15,0.03,19.33,15.79,23.81,82.18,"NASA POWER Daily Agroclimatology API (Point 25.5788 N, 91.8933 E)",0.03,1.529999999999929,17.84000000000003,314.19,499.97
2023-10-16,0.0,18.86,14.28,24.3,78.76,"NASA POWER Daily Agroclimatology API (Point 25.5788 N, 91.8933 E)",0.0,0.289999999999929,4.680000000000028,296.49,499.97
2023-10-17,0.0,18.45,14.79,23.22,83.28,"NASA POWER Daily Agroclimatology API (Point 25.5788 N, 91.8933 E)",0.0,0.029999999999928945,4.270000000000028,282.74,498.3
2023-10-18,0.0,18.13,14.91,23.35,80.04,"NASA POWER Daily Agroclimatology API (Point 25.5788 N, 91.8933 E)",0.0,0.0,3.220000000000028,265.75,487.31
2023-10-19,0.0,18.34,14.49,24.13,83.01,"NASA POWER Daily Agroclimatology API (Point 25.5788 N, 91.8933 E)",0.0,0.0,1.5300000000000284,192.45999999999995,467.58000000000004
2023-10-20,0.0,18.14,13.11,23.85,76.96,"NASA POWER Daily Agroclimatology API (Point 25.5788 N, 91.8933 E)",0.0,0.0,0.29000000000002846,85.05999999999997,439.54
2023-10-21,0.0,18.08,12.46,23.74,70.92,"NASA POWER Daily Agroclimatology API (Point 25.5788 N, 91.8933 E)",0.0,0.0,0.03000000000002842,48.019999999999975,393.19000000000005
2023-10-22,0.02,19.18,13.79,24.38,71.02,"NASA POWER Daily Agroclimatology API (Point 25.5788 N, 91.8933 E)",0.02,0.019999999999928946,0.020000000000028422,17.85999999999997,370.89
2023-10-23,2.58,19.27,14.67,23.86,82.91,"NASA POWER Daily Agroclimatology API (Point 25.5788 N, 91.8933 E)",2.58,2.599999999999929,2.6000000000000285,7.279999999999971,362.65
2023-10-24,2.99,18.46,15.81,22.24,90.9,"NASA POWER Daily Agroclimatology API (Point 25.5788 N, 91.8933 E)",2.99,5.589999999999929,5.590000000000028,9.859999999999971,357.82
2023-10-25,2.17,19.12,15.34,24.38,87.51,"NASA POWER Daily Agroclimatology API (Point 25.5788 N, 91.8933 E)",2.17,7.739999999999929,7.760000000000028,10.97999999999997,355.39000000000004
2023-10-26,3.67,18.55,15.94,22.73,89.69,"NASA POWER Daily Agroclimatology API (Point 25.5788 N, 91.8933 E)",3.67,8.829999999999929,11.430000000000028,12.95999999999997,352.94000000000005
2023-10-27,0.67,17.62,13.72,22.51,85.63,"NASA POWER Daily Agroclimatology API (Point 25.5788 N, 91.8933 E)",0.67,6.50999999999993,12.100000000000028,12.38999999999997,353.0
2023-10-28,0.03,16.55,12.24,22.5,82.31,"NASA POWER Daily Agroclimatology API (Point 25.5788 N, 91.8933 E)",0.03,4.369999999999928,12.13000000000003,12.159999999999972,353.03000000000003
2023-10-29,0.0,16.4,12.06,22.26,77.57,"NASA POWER Daily Agroclimatology API (Point 25.5788 N, 91.8933 E)",0.0,0.699999999999929,12.11000000000003,12.129999999999972,351.24
2023-10-30,0.0,16.88,11.83,22.83,80.99,"NASA POWER Daily Agroclimatology API (Point 25.5788 N, 91.8933 E)",0.0,0.029999999999928945,9.53000000000003,12.129999999999972,341.53000000000003
2023-10-31,0.0,18.05,12.58,23.64,73.4,"NASA POWER Daily Agroclimatology API (Point 25.5788 N, 91.8933 E)",0.0,0.0,6.5400000000000285,12.129999999999972,326.32
2023-11-01,0.0,19.16,14.66,24.37,63.27,"NASA POWER Daily Agroclimatology API (Point 25.5788 N, 91.8933 E)",0.0,0.0,4.370000000000028,12.129999999999972,308.62
2023-11-02,0.0,18.35,14.34,23.61,69.96,"NASA POWER Daily Agroclimatology API (Point 25.5788 N, 91.8933 E)",0.0,0.0,0.7000000000000285,12.129999999999972,294.87
2023-11-03,0.0,17.02,13.54,22.15,80.51,"NASA POWER Daily Agroclimatology API (Point 25.5788 N, 91.8933 E)",0.0,0.0,0.03000000000002842,12.129999999999972,277.88
2023-11-04,0.0,16.38,12.51,22.07,87.6,"NASA POWER Daily Agroclimatology API (Point 25.5788 N, 91.8933 E)",0.0,0.0,0.0,12.129999999999972,204.59000000000003
2023-11-05,0.0,16.18,11.55,22.29,81.3,"NASA POWER Daily Agroclimatology API (Point 25.5788 N, 91.8933 E)",0.0,0.0,0.0,12.109999999999973,97.19
2023-11-06,0.0,15.98,10.81,21.84,73.15,"NASA POWER Daily Agroclimatology API (Point 25.5788 N, 91.8933 E)",0.0,0.0,0.0,9.529999999999973,60.15
2023-11-07,0.0,16.35,12.23,21.71,62.91,"NASA POWER Daily Agroclimatology API (Point 25.5788 N, 91.8933 E)",0.0,0.0,0.0,6.539999999999972,29.97
2023-11-08,0.15,15.22,10.48,20.69,77.27,"NASA POWER Daily Agroclimatology API (Point 25.5788 N, 91.8933 E)",0.15,0.14999999999992894,0.15000000000002842,4.519999999999971,16.96
2023-11-09,0.03,15.35,11.08,21.05,83.71,"NASA POWER Daily Agroclimatology API (Point 25.5788 N, 91.8933 E)",0.03,0.17999999999992894,0.18000000000002842,0.8799999999999716,16.58
2023-11-10,0.0,16.1,11.23,22.11,77.45,"NASA POWER Daily Agroclimatology API (Point 25.5788 N, 91.8933 E)",0.0,0.17999999999992894,0.18000000000002842,0.20999999999997157,15.53
2023-11-11,0.0,16.95,12.65,22.57,68.54,"NASA POWER Daily Agroclimatology API (Point 25.5788 N, 91.8933 E)",0.0,0.029999999999928945,0.18000000000002842,0.17999999999997157,13.84
2023-11-12,0.0,16.44,11.58,22.56,64.68,"NASA POWER Daily Agroclimatology API (Point 25.5788 N, 91.8933 E)",0.0,0.0,0.18000000000002842,0.17999999999997157,12.6
2023-11-13,0.0,16.48,11.9,21.99,66.93,"NASA POWER Daily Agroclimatology API (Point 25.5788 N, 91.8933 E)",0.0,0.0,0.18000000000002842,0.17999999999997157,12.34
2023-11-14,0.0,16.13,11.64,21.96,70.98,"NASA POWER Daily Agroclimatology API (Point 25.5788 N, 91.8933 E)",0.0,0.0,0.18000000000002842,0.17999999999997157,12.31
2023-11-15,0.0,17.26,14.05,22.01,59.15,"NASA POWER Daily Agroclimatology API (Point 25.5788 N, 91.8933 E)",0.0,0.0,0.03000000000002842,0.17999999999997157,12.31
2023-11-16,1.58,17.21,12.83,22.1,81.53,"NASA POWER Daily Agroclimatology API (Point 25.5788 N, 91.8933 E)",1.58,1.579999999999929,1.5800000000000285,1.7599999999999716,13.89
2023-11-17,21.77,16.19,14.33,18.18,93.43,"NASA POWER Daily Agroclimatology API (Point 25.5788 N, 91.8933 E)",21.77,23.34999999999993,23.35000000000003,23.529999999999973,35.66
2023-11-18,4.33,15.95,13.46,19.78,89.04,"NASA POWER Daily Agroclimatology API (Point 25.5788 N, 91.8933 E)",4.33,27.67999999999993,27.680000000000028,27.85999999999997,39.99
2023-11-19,0.8,16.89,13.0,22.25,88.81,"NASA POWER Daily Agroclimatology API (Point 25.5788 N, 91.8933 E)",0.8,26.899999999999928,28.480000000000025,28.65999999999997,40.79
2023-11-20,0.0,16.9,13.66,21.65,88.91,"NASA POWER Daily Agroclimatology API (Point 25.5788 N, 91.8933 E)",0.0,5.129999999999925,28.480000000000025,28.65999999999997,40.79
2023-11-21,0.03,16.57,13.8,21.09,89.12,"NASA POWER Daily Agroclimatology API (Point 25.5788 N, 91.8933 E)",0.03,0.8299999999999255,28.510000000000026,28.689999999999973,40.8
2023-11-22,0.0,15.77,12.03,20.77,86.63,"NASA POWER Daily Agroclimatology API (Point 25.5788 N, 91.8933 E)",0.0,0.029999999999925392,28.510000000000026,28.539999999999974,38.22
2023-11-23,0.0,14.98,10.95,20.46,83.57,"NASA POWER Daily Agroclimatology API (Point 25.5788 N, 91.8933 E)",0.0,0.029999999999925392,26.930000000000028,28.509999999999973,35.23
2023-11-24,0.0,15.0,10.55,20.32,79.71,"NASA POWER Daily Agroclimatology API (Point 25.5788 N, 91.8933 E)",0.0,0.0,5.160000000000025,28.509999999999973,33.06
2023-11-25,0.0,14.17,9.42,19.89,75.69,"NASA POWER Daily Agroclimatology API (Point 25.5788 N, 91.8933 E)",0.0,0.0,0.8300000000000249,28.509999999999973,29.39
2023-11-26,0.0,14.47,9.36,21.36,73.59,"NASA POWER Daily Agroclimatology API (Point 25.5788 N, 91.8933 E)",0.0,0.0,0.030000000000024868,28.509999999999973,28.72
2023-11-27,0.0,15.27,11.13,19.77,66.71,"NASA POWER Daily Agroclimatology API (Point 25.5788 N, 91.8933 E)",0.0,0.0,0.030000000000024868,28.509999999999973,28.69
2023-11-28,0.0,16.67,12.26,21.91,61.21,"NASA POWER Daily Agroclimatology API (Point 25.5788 N, 91.8933 E)",0.0,0.0,0.0,28.509999999999973,28.69
2023-11-29,0.0,15.84,11.77,21.79,72.07,"NASA POWER Daily Agroclimatology API (Point 25.5788 N, 91.8933 E)",0.0,0.0,0.0,28.509999999999973,28.69
2023-11-30,0.0,14.98,9.47,21.18,76.29,"NASA POWER Daily Agroclimatology API (Point 25.5788 N, 91.8933 E)",0.0,0.0,0.0,26.92999999999997,28.69
2023-12-01,0.0,15.84,10.51,22.46,68.88,"NASA POWER Daily Agroclimatology API (Point 25.5788 N, 91.8933 E)",0.0,0.0,0.0,5.159999999999972,28.69
2023-12-02,0.0,16.59,12.38,21.95,71.22,"NASA POWER Daily Agroclimatology API (Point 25.5788 N, 91.8933 E)",0.0,0.0,0.0,0.8299999999999716,28.69
2023-12-03,0.0,15.44,10.2,22.54,84.28,"NASA POWER Daily Agroclimatology API (Point 25.5788 N, 91.8933 E)",0.0,0.0,0.0,0.029999999999971577,28.69
2023-12-04,0.0,14.72,9.39,22.35,78.36,"NASA POWER Daily Agroclimatology API (Point 25.5788 N, 91.8933 E)",0.0,0.0,0.0,0.029999999999971577,28.69
2023-12-05,0.0,15.1,10.9,20.74,74.0,"NASA POWER Daily Agroclimatology API (Point 25.5788 N, 91.8933 E)",0.0,0.0,0.0,0.0,28.69
2023-12-06,0.19,15.34,10.26,21.37,86.44,"NASA POWER Daily Agroclimatology API (Point 25.5788 N, 91.8933 E)",0.19,0.1899999999999254,0.19000000000002487,0.18999999999997158,28.880000000000003
2023-12-07,14.5,14.94,13.02,18.05,91.76,"NASA POWER Daily Agroclimatology API (Point 25.5788 N, 91.8933 E)",14.5,14.689999999999925,14.690000000000024,14.689999999999971,43.38
2023-12-08,6.23,15.08,12.21,19.39,93.55,"NASA POWER Daily Agroclimatology API (Point 25.5788 N, 91.8933 E)",6.23,20.919999999999924,20.920000000000023,20.919999999999973,49.46
2023-12-09,0.3,14.91,11.85,18.56,88.98,"NASA POWER Daily Agroclimatology API (Point 25.5788 N, 91.8933 E)",0.3,21.029999999999923,21.220000000000024,21.21999999999997,49.730000000000004
2023-12-10,0.0,13.78,11.49,17.66,88.48,"NASA POWER Daily Agroclimatology API (Point 25.5788 N, 91.8933 E)",0.0,6.529999999999926,21.220000000000024,21.21999999999997,49.730000000000004
2023-12-11,0.02,12.61,9.13,17.96,86.66,"NASA POWER Daily Agroclimatology API (Point 25.5788 N, 91.8933 E)",0.02,0.3199999999999254,21.240000000000023,21.23999999999997,49.75
2023-12-12,0.04,12.15,8.6,17.81,86.22,"NASA POWER Daily Agroclimatology API (Point 25.5788 N, 91.8933 E)",0.04,0.05999999999992539,21.280000000000026,21.279999999999973,49.79
2023-12-13,0.09,11.2,7.77,16.71,89.12,"NASA POWER Daily Agroclimatology API (Point 25.5788 N, 91.8933 E)",0.09,0.1499999999999254,21.180000000000025,21.369999999999973,49.88
2023-12-14,0.0,10.37,5.62,16.68,75.44,"NASA POWER Daily Agroclimatology API (Point 25.5788 N, 91.8933 E)",0.0,0.1299999999999254,6.6800000000000255,21.369999999999973,49.88
2023-12-15,0.0,10.71,5.12,18.26,76.94,"NASA POWER Daily Agroclimatology API (Point 25.5788 N, 91.8933 E)",0.0,0.08999999999992539,0.4500000000000248,21.369999999999973,49.88
2023-12-16,0.0,10.93,5.34,18.06,79.83,"NASA POWER Daily Agroclimatology API (Point 25.5788 N, 91.8933 E)",0.0,0.0,0.15000000000002486,21.369999999999973,48.300000000000004
2023-12-17,0.0,11.2,6.63,17.73,80.31,"NASA POWER Daily Agroclimatology API (Point 25.5788 N, 91.8933 E)",0.0,0.0,0.15000000000002486,21.369999999999973,26.53
2023-12-18,0.0,12.2,7.27,18.58,79.66,"NASA POWER Daily Agroclimatology API (Point 25.5788 N, 91.8933 E)",0.0,0.0,0.13000000000002487,21.369999999999973,22.200000000000003
2023-12-19,0.0,11.35,6.52,17.94,72.5,"NASA POWER Daily Agroclimatology API (Point 25.5788 N, 91.8933 E)",0.0,0.0,0.09000000000002487,21.369999999999973,21.400000000000002
2023-12-20,0.0,11.09,6.23,18.27,67.9,"NASA POWER Daily Agroclimatology API (Point 25.5788 N, 91.8933 E)",0.0,0.0,0.0,21.17999999999997,21.400000000000002
2023-12-21,0.0,13.02,7.7,18.72,76.24,"NASA POWER Daily Agroclimatology API (Point 25.5788 N, 91.8933 E)",0.0,0.0,0.0,6.679999999999972,21.37
2023-12-22,0.0,13.08,9.4,18.18,76.84,"NASA POWER Daily Agroclimatology API (Point 25.5788 N, 91.8933 E)",0.0,0.0,0.0,0.44999999999997153,21.37
2023-12-23,0.0,12.78,9.58,18.47,83.21,"NASA POWER Daily Agroclimatology API (Point 25.5788 N, 91.8933 E)",0.0,0.0,0.0,0.14999999999997157,21.37
2023-12-24,0.58,13.37,10.52,17.84,88.12,"NASA POWER Daily Agroclimatology API (Point 25.5788 N, 91.8933 E)",0.58,0.5799999999999254,0.5800000000000248,0.7299999999999716,21.95
2023-12-25,0.01,13.05,9.32,17.7,88.5,"NASA POWER Daily Agroclimatology API (Point 25.5788 N, 91.8933 E)",0.01,0.5899999999999254,0.5900000000000248,0.7199999999999716,21.96
2023-12-26,0.0,13.26,9.31,18.82,81.85,"NASA POWER Daily Agroclimatology API (Point 25.5788 N, 91.8933 E)",0.0,0.5899999999999254,0.5900000000000248,0.6799999999999715,21.96
2023-12-27,0.0,12.94,8.59,18.89,84.94,"NASA POWER Daily Agroclimatology API (Point 25.5788 N, 91.8933 E)",0.0,0.009999999999925393,0.5900000000000248,0.5899999999999715,21.96
2023-12-28,0.0,12.51,9.1,17.76,81.24,"NASA POWER Daily Agroclimatology API (Point 25.5788 N, 91.8933 E)",0.0,0.0,0.5900000000000248,0.5899999999999715,21.96
2023-12-29,0.0,12.85,8.27,19.03,78.07,"NASA POWER Daily Agroclimatology API (Point 25.5788 N, 91.8933 E)",0.0,0.0,0.5900000000000248,0.5899999999999715,21.96
2023-12-30,0.0,13.21,8.77,18.83,74.78,"NASA POWER Daily Agroclimatology API (Point 25.5788 N, 91.8933 E)",0.0,0.0,0.5900000000000248,0.5899999999999715,21.96
2023-12-31,0.0,13.2,9.72,18.12,76.22,"NASA POWER Daily Agroclimatology API (Point 25.5788 N, 91.8933 E)",0.0,0.0,0.01000000000002487,0.5899999999999715,21.96
2024-01-01,0.0,12.35,8.62,17.81,84.81,"NASA POWER Daily Agroclimatology API (Point 25.5788 N, 91.8933 E)",0.0,0.0,0.0,0.5899999999999715,21.96
2024-01-02,0.0,11.46,6.85,18.07,84.91,"NASA POWER Daily Agroclimatology API (Point 25.5788 N, 91.8933 E)",0.0,0.0,0.0,0.5899999999999715,21.96
2024-01-03,0.0,11.2,6.98,17.86,81.15,"NASA POWER Daily Agroclimatology API (Point 25.5788 N, 91.8933 E)",0.0,0.0,0.0,0.5899999999999715,21.96
2024-01-04,0.0,10.44,6.25,17.59,83.51,"NASA POWER Daily Agroclimatology API (Point 25.5788 N, 91.8933 E)",0.0,0.0,0.0,0.5899999999999715,21.96
2024-01-05,0.0,10.66,5.38,17.02,78.79,"NASA POWER Daily Agroclimatology API (Point 25.5788 N, 91.8933 E)",0.0,0.0,0.0,0.5899999999999715,21.77
2024-01-06,0.0,11.42,6.5,17.3,71.08,"NASA POWER Daily Agroclimatology API (Point 25.5788 N, 91.8933 E)",0.0,0.0,0.0,0.5899999999999715,7.2700000000000005
2024-01-07,0.0,11.22,6.46,18.12,70.99,"NASA POWER Daily Agroclimatology API (Point 25.5788 N, 91.8933 E)",0.0,0.0,0.0,0.009999999999971578,1.0399999999999998
2024-01-08,0.0,11.28,6.26,17.47,72.39,"NASA POWER Daily Agroclimatology API (Point 25.5788 N, 91.8933 E)",0.0,0.0,0.0,0.0,0.7399999999999999
2024-01-09,0.0,10.33,5.09,17.56,83.31,"NASA POWER Daily Agroclimatology API (Point 25.5788 N, 91.8933 E)",0.0,0.0,0.0,0.0,0.74
2024-01-10,0.0,10.56,6.37,17.87,81.85,"NASA POWER Daily Agroclimatology API (Point 25.5788 N, 91.8933 E)",0.0,0.0,0.0,0.0,0.72
2024-01-11,0.0,10.18,5.37,16.99,80.22,"NASA POWER Daily Agroclimatology API (Point 25.5788 N, 91.8933 E)",0.0,0.0,0.0,0.0,0.6799999999999999
2024-01-12,0.0,9.43,3.33,17.32,81.09,"NASA POWER Daily Agroclimatology API (Point 25.5788 N, 91.8933 E)",0.0,0.0,0.0,0.0,0.59
2024-01-13,0.0,9.83,3.89,17.51,80.66,"NASA POWER Daily Agroclimatology API (Point 25.5788 N, 91.8933 E)",0.0,0.0,0.0,0.0,0.59
2024-01-14,0.0,11.02,4.95,17.83,73.12,"NASA POWER Daily Agroclimatology API (Point 25.5788 N, 91.8933 E)",0.0,0.0,0.0,0.0,0.59
2024-01-15,0.0,11.26,6.42,17.41,68.02,"NASA POWER Daily Agroclimatology API (Point 25.5788 N, 91.8933 E)",0.0,0.0,0.0,0.0,0.59
2024-01-16,0.0,9.68,4.24,15.42,76.88,"NASA POWER Daily Agroclimatology API (Point 25.5788 N, 91.8933 E)",0.0,0.0,0.0,0.0,0.59
2024-01-17,0.0,8.26,3.52,15.24,82.18,"NASA POWER Daily Agroclimatology API (Point 25.5788 N, 91.8933 E)",0.0,0.0,0.0,0.0,0.59
2024-01-18,0.0,8.17,2.56,15.78,80.82,"NASA POWER Daily Agroclimatology API (Point 25.5788 N, 91.8933 E)",0.0,0.0,0.0,0.0,0.59
2024-01-19,0.0,9.78,4.13,16.5,72.89,"NASA POWER Daily Agroclimatology API (Point 25.5788 N, 91.8933 E)",0.0,0.0,0.0,0.0,0.59
2024-01-20,0.0,9.43,4.31,16.25,78.68,"NASA POWER Daily Agroclimatology API (Point 25.5788 N, 91.8933 E)",0.0,0.0,0.0,0.0,0.59
2024-01-21,0.0,9.32,5.89,14.49,79.17,"NASA POWER Daily Agroclimatology API (Point 25.5788 N, 91.8933 E)",0.0,0.0,0.0,0.0,0.59
2024-01-22,0.0,8.89,3.1,15.9,79.91,"NASA POWER Daily Agroclimatology API (Point 25.5788 N, 91.8933 E)",0.0,0.0,0.0,0.0,0.59
2024-01-23,0.0,9.09,3.69,15.97,81.78,"NASA POWER Daily Agroclimatology API (Point 25.5788 N, 91.8933 E)",0.0,0.0,0.0,0.0,0.01
2024-01-24,1.48,9.11,4.49,16.19,81.45,"NASA POWER Daily Agroclimatology API (Point 25.5788 N, 91.8933 E)",1.48,1.4799999999999254,1.4800000000000249,1.4799999999999716,1.48
2024-01-25,0.29,8.82,3.88,15.29,79.87,"NASA POWER Daily Agroclimatology API (Point 25.5788 N, 91.8933 E)",0.29,1.7699999999999254,1.7700000000000249,1.7699999999999716,1.77
2024-01-26,0.0,8.92,4.52,15.6,77.84,"NASA POWER Daily Agroclimatology API (Point 25.5788 N, 91.8933 E)",0.0,1.7699999999999254,1.7700000000000249,1.7699999999999716,1.77
2024-01-27,0.0,9.63,5.68,16.61,77.68,"NASA POWER Daily Agroclimatology API (Point 25.5788 N, 91.8933 E)",0.0,0.2899999999999254,1.7700000000000249,1.7699999999999716,1.77
2024-01-28,0.0,10.21,5.64,16.29,79.52,"NASA POWER Daily Agroclimatology API (Point 25.5788 N, 91.8933 E)",0.0,0.0,1.7700000000000249,1.7699999999999716,1.77
2024-01-29,0.0,10.42,5.94,16.87,79.3,"NASA POWER Daily Agroclimatology API (Point 25.5788 N, 91.8933 E)",0.0,0.0,1.7700000000000249,1.7699999999999716,1.77
2024-01-30,0.0,10.03,6.23,16.27,73.81,"NASA POWER Daily Agroclimatology API (Point 25.5788 N, 91.8933 E)",0.0,0.0,1.7700000000000249,1.7699999999999716,1.77
2024-01-31,0.0,10.17,5.83,15.25,76.65,"NASA POWER Daily Agroclimatology API (Point 25.5788 N, 91.8933 E)",0.0,0.0,0.29000000000002485,1.7699999999999716,1.77
2024-02-01,0.02,10.01,5.83,16.53,82.93,"NASA POWER Daily Agroclimatology API (Point 25.5788 N, 91.8933 E)",0.02,0.019999999999925393,0.02000000000002487,1.7899999999999716,1.79
2024-02-02,0.48,10.01,4.75,14.87,87.45,"NASA POWER Daily Agroclimatology API (Point 25.5788 N, 91.8933 E)",0.48,0.4999999999999254,0.5000000000000249,2.2699999999999716,2.27
2024-02-03,0.02,9.49,4.54,15.12,70.18,"NASA POWER Daily Agroclimatology API (Point 25.5788 N, 91.8933 E)",0.02,0.5199999999999254,0.5200000000000249,2.2899999999999716,2.29
2024-02-04,0.13,9.2,4.42,16.17,65.22,"NASA POWER Daily Agroclimatology API (Point 25.5788 N, 91.8933 E)",0.13,0.6299999999999254,0.6500000000000249,2.4199999999999715,2.42
2024-02-05,0.0,10.08,5.41,16.79,74.64,"NASA POWER Daily Agroclimatology API (Point 25.5788 N, 91.8933 E)",0.0,0.1499999999999254,0.6500000000000249,2.4199999999999715,2.42
2024-02-06,0.0,9.68,4.83,14.12,93.0,"NASA POWER Daily Agroclimatology API (Point 25.5788 N, 91.8933 E)",0.0,0.1299999999999254,0.6500000000000249,2.4199999999999715,2.42
2024-02-07,0.0,9.49,3.95,16.91,78.82,"NASA POWER Daily Agroclimatology API (Point 25.5788 N, 91.8933 E)",0.0,0.0,0.6500000000000249,0.9399999999999715,2.42
2024-02-08,0.0,7.53,2.61,15.06,62.84,"NASA POWER Daily Agroclimatology API (Point 25.5788 N, 91.8933 E)",0.0,0.0,0.6300000000000249,0.6499999999999715,2.42
2024-02-09,0.0,8.88,1.32,17.1,64.21,"NASA POWER Daily Agroclimatology API (Point 25.5788 N, 91.8933 E)",0.0,0.0,0.15000000000002486,0.6499999999999715,2.42
2024-02-10,0.0,11.8,4.97,19.13,56.03,"NASA POWER Daily Agroclimatology API (Point 25.5788 N, 91.8933 E)",0.0,0.0,0.13000000000002487,0.6499999999999715,2.42
2024-02-11,0.0,12.5,7.37,19.29,58.47,"NASA POWER Daily Agroclimatology API (Point 25.5788 N, 91.8933 E)",0.0,0.0,0.0,0.6499999999999715,2.42
2024-02-12,0.0,12.59,7.83,19.69,62.99,"NASA POWER Daily Agroclimatology API (Point 25.5788 N, 91.8933 E)",0.0,0.0,0.0,0.6499999999999715,2.42
2024-02-13,0.0,12.06,6.82,19.56,53.13,"NASA POWER Daily Agroclimatology API (Point 25.5788 N, 91.8933 E)",0.0,0.0,0.0,0.6499999999999715,2.42
2024-02-14,0.0,13.49,8.29,20.15,71.84,"NASA POWER Daily Agroclimatology API (Point 25.5788 N, 91.8933 E)",0.0,0.0,0.0,0.6499999999999715,2.42
2024-02-15,0.51,13.36,8.86,18.58,82.84,"NASA POWER Daily Agroclimatology API (Point 25.5788 N, 91.8933 E)",0.51,0.5099999999999254,0.5100000000000249,1.1399999999999717,2.9299999999999997
2024-02-16,0.0,13.53,7.99,20.78,77.26,"NASA POWER Daily Agroclimatology API (Point 25.5788 N, 91.8933 E)",0.0,0.5099999999999254,0.5100000000000249,0.6599999999999716,2.9299999999999997
2024-02-17,0.0,12.82,8.57,19.27,76.35,"NASA POWER Daily Agroclimatology API (Point 25.5788 N, 91.8933 E)",0.0,0.5099999999999254,0.5100000000000249,0.6399999999999716,2.9299999999999997
2024-02-18,0.0,12.21,7.62,18.66,67.58,"NASA POWER Daily Agroclimatology API (Point 25.5788 N, 91.8933 E)",0.0,0.0,0.5100000000000249,0.5099999999999716,2.9299999999999997
2024-02-19,0.0,12.12,7.02,18.78,63.16,"NASA POWER Daily Agroclimatology API (Point 25.5788 N, 91.8933 E)",0.0,0.0,0.5100000000000249,0.5099999999999716,2.9299999999999997
2024-02-20,0.15,11.44,6.51,17.67,74.77,"NASA POWER Daily Agroclimatology API (Point 25.5788 N, 91.8933 E)",0.15,0.1499999999999254,0.6600000000000249,0.6599999999999716,3.08
2024-02-21,8.51,13.08,7.86,18.39,87.73,"NASA POWER Daily Agroclimatology API (Point 25.5788 N, 91.8933 E)",8.51,8.659999999999926,9.170000000000025,9.169999999999972,11.59
2024-02-22,16.78,13.65,9.18,18.47,89.68,"NASA POWER Daily Agroclimatology API (Point 25.5788 N, 91.8933 E)",16.78,25.439999999999927,25.440000000000026,25.949999999999974,28.37
2024-02-23,7.5,12.78,8.08,19.46,80.21,"NASA POWER Daily Agroclimatology API (Point 25.5788 N, 91.8933 E)",7.5,32.78999999999993,32.940000000000026,33.449999999999974,34.39
2024-02-24,0.0,12.03,7.69,18.49,59.12,"NASA POWER Daily Agroclimatology API (Point 25.5788 N, 91.8933 E)",0.0,24.279999999999927,32.940000000000026,33.449999999999974,34.1
2024-02-25,1.74,12.05,7.39,17.88,68.68,"NASA POWER Daily Agroclimatology API (Point 25.5788 N, 91.8933 E)",1.74,9.239999999999926,34.68000000000003,35.189999999999976,35.84
2024-02-26,0.0,11.77,5.08,20.19,66.77,"NASA POWER Daily Agroclimatology API (Point 25.5788 N, 91.8933 E)",0.0,1.7399999999999254,34.68000000000003,35.189999999999976,35.84
2024-02-27,0.0,13.64,8.23,19.78,59.01,"NASA POWER Daily Agroclimatology API (Point 25.5788 N, 91.8933 E)",0.0,1.7399999999999254,34.53000000000003,35.189999999999976,35.84
2024-02-28,0.0,12.91,8.45,19.23,63.54,"NASA POWER Daily Agroclimatology API (Point 25.5788 N, 91.8933 E)",0.0,0.0,26.020000000000024,35.189999999999976,35.84
2024-02-29,0.0,12.75,8.33,19.48,74.07,"NASA POWER Daily Agroclimatology API (Point 25.5788 N, 91.8933 E)",0.0,0.0,9.240000000000025,34.67999999999998,35.84
2024-03-01,0.0,13.73,8.27,20.6,69.5,"NASA POWER Daily Agroclimatology API (Point 25.5788 N, 91.8933 E)",0.0,0.0,1.7400000000000249,34.67999999999998,35.84
2024-03-02,0.0,13.97,8.6,20.88,72.56,"NASA POWER Daily Agroclimatology API (Point 25.5788 N, 91.8933 E)",0.0,0.0,1.7400000000000249,34.67999999999998,35.82
2024-03-03,0.0,14.21,9.7,21.06,69.87,"NASA POWER Daily Agroclimatology API (Point 25.5788 N, 91.8933 E)",0.0,0.0,0.0,34.67999999999998,35.34
2024-03-04,0.18,14.32,8.33,20.64,80.84,"NASA POWER Daily Agroclimatology API (Point 25.5788 N, 91.8933 E)",0.18,0.1799999999999254,0.18000000000002486,34.85999999999998,35.5
2024-03-05,0.04,13.36,8.27,20.16,75.86,"NASA POWER Daily Agroclimatology API (Point 25.5788 N, 91.8933 E)",0.04,0.2199999999999254,0.22000000000002487,34.74999999999998,35.410000000000004
2024-03-06,0.0,12.82,6.71,20.82,49.69,"NASA POWER Daily Agroclimatology API (Point 25.5788 N, 91.8933 E)",0.0,0.2199999999999254,0.22000000000002487,26.239999999999974,35.410000000000004
2024-03-07,0.0,12.87,6.71,21.04,52.84,"NASA POWER Daily Agroclimatology API (Point 25.5788 N, 91.8933 E)",0.0,0.039999999999925394,0.22000000000002487,9.459999999999972,35.410000000000004
2024-03-08,0.0,12.79,6.75,20.83,56.21,"NASA POWER Daily Agroclimatology API (Point 25.5788 N, 91.8933 E)",0.0,0.0,0.22000000000002487,1.9599999999999715,35.410000000000004
2024-03-09,0.0,13.09,8.19,20.66,52.92,"NASA POWER Daily Agroclimatology API (Point 25.5788 N, 91.8933 E)",0.0,0.0,0.22000000000002487,1.9599999999999715,35.410000000000004
2024-03-10,0.0,13.64,7.91,21.39,58.58,"NASA POWER Daily Agroclimatology API (Point 25.5788 N, 91.8933 E)",0.0,0.0,0.22000000000002487,0.21999999999997158,35.410000000000004
2024-03-11,0.0,14.61,8.69,22.21,66.86,"NASA POWER Daily Agroclimatology API (Point 25.5788 N, 91.8933 E)",0.0,0.0,0.04000000000002487,0.21999999999997158,35.410000000000004
2024-03-12,0.0,15.3,10.51,21.72,60.09,"NASA POWER Daily Agroclimatology API (Point 25.5788 N, 91.8933 E)",0.0,0.0,0.0,0.21999999999997158,35.410000000000004
2024-03-13,0.04,14.88,9.85,21.17,65.58,"NASA POWER Daily Agroclimatology API (Point 25.5788 N, 91.8933 E)",0.04,0.039999999999925394,0.04000000000002487,0.2599999999999716,35.45
2024-03-14,0.21,14.93,9.16,21.13,74.92,"NASA POWER Daily Agroclimatology API (Point 25.5788 N, 91.8933 E)",0.21,0.2499999999999254,0.25000000000002487,0.46999999999997155,35.660000000000004
2024-03-15,0.02,16.09,10.7,22.65,73.34,"NASA POWER Daily Agroclimatology API (Point 25.5788 N, 91.8933 E)",0.02,0.2699999999999254,0.2700000000000249,0.48999999999997157,35.68
2024-03-16,4.6,17.01,12.67,22.94,57.86,"NASA POWER Daily Agroclimatology API (Point 25.5788 N, 91.8933 E)",4.6,4.8299999999999255,4.870000000000024,5.089999999999971,39.769999999999996
2024-03-17,0.45,17.29,12.64,23.53,61.63,"NASA POWER Daily Agroclimatology API (Point 25.5788 N, 91.8933 E)",0.45,5.069999999999926,5.320000000000024,5.539999999999972,40.22
2024-03-18,0.0,17.61,12.13,23.8,59.46,"NASA POWER Daily Agroclimatology API (Point 25.5788 N, 91.8933 E)",0.0,5.049999999999925,5.320000000000024,5.359999999999972,40.22
2024-03-19,0.02,18.79,14.43,25.51,61.8,"NASA POWER Daily Agroclimatology API (Point 25.5788 N, 91.8933 E)",0.02,0.4699999999999254,5.340000000000024,5.339999999999971,40.239999999999995
2024-03-20,30.32,15.94,11.39,19.0,76.39,"NASA POWER Daily Agroclimatology API (Point 25.5788 N, 91.8933 E)",30.32,30.339999999999925,35.620000000000026,35.65999999999997,70.56
2024-03-21,4.07,15.31,9.69,22.48,80.41,"NASA POWER Daily Agroclimatology API (Point 25.5788 N, 91.8933 E)",4.07,34.409999999999926,39.480000000000025,39.729999999999976,74.48
2024-03-22,0.54,14.57,10.07,19.06,84.63,"NASA POWER Daily Agroclimatology API (Point 25.5788 N, 91.8933 E)",0.54,34.92999999999992,40.00000000000003,40.269999999999975,66.51
2024-03-23,6.81,14.47,9.56,19.11,83.97,"NASA POWER Daily Agroclimatology API (Point 25.5788 N, 91.8933 E)",6.81,11.419999999999925,42.21000000000003,47.07999999999997,56.54
2024-03-24,6.56,15.49,10.38,21.36,83.67,"NASA POWER Daily Agroclimatology API (Point 25.5788 N, 91.8933 E)",6.56,13.909999999999926,48.32000000000002,53.63999999999997,55.6
2024-03-25,10.34,16.67,11.57,22.58,80.3,"NASA POWER Daily Agroclimatology API (Point 25.5788 N, 91.8933 E)",10.34,23.709999999999926,58.660000000000025,63.979999999999976,65.94
2024-03-26,24.97,16.38,12.2,21.47,81.41,"NASA POWER Daily Agroclimatology API (Point 25.5788 N, 91.8933 E)",24.97,41.869999999999926,83.61000000000003,88.94999999999997,89.17
2024-03-27,0.18,16.41,11.36,22.63,75.56,"NASA POWER Daily Agroclimatology API (Point 25.5788 N, 91.8933 E)",0.18,35.489999999999924,53.47000000000002,89.08999999999996,89.35000000000001
2024-03-28,0.58,16.69,10.95,23.13,79.94,"NASA POWER Daily Agroclimatology API (Point 25.5788 N, 91.8933 E)",0.58,25.729999999999926,49.98000000000002,89.45999999999997,89.93
2024-03-29,0.39,17.89,13.91,23.27,77.95,"NASA POWER Daily Agroclimatology API (Point 25.5788 N, 91.8933 E)",0.39,1.1499999999999253,49.83000000000002,89.82999999999997,90.32000000000001
2024-03-30,7.29,18.38,13.92,23.05,84.37,"NASA POWER Daily Agroclimatology API (Point 25.5788 N, 91.8933 E)",7.29,8.259999999999925,50.310000000000024,92.51999999999997,97.61
2024-03-31,60.69,19.03,16.94,22.12,92.02,"NASA POWER Daily Agroclimatology API (Point 25.5788 N, 91.8933 E)",60.69,68.36999999999992,104.44000000000003,152.76,158.3
2024-04-01,15.6,18.29,12.46,23.31,81.69,"NASA POWER Daily Agroclimatology API (Point 25.5788 N, 91.8933 E)",15.6,83.57999999999991,109.70000000000002,168.35999999999999,173.9
2024-04-02,0.6,17.0,11.64,23.36,74.11,"NASA POWER Daily Agroclimatology API (Point 25.5788 N, 91.8933 E)",0.6,76.88999999999992,85.33000000000001,168.93999999999997,174.5
2024-04-03,6.69,17.69,12.72,23.27,78.6,"NASA POWER Daily Agroclimatology API (Point 25.5788 N, 91.8933 E)",6.69,22.889999999999922,91.84000000000002,145.30999999999997,181.01
2024-04-04,2.67,18.04,11.59,23.75,73.03,"NASA POWER Daily Agroclimatology API (Point 25.5788 N, 91.8933 E)",2.67,9.959999999999923,93.93000000000002,143.90999999999997,183.64000000000001
2024-04-05,16.0,18.75,14.07,24.82,83.26,"NASA POWER Daily Agroclimatology API (Point 25.5788 N, 91.8933 E)",16.0,25.35999999999992,109.54000000000002,159.36999999999995,199.64000000000001
2024-04-06,3.96,18.75,14.82,24.5,81.34,"NASA POWER Daily Agroclimatology API (Point 25.5788 N, 91.8933 E)",3.96,22.62999999999992,106.21000000000002,156.51999999999995,203.6
2024-04-07,26.39,18.91,14.02,24.98,77.36,"NASA POWER Daily Agroclimatology API (Point 25.5788 N, 91.8933 E)",26.39,46.34999999999992,71.91000000000003,176.35,229.99
2024-04-08,0.0,18.43,13.06,24.54,73.78,"NASA POWER Daily Agroclimatology API (Point 25.5788 N, 91.8933 E)",0.0,30.349999999999923,56.31000000000002,166.01,229.99
2024-04-09,0.0,18.69,13.52,24.97,66.55,"NASA POWER Daily Agroclimatology API (Point 25.5788 N, 91.8933 E)",0.0,26.389999999999922,55.71000000000002,141.04,229.99
2024-04-10,0.0,18.76,13.44,24.72,58.11,"NASA POWER Daily Agroclimatology API (Point 25.5788 N, 91.8933 E)",0.0,0.0,49.020000000000024,140.85999999999999,229.99
2024-04-11,0.23,19.65,14.41,25.82,56.63,"NASA POWER Daily Agroclimatology API (Point 25.5788 N, 91.8933 E)",0.23,0.22999999999992185,46.58000000000002,140.50999999999996,230.22
2024-04-12,0.05,20.03,15.26,25.73,58.99,"NASA POWER Daily Agroclimatology API (Point 25.5788 N, 91.8933 E)",0.05,0.27999999999992187,30.630000000000024,140.17,230.23000000000002
2024-04-13,0.0,19.92,15.54,26.1,65.22,"NASA POWER Daily Agroclimatology API (Point 25.5788 N, 91.8933 E)",0.0,0.27999999999992187,26.670000000000023,132.88,230.02
2024-04-14,1.1,20.07,15.38,25.95,63.54,"NASA POWER Daily Agroclimatology API (Point 25.5788 N, 91.8933 E)",1.1,1.149999999999922,1.3800000000000214,73.28999999999998,231.1
2024-04-15,4.6,20.62,16.06,25.95,67.64,"NASA POWER Daily Agroclimatology API (Point 25.5788 N, 91.8933 E)",4.6,5.699999999999921,5.980000000000021,62.28999999999997,231.1
2024-04-16,3.38,20.53,16.78,25.7,71.94,"NASA POWER Daily Agroclimatology API (Point 25.5788 N, 91.8933 E)",3.38,9.07999999999992,9.36000000000002,65.06999999999996,234.03
2024-04-17,1.89,19.89,15.7,24.73,79.86,"NASA POWER Daily Agroclimatology API (Point 25.5788 N, 91.8933 E)",1.89,9.869999999999921,11.250000000000021,60.26999999999997,235.92000000000002
2024-04-18,6.79,19.75,15.94,25.16,82.41,"NASA POWER Daily Agroclimatology API (Point 25.5788 N, 91.8933 E)",6.79,12.05999999999992,17.81000000000002,64.38999999999997,242.69
2024-04-19,10.93,19.44,14.72,23.91,84.86,"NASA POWER Daily Agroclimatology API (Point 25.5788 N, 91.8933 E)",10.93,19.60999999999992,28.69000000000002,59.319999999999965,223.3
2024-04-20,28.33,19.14,14.41,24.5,84.77,"NASA POWER Daily Agroclimatology API (Point 25.5788 N, 91.8933 E)",28.33,46.04999999999992,57.02000000000002,83.68999999999997,247.55999999999997
2024-04-21,0.33,19.56,13.86,25.68,77.32,"NASA POWER Daily Agroclimatology API (Point 25.5788 N, 91.8933 E)",0.33,39.58999999999992,56.250000000000014,57.629999999999974,247.35
2024-04-22,12.66,20.29,15.73,24.63,84.02,"NASA POWER Daily Agroclimatology API (Point 25.5788 N, 91.8933 E)",12.66,41.31999999999992,64.31000000000002,70.28999999999996,253.2
2024-04-23,1.29,18.8,14.21,23.78,75.53,"NASA POWER Daily Agroclimatology API (Point 25.5788 N, 91.8933 E)",1.29,14.279999999999923,62.22000000000002,71.57999999999997,247.92999999999998
2024-04-24,3.49,19.65,13.63,25.29,75.75,"NASA POWER Daily Agroclimatology API (Point 25.5788 N, 91.8933 E)",3.49,17.439999999999923,63.82000000000002,75.06999999999996,241.07999999999998
2024-04-25,0.27,20.25,14.69,26.39,71.45,"NASA POWER Daily Agroclimatology API (Point 25.5788 N, 91.8933 E)",0.27,5.0499999999999226,57.30000000000002,75.10999999999997,216.38
2024-04-26,3.1,19.92,14.26,25.35,73.78,"NASA POWER Daily Agroclimatology API (Point 25.5788 N, 91.8933 E)",3.1,6.859999999999922,49.47000000000002,78.15999999999997,219.3
2024-04-27,14.43,20.33,15.34,25.69,80.83,"NASA POWER Daily Agroclimatology API (Point 25.5788 N, 91.8933 E)",14.43,17.799999999999923,35.57000000000002,92.58999999999996,233.15
2024-04-28,6.47,20.49,15.42,25.51,83.74,"NASA POWER Daily Agroclimatology API (Point 25.5788 N, 91.8933 E)",6.47,23.999999999999922,41.71000000000002,97.95999999999997,239.23000000000002
2024-04-29,2.75,20.46,15.43,25.91,79.75,"NASA POWER Daily Agroclimatology API (Point 25.5788 N, 91.8933 E)",2.75,23.64999999999992,31.80000000000002,96.10999999999997,234.69
2024-04-30,2.07,20.51,15.38,25.95,83.13,"NASA POWER Daily Agroclimatology API (Point 25.5788 N, 91.8933 E)",2.07,11.289999999999921,32.58000000000002,94.79999999999997,176.07
2024-05-01,9.09,19.94,15.83,24.52,83.52,"NASA POWER Daily Agroclimatology API (Point 25.5788 N, 91.8933 E)",9.09,13.909999999999922,38.18000000000002,101.99999999999997,169.56
2024-05-02,30.85,19.83,15.69,24.46,88.0,"NASA POWER Daily Agroclimatology API (Point 25.5788 N, 91.8933 E)",30.85,42.00999999999992,68.76000000000002,126.05999999999997,199.81
2024-05-03,0.2,20.19,16.5,24.86,74.41,"NASA POWER Daily Agroclimatology API (Point 25.5788 N, 91.8933 E)",0.2,40.13999999999992,65.86000000000003,115.32999999999997,193.32
2024-05-04,1.34,20.3,16.59,25.01,64.05,"NASA POWER Daily Agroclimatology API (Point 25.5788 N, 91.8933 E)",1.34,32.38999999999992,52.77000000000002,88.33999999999997,191.98999999999998
2024-05-05,50.09,19.87,16.62,23.15,89.11,"NASA POWER Daily Agroclimatology API (Point 25.5788 N, 91.8933 E)",50.09,51.629999999999924,96.39000000000001,138.09999999999997,226.07999999999998
2024-05-06,35.08,19.73,16.05,23.06,90.62,"NASA POWER Daily Agroclimatology API (Point 25.5788 N, 91.8933 E)",35.08,86.50999999999992,128.72000000000003,160.51999999999998,257.2
2024-05-07,4.3,18.32,14.18,23.39,83.47,"NASA POWER Daily Agroclimatology API (Point 25.5788 N, 91.8933 E)",4.3,89.46999999999991,130.95000000000002,163.52999999999997,235.10999999999999
2024-05-08,1.18,18.36,13.26,24.26,81.25,"NASA POWER Daily Agroclimatology API (Point 25.5788 N, 91.8933 E)",1.18,40.55999999999992,123.04000000000002,161.21999999999997,236.29
2024-05-09,6.59,19.16,15.23,23.37,78.6,"NASA POWER Daily Agroclimatology API (Point 25.5788 N, 91.8933 E)",6.59,12.069999999999922,98.78000000000003,167.53999999999996,242.88
2024-05-10,9.8,18.86,15.09,22.86,83.58,"NASA POWER Daily Agroclimatology API (Point 25.5788 N, 91.8933 E)",9.8,17.569999999999922,108.38000000000002,174.23999999999998,252.68
2024-05-11,11.27,19.52,16.18,23.23,84.69,"NASA POWER Daily Agroclimatology API (Point 25.5788 N, 91.8933 E)",11.27,27.659999999999922,118.31000000000003,171.07999999999996,263.72
2024-05-12,0.33,21.02,16.18,26.2,79.97,"NASA POWER Daily Agroclimatology API (Point 25.5788 N, 91.8933 E)",0.33,21.39999999999992,68.55000000000003,164.93999999999997,264.0
2024-05-13,0.3,21.48,16.79,26.77,77.04,"NASA POWER Daily Agroclimatology API (Point 25.5788 N, 91.8933 E)",0.3,11.899999999999922,33.770000000000024,162.48999999999995,264.3
2024-05-14,1.24,21.75,18.18,26.86,79.71,"NASA POWER Daily Agroclimatology API (Point 25.5788 N, 91.8933 E)",1.24,1.869999999999922,30.710000000000022,161.65999999999997,264.44
2024-05-15,4.51,22.07,18.44,26.47,81.3,"NASA POWER Daily Agroclimatology API (Point 25.5788 N, 91.8933 E)",4.51,6.049999999999922,34.04000000000002,157.07999999999996,264.35
2024-05-16,24.35,22.3,18.7,26.94,84.31,"NASA POWER Daily Agroclimatology API (Point 25.5788 N, 91.8933 E)",24.35,30.099999999999923,51.800000000000026,150.57999999999998,285.32
2024-05-17,11.37,21.4,18.02,25.59,86.52,"NASA POWER Daily Agroclimatology API (Point 25.5788 N, 91.8933 E)",11.37,40.22999999999992,53.370000000000026,161.74999999999997,294.8
2024-05-18,39.07,20.53,18.44,23.43,90.23,"NASA POWER Daily Agroclimatology API (Point 25.5788 N, 91.8933 E)",39.07,74.78999999999992,81.17000000000002,199.48,327.08
2024-05-19,17.37,20.86,17.9,25.06,83.4,"NASA POWER Daily Agroclimatology API (Point 25.5788 N, 91.8933 E)",17.37,67.80999999999992,98.21000000000002,166.76,333.52
2024-05-20,5.71,21.43,17.71,25.47,82.3,"NASA POWER Daily Agroclimatology API (Point 25.5788 N, 91.8933 E)",5.71,62.14999999999992,103.62000000000003,137.38999999999996,310.90000000000003
2024-05-21,5.85,22.25,17.29,26.48,78.01,"NASA POWER Daily Agroclimatology API (Point 25.5788 N, 91.8933 E)",5.85,28.92999999999992,108.23000000000002,138.94,316.42
2024-05-22,2.17,22.84,18.84,27.51,75.0,"NASA POWER Daily Agroclimatology API (Point 25.5788 N, 91.8933 E)",2.17,13.729999999999922,105.89000000000003,139.92999999999998,305.93
2024-05-23,3.97,23.33,18.37,28.16,73.49,"NASA POWER Daily Agroclimatology API (Point 25.5788 N, 91.8933 E)",3.97,11.98999999999992,85.51000000000002,137.30999999999997,308.61
2024-05-24,0.98,24.08,18.66,29.0,72.88,"NASA POWER Daily Agroclimatology API (Point 25.5788 N, 91.8933 E)",0.98,7.119999999999922,75.12000000000003,128.48999999999998,306.09999999999997
2024-05-25,0.09,23.98,18.54,29.73,79.6,"NASA POWER Daily Agroclimatology API (Point 25.5788 N, 91.8933 E)",0.09,5.039999999999922,36.14000000000002,117.30999999999997,305.92
2024-05-26,10.39,24.08,19.9,29.26,83.4,"NASA POWER Daily Agroclimatology API (Point 25.5788 N, 91.8933 E)",10.39,11.459999999999923,29.16000000000002,127.36999999999998,313.21000000000004
2024-05-27,129.0,21.7,20.3,23.28,91.8,"NASA POWER Daily Agroclimatology API (Point 25.5788 N, 91.8933 E)",129.0,139.47999999999993,152.45000000000002,256.07,427.78000000000003
2024-05-28,156.53,21.47,19.18,24.29,95.69,"NASA POWER Daily Agroclimatology API (Point 25.5788 N, 91.8933 E)",156.53,295.91999999999996,303.13,411.36,577.84
2024-05-29,51.52,22.5,20.99,24.4,94.04,"NASA POWER Daily Agroclimatology API (Point 25.5788 N, 91.8933 E)",51.52,337.04999999999995,352.48,458.37,626.61
2024-05-30,76.0,22.85,20.85,25.62,93.12,"NASA POWER Daily Agroclimatology API (Point 25.5788 N, 91.8933 E)",76.0,284.04999999999995,424.51000000000005,510.02,700.5400000000001
2024-05-31,33.03,22.58,20.45,25.47,92.14,"NASA POWER Daily Agroclimatology API (Point 25.5788 N, 91.8933 E)",33.03,160.54999999999995,456.56000000000006,531.6800000000001,724.48
2024-06-01,40.76,22.73,19.84,26.08,90.52,"NASA POWER Daily Agroclimatology API (Point 25.5788 N, 91.8933 E)",40.76,149.78999999999994,497.2300000000001,533.37,734.39
2024-06-02,71.54,22.31,20.14,24.84,92.29,"NASA POWER Daily Agroclimatology API (Point 25.5788 N, 91.8933 E)",71.54,145.32999999999996,558.38,587.54,805.73
2024-06-03,113.98,21.69,20.36,23.34,94.44,"NASA POWER Daily Agroclimatology API (Point 25.5788 N, 91.8933 E)",113.98,226.27999999999997,543.36,695.8100000000001,918.3700000000001
2024-06-04,44.91,21.85,19.49,24.99,90.61,"NASA POWER Daily Agroclimatology API (Point 25.5788 N, 91.8933 E)",44.91,230.42999999999995,431.74000000000007,734.87,913.19
2024-06-05,16.28,22.21,19.28,25.72,88.12,"NASA POWER Daily Agroclimatology API (Point 25.5788 N, 91.8933 E)",16.28,175.16999999999996,396.50000000000006,748.98,894.39
2024-06-06,18.42,22.41,19.48,25.51,87.15,"NASA POWER Daily Agroclimatology API (Point 25.5788 N, 91.8933 E)",18.42,79.60999999999994,338.92,763.4300000000001,908.51
2024-06-07,1.58,22.08,19.85,25.57,89.39,"NASA POWER Daily Agroclimatology API (Point 25.5788 N, 91.8933 E)",1.58,36.279999999999944,307.47,764.0300000000001,908.91
2024-06-08,20.37,22.56,19.36,26.16,90.16,"NASA POWER Daily Agroclimatology API (Point 25.5788 N, 91.8933 E)",20.37,40.36999999999995,287.08000000000004,784.3100000000001,922.69
2024-06-09,32.24,22.54,20.14,25.79,90.64,"NASA POWER Daily Agroclimatology API (Point 25.5788 N, 91.8933 E)",32.24,54.18999999999995,247.78000000000003,806.1600000000001,945.13
2024-06-10,13.51,23.08,20.25,27.02,89.08,"NASA POWER Daily Agroclimatology API (Point 25.5788 N, 91.8933 E)",13.51,66.11999999999995,147.31000000000003,690.6700000000001,947.37
2024-06-11,11.26,23.29,20.02,27.3,87.76,"NASA POWER Daily Agroclimatology API (Point 25.5788 N, 91.8933 E)",11.26,57.00999999999995,113.66000000000004,545.4000000000001,958.3000000000001
2024-06-12,66.48,22.67,20.28,25.87,90.19,"NASA POWER Daily Agroclimatology API (Point 25.5788 N, 91.8933 E)",66.48,91.24999999999994,163.86000000000004,560.36,1024.48
2024-06-13,57.17,22.7,20.26,25.65,93.2,"NASA POWER Daily Agroclimatology API (Point 25.5788 N, 91.8933 E)",57.17,134.90999999999997,202.61000000000007,541.53,1080.41
2024-06-14,27.54,22.84,20.32,25.65,91.69,"NASA POWER Daily Agroclimatology API (Point 25.5788 N, 91.8933 E)",27.54,151.18999999999997,228.57000000000005,536.0400000000001,1103.44
2024-06-15,28.68,22.93,20.94,25.54,92.99,"NASA POWER Daily Agroclimatology API (Point 25.5788 N, 91.8933 E)",28.68,113.38999999999996,236.88000000000005,523.96,1107.7700000000002
2024-06-16,49.26,23.37,21.34,26.25,92.53,"NASA POWER Daily Agroclimatology API (Point 25.5788 N, 91.8933 E)",49.26,105.47999999999996,253.90000000000003,501.68000000000006,1145.66
2024-06-17,100.18,22.71,21.18,25.18,94.11,"NASA POWER Daily Agroclimatology API (Point 25.5788 N, 91.8933 E)",100.18,178.11999999999998,340.57000000000005,487.88,1206.77
2024-06-18,99.92,22.32,20.7,24.52,95.19,"NASA POWER Daily Agroclimatology API (Point 25.5788 N, 91.8933 E)",99.92,249.35999999999996,429.2300000000001,542.89,1289.32
2024-06-19,87.83,21.71,20.47,23.47,96.63,"NASA POWER Daily Agroclimatology API (Point 25.5788 N, 91.8933 E)",87.83,287.92999999999995,450.58000000000004,614.44,1371.44
2024-06-20,23.25,21.59,19.45,24.4,94.01,"NASA POWER Daily Agroclimatology API (Point 25.5788 N, 91.8933 E)",23.25,210.99999999999997,416.66,619.27,1388.84
2024-06-21,2.03,22.53,19.03,26.44,86.07,"NASA POWER Daily Agroclimatology API (Point 25.5788 N, 91.8933 E)",2.03,113.10999999999997,391.15000000000003,619.72,1388.7
2024-06-22,5.09,23.12,19.83,27.19,85.84,"NASA POWER Daily Agroclimatology API (Point 25.5788 N, 91.8933 E)",5.09,30.36999999999997,367.56000000000006,604.44,1389.8200000000002
2024-06-23,7.48,23.36,20.36,26.99,90.01,"NASA POWER Daily Agroclimatology API (Point 25.5788 N, 91.8933 E)",7.48,14.599999999999971,325.7800000000001,579.6800000000001,1396.3200000000002
2024-06-24,12.28,22.8,20.58,25.14,92.81,"NASA POWER Daily Agroclimatology API (Point 25.5788 N, 91.8933 E)",12.28,24.849999999999973,237.88000000000002,578.45,1408.51
2024-06-25,11.14,23.19,20.62,26.57,91.09,"NASA POWER Daily Agroclimatology API (Point 25.5788 N, 91.8933 E)",11.14,30.89999999999997,149.10000000000005,578.33,1409.26
2024-06-26,15.19,24.26,21.74,28.17,87.65,"NASA POWER Daily Agroclimatology API (Point 25.5788 N, 91.8933 E)",15.19,38.60999999999997,76.46000000000002,527.04,1295.45
2024-06-27,17.3,23.08,20.77,25.85,91.79,"NASA POWER Daily Agroclimatology API (Point 25.5788 N, 91.8933 E)",17.3,43.62999999999997,70.51000000000002,487.17,1156.22
2024-06-28,34.28,22.51,19.48,25.86,93.28,"NASA POWER Daily Agroclimatology API (Point 25.5788 N, 91.8933 E)",34.28,66.76999999999997,102.76000000000002,493.90999999999997,1138.9800000000002
2024-06-29,54.97,22.68,20.53,24.6,95.54,"NASA POWER Daily Agroclimatology API (Point 25.5788 N, 91.8933 E)",54.97,106.54999999999997,152.64000000000001,520.2,1117.9499999999998
2024-06-30,232.27,22.87,21.36,24.48,96.33,"NASA POWER Daily Agroclimatology API (Point 25.5788 N, 91.8933 E)",232.27,321.52,377.43000000000006,703.21,1317.19
2024-07-01,78.92,22.71,21.46,24.41,95.68,"NASA POWER Daily Agroclimatology API (Point 25.5788 N, 91.8933 E)",78.92,366.16,444.07,681.95,1355.35
2024-07-02,47.53,22.59,19.81,25.52,92.95,"NASA POWER Daily Agroclimatology API (Point 25.5788 N, 91.8933 E)",47.53,358.71999999999997,480.46000000000004,629.56,1331.34
2024-07-03,17.4,22.84,20.29,25.51,92.08,"NASA POWER Daily Agroclimatology API (Point 25.5788 N, 91.8933 E)",17.4,143.84999999999997,482.67,559.13,1234.76
2024-07-04,34.93,22.1,20.02,24.44,94.09,"NASA POWER Daily Agroclimatology API (Point 25.5788 N, 91.8933 E)",34.93,99.85999999999997,500.3,570.8100000000001,1224.7800000000002
2024-07-05,47.53,22.29,20.6,23.64,95.71,"NASA POWER Daily Agroclimatology API (Point 25.5788 N, 91.8933 E)",47.53,99.85999999999997,513.5500000000001,616.3100000000001,1256.03
2024-07-06,13.48,22.1,20.06,25.14,92.81,"NASA POWER Daily Agroclimatology API (Point 25.5788 N, 91.8933 E)",13.48,95.93999999999998,472.06,624.7,1251.0900000000001
2024-07-07,4.35,22.55,19.36,26.68,89.79,"NASA POWER Daily Agroclimatology API (Point 25.5788 N, 91.8933 E)",4.35,65.35999999999997,244.14000000000004,621.57,1253.86
2024-07-08,5.89,22.67,19.96,26.2,93.1,"NASA POWER Daily Agroclimatology API (Point 25.5788 N, 91.8933 E)",5.89,23.71999999999997,171.11,615.1800000000001,1239.38
2024-07-09,15.29,22.13,20.2,24.51,94.08,"NASA POWER Daily Agroclimatology API (Point 25.5788 N, 91.8933 E)",15.29,25.52999999999997,138.87000000000003,619.33,1222.43
2024-07-10,66.84,22.62,21.43,24.28,95.06,"NASA POWER Daily Agroclimatology API (Point 25.5788 N, 91.8933 E)",66.84,88.01999999999998,188.31000000000003,670.98,1275.76
2024-07-11,88.19,22.6,21.37,24.17,95.32,"NASA POWER Daily Agroclimatology API (Point 25.5788 N, 91.8933 E)",88.19,170.32,241.57000000000005,741.87,1352.69
2024-07-12,40.71,22.59,20.63,25.48,93.13,"NASA POWER Daily Agroclimatology API (Point 25.5788 N, 91.8933 E)",40.71,195.73999999999998,234.75000000000003,748.3,1326.92
2024-07-13,7.82,22.71,19.71,26.51,90.69,"NASA POWER Daily Agroclimatology API (Point 25.5788 N, 91.8933 E)",7.82,136.71999999999997,229.09000000000003,701.1500000000001,1277.57
2024-07-14,3.83,23.25,19.46,27.01,88.28,"NASA POWER Daily Agroclimatology API (Point 25.5788 N, 91.8933 E)",3.83,52.359999999999985,228.57000000000005,472.71,1253.86
2024-07-15,12.04,24.0,20.78,28.15,89.7,"NASA POWER Daily Agroclimatology API (Point 25.5788 N, 91.8933 E)",12.04,23.689999999999984,234.72000000000003,405.83,1237.2199999999998
2024-07-16,5.58,23.7,21.06,26.9,87.35,"NASA POWER Daily Agroclimatology API (Point 25.5788 N, 91.8933 E)",5.58,21.449999999999985,225.01000000000002,363.88,1193.54
2024-07-17,4.51,24.42,20.62,28.06,88.63,"NASA POWER Daily Agroclimatology API (Point 25.5788 N, 91.8933 E)",4.51,22.12999999999998,162.68000000000004,350.98999999999995,1097.8700000000001
2024-07-18,2.96,24.17,21.95,27.0,90.32,"NASA POWER Daily Agroclimatology API (Point 25.5788 N, 91.8933 E)",2.96,13.049999999999986,77.45000000000003,319.02,1000.91
2024-07-19,6.2,24.68,21.85,28.63,89.21,"NASA POWER Daily Agroclimatology API (Point 25.5788 N, 91.8933 E)",6.2,13.669999999999986,42.940000000000026,277.69,919.28
2024-07-20,16.98,23.67,21.33,27.15,91.23,"NASA POWER Daily Agroclimatology API (Point 25.5788 N, 91.8933 E)",16.98,26.139999999999986,52.10000000000003,281.19,913.01
2024-07-21,11.17,23.39,21.01,26.65,90.37,"NASA POWER Daily Agroclimatology API (Point 25.5788 N, 91.8933 E)",11.17,34.34999999999999,59.44000000000003,288.01,922.15
2024-07-22,48.37,22.83,20.83,25.02,92.91,"NASA POWER Daily Agroclimatology API (Point 25.5788 N, 91.8933 E)",48.37,76.51999999999998,95.77000000000004,330.48999999999995,965.43
2024-07-23,55.16,22.47,20.46,25.2,92.47,"NASA POWER Daily Agroclimatology API (Point 25.5788 N, 91.8933 E)",55.16,114.69999999999999,145.35000000000002,370.36,1013.1099999999999
2024-07-24,14.28,23.05,19.99,26.65,91.27,"NASA POWER Daily Agroclimatology API (Point 25.5788 N, 91.8933 E)",14.28,117.80999999999997,155.12000000000003,317.79999999999995,1015.11
2024-07-25,10.84,23.9,20.94,27.99,90.46,"NASA POWER Daily Agroclimatology API (Point 25.5788 N, 91.8933 E)",10.84,80.27999999999999,163.00000000000003,240.45,1014.81
2024-07-26,2.21,24.27,21.38,27.79,88.05,"NASA POWER Daily Agroclimatology API (Point 25.5788 N, 91.8933 E)",2.21,27.32999999999999,159.01000000000002,201.95,1001.83
2024-07-27,11.35,24.13,20.44,27.9,88.98,"NASA POWER Daily Agroclimatology API (Point 25.5788 N, 91.8933 E)",11.35,24.39999999999999,153.38000000000002,205.48,995.88
2024-07-28,16.74,24.84,21.55,29.07,86.94,"NASA POWER Daily Agroclimatology API (Point 25.5788 N, 91.8933 E)",16.74,30.299999999999994,158.95000000000005,218.39,978.34
2024-07-29,21.14,23.44,21.47,26.79,92.34,"NASA POWER Daily Agroclimatology API (Point 25.5788 N, 91.8933 E)",21.14,49.22999999999999,131.72000000000003,227.48999999999998,944.51
2024-07-30,15.18,23.32,20.94,27.06,91.56,"NASA POWER Daily Agroclimatology API (Point 25.5788 N, 91.8933 E)",15.18,53.06,91.74000000000004,237.09,727.42
2024-07-31,17.8,23.67,20.77,27.78,90.86,"NASA POWER Daily Agroclimatology API (Point 25.5788 N, 91.8933 E)",17.8,54.12,95.26000000000003,250.38,666.3000000000001
2024-08-01,19.79,22.21,19.8,25.76,91.38,"NASA POWER Daily Agroclimatology API (Point 25.5788 N, 91.8933 E)",19.79,52.769999999999996,104.21000000000004,267.21000000000004,638.56
2024-08-02,62.24,21.15,19.82,22.78,95.34,"NASA POWER Daily Agroclimatology API (Point 25.5788 N, 91.8933 E)",62.24,99.83,164.24,323.25,683.4
2024-08-03,51.36,21.65,20.19,23.54,94.19,"NASA POWER Daily Agroclimatology API (Point 25.5788 N, 91.8933 E)",51.36,133.39,204.25000000000003,357.63,699.83
2024-08-04,14.84,22.23,19.66,25.7,91.41,"NASA POWER Daily Agroclimatology API (Point 25.5788 N, 91.8933 E)",14.84,128.44,202.35000000000002,361.3,667.14
2024-08-05,33.22,22.31,20.68,24.42,93.57,"NASA POWER Daily Agroclimatology API (Point 25.5788 N, 91.8933 E)",33.22,99.42,214.43000000000004,346.15,686.88
2024-08-06,28.11,22.66,20.09,26.31,91.75,"NASA POWER Daily Agroclimatology API (Point 25.5788 N, 91.8933 E)",28.11,76.17,227.36,319.1,710.64
2024-08-07,13.88,21.6,19.1,24.19,93.12,"NASA POWER Daily Agroclimatology API (Point 25.5788 N, 91.8933 E)",13.88,75.21,223.44000000000003,318.7,718.63
2024-08-08,27.7,21.67,18.83,25.13,93.79,"NASA POWER Daily Agroclimatology API (Point 25.5788 N, 91.8933 E)",27.7,69.69,231.35000000000002,335.56,731.04
2024-08-09,25.15,21.87,19.48,24.7,93.54,"NASA POWER Daily Agroclimatology API (Point 25.5788 N, 91.8933 E)",25.15,66.72999999999999,194.26000000000002,358.49999999999994,689.35
2024-08-10,48.2,22.24,19.68,24.68,93.84,"NASA POWER Daily Agroclimatology API (Point 25.5788 N, 91.8933 E)",48.2,101.05,191.10000000000002,395.35,649.36
2024-08-11,32.91,22.48,20.79,24.55,95.69,"NASA POWER Daily Agroclimatology API (Point 25.5788 N, 91.8933 E)",32.91,106.25999999999999,209.17000000000002,411.52,641.5600000000001
2024-08-12,18.22,22.47,20.51,25.17,94.86,"NASA POWER Daily Agroclimatology API (Point 25.5788 N, 91.8933 E)",18.22,99.33,194.17000000000002,408.6,651.96
2024-08-13,7.14,23.12,20.51,27.19,89.6,"NASA POWER Daily Agroclimatology API (Point 25.5788 N, 91.8933 E)",7.14,58.269999999999996,173.20000000000002,400.56,655.27
2024-08-14,2.31,23.74,20.99,27.18,88.15,"NASA POWER Daily Agroclimatology API (Point 25.5788 N, 91.8933 E)",2.31,27.669999999999998,161.63000000000002,385.07,645.54
2024-08-15,23.7,22.72,20.06,25.41,90.92,"NASA POWER Daily Agroclimatology API (Point 25.5788 N, 91.8933 E)",23.7,33.15,157.63000000000002,388.97999999999996,663.66
2024-08-16,8.92,22.27,19.38,26.31,90.7,"NASA POWER Daily Agroclimatology API (Point 25.5788 N, 91.8933 E)",8.92,34.93,141.4,335.66,668.0699999999999
2024-08-17,5.24,21.56,19.39,24.06,90.79,"NASA POWER Daily Agroclimatology API (Point 25.5788 N, 91.8933 E)",5.24,37.86,98.44000000000003,289.54,670.35
2024-08-18,17.45,21.03,19.21,23.21,93.26,"NASA POWER Daily Agroclimatology API (Point 25.5788 N, 91.8933 E)",17.45,31.61,82.98000000000003,292.15,681.6
2024-08-19,34.28,20.97,18.84,23.11,94.53,"NASA POWER Daily Agroclimatology API (Point 25.5788 N, 91.8933 E)",34.28,56.97,99.04000000000002,293.21,698.9
2024-08-20,188.63,21.07,19.75,22.49,97.3,"NASA POWER Daily Agroclimatology API (Point 25.5788 N, 91.8933 E)",188.63,240.36,280.53000000000003,453.72999999999996,876.36
2024-08-21,46.69,21.41,20.09,24.16,95.08,"NASA POWER Daily Agroclimatology API (Point 25.5788 N, 91.8933 E)",46.69,269.6,324.91,486.53999999999996,874.6800000000001
2024-08-22,19.25,20.86,19.39,23.55,95.11,"NASA POWER Daily Agroclimatology API (Point 25.5788 N, 91.8933 E)",19.25,254.57,320.46000000000004,478.09,838.77
2024-08-23,2.56,22.3,19.31,26.05,92.68,"NASA POWER Daily Agroclimatology API (Point 25.5788 N, 91.8933 E)",2.56,68.5,314.1,455.5,827.05
2024-08-24,10.22,21.85,19.94,24.25,94.52,"NASA POWER Daily Agroclimatology API (Point 25.5788 N, 91.8933 E)",10.22,32.03,319.08000000000004,417.52,826.4300000000001
2024-08-25,3.11,22.11,19.51,25.69,91.84,"NASA POWER Daily Agroclimatology API (Point 25.5788 N, 91.8933 E)",3.11,15.89,304.74,387.71999999999997,827.33
2024-08-26,0.97,21.7,18.94,25.52,90.73,"NASA POWER Daily Agroclimatology API (Point 25.5788 N, 91.8933 E)",0.97,14.3,271.43000000000006,370.46999999999997,816.9499999999999
2024-08-27,2.29,22.24,18.54,26.58,89.43,"NASA POWER Daily Agroclimatology API (Point 25.5788 N, 91.8933 E)",2.29,6.37,85.09000000000003,365.61999999999995,802.5
2024-08-28,2.58,22.93,19.7,27.14,87.95,"NASA POWER Daily Agroclimatology API (Point 25.5788 N, 91.8933 E)",2.58,5.84,40.98000000000003,365.89,783.9399999999999
2024-08-29,1.16,23.21,19.9,27.57,89.4,"NASA POWER Daily Agroclimatology API (Point 25.5788 N, 91.8933 E)",1.16,6.03,22.89000000000003,343.34999999999997,769.9200000000001
2024-08-30,5.19,23.46,19.46,28.14,88.38,"NASA POWER Daily Agroclimatology API (Point 25.5788 N, 91.8933 E)",5.19,8.93,25.52000000000003,339.61999999999995,757.31
2024-08-31,7.08,23.36,20.83,27.23,89.59,"NASA POWER Daily Agroclimatology API (Point 25.5788 N, 91.8933 E)",7.08,13.43,22.38000000000003,341.46,744.6
2024-09-01,7.98,22.5,20.73,24.95,93.68,"NASA POWER Daily Agroclimatology API (Point 25.5788 N, 91.8933 E)",7.98,20.25,27.25000000000003,331.98999999999995,690.34
2024-09-02,8.85,23.4,20.44,26.85,87.79,"NASA POWER Daily Agroclimatology API (Point 25.5788 N, 91.8933 E)",8.85,23.91,35.13000000000003,306.56,647.8299999999999
2024-09-03,10.74,22.64,19.86,26.3,89.82,"NASA POWER Daily Agroclimatology API (Point 25.5788 N, 91.8933 E)",10.74,27.57,43.580000000000034,128.67,643.7299999999999
2024-09-04,15.67,22.15,19.18,26.03,92.31,"NASA POWER Daily Agroclimatology API (Point 25.5788 N, 91.8933 E)",15.67,35.260000000000005,56.67000000000003,97.65,626.1800000000001
2024-09-05,17.96,22.76,19.4,26.6,89.74,"NASA POWER Daily Agroclimatology API (Point 25.5788 N, 91.8933 E)",17.96,44.370000000000005,73.47000000000003,96.36,616.03
2024-09-06,0.68,23.07,20.62,26.22,88.06,"NASA POWER Daily Agroclimatology API (Point 25.5788 N, 91.8933 E)",0.68,34.31,68.96000000000004,94.48,602.83
2024-09-07,0.28,23.4,19.23,27.78,86.36,"NASA POWER Daily Agroclimatology API (Point 25.5788 N, 91.8933 E)",0.28,18.92,62.160000000000025,84.54,575.41
2024-09-08,5.96,23.29,19.54,27.83,87.95,"NASA POWER Daily Agroclimatology API (Point 25.5788 N, 91.8933 E)",5.96,6.92,60.14000000000003,87.39,556.22
2024-09-09,3.55,22.85,19.1,26.26,86.52,"NASA POWER Daily Agroclimatology API (Point 25.5788 N, 91.8933 E)",3.55,9.79,54.84000000000003,89.97,511.57
2024-09-10,5.89,23.13,19.6,27.66,89.45,"NASA POWER Daily Agroclimatology API (Point 25.5788 N, 91.8933 E)",5.89,15.399999999999999,49.99000000000002,93.57,484.55
2024-09-11,3.75,23.03,20.38,26.19,90.15,"NASA POWER Daily Agroclimatology API (Point 25.5788 N, 91.8933 E)",3.75,13.19,38.07000000000002,94.74,470.08000000000004
2024-09-12,1.14,23.2,19.78,27.53,87.36,"NASA POWER Daily Agroclimatology API (Point 25.5788 N, 91.8933 E)",1.14,10.780000000000001,21.25000000000003,94.72,464.08000000000004
2024-09-13,0.66,22.8,19.01,27.14,85.48,"NASA POWER Daily Agroclimatology API (Point 25.5788 N, 91.8933 E)",0.66,5.55,21.23000000000003,90.19,462.43
2024-09-14,0.81,21.56,19.4,25.32,89.76,"NASA POWER Daily Agroclimatology API (Point 25.5788 N, 91.8933 E)",0.81,2.61,21.760000000000026,83.92,439.54
2024-09-15,0.11,20.65,18.25,24.78,90.15,"NASA POWER Daily Agroclimatology API (Point 25.5788 N, 91.8933 E)",0.11,1.58,15.910000000000029,76.05,430.73
2024-09-16,0.15,21.33,16.94,25.96,84.73,"NASA POWER Daily Agroclimatology API (Point 25.5788 N, 91.8933 E)",0.15,1.07,12.510000000000026,67.35,425.64
2024-09-17,2.22,23.04,18.08,27.87,84.77,"NASA POWER Daily Agroclimatology API (Point 25.5788 N, 91.8933 E)",2.22,2.4800000000000004,8.840000000000028,58.83,410.41
2024-09-18,0.51,23.79,19.33,28.19,82.34,"NASA POWER Daily Agroclimatology API (Point 25.5788 N, 91.8933 E)",0.51,2.88,5.600000000000029,43.669999999999995,376.64
2024-09-19,0.11,24.35,19.84,28.86,82.35,"NASA POWER Daily Agroclimatology API (Point 25.5788 N, 91.8933 E)",0.11,2.84,4.570000000000029,25.82,188.12
2024-09-20,0.09,24.62,20.42,29.25,80.3,"NASA POWER Daily Agroclimatology API (Point 25.5788 N, 91.8933 E)",0.09,0.71,4.000000000000029,25.23,141.52
2024-09-21,4.12,23.3,19.74,28.14,85.17,"NASA POWER Daily Agroclimatology API (Point 25.5788 N, 91.8933 E)",4.12,4.32,7.310000000000029,29.07,126.39
2024-09-22,0.24,24.11,18.94,29.03,79.53,"NASA POWER Daily Agroclimatology API (Point 25.5788 N, 91.8933 E)",0.24,4.45,7.44000000000003,23.349999999999998,124.07000000000001
2024-09-23,4.07,24.33,20.59,28.74,77.95,"NASA POWER Daily Agroclimatology API (Point 25.5788 N, 91.8933 E)",4.07,8.43,11.360000000000031,23.87,117.92
2024-09-24,20.77,22.64,20.17,25.41,88.71,"NASA POWER Daily Agroclimatology API (Point 25.5788 N, 91.8933 E)",20.77,25.08,29.910000000000032,38.75,135.58
2024-09-25,41.53,20.59,18.97,22.53,94.96,"NASA POWER Daily Agroclimatology API (Point 25.5788 N, 91.8933 E)",41.53,66.37,70.93000000000004,76.53,176.14
2024-09-26,24.73,20.14,18.37,23.43,93.61,"NASA POWER Daily Agroclimatology API (Point 25.5788 N, 91.8933 E)",24.73,87.03,95.55000000000004,100.12,198.58
2024-09-27,5.13,20.43,17.39,24.28,88.52,"NASA POWER Daily Agroclimatology API (Point 25.5788 N, 91.8933 E)",5.13,71.39,100.59000000000003,104.59,201.13
2024-09-28,9.03,20.43,16.66,24.95,90.14,"NASA POWER Daily Agroclimatology API (Point 25.5788 N, 91.8933 E)",9.03,38.89,105.50000000000004,112.81,209.0
2024-09-29,18.33,22.04,19.26,26.11,93.1,"NASA POWER Daily Agroclimatology API (Point 25.5788 N, 91.8933 E)",18.33,32.489999999999995,123.59000000000003,131.03,222.14
2024-09-30,9.32,22.29,19.4,26.48,91.86,"NASA POWER Daily Agroclimatology API (Point 25.5788 N, 91.8933 E)",9.32,36.68,128.84000000000003,140.2,224.38
2024-10-01,9.59,22.53,20.19,26.11,91.67,"NASA POWER Daily Agroclimatology API (Point 25.5788 N, 91.8933 E)",9.59,37.239999999999995,117.66000000000003,147.57,225.99
2024-10-02,12.46,21.32,19.97,22.59,96.96,"NASA POWER Daily Agroclimatology API (Point 25.5788 N, 91.8933 E)",12.46,31.37,88.59000000000003,159.52,229.6
2024-10-03,32.73,20.16,19.38,21.19,96.05,"NASA POWER Daily Agroclimatology API (Point 25.5788 N, 91.8933 E)",32.73,54.78,96.59000000000003,192.14,251.58999999999997
2024-10-04,69.09,20.79,19.1,23.14,94.49,"NASA POWER Daily Agroclimatology API (Point 25.5788 N, 91.8933 E)",69.09,114.28,160.55,261.14,305.01
2024-10-05,52.39,20.13,19.2,21.84,96.22,"NASA POWER Daily Agroclimatology API (Point 25.5788 N, 91.8933 E)",52.39,154.21,203.91000000000003,309.40999999999997,339.43999999999994
2024-10-06,3.62,20.54,18.59,23.4,91.41,"NASA POWER Daily Agroclimatology API (Point 25.5788 N, 91.8933 E)",3.62,125.10000000000001,189.20000000000005,312.78999999999996,342.38
2024-10-07,4.21,20.5,17.52,24.53,88.28,"NASA POWER Daily Agroclimatology API (Point 25.5788 N, 91.8933 E)",4.21,60.22,184.09000000000006,312.93,346.31
2024-10-08,5.33,20.46,17.04,24.55,90.12,"NASA POWER Daily Agroclimatology API (Point 25.5788 N, 91.8933 E)",5.33,13.16,179.83000000000004,297.49,345.68
2024-10-09,3.85,19.74,17.41,23.04,92.4,"NASA POWER Daily Agroclimatology API (Point 25.5788 N, 91.8933 E)",3.85,13.389999999999999,171.22000000000003,259.81,345.98
2024-10-10,6.6,19.74,17.1,23.25,93.34,"NASA POWER Daily Agroclimatology API (Point 25.5788 N, 91.8933 E)",6.6,15.78,145.09000000000003,241.68,346.69
2024-10-11,8.11,20.07,18.49,22.89,93.4,"NASA POWER Daily Agroclimatology API (Point 25.5788 N, 91.8933 E)",8.11,18.56,84.11000000000003,244.65999999999997,351.05
2024-10-12,2.18,19.9,17.95,23.19,91.65,"NASA POWER Daily Agroclimatology API (Point 25.5788 N, 91.8933 E)",2.18,16.89,33.90000000000003,237.81,352.09
2024-10-13,0.01,19.25,15.15,23.64,82.54,"NASA POWER Daily Agroclimatology API (Point 25.5788 N, 91.8933 E)",0.01,10.299999999999999,30.290000000000028,219.49,351.44
2024-10-14,0.02,19.03,14.55,24.37,84.38,"NASA POWER Daily Agroclimatology API (Point 25.5788 N, 91.8933 E)",0.02,2.21,26.100000000000026,210.19,350.65
2024-10-15,3.36,18.4,15.87,22.16,88.78,"NASA POWER Daily Agroclimatology API (Point 25.5788 N, 91.8933 E)",3.36,3.3899999999999997,24.130000000000027,203.96,353.9
2024-10-16,2.43,18.44,15.08,23.43,84.76,"NASA POWER Daily Agroclimatology API (Point 25.5788 N, 91.8933 E)",2.43,5.8100000000000005,22.710000000000026,193.93,356.18
2024-10-17,0.6,18.52,13.77,22.85,82.19,"NASA POWER Daily Agroclimatology API (Point 25.5788 N, 91.8933 E)",0.6,6.39,16.71000000000003,161.8,354.56
2024-10-18,1.85,19.2,16.68,24.44,89.01,"NASA POWER Daily Agroclimatology API (Point 25.5788 N, 91.8933 E)",1.85,4.880000000000001,10.450000000000028,94.56,355.9
2024-10-19,3.29,19.02,15.07,23.1,83.24,"NASA POWER Daily Agroclimatology API (Point 25.5788 N, 91.8933 E)",3.29,5.74,11.560000000000029,45.46,359.08
2024-10-20,0.08,18.43,13.76,24.29,79.83,"NASA POWER Daily Agroclimatology API (Point 25.5788 N, 91.8933 E)",0.08,5.220000000000001,11.63000000000003,41.92,359.07
2024-10-21,0.0,18.77,14.57,24.16,86.95,"NASA POWER Daily Agroclimatology API (Point 25.5788 N, 91.8933 E)",0.0,3.37,11.610000000000028,37.71,354.95
2024-10-22,3.59,19.65,15.39,25.43,89.0,"NASA POWER Daily Agroclimatology API (Point 25.5788 N, 91.8933 E)",3.59,3.67,11.840000000000028,35.97,358.3
2024-10-23,8.99,19.61,16.31,24.15,90.9,"NASA POWER Daily Agroclimatology API (Point 25.5788 N, 91.8933 E)",8.99,12.58,18.400000000000027,41.11,363.21999999999997
2024-10-24,7.0,18.52,16.63,21.24,93.08,"NASA POWER Daily Agroclimatology API (Point 25.5788 N, 91.8933 E)",7.0,19.58,24.800000000000026,41.51,349.45
2024-10-25,2.98,19.35,15.05,24.6,84.23,"NASA POWER Daily Agroclimatology API (Point 25.5788 N, 91.8933 E)",2.98,18.97,25.930000000000028,36.38,310.9
2024-10-26,0.14,19.91,16.24,24.9,83.28,"NASA POWER Daily Agroclimatology API (Point 25.5788 N, 91.8933 E)",0.14,10.12,22.78000000000003,34.34,286.31
2024-10-27,0.0,19.35,15.5,24.7,86.89,"NASA POWER Daily Agroclimatology API (Point 25.5788 N, 91.8933 E)",0.0,3.12,22.700000000000028,34.330000000000005,281.17999999999995
2024-10-28,0.0,19.87,15.08,26.08,84.52,"NASA POWER Daily Agroclimatology API (Point 25.5788 N, 91.8933 E)",0.0,0.14,22.700000000000028,34.31,272.15
2024-10-29,1.21,19.1,15.33,24.11,87.85,"NASA POWER Daily Agroclimatology API (Point 25.5788 N, 91.8933 E)",1.21,1.21,20.32000000000003,32.16,255.03
2024-10-30,4.04,18.75,15.49,23.32,92.03,"NASA POWER Daily Agroclimatology API (Point 25.5788 N, 91.8933 E)",4.04,5.25,15.37000000000003,33.77,249.75
2024-10-31,4.11,18.31,14.82,22.91,90.92,"NASA POWER Daily Agroclimatology API (Point 25.5788 N, 91.8933 E)",4.11,9.36,12.480000000000029,37.28,244.26999999999998
2024-11-01,0.31,17.83,13.01,23.12,77.43,"NASA POWER Daily Agroclimatology API (Point 25.5788 N, 91.8933 E)",0.31,8.459999999999999,9.810000000000029,35.739999999999995,232.12
2024-11-02,0.1,18.38,13.16,23.86,79.24,"NASA POWER Daily Agroclimatology API (Point 25.5788 N, 91.8933 E)",0.1,4.5200000000000005,9.77000000000003,32.55,199.48999999999998
2024-11-03,0.0,18.65,14.08,24.02,80.85,"NASA POWER Daily Agroclimatology API (Point 25.5788 N, 91.8933 E)",0.0,0.41000000000000003,9.77000000000003,32.47,130.39999999999998
2024-11-04,0.42,18.55,14.78,23.63,77.97,"NASA POWER Daily Agroclimatology API (Point 25.5788 N, 91.8933 E)",0.42,0.52,10.19000000000003,32.89,78.42999999999999
2024-11-05,0.9,17.66,12.24,23.24,86.39,"NASA POWER Daily Agroclimatology API (Point 25.5788 N, 91.8933 E)",0.9,1.3199999999999998,9.88000000000003,30.2,75.71
2024-11-06,0.94,18.21,15.43,22.82,79.08,"NASA POWER Daily Agroclimatology API (Point 25.5788 N, 91.8933 E)",0.94,2.26,6.780000000000029,22.150000000000002,72.44
2024-11-07,0.01,17.85,14.22,22.9,75.75,"NASA POWER Daily Agroclimatology API (Point 25.5788 N, 91.8933 E)",0.01,1.8499999999999999,2.680000000000028,15.16,67.12
2024-11-08,0.0,17.12,12.4,23.13,83.98,"NASA POWER Daily Agroclimatology API (Point 25.5788 N, 91.8933 E)",0.0,0.9499999999999998,2.370000000000028,12.18,63.27
2024-11-09,0.0,16.83,12.09,22.21,85.58,"NASA POWER Daily Agroclimatology API (Point 25.5788 N, 91.8933 E)",0.0,0.00999999999999989,2.270000000000028,12.040000000000001,56.67
2024-11-10,0.0,16.96,12.34,22.08,84.23,"NASA POWER Daily Agroclimatology API (Point 25.5788 N, 91.8933 E)",0.0,0.0,2.270000000000028,12.040000000000001,48.56
2024-11-11,0.0,16.52,12.53,21.57,80.97,"NASA POWER Daily Agroclimatology API (Point 25.5788 N, 91.8933 E)",0.0,0.0,1.8500000000000283,12.040000000000001,46.38
2024-11-12,0.0,16.04,11.56,21.77,80.71,"NASA POWER Daily Agroclimatology API (Point 25.5788 N, 91.8933 E)",0.0,0.0,0.9500000000000284,10.83,46.370000000000005
2024-11-13,0.0,16.2,12.29,21.31,82.2,"NASA POWER Daily Agroclimatology API (Point 25.5788 N, 91.8933 E)",0.0,0.0,0.010000000000028422,6.79,46.35
2024-11-14,0.0,15.91,11.05,21.98,85.05,"NASA POWER Daily Agroclimatology API (Point 25.5788 N, 91.8933 E)",0.0,0.0,0.0,2.6799999999999997,42.99
2024-11-15,0.0,16.2,12.36,21.86,85.54,"NASA POWER Daily Agroclimatology API (Point 25.5788 N, 91.8933 E)",0.0,0.0,0.0,2.3699999999999997,40.56
2024-11-16,0.0,16.13,12.09,21.86,85.66,"NASA POWER Daily Agroclimatology API (Point 25.5788 N, 91.8933 E)",0.0,0.0,0.0,2.2699999999999996,39.96
2024-11-17,0.0,15.07,10.95,20.74,84.52,"NASA POWER Daily Agroclimatology API (Point 25.5788 N, 91.8933 E)",0.0,0.0,0.0,2.2699999999999996,38.11
2024-11-18,0.0,14.09,7.69,20.4,82.96,"NASA POWER Daily Agroclimatology API (Point 25.5788 N, 91.8933 E)",0.0,0.0,0.0,1.8499999999999999,34.82
2024-11-19,0.0,14.43,9.79,20.48,80.23,"NASA POWER Daily Agroclimatology API (Point 25.5788 N, 91.8933 E)",0.0,0.0,0.0,0.95,34.74
2024-11-20,0.0,14.28,9.74,19.74,83.12,"NASA POWER Daily Agroclimatology API (Point 25.5788 N, 91.8933 E)",0.0,0.0,0.0,0.01,34.74
2024-11-21,0.0,14.4,11.66,19.35,88.13,"NASA POWER Daily Agroclimatology API (Point 25.5788 N, 91.8933 E)",0.0,0.0,0.0,0.0,31.150000000000002
2024-11-22,0.0,14.13,11.06,18.61,80.37,"NASA POWER Daily Agroclimatology API (Point 25.5788 N, 91.8933 E)",0.0,0.0,0.0,0.0,22.160000000000004
2024-11-23,0.0,13.97,10.74,18.55,84.93,"NASA POWER Daily Agroclimatology API (Point 25.5788 N, 91.8933 E)",0.0,0.0,0.0,0.0,15.16
2024-11-24,0.0,14.17,11.88,18.49,85.19,"NASA POWER Daily Agroclimatology API (Point 25.5788 N, 91.8933 E)",0.0,0.0,0.0,0.0,12.18
2024-11-25,0.0,13.91,10.19,18.93,84.0,"NASA POWER Daily Agroclimatology API (Point 25.5788 N, 91.8933 E)",0.0,0.0,0.0,0.0,12.040000000000001
2024-11-26,0.0,13.09,8.1,18.95,81.74,"NASA POWER Daily Agroclimatology API (Point 25.5788 N, 91.8933 E)",0.0,0.0,0.0,0.0,12.040000000000001
2024-11-27,0.0,12.72,8.5,18.82,83.12,"NASA POWER Daily Agroclimatology API (Point 25.5788 N, 91.8933 E)",0.0,0.0,0.0,0.0,12.040000000000001
2024-11-28,0.0,12.75,7.2,20.23,85.26,"NASA POWER Daily Agroclimatology API (Point 25.5788 N, 91.8933 E)",0.0,0.0,0.0,0.0,10.83
2024-11-29,0.0,14.42,8.35,21.04,63.88,"NASA POWER Daily Agroclimatology API (Point 25.5788 N, 91.8933 E)",0.0,0.0,0.0,0.0,6.79
2024-11-30,0.0,14.68,11.53,20.27,60.37,"NASA POWER Daily Agroclimatology API (Point 25.5788 N, 91.8933 E)",0.0,0.0,0.0,0.0,2.6799999999999997
2024-12-01,0.0,14.09,9.96,19.27,83.98,"NASA POWER Daily Agroclimatology API (Point 25.5788 N, 91.8933 E)",0.0,0.0,0.0,0.0,2.3699999999999997
2024-12-02,0.0,13.36,8.78,19.57,84.47,"NASA POWER Daily Agroclimatology API (Point 25.5788 N, 91.8933 E)",0.0,0.0,0.0,0.0,2.2699999999999996
2024-12-03,0.0,12.94,7.72,20.27,80.03,"NASA POWER Daily Agroclimatology API (Point 25.5788 N, 91.8933 E)",0.0,0.0,0.0,0.0,2.2699999999999996
2024-12-04,0.0,12.28,7.16,19.08,85.25,"NASA POWER Daily Agroclimatology API (Point 25.5788 N, 91.8933 E)",0.0,0.0,0.0,0.0,1.8499999999999999
2024-12-05,0.0,11.82,7.46,17.5,83.86,"NASA POWER Daily Agroclimatology API (Point 25.5788 N, 91.8933 E)",0.0,0.0,0.0,0.0,0.95
2024-12-06,0.0,10.86,6.96,16.97,82.83,"NASA POWER Daily Agroclimatology API (Point 25.5788 N, 91.8933 E)",0.0,0.0,0.0,0.0,0.01
2024-12-07,0.0,10.79,6.94,17.5,86.38,"NASA POWER Daily Agroclimatology API (Point 25.5788 N, 91.8933 E)",0.0,0.0,0.0,0.0,0.0
2024-12-08,0.0,11.15,6.09,18.18,74.36,"NASA POWER Daily Agroclimatology API (Point 25.5788 N, 91.8933 E)",0.0,0.0,0.0,0.0,0.0
2024-12-09,0.0,10.97,6.88,17.51,67.44,"NASA POWER Daily Agroclimatology API (Point 25.5788 N, 91.8933 E)",0.0,0.0,0.0,0.0,0.0
2024-12-10,0.0,10.33,5.83,16.51,84.28,"NASA POWER Daily Agroclimatology API (Point 25.5788 N, 91.8933 E)",0.0,0.0,0.0,0.0,0.0
2024-12-11,0.0,10.3,6.7,17.08,85.81,"NASA POWER Daily Agroclimatology API (Point 25.5788 N, 91.8933 E)",0.0,0.0,0.0,0.0,0.0
2024-12-12,0.0,11.07,5.43,18.18,82.21,"NASA POWER Daily Agroclimatology API (Point 25.5788 N, 91.8933 E)",0.0,0.0,0.0,0.0,0.0
2024-12-13,0.0,11.51,6.5,18.63,75.88,"NASA POWER Daily Agroclimatology API (Point 25.5788 N, 91.8933 E)",0.0,0.0,0.0,0.0,0.0
2024-12-14,0.0,10.71,4.96,17.96,75.77,"NASA POWER Daily Agroclimatology API (Point 25.5788 N, 91.8933 E)",0.0,0.0,0.0,0.0,0.0
2024-12-15,0.0,9.56,3.14,17.4,68.91,"NASA POWER Daily Agroclimatology API (Point 25.5788 N, 91.8933 E)",0.0,0.0,0.0,0.0,0.0
2024-12-16,0.0,12.98,7.56,19.38,53.21,"NASA POWER Daily Agroclimatology API (Point 25.5788 N, 91.8933 E)",0.0,0.0,0.0,0.0,0.0
2024-12-17,0.0,12.4,7.74,18.79,65.44,"NASA POWER Daily Agroclimatology API (Point 25.5788 N, 91.8933 E)",0.0,0.0,0.0,0.0,0.0
2024-12-18,0.0,12.39,7.88,17.78,81.54,"NASA POWER Daily Agroclimatology API (Point 25.5788 N, 91.8933 E)",0.0,0.0,0.0,0.0,0.0
2024-12-19,0.0,12.85,9.01,18.62,87.94,"NASA POWER Daily Agroclimatology API (Point 25.5788 N, 91.8933 E)",0.0,0.0,0.0,0.0,0.0
2024-12-20,0.0,11.77,7.08,18.07,81.33,"NASA POWER Daily Agroclimatology API (Point 25.5788 N, 91.8933 E)",0.0,0.0,0.0,0.0,0.0
2024-12-21,0.0,11.33,8.02,18.24,77.75,"NASA POWER Daily Agroclimatology API (Point 25.5788 N, 91.8933 E)",0.0,0.0,0.0,0.0,0.0
2024-12-22,0.0,10.07,5.78,17.25,71.52,"NASA POWER Daily Agroclimatology API (Point 25.5788 N, 91.8933 E)",0.0,0.0,0.0,0.0,0.0
2024-12-23,0.0,11.57,6.07,18.93,67.72,"NASA POWER Daily Agroclimatology API (Point 25.5788 N, 91.8933 E)",0.0,0.0,0.0,0.0,0.0
2024-12-24,0.0,11.76,7.56,17.35,68.66,"NASA POWER Daily Agroclimatology API (Point 25.5788 N, 91.8933 E)",0.0,0.0,0.0,0.0,0.0
2024-12-25,0.0,11.9,8.3,18.49,73.75,"NASA POWER Daily Agroclimatology API (Point 25.5788 N, 91.8933 E)",0.0,0.0,0.0,0.0,0.0
2024-12-26,0.0,11.9,7.53,19.11,73.71,"NASA POWER Daily Agroclimatology API (Point 25.5788 N, 91.8933 E)",0.0,0.0,0.0,0.0,0.0
2024-12-27,0.0,11.95,7.59,18.95,76.25,"NASA POWER Daily Agroclimatology API (Point 25.5788 N, 91.8933 E)",0.0,0.0,0.0,0.0,0.0
2024-12-28,0.0,13.01,8.28,19.67,73.26,"NASA POWER Daily Agroclimatology API (Point 25.5788 N, 91.8933 E)",0.0,0.0,0.0,0.0,0.0
2024-12-29,0.0,11.77,7.76,17.52,85.73,"NASA POWER Daily Agroclimatology API (Point 25.5788 N, 91.8933 E)",0.0,0.0,0.0,0.0,0.0
2024-12-30,0.0,11.54,5.66,18.44,84.41,"NASA POWER Daily Agroclimatology API (Point 25.5788 N, 91.8933 E)",0.0,0.0,0.0,0.0,0.0
2024-12-31,0.0,11.57,6.4,16.81,84.27,"NASA POWER Daily Agroclimatology API (Point 25.5788 N, 91.8933 E)",0.0,0.0,0.0,0.0,0.0
