date,precipitation,temperature_mean,relative_humidity,rainfall_1d,rainfall_3d,rainfall_7d,rainfall_14d,rainfall_30d,month_sin,month_cos,landslide_event
2018-01-01,0.02,14.17,81.34,0.02,0.02,0.02,0.02,0.02,0.49999999999999994,0.8660254037844387,0
2018-01-02,0.46,12.06,84.49,0.46,0.48,0.48,0.48,0.48,0.49999999999999994,0.8660254037844387,0
2018-01-03,4.61,11.28,85.22,4.61,5.090000000000001,5.090000000000001,5.090000000000001,5.090000000000001,0.49999999999999994,0.8660254037844387,0
2018-01-04,0.05,9.55,85.77,0.05,5.120000000000001,5.140000000000001,5.140000000000001,5.140000000000001,0.49999999999999994,0.8660254037844387,0
2018-01-05,0.0,10.41,88.17,0.0,4.66,5.140000000000001,5.140000000000001,5.140000000000001,0.49999999999999994,0.8660254037844387,0
2018-01-06,0.0,9.64,82.34,0.0,0.05,5.140000000000001,5.140000000000001,5.140000000000001,0.49999999999999994,0.8660254037844387,0
2018-01-07,0.0,8.02,58.86,0.0,0.0,5.140000000000001,5.140000000000001,5.140000000000001,0.49999999999999994,0.8660254037844387,0
2018-01-08,0.0,6.85,72.37,0.0,0.0,5.120000000000001,5.140000000000001,5.140000000000001,0.49999999999999994,0.8660254037844387,0
2018-01-09,0.0,8.53,77.95,0.0,0.0,4.66,5.140000000000001,5.140000000000001,0.49999999999999994,0.8660254037844387,0
2018-01-10,0.0,9.05,85.11,0.0,0.0,0.05,5.140000000000001,5.140000000000001,0.49999999999999994,0.8660254037844387,0
2018-01-11,0.0,9.47,85.29,0.0,0.0,0.0,5.140000000000001,5.140000000000001,0.49999999999999994,0.8660254037844387,0
2018-01-12,0.0,9.9,85.82,0.0,0.0,0.0,5.140000000000001,5.140000000000001,0.49999999999999994,0.8660254037844387,0
2018-01-13,0.0,11.23,84.65,0.0,0.0,0.0,5.140000000000001,5.140000000000001,0.49999999999999994,0.8660254037844387,0
2018-01-14,0.0,11.33,86.45,0.0,0.0,0.0,5.140000000000001,5.140000000000001,0.49999999999999994,0.8660254037844387,0
2018-01-15,0.03,11.26,88.33,0.03,0.03,0.03,5.150000000000001,5.170000000000001,0.49999999999999994,0.8660254037844387,0
2018-01-16,0.0,11.6,85.59,0.0,0.03,0.03,4.69,5.170000000000001,0.49999999999999994,0.8660254037844387,0
2018-01-17,0.0,12.64,85.64,0.0,0.03,0.03,0.08,5.170000000000001,0.49999999999999994,0.8660254037844387,0
2018-01-18,0.0,12.82,81.98,0.0,0.0,0.03,0.03,5.170000000000001,0.49999999999999994,0.8660254037844387,0
2018-01-19,0.0,12.6,86.27,0.0,0.0,0.03,0.03,5.170000000000001,0.49999999999999994,0.8660254037844387,0
2018-01-20,0.0,12.56,87.63,0.0,0.0,0.03,0.03,5.170000000000001,0.49999999999999994,0.8660254037844387,0
2018-01-21,0.0,12.63,79.79,0.0,0.0,0.03,0.03,5.170000000000001,0.49999999999999994,0.8660254037844387,0
2018-01-22,0.0,12.4,85.16,0.0,0.0,0.0,0.03,5.170000000000001,0.49999999999999994,0.8660254037844387,0
2018-01-23,0.0,12.92,86.39,0.0,0.0,0.0,0.03,5.170000000000001,0.49999999999999994,0.8660254037844387,0
2018-01-24,0.0,12.44,83.24,0.0,0.0,0.0,0.03,5.170000000000001,0.49999999999999994,0.8660254037844387,0
2018-01-25,0.0,10.64,73.72,0.0,0.0,0.0,0.03,5.170000000000001,0.49999999999999994,0.8660254037844387,0
2018-01-26,0.0,9.51,71.17,0.0,0.0,0.0,0.03,5.170000000000001,0.49999999999999994,0.8660254037844387,0
2018-01-27,0.0,7.75,76.18,0.0,0.0,0.0,0.03,5.170000000000001,0.49999999999999994,0.8660254037844387,0
2018-01-28,0.0,7.63,64.83,0.0,0.0,0.0,0.03,5.170000000000001,0.49999999999999994,0.8660254037844387,0
2018-01-29,0.0,8.88,59.64,0.0,0.0,0.0,0.0,5.170000000000001,0.49999999999999994,0.8660254037844387,0
2018-01-30,0.0,8.54,70.15,0.0,0.0,0.0,0.0,5.170000000000001,0.49999999999999994,0.8660254037844387,0
2018-01-31,0.0,10.91,70.57,0.0,0.0,0.0,0.0,5.150000000000001,0.49999999999999994,0.8660254037844387,0
2018-02-01,0.0,11.68,79.04,0.0,0.0,0.0,0.0,4.69,0.8660254037844386,0.5000000000000001,0
2018-02-02,0.0,12.15,87.73,0.0,0.0,0.0,0.0,0.08,0.8660254037844386,0.5000000000000001,0
2018-02-03,0.0,12.74,86.19,0.0,0.0,0.0,0.0,0.03,0.8660254037844386,0.5000000000000001,0
2018-02-04,0.0,11.44,86.85,0.0,0.0,0.0,0.0,0.03,0.8660254037844386,0.5000000000000001,0
2018-02-05,0.0,13.06,73.48,0.0,0.0,0.0,0.0,0.03,0.8660254037844386,0.5000000000000001,0
2018-02-06,0.0,12.56,84.06,0.0,0.0,0.0,0.0,0.03,0.8660254037844386,0.5000000000000001,0
2018-02-07,0.0,12.22,74.06,0.0,0.0,0.0,0.0,0.03,0.8660254037844386,0.5000000000000001,0
2018-02-08,0.0,11.32,76.32,0.0,0.0,0.0,0.0,0.03,0.8660254037844386,0.5000000000000001,0
2018-02-09,0.0,11.0,73.0,0.0,0.0,0.0,0.0,0.03,0.8660254037844386,0.5000000000000001,0
2018-02-10,0.0,11.7,69.33,0.0,0.0,0.0,0.0,0.03,0.8660254037844386,0.5000000000000001,0
2018-02-11,0.0,12.14,54.41,0.0,0.0,0.0,0.0,0.03,0.8660254037844386,0.5000000000000001,0
2018-02-12,0.0,14.6,57.04,0.0,0.0,0.0,0.0,0.03,0.8660254037844386,0.5000000000000001,0
2018-02-13,0.0,15.29,62.26,0.0,0.0,0.0,0.0,0.03,0.8660254037844386,0.5000000000000001,0
2018-02-14,0.23,13.29,75.66,0.23,0.23,0.23,0.23,0.23,0.8660254037844386,0.5000000000000001,0
2018-02-15,0.07,12.87,77.19,0.07,0.3,0.3,0.3,0.3,0.8660254037844386,0.5000000000000001,0
2018-02-16,0.0,13.29,78.05,0.0,0.3,0.3,0.3,0.3,0.8660254037844386,0.5000000000000001,0
2018-02-17,0.0,12.73,67.99,0.0,0.07,0.3,0.3,0.3,0.8660254037844386,0.5000000000000001,0
2018-02-18,0.0,12.42,71.37,0.0,0.0,0.3,0.3,0.3,0.8660254037844386,0.5000000000000001,0
2018-02-19,0.0,12.76,72.44,0.0,0.0,0.3,0.3,0.3,0.8660254037844386,0.5000000000000001,0
2018-02-20,0.0,14.65,66.38,0.0,0.0,0.3,0.3,0.3,0.8660254037844386,0.5000000000000001,0
2018-02-21,0.0,13.83,71.66,0.0,0.0,0.07,0.3,0.3,0.8660254037844386,0.5000000000000001,0
2018-02-22,0.0,13.9,65.62,0.0,0.0,0.0,0.3,0.3,0.8660254037844386,0.5000000000000001,0
2018-02-23,1.57,14.11,71.84,1.57,1.57,1.57,1.87,1.87,0.8660254037844386,0.5000000000000001,0
2018-02-24,4.33,16.05,67.01,4.33,5.9,5.9,6.2,6.2,0.8660254037844386,0.5000000000000001,0
2018-02-25,0.8,16.18,71.73,0.8,6.7,6.7,7.0,7.0,0.8660254037844386,0.5000000000000001,0
2018-02-26,19.63,14.8,81.77,19.63,24.76,26.33,26.63,26.63,0.8660254037844386,0.5000000000000001,0
2018-02-27,0.9,15.45,70.32,0.9,21.33,27.23,27.53,27.53,0.8660254037844386,0.5000000000000001,0
2018-02-28,0.0,15.56,81.8,0.0,20.53,27.23,27.3,27.53,0.8660254037844386,0.5000000000000001,0
2018-03-01,0.0,15.42,81.28,0.0,0.9,27.23,27.23,27.53,1.0,6.123233995736766e-17,0
2018-03-02,3.72,14.91,83.0,3.72,3.72,29.38,30.95,31.25,1.0,6.123233995736766e-17,0
2018-03-03,1.02,14.98,78.25,1.02,4.74,26.07,31.97,32.27,1.0,6.123233995736766e-17,0
2018-03-04,0.01,15.45,78.43,0.01,4.75,25.28,31.98,32.28,1.0,6.123233995736766e-17,0
2018-03-05,1.36,16.35,74.4,1.36,2.39,7.01,33.34,33.64,1.0,6.123233995736766e-17,0
2018-03-06,0.0,15.31,67.61,0.0,1.37,6.109999999999999,33.34,33.64,1.0,6.123233995736766e-17,0
2018-03-07,0.0,15.13,53.37,0.0,1.36,6.109999999999999,33.34,33.64,1.0,6.123233995736766e-17,0
2018-03-08,0.0,16.22,59.69,0.0,0.0,6.109999999999999,33.34,33.64,1.0,6.123233995736766e-17,0
2018-03-09,0.0,16.98,62.93,0.0,0.0,2.39,31.77,33.64,1.0,6.123233995736766e-17,0
2018-03-10,0.0,15.15,61.05,0.0,0.0,1.37,27.44,33.64,1.0,6.123233995736766e-17,0
2018-03-11,3.01,15.64,55.66,3.01,3.01,4.37,29.65,36.65,1.0,6.123233995736766e-17,0
2018-03-12,1.24,15.92,62.43,1.24,4.25,4.25,11.26,37.89,1.0,6.123233995736766e-17,0
2018-03-13,0.67,16.53,64.24,0.67,4.92,4.92,11.03,38.56,1.0,6.123233995736766e-17,0
2018-03-14,0.0,17.41,66.67,0.0,1.91,4.92,11.03,38.56,1.0,6.123233995736766e-17,0
2018-03-15,0.71,16.97,79.19,0.71,1.38,5.63,11.74,39.27,1.0,6.123233995736766e-17,0
2018-03-16,7.12,15.97,86.55,7.12,7.83,12.75,15.14,46.16,1.0,6.123233995736766e-17,0
2018-03-17,1.2,16.04,81.72,1.2,9.03,13.95,15.32,47.29,1.0,6.123233995736766e-17,0
2018-03-18,0.48,15.8,72.3,0.48,8.8,11.42,15.79,47.77,1.0,6.123233995736766e-17,0
2018-03-19,0.0,17.75,47.86,0.0,1.68,10.18,14.43,47.77,1.0,6.123233995736766e-17,0
2018-03-20,0.0,17.95,52.28,0.0,0.48,9.51,14.43,47.77,1.0,6.123233995736766e-17,0
2018-03-21,0.0,18.36,57.95,0.0,0.0,9.51,14.43,47.77,1.0,6.123233995736766e-17,0
2018-03-22,0.14,18.2,64.08,0.14,0.14,8.940000000000001,14.57,47.91,1.0,6.123233995736766e-17,0
2018-03-23,2.85,17.6,72.24,2.85,2.99,4.67,17.42,50.760000000000005,1.0,6.123233995736766e-17,0
2018-03-24,0.01,18.29,71.2,0.01,3.0,3.4799999999999995,17.43,50.77,1.0,6.123233995736766e-17,0
2018-03-25,3.3,17.98,72.4,3.3,6.16,6.3,17.72,52.5,1.0,6.123233995736766e-17,0
2018-03-26,7.83,17.43,76.81,7.83,11.14,14.13,24.31,55.99999999999999,1.0,6.123233995736766e-17,0
2018-03-27,6.38,18.06,66.84,6.38,17.51,20.51,30.02,61.58,1.0,6.123233995736766e-17,0
2018-03-28,1.01,18.39,71.06,1.01,15.22,21.52,31.03,42.96,1.0,6.123233995736766e-17,0
2018-03-29,6.98,17.63,75.65,6.98,14.37,28.36,37.3,49.04,1.0,6.123233995736766e-17,0
2018-03-30,12.75,17.26,80.73,12.75,20.74,38.26,42.93,61.79,1.0,6.123233995736766e-17,0
2018-03-31,10.46,17.63,68.94,10.46,30.19,48.71,52.19,72.25,1.0,6.123233995736766e-17,0
2018-04-01,0.08,18.18,67.08,0.08,23.29,45.49,51.79,68.61,0.8660254037844387,-0.4999999999999998,0
2018-04-02,0.0,19.18,67.95,0.0,10.540000000000004,37.66,51.79,67.59,0.8660254037844387,-0.4999999999999998,0
2018-04-03,1.91,19.04,72.11,1.91,1.9900000000000015,33.190000000000005,53.7,69.49,0.8660254037844387,-0.4999999999999998,0
2018-04-04,0.02,19.33,69.27,0.02,1.9300000000000015,32.2,53.720000000000006,68.15,0.8660254037844387,-0.4999999999999998,0
2018-04-05,19.35,17.99,77.71,19.35,21.280000000000005,44.57000000000001,72.93,87.5,0.8660254037844387,-0.4999999999999998,0
2018-04-06,4.63,18.22,77.21,4.63,24.000000000000004,36.45,74.71000000000001,92.13,0.8660254037844387,-0.4999999999999998,0
2018-04-07,4.63,18.69,80.73,4.63,28.610000000000007,30.620000000000005,79.33,96.76,0.8660254037844387,-0.4999999999999998,0
2018-04-08,7.44,17.6,89.43,7.44,16.700000000000003,37.98,83.47000000000001,104.2,0.8660254037844387,-0.4999999999999998,0
2018-04-09,17.05,17.65,86.92,17.05,29.120000000000005,55.03,92.69,121.25,0.8660254037844387,-0.4999999999999998,0
2018-04-10,8.04,18.1,85.25,8.04,32.53,61.16,94.35,126.28,0.8660254037844387,-0.4999999999999998,0
2018-04-11,17.87,17.75,86.5,17.87,42.96000000000001,79.01,111.21,142.91,0.8660254037844387,-0.4999999999999998,0
2018-04-12,14.43,17.55,86.77,14.43,40.34,74.09,118.66,156.67000000000002,0.8660254037844387,-0.4999999999999998,0
2018-04-13,9.54,17.41,86.0,9.54,41.84,79.0,115.45,166.21,0.8660254037844387,-0.4999999999999998,0
2018-04-14,20.57,17.57,87.58,20.57,44.540000000000006,94.94,125.56,186.07,0.8660254037844387,-0.4999999999999998,0
2018-04-15,0.91,18.87,77.52,0.91,31.020000000000003,88.41,126.39,179.86,0.8660254037844387,-0.4999999999999998,0
2018-04-16,8.05,20.63,64.24,8.05,29.530000000000005,79.41,134.44,186.71,0.8660254037844387,-0.4999999999999998,0
2018-04-17,3.16,20.03,71.99,3.16,12.120000000000005,74.53,135.69,189.39,0.8660254037844387,-0.4999999999999998,0
2018-04-18,6.84,19.31,80.18,6.84,18.050000000000004,63.5,142.51,196.23,0.8660254037844387,-0.4999999999999998,0
2018-04-19,8.68,18.15,88.3,8.68,18.680000000000003,57.75,131.84,204.91,0.8660254037844387,-0.4999999999999998,0
2018-04-20,22.44,19.09,87.75,22.44,37.96000000000001,70.65,149.65,227.35,0.8660254037844387,-0.4999999999999998,0
2018-04-21,35.8,20.49,91.33,35.8,66.92,85.88,180.82,263.01,0.8660254037844387,-0.4999999999999998,0
2018-04-22,6.89,20.18,88.89,6.89,65.13,91.86,180.27,267.04999999999995,0.8660254037844387,-0.4999999999999998,0
2018-04-23,2.44,19.45,80.57,2.44,45.13,86.25000000000001,165.66,269.48,0.8660254037844387,-0.4999999999999998,0
2018-04-24,7.27,19.7,62.78,7.27,16.60000000000001,90.36,164.89,273.45,0.8660254037844387,-0.4999999999999998,0
2018-04-25,0.43,20.13,61.56,0.43,10.140000000000006,83.95,147.45,266.05,0.8660254037844387,-0.4999999999999998,0
2018-04-26,6.9,19.98,55.02,6.9,14.600000000000009,82.17,139.92,266.57,0.8660254037844387,-0.4999999999999998,0
2018-04-27,5.17,19.0,71.04,5.17,12.500000000000009,64.9,135.55,270.73,0.8660254037844387,-0.4999999999999998,0
2018-04-28,7.53,19.86,73.86,7.53,19.60000000000001,36.63000000000001,122.51,271.28,0.8660254037844387,-0.4999999999999998,0
2018-04-29,53.2,17.85,91.61,53.2,65.9,82.94000000000001,174.8,311.73,0.8660254037844387,-0.4999999999999998,0
2018-04-30,43.4,18.48,88.51,43.4,104.13,123.9,210.15,344.67,0.8660254037844387,-0.4999999999999998,0
2018-05-01,15.05,18.68,82.09,15.05,111.65,131.68,222.04,359.64000000000004,0.49999999999999994,-0.8660254037844387,0
2018-05-02,5.93,18.64,83.45,5.93,64.38000000000001,137.18,221.13,365.5700000000001,0.49999999999999994,-0.8660254037844387,0
2018-05-03,10.87,18.69,83.55,10.87,31.85000000000001,141.15,223.32,374.53,0.49999999999999994,-0.8660254037844387,1
2018-05-04,23.45,18.25,89.84,23.45,40.25,159.43,224.33,397.96,0.49999999999999994,-0.8660254037844387,0
2018-05-05,18.41,19.22,90.78,18.41,52.73,170.31,206.94,397.02,0.49999999999999994,-0.8660254037844387,0
2018-05-06,17.13,20.59,91.52,17.13,58.99000000000001,134.24,217.18,409.52,0.49999999999999994,-0.8660254037844387,0
2018-05-07,25.9,20.94,90.59,25.9,61.44,116.74,240.64,430.79,0.49999999999999994,-0.8660254037844387,1
2018-05-08,21.75,21.09,91.35,21.75,64.78,123.44,255.12,445.1,0.49999999999999994,-0.8660254037844387,0
2018-05-09,35.72,21.05,92.91,35.72,83.37,153.23,290.41,463.77,0.49999999999999994,-0.8660254037844387,0
2018-05-10,19.3,19.48,90.76,19.3,76.77,161.66,302.81,475.03,0.49999999999999994,-0.8660254037844387,0
2018-05-11,6.48,19.24,81.59,6.48,61.5,144.69,304.12,463.64,0.49999999999999994,-0.8660254037844387,0
2018-05-12,1.97,20.26,79.8,1.97,27.75,128.25,298.56,451.18,0.49999999999999994,-0.8660254037844387,0
2018-05-13,1.84,20.07,80.74,1.84,10.29,112.96,247.2,443.48,0.49999999999999994,-0.8660254037844387,0
2018-05-14,0.92,19.72,91.5,0.92,4.73,87.98,204.72,423.83,0.49999999999999994,-0.8660254037844387,0
2018-05-15,2.69,19.81,90.74,2.69,5.45,68.92,192.36,425.61,0.49999999999999994,-0.8660254037844387,0
2018-05-16,19.28,19.72,86.09,19.28,22.89,52.48000000000001,205.71,436.84,0.49999999999999994,-0.8660254037844387,0
2018-05-17,5.26,19.84,84.7,5.26,27.23,38.440000000000005,200.1,438.94,0.49999999999999994,-0.8660254037844387,0
2018-05-18,5.39,20.01,90.77,5.39,29.93,37.35000000000001,182.04,437.49,0.49999999999999994,-0.8660254037844387,1
2018-05-19,5.49,20.51,91.29,5.49,16.14,40.87000000000001,169.12,434.3,0.49999999999999994,-0.8660254037844387,0
2018-05-20,23.59,21.21,93.25,23.59,34.47,62.620000000000005,175.58,435.4500000000001,0.49999999999999994,-0.8660254037844387,0
2018-05-21,8.52,21.57,91.72,8.52,37.6,70.22000000000001,158.2,408.17,0.49999999999999994,-0.8660254037844387,1
2018-05-22,6.6,21.06,95.36,6.6,38.71,74.13000000000001,143.05,407.88000000000005,0.49999999999999994,-0.8660254037844387,0
2018-05-23,3.74,21.73,90.07,3.74,18.860000000000003,58.59,111.07,409.18,0.49999999999999994,-0.8660254037844387,0
2018-05-24,51.85,21.14,93.02,51.85,62.190000000000005,105.18,143.62,453.76,0.49999999999999994,-0.8660254037844387,0
2018-05-25,50.74,21.41,92.97,50.74,106.33,150.53000000000003,187.88,504.07,0.49999999999999994,-0.8660254037844387,0
2018-05-26,39.83,21.82,94.04,39.83,142.42000000000002,184.87,225.74,537.0,0.49999999999999994,-0.8660254037844387,0
2018-05-27,36.56,21.68,91.72,36.56,127.13,197.84,260.46000000000004,568.3900000000001,0.49999999999999994,-0.8660254037844387,0
2018-05-28,15.22,21.43,89.33,15.22,91.61,204.54,274.76,576.0799999999999,0.49999999999999994,-0.8660254037844387,0
2018-05-29,3.43,21.67,77.53,3.43,55.21,201.37000000000003,275.5,526.3100000000001,0.49999999999999994,-0.8660254037844387,0
2018-05-30,4.76,21.49,83.26,4.76,23.41,202.39,260.98,487.67,0.49999999999999994,-0.8660254037844387,0
2018-05-31,21.14,21.43,90.55,21.14,29.33,171.68000000000004,276.86,493.76,0.49999999999999994,-0.8660254037844387,0
2018-06-01,10.75,21.26,89.67,10.75,36.65,131.69000000000003,282.22,498.58,1.2246467991473532e-16,-1.0,0
2018-06-02,12.54,21.41,85.79,12.54,44.43,104.4,289.27000000000004,500.25,1.2246467991473532e-16,-1.0,0
2018-06-03,1.3,21.29,90.32,1.3,24.59,69.14,266.98,478.1,1.2246467991473532e-16,-1.0,0
2018-06-04,3.28,21.73,87.77,3.28,17.119999999999997,57.20000000000001,261.74,462.97,1.2246467991473532e-16,-1.0,1
2018-06-05,5.26,22.18,87.04,5.26,9.84,59.03000000000001,260.4,451.1,1.2246467991473532e-16,-1.0,1
2018-06-06,9.84,23.23,86.96,9.84,18.38,64.11000000000001,266.5,435.04,1.2246467991473532e-16,-1.0,1
2018-06-07,7.66,22.59,90.61,7.66,22.76,50.63000000000001,222.31,420.95,1.2246467991473532e-16,-1.0,0
2018-06-08,0.49,22.6,89.73,0.49,17.990000000000002,40.37000000000001,172.06,385.72,1.2246467991473532e-16,-1.0,0
2018-06-09,6.51,22.56,91.02,6.51,14.66,34.34,138.74,372.93,1.2246467991473532e-16,-1.0,0
2018-06-10,7.26,22.84,89.12,7.26,14.26,40.30000000000001,109.44,373.71,1.2246467991473532e-16,-1.0,0
2018-06-11,44.75,22.73,89.36,44.75,58.52,81.77000000000001,138.97,416.49,1.2246467991473532e-16,-1.0,0
2018-06-12,54.44,22.97,91.96,54.44,106.45,130.95,189.98,469.09,1.2246467991473532e-16,-1.0,1
2018-06-13,93.62,22.1,94.19,93.62,192.81,214.73,278.84000000000003,561.79,1.2246467991473532e-16,-1.0,1
2018-06-14,64.89,22.49,95.13,64.89,212.95,271.96000000000004,322.59000000000003,623.99,1.2246467991473532e-16,-1.0,1
2018-06-15,54.63,21.57,95.31,54.63,213.14,326.1,366.47,659.34,1.2246467991473532e-16,-1.0,0
2018-06-16,19.81,21.14,94.23,19.81,139.32999999999998,339.40000000000003,373.74,673.89,1.2246467991473532e-16,-1.0,0
2018-06-17,30.16,21.21,92.43,30.16,104.6,362.3,402.6,698.66,1.2246467991473532e-16,-1.0,0
2018-06-18,17.64,22.26,90.17,17.64,67.60999999999999,335.19,416.96,710.8100000000001,1.2246467991473532e-16,-1.0,0
2018-06-19,8.35,22.45,88.92,8.35,56.149999999999984,289.1,420.05,695.5699999999999,1.2246467991473532e-16,-1.0,0
2018-06-20,0.78,22.74,88.01,0.78,26.769999999999985,196.26,410.99,687.83,1.2246467991473532e-16,-1.0,0
2018-06-21,12.33,22.4,92.07,12.33,21.459999999999987,143.7,415.66,693.56,1.2246467991473532e-16,-1.0,0
2018-06-22,40.5,22.25,92.26,40.5,53.60999999999999,129.57,455.67,730.3199999999999,1.2246467991473532e-16,-1.0,0
2018-06-23,57.35,22.63,91.76,57.35,110.17999999999998,167.11,506.5100000000001,735.82,1.2246467991473532e-16,-1.0,0
2018-06-24,47.23,22.6,93.29,47.23,145.07999999999998,184.18,546.48,732.3100000000001,1.2246467991473532e-16,-1.0,0
2018-06-25,28.14,22.73,92.31,28.14,132.71999999999997,194.68,529.87,720.62,1.2246467991473532e-16,-1.0,0
2018-06-26,16.75,22.47,91.59,16.75,92.12,203.08,492.18000000000006,700.81,1.2246467991473532e-16,-1.0,0
2018-06-27,11.48,22.14,91.15,11.48,56.36999999999999,213.78,410.04,697.07,1.2246467991473532e-16,-1.0,0
2018-06-28,8.26,21.61,94.25,8.26,36.48999999999999,209.71000000000004,353.41,701.9,1.2246467991473532e-16,-1.0,0
2018-06-29,16.48,22.04,91.78,16.48,36.21999999999999,185.69000000000003,315.26,713.62,1.2246467991473532e-16,-1.0,0
2018-06-30,43.54,21.32,96.13,43.54,68.27999999999999,171.88,338.99,736.02,1.2246467991473532e-16,-1.0,0
2018-07-01,35.44,21.98,96.16,35.44,95.45999999999998,160.09,344.27000000000004,760.71,-0.4999999999999997,-0.8660254037844388,0
2018-07-02,44.29,22.36,95.18,44.29,123.26999999999998,176.24,370.92,792.46,-0.4999999999999997,-0.8660254037844388,0
2018-07-03,65.5,22.11,96.49,65.5,145.23,224.99,428.07,856.66,-0.4999999999999997,-0.8660254037844388,0
2018-07-04,77.94,22.37,95.6,77.94,187.73,291.45,505.23,931.32,-0.4999999999999997,-0.8660254037844388,0
2018-07-05,12.45,22.5,92.6,12.45,155.89,295.64,505.35,938.51,-0.4999999999999997,-0.8660254037844388,0
2018-07-06,3.49,23.31,90.46,3.49,93.87999999999998,282.65,468.34,932.16,-0.4999999999999997,-0.8660254037844388,0
2018-07-07,6.38,22.2,92.18,6.38,22.319999999999983,245.49,417.37,930.88,-0.4999999999999997,-0.8660254037844388,0
2018-07-08,10.03,22.87,91.14,10.03,19.899999999999984,220.08,380.17,940.42,-0.4999999999999997,-0.8660254037844388,0
2018-07-09,3.42,22.97,90.95,3.42,19.829999999999984,179.21,355.45,937.33,-0.4999999999999997,-0.8660254037844388,0
2018-07-10,8.98,22.5,91.17,8.98,22.429999999999986,122.69,347.68,939.05,-0.4999999999999997,-0.8660254037844388,0
2018-07-11,9.42,23.19,90.83,9.42,21.819999999999983,54.170000000000016,345.62,903.72,-0.4999999999999997,-0.8660254037844388,1
2018-07-12,7.92,22.06,93.2,7.92,26.319999999999983,49.64000000000001,345.28000000000003,857.1999999999999,-0.4999999999999997,-0.8660254037844388,0
2018-07-13,9.91,22.66,90.37,9.91,27.249999999999982,56.06000000000002,338.71,773.4899999999999,-0.4999999999999997,-0.8660254037844388,0
2018-07-14,18.77,23.65,88.38,18.77,36.59999999999999,68.45000000000002,313.93999999999994,727.3699999999999,-0.4999999999999997,-0.8660254037844388,0
2018-07-15,16.9,23.74,87.5,16.9,45.579999999999984,75.32000000000001,295.4,689.64,-0.4999999999999997,-0.8660254037844388,0
2018-07-16,11.48,23.43,92.09,11.48,47.14999999999999,83.38000000000001,262.59000000000003,681.3100000000001,-0.4999999999999997,-0.8660254037844388,0
2018-07-17,9.62,22.62,91.99,9.62,37.99999999999999,84.02000000000001,206.71,660.77,-0.4999999999999997,-0.8660254037844388,0
2018-07-18,8.07,23.13,88.74,8.07,29.169999999999987,82.67000000000002,136.83999999999995,651.1999999999999,-0.4999999999999997,-0.8660254037844388,0
2018-07-19,2.1,24.36,87.87,2.1,19.789999999999985,76.85000000000001,126.49,644.95,-0.4999999999999997,-0.8660254037844388,0
2018-07-20,7.31,24.97,89.56,7.31,17.479999999999986,74.25000000000001,130.31,651.4799999999999,-0.4999999999999997,-0.8660254037844388,0
2018-07-21,19.36,22.55,91.01,19.36,28.769999999999985,74.84,143.29,658.51,-0.4999999999999997,-0.8660254037844388,0
2018-07-22,30.97,21.56,93.99,30.97,57.63999999999999,88.91000000000001,164.23,648.98,-0.4999999999999997,-0.8660254037844388,0
2018-07-23,27.13,22.05,92.8,27.13,77.45999999999998,104.56,187.94,618.76,-0.4999999999999997,-0.8660254037844388,1
2018-07-24,21.36,21.83,94.6,21.36,79.45999999999998,116.3,200.32,592.89,-0.4999999999999997,-0.8660254037844388,0
2018-07-25,29.26,22.28,93.64,29.26,77.74999999999999,137.49,220.16,594.01,-0.4999999999999997,-0.8660254037844388,0
2018-07-26,30.79,22.48,92.41,30.79,81.40999999999998,166.18,243.03,608.05,-0.4999999999999997,-0.8660254037844388,1
2018-07-27,40.25,22.48,91.35,40.25,100.29999999999998,199.12,273.37,636.8199999999999,-0.4999999999999997,-0.8660254037844388,0
2018-07-28,45.78,22.9,93.11,45.78,116.81999999999998,225.54,300.38,674.3399999999999,-0.4999999999999997,-0.8660254037844388,0
2018-07-29,29.58,22.23,93.5,29.58,115.61,224.15,313.05999999999995,687.4399999999999,-0.4999999999999997,-0.8660254037844388,0
2018-07-30,12.13,21.95,95.42,12.13,87.48999999999998,209.15,313.71000000000004,656.03,-0.4999999999999997,-0.8660254037844388,0
2018-07-31,14.06,21.88,92.66,14.06,55.76999999999998,201.85,318.15000000000003,634.65,-0.4999999999999997,-0.8660254037844388,0
2018-08-01,26.92,21.87,93.84,26.92,53.10999999999999,199.51,337.0,617.28,-0.8660254037844385,-0.5000000000000004,0
2018-08-02,29.49,21.68,95.22,29.49,70.46999999999998,198.21,364.39,581.27,-0.8660254037844385,-0.5000000000000004,1
2018-08-03,9.96,21.72,92.97,9.96,66.36999999999998,167.92000000000002,367.04,513.29,-0.8660254037844385,-0.5000000000000004,0
2018-08-04,13.25,22.41,92.59,13.25,52.69999999999998,135.39,360.93,514.09,-0.8660254037844385,-0.5000000000000004,0
2018-08-05,5.7,23.1,91.2,5.7,28.909999999999982,111.51000000000002,335.66,516.3,-0.8660254037844385,-0.5000000000000004,0
2018-08-06,2.04,22.36,92.84,2.04,20.989999999999988,101.42000000000002,310.57,511.96,-0.8660254037844385,-0.5000000000000004,0
2018-08-07,11.8,23.18,88.34,11.8,19.539999999999985,99.16,301.01,513.73,-0.8660254037844385,-0.5000000000000004,0
2018-08-08,9.67,21.99,93.91,9.67,23.509999999999987,81.91000000000001,281.42,519.98,-0.8660254037844385,-0.5000000000000004,0
2018-08-09,5.16,21.95,91.26,5.16,26.629999999999985,57.58000000000001,255.79,516.16,-0.8660254037844385,-0.5000000000000004,0
2018-08-10,3.7,22.26,90.77,3.7,18.529999999999987,51.320000000000014,219.24,510.44,-0.8660254037844385,-0.5000000000000004,1
2018-08-11,13.99,22.35,93.4,13.99,22.849999999999987,52.06000000000002,187.45,516.51,-0.8660254037844385,-0.5000000000000004,0
2018-08-12,27.95,21.75,93.39,27.95,45.63999999999999,74.31000000000002,185.82,534.55,-0.8660254037844385,-0.5000000000000004,0
2018-08-13,8.61,22.39,92.66,8.61,50.54999999999998,80.88000000000002,182.3,524.39,-0.8660254037844385,-0.5000000000000004,0
2018-08-14,3.66,22.49,92.98,3.66,40.21999999999999,72.74000000000001,171.9,511.15,-0.8660254037844385,-0.5000000000000004,0
2018-08-15,35.4,23.3,90.25,35.4,47.66999999999998,98.47,180.38,535.07,-0.8660254037844385,-0.5000000000000004,0
2018-08-16,29.18,23.19,89.65,29.18,68.23999999999998,122.49,180.07,554.63,-0.8660254037844385,-0.5000000000000004,0
2018-08-17,4.65,23.26,90.05,4.65,69.22999999999999,123.44,174.76,551.2099999999999,-0.8660254037844385,-0.5000000000000004,0
2018-08-18,0.72,23.94,86.99,0.72,34.549999999999976,110.17000000000002,162.23,549.83,-0.8660254037844385,-0.5000000000000004,0
2018-08-19,4.26,24.14,88.1,4.26,9.629999999999978,86.48000000000002,160.79000000000002,546.78,-0.8660254037844385,-0.5000000000000004,0
2018-08-20,4.05,24.05,88.4,4.05,9.029999999999978,81.92000000000002,162.79999999999998,531.4699999999999,-0.8660254037844385,-0.5000000000000004,0
2018-08-21,20.07,22.61,93.13,20.07,28.379999999999978,98.33,171.07,520.5699999999999,-0.8660254037844385,-0.5000000000000004,0
2018-08-22,19.7,22.31,93.29,19.7,43.81999999999998,82.63000000000001,181.1,513.14,-0.8660254037844385,-0.5000000000000004,0
2018-08-23,11.41,23.09,90.49,11.41,51.17999999999998,64.86000000000001,187.35,503.19,-0.8660254037844385,-0.5000000000000004,0
2018-08-24,73.49,22.19,96.66,73.49,104.59999999999997,133.70000000000002,257.14,547.42,-0.8660254037844385,-0.5000000000000004,0
2018-08-25,33.21,21.71,93.56,33.21,118.10999999999996,166.19,276.36,549.84,-0.8660254037844385,-0.5000000000000004,0
2018-08-26,14.57,22.46,91.16,14.57,121.26999999999995,176.5,262.98,524.1600000000001,-0.8660254037844385,-0.5000000000000004,0
2018-08-27,17.45,21.56,92.19,17.45,65.22999999999998,189.9,271.82,495.83,-0.8660254037844385,-0.5000000000000004,0
2018-08-28,32.57,21.37,94.13,32.57,64.58999999999997,202.4,300.73,498.82,-0.8660254037844385,-0.5000000000000004,0
2018-08-29,9.81,22.15,94.16,9.81,59.82999999999997,192.51,275.14,496.5,-0.8660254037844385,-0.5000000000000004,0
2018-08-30,8.93,22.33,91.28,8.93,51.30999999999997,190.03,254.89,491.37,-0.8660254037844385,-0.5000000000000004,0
2018-08-31,20.1,22.66,91.6,20.1,38.839999999999975,136.64,270.34000000000003,484.55,-0.8660254037844385,-0.5000000000000004,1
2018-09-01,34.83,22.35,91.49,34.83,63.85999999999997,138.26,304.45,489.89,-1.0,-1.8369701987210297e-16,0
2018-09-02,31.02,21.79,92.77,31.02,85.94999999999997,154.71,331.21,510.95,-1.0,-1.8369701987210297e-16,0
2018-09-03,19.23,22.13,93.26,19.23,85.07999999999996,156.49,346.39,516.9300000000001,-1.0,-1.8369701987210297e-16,0
2018-09-04,16.89,23.18,89.52,16.89,67.13999999999997,140.81,343.21,528.12,-1.0,-1.8369701987210297e-16,0
2018-09-05,44.06,22.72,92.41,44.06,80.17999999999998,175.06,367.57,570.14,-1.0,-1.8369701987210297e-16,0
2018-09-06,5.64,22.58,90.18,5.64,66.58999999999997,171.77,361.8,563.98,-1.0,-1.8369701987210297e-16,0
2018-09-07,2.36,21.69,91.04,2.36,52.05999999999997,154.03,290.67,556.6700000000001,-1.0,-1.8369701987210297e-16,0
2018-09-08,8.06,21.77,91.91,8.06,16.059999999999974,127.26000000000002,265.52,559.5699999999999,-1.0,-1.8369701987210297e-16,0
2018-09-09,33.91,21.79,93.39,33.91,44.32999999999997,130.15000000000003,284.86,589.78,-1.0,-1.8369701987210297e-16,0
2018-09-10,54.9,21.02,94.53,54.9,96.86999999999998,165.82000000000002,322.31,630.69,-1.0,-1.8369701987210297e-16,0
2018-09-11,35.46,21.41,94.26,35.46,124.26999999999995,184.39,325.2,638.1999999999999,-1.0,-1.8369701987210297e-16,0
2018-09-12,39.14,21.35,95.53,39.14,129.49999999999997,179.47,354.53,668.7299999999999,-1.0,-1.8369701987210297e-16,0
2018-09-13,31.65,21.05,95.14,31.65,106.24999999999996,205.48,377.25,696.72,-1.0,-1.8369701987210297e-16,0
2018-09-14,19.3,21.0,96.34,19.3,90.08999999999996,222.42,376.45,680.62,-1.0,-1.8369701987210297e-16,0
2018-09-15,3.63,22.67,83.67,3.63,54.57999999999997,217.99000000000004,345.25,655.07,-1.0,-1.8369701987210297e-16,0
2018-09-16,1.14,22.37,86.9,1.14,24.06999999999997,185.22000000000003,315.37,651.56,-1.0,-1.8369701987210297e-16,0
2018-09-17,1.82,23.04,86.5,1.82,6.589999999999971,132.14,297.96,652.6600000000001,-1.0,-1.8369701987210297e-16,1
2018-09-18,0.42,23.12,88.55,0.42,3.3799999999999715,97.1,281.49,648.8199999999999,-1.0,-1.8369701987210297e-16,0
2018-09-19,0.54,22.22,92.14,0.54,2.779999999999972,58.500000000000014,237.97,645.31,-1.0,-1.8369701987210297e-16,0
2018-09-20,2.16,21.97,90.47,2.16,3.119999999999972,29.010000000000016,234.49,627.4000000000001,-1.0,-1.8369701987210297e-16,0
2018-09-21,5.87,20.86,94.09,5.87,8.569999999999972,15.580000000000014,238.0,613.57,-1.0,-1.8369701987210297e-16,0
2018-09-22,0.52,21.11,90.35,0.52,8.549999999999972,12.470000000000011,230.46,602.6800000000001,-1.0,-1.8369701987210297e-16,0
2018-09-23,0.22,21.62,89.19,0.22,6.609999999999972,11.550000000000017,196.77,529.4100000000001,-1.0,-1.8369701987210297e-16,0
2018-09-24,6.94,20.8,92.98,6.94,7.679999999999972,16.670000000000016,148.81,503.14,-1.0,-1.8369701987210297e-16,0
2018-09-25,8.59,21.09,93.87,8.59,15.749999999999972,24.84000000000001,121.94,497.16,-1.0,-1.8369701987210297e-16,0
2018-09-26,6.24,21.0,92.59,6.24,21.76999999999997,30.540000000000013,89.04,485.95,-1.0,-1.8369701987210297e-16,0
2018-09-27,2.65,20.83,89.14,2.65,17.479999999999972,31.030000000000012,60.04,456.03,-1.0,-1.8369701987210297e-16,0
2018-09-28,0.33,20.76,85.83,0.33,9.219999999999972,25.490000000000016,41.07,446.55,-1.0,-1.8369701987210297e-16,0
2018-09-29,1.44,21.21,88.33,1.44,4.419999999999972,26.41000000000001,38.88,439.06,-1.0,-1.8369701987210297e-16,0
2018-09-30,2.94,21.06,88.96,2.94,4.709999999999972,29.130000000000017,40.68,421.9,-1.0,-1.8369701987210297e-16,0
2018-10-01,0.88,20.34,83.81,0.88,5.259999999999971,23.07000000000001,39.74,387.95,-0.8660254037844386,0.5000000000000001,0
2018-10-02,1.84,19.97,87.68,1.84,5.659999999999972,16.320000000000014,41.16,358.77000000000004,-0.8660254037844386,0.5000000000000001,0
2018-10-03,1.02,19.91,83.25,1.02,3.739999999999972,11.100000000000014,41.64,340.56,-0.8660254037844386,0.5000000000000001,0
2018-10-04,0.42,19.59,81.93,0.42,3.279999999999972,8.870000000000013,39.900000000000006,324.09000000000003,-0.8660254037844386,0.5000000000000001,0
2018-10-05,0.16,19.85,82.57,0.16,1.5999999999999717,8.700000000000014,34.19,280.19,-0.8660254037844386,0.5000000000000001,0
2018-10-06,0.97,19.67,84.01,0.97,1.5499999999999714,8.230000000000015,34.64,275.52000000000004,-0.8660254037844386,0.5000000000000001,0
2018-10-07,0.19,19.9,80.27,0.19,1.3199999999999716,5.480000000000015,34.61000000000001,273.35,-0.8660254037844386,0.5000000000000001,0
2018-10-08,0.96,18.24,85.52,0.96,2.119999999999972,5.560000000000014,28.63,266.25,-0.8660254037844386,0.5000000000000001,0
2018-10-09,0.79,18.42,79.89,0.79,1.939999999999972,4.510000000000014,20.83,233.13,-0.8660254037844386,0.5000000000000001,0
2018-10-10,7.21,17.08,91.7,7.21,8.959999999999972,10.700000000000014,21.8,185.44,-0.8660254037844386,0.5000000000000001,0
2018-10-11,8.49,17.79,92.32,8.49,16.48999999999997,18.770000000000017,27.64,158.47,-0.8660254037844386,0.5000000000000001,0
2018-10-12,7.95,18.07,87.2,7.95,23.64999999999997,26.560000000000016,35.26,127.28,-0.8660254037844386,0.5000000000000001,0
2018-10-13,20.14,17.18,94.67,20.14,36.57999999999997,45.73000000000002,53.96,115.77,-0.8660254037844386,0.5000000000000001,0
2018-10-14,12.5,18.99,85.15,12.5,40.58999999999997,58.04000000000002,63.52,108.97,-0.8660254037844386,0.5000000000000001,0
2018-10-15,1.61,16.53,87.2,1.61,34.24999999999997,58.69000000000002,64.25,106.95,-0.8660254037844386,0.5000000000000001,0
2018-10-16,0.01,16.21,79.29,0.01,14.119999999999967,57.91000000000002,62.42,105.82,-0.8660254037844386,0.5000000000000001,0
2018-10-17,0.06,16.64,82.25,0.06,1.6799999999999682,50.76000000000002,61.46,104.06,-0.8660254037844386,0.5000000000000001,0
2018-10-18,0.05,16.89,87.68,0.05,0.119999999999968,42.320000000000014,61.09,103.69,-0.8660254037844386,0.5000000000000001,0
2018-10-19,0.0,17.48,80.47,0.0,0.109999999999968,34.37000000000001,60.92999999999999,103.15,-0.8660254037844386,0.5000000000000001,0
2018-10-20,0.0,17.86,79.61,0.0,0.049999999999968,14.230000000000018,59.96,100.99,-0.8660254037844386,0.5000000000000001,0
2018-10-21,0.0,18.07,80.39,0.0,0.0,1.730000000000018,59.77,95.12,-0.8660254037844386,0.5000000000000001,0
2018-10-22,0.0,18.23,79.36,0.0,0.0,0.1200000000000177,58.81,94.6,-0.8660254037844386,0.5000000000000001,0
2018-10-23,0.0,18.01,77.78,0.0,0.0,0.1100000000000177,58.02,94.38,-0.8660254037844386,0.5000000000000001,0
2018-10-24,0.06,17.79,82.24,0.06,0.059999999999968,0.1100000000000177,50.87,87.50000000000001,-0.8660254037844386,0.5000000000000001,0
2018-10-25,0.0,17.45,83.0,0.0,0.059999999999968,0.0600000000000177,42.38,78.91000000000001,-0.8660254037844386,0.5000000000000001,0
2018-10-26,0.0,18.0,79.51,0.0,0.059999999999968,0.0600000000000177,34.43,72.67,-0.8660254037844386,0.5000000000000001,0
2018-10-27,2.87,17.92,86.78,2.87,2.869999999999968,2.930000000000018,17.16,72.89,-0.8660254037844386,0.5000000000000001,0
2018-10-28,2.46,18.02,81.45,2.46,5.329999999999968,5.390000000000018,7.12,75.02000000000001,-0.8660254037844386,0.5000000000000001,0
2018-10-29,0.01,17.24,76.74,0.01,5.339999999999968,5.400000000000018,5.52,73.59,-0.8660254037844386,0.5000000000000001,0
2018-10-30,0.01,16.82,88.61,0.01,2.479999999999968,5.410000000000018,5.52,70.66,-0.8660254037844386,0.5000000000000001,0
2018-10-31,0.9,17.98,85.32,0.9,0.919999999999968,6.250000000000019,6.36,70.68,-0.8660254037844386,0.5000000000000001,0
2018-11-01,0.0,18.31,84.52,0.0,0.909999999999968,6.250000000000019,6.31,68.84,-0.5000000000000004,0.8660254037844384,0
2018-11-02,0.94,17.74,85.0,0.94,1.839999999999968,7.190000000000018,7.25,68.76,-0.5000000000000004,0.8660254037844384,0
2018-11-03,1.71,16.7,88.33,1.71,2.649999999999968,6.030000000000018,8.959999999999999,70.05,-0.5000000000000004,0.8660254037844384,0
2018-11-04,2.2,15.84,91.81,2.2,4.849999999999968,5.770000000000017,11.16,72.09,-0.5000000000000004,0.8660254037844384,0
2018-11-05,2.38,15.8,92.38,2.38,6.289999999999968,8.140000000000018,13.54,73.5,-0.5000000000000004,0.8660254037844384,0
2018-11-06,2.35,15.79,91.63,2.35,6.929999999999968,10.480000000000018,15.89,75.66000000000001,-0.5000000000000004,0.8660254037844384,0
2018-11-07,0.0,14.14,77.06,0.0,4.7299999999999685,9.580000000000018,15.829999999999998,74.7,-0.5000000000000004,0.8660254037844384,0
2018-11-08,0.0,15.36,75.57,0.0,2.349999999999968,9.580000000000018,15.829999999999998,73.91000000000001,-0.5000000000000004,0.8660254037844384,0
2018-11-09,0.0,15.21,81.89,0.0,0.0,8.640000000000018,15.829999999999998,66.7,-0.5000000000000004,0.8660254037844384,0
2018-11-10,0.0,15.29,79.78,0.0,0.0,6.9300000000000175,12.96,58.21,-0.5000000000000004,0.8660254037844384,0
2018-11-11,0.0,15.7,76.35,0.0,0.0,4.730000000000018,10.5,50.26,-0.5000000000000004,0.8660254037844384,0
2018-11-12,0.0,15.52,75.97,0.0,0.0,2.350000000000018,10.489999999999998,30.12,-0.5000000000000004,0.8660254037844384,0
2018-11-13,0.0,14.65,84.96,0.0,0.0,0.0,10.48,17.62,-0.5000000000000004,0.8660254037844384,0
2018-11-14,0.01,14.05,84.77,0.01,0.009999999999968,0.0100000000000177,9.59,16.02,-0.5000000000000004,0.8660254037844384,0
2018-11-15,0.14,14.09,85.87,0.14,0.149999999999968,0.1500000000000177,9.73,16.15,-0.5000000000000004,0.8660254037844384,0
2018-11-16,0.03,13.63,88.09,0.03,0.179999999999968,0.1800000000000177,8.82,16.12,-0.5000000000000004,0.8660254037844384,0
2018-11-17,0.08,13.43,91.03,0.08,0.249999999999968,0.2600000000000178,7.19,16.15,-0.5000000000000004,0.8660254037844384,0
2018-11-18,0.0,14.13,62.67,0.0,0.109999999999968,0.2600000000000178,4.99,16.15,-0.5000000000000004,0.8660254037844384,0
2018-11-19,0.0,13.53,74.36,0.0,0.079999999999968,0.2600000000000178,2.6100000000000003,16.15,-0.5000000000000004,0.8660254037844384,0
2018-11-20,0.0,13.3,77.12,0.0,0.0,0.2600000000000178,0.26,16.15,-0.5000000000000004,0.8660254037844384,0
2018-11-21,0.0,13.31,81.71,0.0,0.0,0.2500000000000177,0.26,16.15,-0.5000000000000004,0.8660254037844384,0
2018-11-22,0.0,14.0,82.68,0.0,0.0,0.1100000000000177,0.26,16.15,-0.5000000000000004,0.8660254037844384,0
2018-11-23,0.0,14.32,80.42,0.0,0.0,0.0800000000000177,0.26,16.09,-0.5000000000000004,0.8660254037844384,0
2018-11-24,0.0,14.05,84.96,0.0,0.0,0.0,0.26,16.09,-0.5000000000000004,0.8660254037844384,0
2018-11-25,0.0,13.71,85.13,0.0,0.0,0.0,0.26,16.09,-0.5000000000000004,0.8660254037844384,0
2018-11-26,0.0,14.18,80.35,0.0,0.0,0.0,0.26,13.22,-0.5000000000000004,0.8660254037844384,0
2018-11-27,0.0,14.88,78.43,0.0,0.0,0.0,0.26,10.760000000000002,-0.5000000000000004,0.8660254037844384,0
2018-11-28,0.0,14.1,75.23,0.0,0.0,0.0,0.25,10.75,-0.5000000000000004,0.8660254037844384,0
2018-11-29,0.0,14.18,72.41,0.0,0.0,0.0,0.11,10.74,-0.5000000000000004,0.8660254037844384,0
2018-11-30,0.0,13.99,70.78,0.0,0.0,0.0,0.08,9.84,-0.5000000000000004,0.8660254037844384,0
2018-12-01,0.0,13.18,76.26,0.0,0.0,0.0,0.0,9.84,-2.4492935982947064e-16,1.0,0
2018-12-02,0.0,12.56,81.93,0.0,0.0,0.0,0.0,8.9,-2.4492935982947064e-16,1.0,0
2018-12-03,0.0,12.63,80.81,0.0,0.0,0.0,0.0,7.19,-2.4492935982947064e-16,1.0,0
2018-12-04,0.0,12.92,81.87,0.0,0.0,0.0,0.0,4.99,-2.4492935982947064e-16,1.0,0
2018-12-05,0.0,13.93,75.6,0.0,0.0,0.0,0.0,2.6100000000000003,-2.4492935982947064e-16,1.0,0
2018-12-06,0.0,12.94,82.69,0.0,0.0,0.0,0.0,0.26,-2.4492935982947064e-16,1.0,0
2018-12-07,0.0,12.54,83.8,0.0,0.0,0.0,0.0,0.26,-2.4492935982947064e-16,1.0,0
2018-12-08,0.0,12.54,79.01,0.0,0.0,0.0,0.0,0.26,-2.4492935982947064e-16,1.0,0
2018-12-09,0.0,12.23,80.68,0.0,0.0,0.0,0.0,0.26,-2.4492935982947064e-16,1.0,0
2018-12-10,0.0,12.76,75.99,0.0,0.0,0.0,0.0,0.26,-2.4492935982947064e-16,1.0,0
2018-12-11,0.0,13.84,71.15,0.0,0.0,0.0,0.0,0.26,-2.4492935982947064e-16,1.0,0
2018-12-12,0.0,14.39,65.02,0.0,0.0,0.0,0.0,0.26,-2.4492935982947064e-16,1.0,0
2018-12-13,0.0,13.89,68.2,0.0,0.0,0.0,0.0,0.26,-2.4492935982947064e-16,1.0,0
2018-12-14,0.0,12.3,81.99,0.0,0.0,0.0,0.0,0.25,-2.4492935982947064e-16,1.0,0
2018-12-15,0.0,13.15,72.39,0.0,0.0,0.0,0.0,0.11,-2.4492935982947064e-16,1.0,0
2018-12-16,0.0,14.38,65.96,0.0,0.0,0.0,0.0,0.08,-2.4492935982947064e-16,1.0,0
2018-12-17,0.52,13.89,76.71,0.52,0.519999999999968,0.5200000000000178,0.52,0.52,-2.4492935982947064e-16,1.0,0
2018-12-18,23.15,12.55,95.87,23.15,23.66999999999997,23.670000000000016,23.67,23.67,-2.4492935982947064e-16,1.0,0
2018-12-19,0.28,12.77,88.01,0.28,23.949999999999967,23.950000000000017,23.95,23.95,-2.4492935982947064e-16,1.0,0
2018-12-20,0.0,12.16,87.2,0.0,23.429999999999968,23.950000000000017,23.95,23.95,-2.4492935982947064e-16,1.0,0
2018-12-21,0.0,11.89,88.08,0.0,0.279999999999968,23.950000000000017,23.95,23.95,-2.4492935982947064e-16,1.0,0
2018-12-22,0.0,12.44,81.68,0.0,0.0,23.950000000000017,23.95,23.95,-2.4492935982947064e-16,1.0,0
2018-12-23,0.0,12.44,74.46,0.0,0.0,23.950000000000017,23.95,23.95,-2.4492935982947064e-16,1.0,0
2018-12-24,0.0,12.02,75.7,0.0,0.0,23.430000000000017,23.95,23.95,-2.4492935982947064e-16,1.0,0
2018-12-25,0.0,10.8,87.51,0.0,0.0,0.2800000000000178,23.95,23.95,-2.4492935982947064e-16,1.0,0
2018-12-26,0.0,10.07,81.14,0.0,0.0,0.0,23.95,23.95,-2.4492935982947064e-16,1.0,0
2018-12-27,0.0,9.92,80.56,0.0,0.0,0.0,23.95,23.95,-2.4492935982947064e-16,1.0,0
2018-12-28,0.14,9.21,77.53,0.14,0.139999999999968,0.1400000000000177,24.09,24.09,-2.4492935982947064e-16,1.0,0
2018-12-29,0.0,8.17,69.07,0.0,0.139999999999968,0.1400000000000177,24.09,24.09,-2.4492935982947064e-16,1.0,0
2018-12-30,0.0,8.92,71.11,0.0,0.139999999999968,0.1400000000000177,24.09,24.09,-2.4492935982947064e-16,1.0,0
2018-12-31,0.0,12.94,49.57,0.0,0.0,0.1400000000000177,23.57,24.09,-2.4492935982947064e-16,1.0,0
2019-01-01,0.0,11.37,62.39,0.0,0.0,0.1400000000000177,0.42,24.09,0.49999999999999994,0.8660254037844387,0
2019-01-02,0.0,10.44,71.48,0.0,0.0,0.1400000000000177,0.14,24.09,0.49999999999999994,0.8660254037844387,0
2019-01-03,0.0,10.06,80.2,0.0,0.0,0.1400000000000177,0.14,24.09,0.49999999999999994,0.8660254037844387,0
2019-01-04,0.0,9.33,72.23,0.0,0.0,0.0,0.14,24.09,0.49999999999999994,0.8660254037844387,0
2019-01-05,0.0,9.57,72.83,0.0,0.0,0.0,0.14,24.09,0.49999999999999994,0.8660254037844387,0
2019-01-06,0.0,12.34,64.59,0.0,0.0,0.0,0.14,24.09,0.49999999999999994,0.8660254037844387,0
2019-01-07,0.0,12.68,64.39,0.0,0.0,0.0,0.14,24.09,0.49999999999999994,0.8660254037844387,0
2019-01-08,0.0,10.9,72.76,0.0,0.0,0.0,0.14,24.09,0.49999999999999994,0.8660254037844387,0
2019-01-09,0.01,10.57,71.38,0.01,0.009999999999968,0.0100000000000177,0.15,24.1,0.49999999999999994,0.8660254037844387,0
2019-01-10,0.08,10.2,73.26,0.08,0.089999999999968,0.0900000000000177,0.23,24.18,0.49999999999999994,0.8660254037844387,0
2019-01-11,0.0,9.92,79.69,0.0,0.089999999999968,0.0900000000000177,0.09,24.18,0.49999999999999994,0.8660254037844387,0
2019-01-12,0.0,11.76,62.07,0.0,0.079999999999968,0.0900000000000177,0.09,24.18,0.49999999999999994,0.8660254037844387,0
2019-01-13,0.0,11.77,63.94,0.0,0.0,0.0900000000000177,0.09,24.18,0.49999999999999994,0.8660254037844387,0
2019-01-14,0.0,10.57,76.09,0.0,0.0,0.0900000000000177,0.09,24.18,0.49999999999999994,0.8660254037844387,0
2019-01-15,0.0,9.95,68.34,0.0,0.0,0.0900000000000177,0.09,24.18,0.49999999999999994,0.8660254037844387,0
2019-01-16,0.0,10.15,76.29,0.0,0.0,0.0800000000000177,0.09,23.66,0.49999999999999994,0.8660254037844387,0
2019-01-17,0.0,12.28,68.71,0.0,0.0,0.0,0.09,0.51,0.49999999999999994,0.8660254037844387,0
2019-01-18,0.0,10.79,74.72,0.0,0.0,0.0,0.09,0.23,0.49999999999999994,0.8660254037844387,0
2019-01-19,0.0,10.41,77.42,0.0,0.0,0.0,0.09,0.23,0.49999999999999994,0.8660254037844387,0
2019-01-20,0.0,10.91,79.43,0.0,0.0,0.0,0.09,0.23,0.49999999999999994,0.8660254037844387,0
2019-01-21,0.0,12.09,72.43,0.0,0.0,0.0,0.09,0.23,0.49999999999999994,0.8660254037844387,0
2019-01-22,0.0,12.92,73.08,0.0,0.0,0.0,0.09,0.23,0.49999999999999994,0.8660254037844387,0
2019-01-23,0.0,12.77,73.04,0.0,0.0,0.0,0.08,0.23,0.49999999999999994,0.8660254037844387,0
2019-01-24,0.0,13.13,68.84,0.0,0.0,0.0,0.0,0.23,0.49999999999999994,0.8660254037844387,0
2019-01-25,0.0,13.71,63.87,0.0,0.0,0.0,0.0,0.23,0.49999999999999994,0.8660254037844387,0
2019-01-26,0.0,14.32,63.04,0.0,0.0,0.0,0.0,0.23,0.49999999999999994,0.8660254037844387,0
2019-01-27,0.0,14.06,64.41,0.0,0.0,0.0,0.0,0.09,0.49999999999999994,0.8660254037844387,0
2019-01-28,0.0,13.25,70.39,0.0,0.0,0.0,0.0,0.09,0.49999999999999994,0.8660254037844387,0
2019-01-29,0.19,10.75,76.98,0.19,0.189999999999968,0.1900000000000177,0.19,0.28,0.49999999999999994,0.8660254037844387,0
2019-01-30,0.0,9.24,61.59,0.0,0.189999999999968,0.1900000000000177,0.19,0.28,0.49999999999999994,0.8660254037844387,0
2019-01-31,0.0,10.87,65.59,0.0,0.189999999999968,0.1900000000000177,0.19,0.28,0.49999999999999994,0.8660254037844387,0
2019-02-01,0.0,13.13,57.97,0.0,0.0,0.1900000000000177,0.19,0.28,0.8660254037844386,0.5000000000000001,0
2019-02-02,0.0,11.99,64.73,0.0,0.0,0.1900000000000177,0.19,0.28,0.8660254037844386,0.5000000000000001,0
2019-02-03,0.0,11.08,67.0,0.0,0.0,0.1900000000000177,0.19,0.28,0.8660254037844386,0.5000000000000001,0
2019-02-04,0.0,10.99,61.95,0.0,0.0,0.1900000000000177,0.19,0.28,0.8660254037844386,0.5000000000000001,0
2019-02-05,0.0,12.1,63.32,0.0,0.0,0.0,0.19,0.28,0.8660254037844386,0.5000000000000001,0
2019-02-06,0.0,11.4,64.28,0.0,0.0,0.0,0.19,0.28,0.8660254037844386,0.5000000000000001,0
2019-02-07,0.0,13.09,61.94,0.0,0.0,0.0,0.19,0.28,0.8660254037844386,0.5000000000000001,0
2019-02-08,0.03,14.82,64.66,0.03,0.029999999999968,0.0300000000000177,0.22,0.3,0.8660254037844386,0.5000000000000001,0
2019-02-09,3.66,13.37,80.56,3.66,3.689999999999968,3.6900000000000177,3.88,3.88,0.8660254037844386,0.5000000000000001,0
2019-02-10,0.02,11.54,64.98,0.02,3.709999999999968,3.7100000000000177,3.9,3.9,0.8660254037844386,0.5000000000000001,0
2019-02-11,0.0,11.74,66.71,0.0,3.679999999999968,3.7100000000000177,3.9,3.9,0.8660254037844386,0.5000000000000001,0
2019-02-12,0.0,13.7,63.21,0.0,0.019999999999968,3.7100000000000177,3.71,3.9,0.8660254037844386,0.5000000000000001,0
2019-02-13,0.0,14.69,64.49,0.0,0.0,3.7100000000000177,3.71,3.9,0.8660254037844386,0.5000000000000001,0
2019-02-14,0.0,15.87,64.22,0.0,0.0,3.7100000000000177,3.71,3.9,0.8660254037844386,0.5000000000000001,0
2019-02-15,0.0,14.84,68.73,0.0,0.0,3.680000000000018,3.71,3.9,0.8660254037844386,0.5000000000000001,0
2019-02-16,3.43,13.64,71.8,3.43,3.429999999999968,3.450000000000018,7.140000000000001,7.33,0.8660254037844386,0.5000000000000001,0
2019-02-17,4.67,10.04,88.75,4.67,8.099999999999968,8.100000000000017,11.81,12.0,0.8660254037844386,0.5000000000000001,0
2019-02-18,2.6,9.21,80.26,2.6,10.699999999999967,10.700000000000015,14.41,14.6,0.8660254037844386,0.5000000000000001,0
2019-02-19,0.0,10.52,65.77,0.0,7.269999999999968,10.700000000000015,14.41,14.6,0.8660254037844386,0.5000000000000001,0
2019-02-20,0.0,12.6,69.38,0.0,2.599999999999968,10.700000000000015,14.41,14.6,0.8660254037844386,0.5000000000000001,0
2019-02-21,0.0,12.29,76.95,0.0,0.0,10.700000000000015,14.41,14.6,0.8660254037844386,0.5000000000000001,0
2019-02-22,0.0,13.79,71.96,0.0,0.0,10.700000000000015,14.38,14.6,0.8660254037844386,0.5000000000000001,0
2019-02-23,0.05,13.99,75.74,0.05,0.049999999999968,7.320000000000018,10.77,14.65,0.8660254037844386,0.5000000000000001,0
2019-02-24,0.0,13.27,61.9,0.0,0.049999999999968,2.6500000000000177,10.75,14.65,0.8660254037844386,0.5000000000000001,0
2019-02-25,1.24,12.99,55.85,1.24,1.289999999999968,1.2900000000000178,11.99,15.89,0.8660254037844386,0.5000000000000001,0
2019-02-26,0.55,12.86,72.04,0.55,1.789999999999968,1.8400000000000176,12.54,16.44,0.8660254037844386,0.5000000000000001,0
2019-02-27,5.15,12.87,82.96,5.15,6.939999999999968,6.990000000000018,17.69,21.59,0.8660254037844386,0.5000000000000001,0
2019-02-28,22.42,11.95,90.76,22.42,28.11999999999997,29.410000000000014,40.11,43.82,0.8660254037844386,0.5000000000000001,0
2019-03-01,0.01,9.72,66.17,0.01,27.57999999999997,29.42000000000002,40.120000000000005,43.83,1.0,6.123233995736766e-17,0
2019-03-02,0.0,10.95,62.83,0.0,22.42999999999997,29.37000000000002,36.690000000000005,43.83,1.0,6.123233995736766e-17,0
2019-03-03,0.0,13.31,64.09,0.0,0.009999999999968,29.37000000000002,32.02,43.83,1.0,6.123233995736766e-17,0
2019-03-04,0.66,12.91,69.16,0.66,0.6599999999999681,28.79000000000002,30.080000000000005,44.49,1.0,6.123233995736766e-17,0
2019-03-05,4.71,13.55,83.95,4.71,5.369999999999968,32.95000000000002,34.790000000000006,49.2,1.0,6.123233995736766e-17,0
2019-03-06,0.51,13.31,77.5,0.51,5.879999999999968,28.31000000000002,35.300000000000004,49.71,1.0,6.123233995736766e-17,0
2019-03-07,0.12,12.93,71.79,0.12,5.339999999999968,6.0100000000000176,35.42,49.83,1.0,6.123233995736766e-17,0
2019-03-08,0.0,11.89,59.47,0.0,0.629999999999968,6.000000000000018,35.42,49.83,1.0,6.123233995736766e-17,0
2019-03-09,0.0,12.38,54.94,0.0,0.119999999999968,6.000000000000018,35.370000000000005,49.83,1.0,6.123233995736766e-17,0
2019-03-10,0.0,14.11,62.04,0.0,0.0,6.000000000000018,35.370000000000005,49.8,1.0,6.123233995736766e-17,0
2019-03-11,0.0,14.96,75.69,0.0,0.0,5.340000000000018,34.13,46.14,1.0,6.123233995736766e-17,0
2019-03-12,0.0,15.09,65.69,0.0,0.0,0.6300000000000178,33.58,46.12,1.0,6.123233995736766e-17,0
2019-03-13,0.0,15.98,55.94,0.0,0.0,0.1200000000000177,28.430000000000003,46.12,1.0,6.123233995736766e-17,0
2019-03-14,0.0,18.55,50.81,0.0,0.0,0.0,6.01,46.12,1.0,6.123233995736766e-17,0
2019-03-15,0.0,17.39,62.87,0.0,0.0,0.0,6.0,46.12,1.0,6.123233995736766e-17,0
2019-03-16,0.0,16.61,69.77,0.0,0.0,0.0,6.0,46.12,1.0,6.123233995736766e-17,0
2019-03-17,0.51,17.45,58.23,0.51,0.509999999999968,0.5100000000000178,6.51,46.63,1.0,6.123233995736766e-17,0
2019-03-18,0.52,16.63,57.89,0.52,1.029999999999968,1.0300000000000178,6.37,43.72,1.0,6.123233995736766e-17,0
2019-03-19,1.39,15.35,71.97,1.39,2.419999999999968,2.4200000000000177,3.05,40.44,1.0,6.123233995736766e-17,0
2019-03-20,0.1,15.02,60.72,0.1,2.009999999999968,2.520000000000018,2.64,37.940000000000005,1.0,6.123233995736766e-17,0
2019-03-21,0.06,16.41,54.12,0.06,1.5499999999999678,2.580000000000018,2.58,38.0,1.0,6.123233995736766e-17,0
2019-03-22,3.13,16.53,70.53,3.13,3.289999999999968,5.710000000000018,5.71,41.13,1.0,6.123233995736766e-17,0
2019-03-23,1.07,16.72,76.4,1.07,4.259999999999968,6.780000000000018,6.78,42.2,1.0,6.123233995736766e-17,0
2019-03-24,0.0,17.13,48.07,0.0,4.199999999999968,6.270000000000018,6.78,42.2,1.0,6.123233995736766e-17,0
2019-03-25,0.0,18.42,43.76,0.0,1.069999999999968,5.750000000000018,6.78,42.15,1.0,6.123233995736766e-17,0
2019-03-26,5.94,18.08,57.03,5.94,5.939999999999968,10.300000000000018,12.72,48.09,1.0,6.123233995736766e-17,0
2019-03-27,2.32,16.62,63.6,2.32,8.259999999999968,12.52000000000002,15.04,49.17,1.0,6.123233995736766e-17,0
2019-03-28,0.0,17.96,62.65,0.0,8.259999999999968,12.46000000000002,15.04,48.62,1.0,6.123233995736766e-17,0
2019-03-29,0.0,18.39,69.6,0.0,2.319999999999968,9.33000000000002,15.04,43.47,1.0,6.123233995736766e-17,0
2019-03-30,1.9,18.4,74.58,1.9,1.899999999999968,10.160000000000018,16.94,22.95,1.0,6.123233995736766e-17,0
2019-03-31,23.18,17.72,89.26,23.18,25.079999999999966,33.34000000000002,39.61,46.12,1.0,6.123233995736766e-17,0
2019-04-01,21.18,17.49,90.25,21.18,46.25999999999996,54.52000000000002,60.27,67.3,0.8660254037844387,-0.4999999999999998,0
2019-04-02,13.52,17.26,86.5,13.52,57.87999999999997,62.10000000000001,72.4,80.82,0.8660254037844387,-0.4999999999999998,0
2019-04-03,0.96,17.1,78.72,0.96,35.65999999999997,60.740000000000016,73.25999999999999,81.12,0.8660254037844387,-0.4999999999999998,0
2019-04-04,1.7,17.38,76.56,1.7,16.179999999999968,62.44000000000002,74.9,78.10999999999999,0.8660254037844387,-0.4999999999999998,0
2019-04-05,0.44,18.01,78.42,0.44,3.099999999999968,62.88000000000002,72.21,78.04,0.8660254037844387,-0.4999999999999998,0
2019-04-06,14.22,18.24,77.93,14.22,16.359999999999967,75.20000000000002,85.36,92.14,0.8660254037844387,-0.4999999999999998,0
2019-04-07,16.1,17.62,82.35,16.1,30.75999999999997,68.12000000000002,101.46,108.24,0.8660254037844387,-0.4999999999999998,0
2019-04-08,2.11,16.65,87.41,2.11,32.42999999999997,49.05000000000002,103.57,110.35,0.8660254037844387,-0.4999999999999998,0
2019-04-09,26.87,16.01,93.85,26.87,45.07999999999997,62.40000000000002,124.5,137.22,0.8660254037844387,-0.4999999999999998,0
2019-04-10,0.07,17.58,81.97,0.07,29.04999999999997,61.51000000000002,122.25,137.29,0.8660254037844387,-0.4999999999999998,0
2019-04-11,2.49,19.06,77.78,2.49,29.429999999999968,62.300000000000026,124.74,139.78,0.8660254037844387,-0.4999999999999998,0
2019-04-12,1.21,19.75,78.53,1.21,3.769999999999968,63.07000000000002,125.95,140.99,0.8660254037844387,-0.4999999999999998,0
2019-04-13,3.23,20.08,78.47,3.23,6.929999999999968,52.08000000000002,127.28,144.22,0.8660254037844387,-0.4999999999999998,0
2019-04-14,10.53,20.12,77.2,10.53,14.969999999999969,46.51000000000002,114.63,154.75,0.8660254037844387,-0.4999999999999998,0
2019-04-15,13.73,19.83,77.78,13.73,27.489999999999966,58.13000000000002,107.18,168.48,0.8660254037844387,-0.4999999999999998,0
2019-04-16,16.24,20.24,79.42,16.24,40.499999999999964,47.500000000000014,109.9,184.21,0.8660254037844387,-0.4999999999999998,0
2019-04-17,3.65,20.37,80.45,3.65,33.61999999999997,51.08000000000002,112.59,187.34,0.8660254037844387,-0.4999999999999998,0
2019-04-18,0.0,19.15,74.86,0.0,19.889999999999965,48.59000000000002,110.89,185.95,0.8660254037844387,-0.4999999999999998,0
2019-04-19,0.0,18.98,71.58,0.0,3.649999999999968,47.38000000000002,110.45,185.85,0.8660254037844387,-0.4999999999999998,0
2019-04-20,4.43,19.09,64.85,4.43,4.429999999999968,48.58000000000002,100.66,190.22000000000003,0.8660254037844387,-0.4999999999999998,0
2019-04-21,12.55,19.03,67.67,12.55,16.97999999999997,50.600000000000016,97.11,199.64,0.8660254037844387,-0.4999999999999998,0
2019-04-22,4.69,19.73,67.49,4.69,21.66999999999997,41.56000000000002,99.69,203.26,0.8660254037844387,-0.4999999999999998,0
2019-04-23,2.62,19.35,72.17,2.62,19.85999999999997,27.94000000000002,75.44,205.88,0.8660254037844387,-0.4999999999999998,1
2019-04-24,3.81,20.63,71.77,3.81,11.119999999999967,28.10000000000002,79.18,209.69,0.8660254037844387,-0.4999999999999998,0
2019-04-25,0.23,21.6,71.76,0.23,6.659999999999968,28.33000000000002,76.92,203.98,0.8660254037844387,-0.4999999999999998,0
2019-04-26,0.62,22.05,72.71,0.62,4.659999999999968,28.95000000000002,76.33,202.28,0.8660254037844387,-0.4999999999999998,1
2019-04-27,15.31,20.73,80.79,15.31,16.159999999999968,39.83000000000002,88.41,217.59,0.8660254037844387,-0.4999999999999998,0
2019-04-28,14.8,21.07,86.86,14.8,30.72999999999997,42.08000000000002,92.68,232.39,0.8660254037844387,-0.4999999999999998,0
2019-04-29,25.77,20.51,88.63,25.77,55.87999999999997,63.16000000000002,104.72,256.26,0.8660254037844387,-0.4999999999999998,0
2019-04-30,33.21,20.76,89.65,33.21,73.77999999999997,93.75000000000004,121.69,266.29,0.8660254037844387,-0.4999999999999998,0
2019-05-01,41.35,21.3,89.57,41.35,100.32999999999996,131.29000000000002,159.39,286.46,0.49999999999999994,-0.8660254037844387,0
2019-05-02,17.51,21.12,87.49,17.51,92.06999999999998,148.57000000000002,176.9,290.45,0.49999999999999994,-0.8660254037844387,0
2019-05-03,21.1,20.09,86.93,21.1,79.95999999999997,169.05000000000004,198.0,310.59000000000003,0.49999999999999994,-0.8660254037844387,0
2019-05-04,161.81,19.6,91.29,161.81,200.42,315.55000000000007,355.38,470.7,0.49999999999999994,-0.8660254037844387,0
2019-05-05,9.89,19.54,86.44,9.89,192.79999999999995,310.64000000000004,352.72,480.15,0.49999999999999994,-0.8660254037844387,0
2019-05-06,4.03,20.49,86.5,4.03,175.72999999999993,288.90000000000003,352.06,469.96,0.49999999999999994,-0.8660254037844387,0
2019-05-07,0.37,20.8,79.44,0.37,14.289999999999944,256.06000000000006,349.81,454.23,0.49999999999999994,-0.8660254037844387,0
2019-05-08,6.55,20.7,83.62,6.55,10.949999999999942,221.26000000000005,352.54999999999995,458.67,0.49999999999999994,-0.8660254037844387,0
2019-05-09,15.57,21.21,90.36,15.57,22.48999999999994,219.32,367.89,447.37,0.49999999999999994,-0.8660254037844387,1
2019-05-10,22.64,21.62,89.86,22.64,44.75999999999994,220.86000000000004,389.91,469.94,0.49999999999999994,-0.8660254037844387,0
2019-05-11,27.72,21.66,92.21,27.72,65.92999999999995,86.77000000000002,402.32,495.17,0.49999999999999994,-0.8660254037844387,0
2019-05-12,7.85,21.26,92.32,7.85,58.20999999999994,84.73000000000003,395.37,501.81,0.49999999999999994,-0.8660254037844387,0
2019-05-13,8.1,21.1,89.7,8.1,43.669999999999945,88.80000000000003,377.7000000000001,506.68000000000006,0.49999999999999994,-0.8660254037844387,0
2019-05-14,15.21,21.03,83.75,15.21,31.159999999999943,103.64,359.7,511.36,0.49999999999999994,-0.8660254037844387,0
2019-05-15,15.54,20.35,81.99,15.54,38.849999999999945,112.63000000000002,333.89,513.17,0.49999999999999994,-0.8660254037844387,0
2019-05-16,5.5,20.86,80.3,5.5,36.24999999999994,102.56000000000004,321.88,502.43,0.49999999999999994,-0.8660254037844387,0
2019-05-17,24.69,20.41,90.43,24.69,45.72999999999995,104.61000000000004,325.47,523.47,0.49999999999999994,-0.8660254037844387,0
2019-05-18,21.04,20.99,91.4,21.04,51.22999999999995,97.93000000000004,184.7,544.51,0.49999999999999994,-0.8660254037844387,0
2019-05-19,9.46,21.16,91.51,9.46,55.18999999999994,99.54000000000002,184.27,553.97,0.49999999999999994,-0.8660254037844387,0
2019-05-20,2.81,20.74,85.85,2.81,33.309999999999945,94.25000000000004,183.05,552.35,0.49999999999999994,-0.8660254037844387,0
2019-05-21,12.86,21.38,83.78,12.86,25.129999999999946,91.90000000000002,195.54,552.66,0.49999999999999994,-0.8660254037844387,0
2019-05-22,38.56,21.41,88.71,38.56,54.22999999999995,114.92000000000004,227.55,586.5300000000001,0.49999999999999994,-0.8660254037844387,0
2019-05-23,25.82,20.18,91.56,25.82,77.23999999999995,135.24000000000004,237.8,609.73,0.49999999999999994,-0.8660254037844387,0
2019-05-24,39.51,21.13,92.05,39.51,103.88999999999994,150.06000000000003,254.67,645.43,0.49999999999999994,-0.8660254037844387,0
2019-05-25,19.56,21.47,93.91,19.56,84.88999999999994,148.58000000000004,246.51,664.76,0.49999999999999994,-0.8660254037844387,0
2019-05-26,8.25,20.83,88.31,8.25,67.31999999999994,147.37000000000003,246.91,672.39,0.49999999999999994,-0.8660254037844387,0
2019-05-27,8.96,20.64,85.56,8.96,36.76999999999994,153.52000000000004,247.77,666.04,0.49999999999999994,-0.8660254037844387,0
2019-05-28,6.51,21.76,75.35,6.51,23.719999999999946,147.17000000000002,239.07,657.75,0.49999999999999994,-0.8660254037844387,0
2019-05-29,13.64,22.16,74.61,13.64,29.109999999999943,122.25000000000004,237.17,645.62,0.49999999999999994,-0.8660254037844387,0
2019-05-30,8.6,21.17,86.51,8.6,28.749999999999943,105.03000000000004,240.27,621.01,0.49999999999999994,-0.8660254037844387,0
2019-05-31,10.8,21.45,81.85,10.8,33.03999999999995,76.32000000000002,226.38,590.46,0.49999999999999994,-0.8660254037844387,0
2019-06-01,21.59,20.57,88.96,21.59,40.989999999999945,78.35000000000002,226.93,594.5400000000001,1.2246467991473532e-16,-1.0,0
2019-06-02,17.12,21.62,85.9,17.12,49.50999999999995,87.22000000000003,234.59,590.56,1.2246467991473532e-16,-1.0,0
2019-06-03,48.19,20.5,90.09,48.19,86.89999999999995,126.45000000000005,279.97,476.94,1.2246467991473532e-16,-1.0,0
2019-06-04,59.94,21.21,92.58,59.94,125.24999999999994,179.88000000000002,327.04999999999995,526.99,1.2246467991473532e-16,-1.0,0
2019-06-05,13.76,21.01,93.06,13.76,121.88999999999994,180.00000000000003,302.25,536.72,1.2246467991473532e-16,-1.0,0
2019-06-06,3.13,20.92,93.45,3.13,76.82999999999994,174.53,279.56,539.48,1.2246467991473532e-16,-1.0,0
2019-06-07,20.34,21.51,92.79,20.34,37.22999999999995,184.07,260.39,553.27,1.2246467991473532e-16,-1.0,0
2019-06-08,14.55,21.12,91.89,14.55,38.019999999999946,177.03000000000003,255.38,552.25,1.2246467991473532e-16,-1.0,0
2019-06-09,29.58,22.0,93.09,29.58,64.46999999999994,189.49,276.71,559.19,1.2246467991473532e-16,-1.0,0
2019-06-10,14.45,22.54,90.54,14.45,58.57999999999994,155.75000000000003,282.2,545.92,1.2246467991473532e-16,-1.0,0
2019-06-11,12.84,22.99,88.19,12.84,56.86999999999994,108.65000000000003,288.53000000000003,550.91,1.2246467991473532e-16,-1.0,0
2019-06-12,1.72,23.65,83.34,1.72,29.00999999999994,96.61000000000004,276.61,544.53,1.2246467991473532e-16,-1.0,0
2019-06-13,1.59,24.41,83.59,1.59,16.14999999999994,95.07000000000002,269.6,530.9100000000001,1.2246467991473532e-16,-1.0,0
2019-06-14,39.71,22.77,94.87,39.71,43.01999999999994,114.44000000000004,298.51,555.0799999999999,1.2246467991473532e-16,-1.0,0
2019-06-15,23.11,22.94,92.4,23.11,64.40999999999994,123.00000000000004,300.03,572.6899999999999,1.2246467991473532e-16,-1.0,0
2019-06-16,62.24,22.43,93.59,62.24,125.05999999999996,155.66000000000005,345.15,610.24,1.2246467991473532e-16,-1.0,0
2019-06-17,53.79,22.67,93.25,53.79,139.13999999999993,195.00000000000009,350.75,642.99,1.2246467991473532e-16,-1.0,0
2019-06-18,5.21,23.31,87.17,5.21,121.23999999999997,187.37000000000003,296.02,638.74,1.2246467991473532e-16,-1.0,0
2019-06-19,6.52,24.47,77.4,6.52,65.51999999999994,192.17000000000004,288.78,642.4499999999999,1.2246467991473532e-16,-1.0,0
2019-06-20,15.83,22.56,93.49,15.83,27.559999999999945,206.41000000000005,301.48,645.42,1.2246467991473532e-16,-1.0,0
2019-06-21,10.53,23.26,90.61,10.53,32.87999999999994,177.23000000000002,291.67,617.39,1.2246467991473532e-16,-1.0,0
2019-06-22,4.76,22.84,91.67,4.76,31.11999999999994,158.88000000000002,281.88,596.3299999999999,1.2246467991473532e-16,-1.0,0
2019-06-23,4.22,22.98,89.91,4.22,19.50999999999994,100.86000000000004,256.52000000000004,561.04,1.2246467991473532e-16,-1.0,0
2019-06-24,23.46,22.93,91.67,23.46,32.43999999999994,70.53000000000003,265.53,564.94,1.2246467991473532e-16,-1.0,0
2019-06-25,45.06,23.09,92.96,45.06,72.73999999999995,110.38000000000004,297.75,601.75,1.2246467991473532e-16,-1.0,0
2019-06-26,90.98,22.56,96.54,90.98,159.49999999999994,194.84000000000003,387.0100000000001,683.77,1.2246467991473532e-16,-1.0,0
2019-06-27,115.1,22.23,97.08,115.1,251.13999999999996,294.11,500.52,792.36,1.2246467991473532e-16,-1.0,0
2019-06-28,59.09,22.87,94.37,59.09,265.17,342.67,519.9,837.8100000000001,1.2246467991473532e-16,-1.0,0
2019-06-29,8.76,22.74,91.62,8.76,182.9499999999999,346.67,505.55,837.97,1.2246467991473532e-16,-1.0,0
2019-06-30,7.72,24.16,85.33,7.72,75.56999999999994,350.1700000000001,451.03,834.89,1.2246467991473532e-16,-1.0,0
2019-07-01,17.7,24.44,89.4,17.7,34.17999999999993,344.41,414.94000000000005,831.0,-0.4999999999999997,-0.8660254037844388,0
2019-07-02,3.96,23.57,88.04,3.96,29.37999999999993,303.31,413.69,817.84,-0.4999999999999997,-0.8660254037844388,1
2019-07-03,5.11,22.63,91.37,5.11,26.76999999999993,217.44000000000003,412.28,774.7600000000001,-0.4999999999999997,-0.8660254037844388,0
2019-07-04,4.72,23.66,88.6,4.72,13.789999999999928,107.06000000000004,401.17,719.54,-0.4999999999999997,-0.8660254037844388,0
2019-07-05,9.95,23.14,93.47,9.95,19.779999999999927,57.92000000000003,400.59,715.73,-0.4999999999999997,-0.8660254037844388,0
2019-07-06,61.46,23.22,93.13,61.46,76.12999999999992,110.62000000000003,457.29,774.0600000000001,-0.4999999999999997,-0.8660254037844388,0
2019-07-07,28.07,23.29,93.77,28.07,99.47999999999992,130.97000000000003,481.14,781.79,-0.4999999999999997,-0.8660254037844388,0
2019-07-08,89.92,22.81,95.22,89.92,179.44999999999993,203.19000000000003,547.6,857.1600000000001,-0.4999999999999997,-0.8660254037844388,0
2019-07-09,150.66,22.37,95.18,150.66,268.6499999999999,349.89,653.2,978.24,-0.4999999999999997,-0.8660254037844388,0
2019-07-10,131.09,22.24,96.96,131.09,371.67,475.87,693.31,1094.88,-0.4999999999999997,-0.8660254037844388,0
2019-07-11,90.55,22.19,97.05,90.55,372.3,561.7,668.76,1172.59,-0.4999999999999997,-0.8660254037844388,0
2019-07-12,61.01,21.69,96.65,61.01,282.6499999999999,612.76,670.6800000000001,1231.88,-0.4999999999999997,-0.8660254037844388,0
2019-07-13,57.97,21.72,95.44,57.97,209.52999999999997,609.2700000000001,719.89,1288.26,-0.4999999999999997,-0.8660254037844388,1
2019-07-14,59.82,21.37,96.33,59.82,178.79999999999995,641.02,771.99,1308.37,-0.4999999999999997,-0.8660254037844388,0
2019-07-15,85.73,21.58,96.42,85.73,203.51999999999995,636.83,840.02,1370.99,-0.4999999999999997,-0.8660254037844388,1
2019-07-16,21.1,21.79,91.07,21.1,166.64999999999995,507.27,857.1600000000001,1329.85,-0.4999999999999997,-0.8660254037844388,1
2019-07-17,1.11,23.19,82.7,1.11,107.93999999999996,377.2900000000001,853.1600000000001,1277.17,-0.4999999999999997,-0.8660254037844388,0
2019-07-18,1.18,23.74,85.27,1.18,23.389999999999944,287.9200000000001,849.62,1273.14,-0.4999999999999997,-0.8660254037844388,0
2019-07-19,4.62,23.81,84.09,4.62,6.909999999999943,231.53000000000003,844.29,1271.24,-0.4999999999999997,-0.8660254037844388,0
2019-07-20,10.55,22.69,90.53,10.55,16.349999999999945,184.11,793.38,1265.96,-0.4999999999999997,-0.8660254037844388,0
2019-07-21,31.59,22.6,92.49,31.59,46.75999999999995,155.88000000000002,796.9,1287.02,-0.4999999999999997,-0.8660254037844388,0
2019-07-22,59.61,21.66,95.01,59.61,101.74999999999994,129.76000000000005,766.59,1341.87,-0.4999999999999997,-0.8660254037844388,0
2019-07-23,63.59,21.56,93.78,63.59,154.78999999999994,172.25000000000006,679.5200000000001,1401.2399999999998,-0.4999999999999997,-0.8660254037844388,0
2019-07-24,21.13,21.87,95.83,21.13,144.32999999999996,192.27000000000004,569.5600000000001,1398.91,-0.4999999999999997,-0.8660254037844388,0
2019-07-25,12.31,22.25,92.97,12.31,97.02999999999996,203.40000000000003,491.3200000000001,1366.16,-0.4999999999999997,-0.8660254037844388,0
2019-07-26,10.76,22.51,91.34,10.76,44.199999999999946,209.54000000000005,441.0700000000001,1285.9399999999998,-0.4999999999999997,-0.8660254037844388,0
2019-07-27,24.69,22.18,90.47,24.69,47.75999999999995,223.68000000000004,407.79,1195.53,-0.4999999999999997,-0.8660254037844388,0
2019-07-28,5.65,22.73,90.19,5.65,41.09999999999995,197.74000000000004,353.62,1142.09,-0.4999999999999997,-0.8660254037844388,0
2019-07-29,19.17,21.7,92.42,19.17,49.50999999999996,157.30000000000004,287.06,1152.5,-0.4999999999999997,-0.8660254037844388,0
2019-07-30,26.76,21.54,93.36,26.76,51.57999999999996,120.47000000000004,292.72,1171.54,-0.4999999999999997,-0.8660254037844388,0
2019-07-31,36.64,21.4,93.75,36.64,82.56999999999996,135.98000000000002,328.25,1190.48,-0.4999999999999997,-0.8660254037844388,0
2019-08-01,22.38,22.3,89.62,22.38,85.77999999999996,146.05000000000004,349.45,1208.9,-0.8660254037844385,-0.5000000000000004,0
2019-08-02,26.78,22.75,89.28,26.78,85.79999999999995,162.07000000000005,371.61,1230.5700000000002,-0.8660254037844385,-0.5000000000000004,0
2019-08-03,4.36,23.34,89.43,4.36,53.51999999999995,141.74000000000004,365.42,1230.21,-0.8660254037844385,-0.5000000000000004,0
2019-08-04,2.26,23.28,89.02,2.26,33.39999999999995,138.35000000000002,336.09000000000003,1222.52,-0.8660254037844385,-0.5000000000000004,0
2019-08-05,2.66,24.0,89.48,2.66,9.279999999999951,121.84000000000002,279.14,1163.72,-0.8660254037844385,-0.5000000000000004,0
2019-08-06,0.63,23.43,92.59,0.63,5.54999999999995,95.71000000000004,216.18,1136.28,-0.8660254037844385,-0.5000000000000004,0
2019-08-07,14.32,23.17,90.14,14.32,17.60999999999995,73.39000000000003,209.37,1060.6799999999998,-0.8660254037844385,-0.5000000000000004,0
2019-08-08,11.28,22.14,90.87,11.28,26.229999999999947,62.29000000000004,208.34,921.3,-0.8660254037844385,-0.5000000000000004,0
2019-08-09,8.65,22.8,90.91,8.65,34.24999999999995,44.16000000000003,206.23,798.86,-0.8660254037844385,-0.5000000000000004,0
2019-08-10,3.14,23.52,88.96,3.14,23.06999999999995,42.940000000000026,184.68,711.45,-0.8660254037844385,-0.5000000000000004,0
2019-08-11,1.0,24.52,83.52,1.0,12.78999999999995,41.68000000000003,180.03,651.44,-0.8660254037844385,-0.5000000000000004,0
2019-08-12,7.62,24.51,88.01,7.62,11.759999999999948,46.64000000000003,168.48,601.09,-0.8660254037844385,-0.5000000000000004,0
2019-08-13,27.93,21.96,92.6,27.93,36.54999999999995,73.94000000000003,169.65,569.2,-0.8660254037844385,-0.5000000000000004,0
2019-08-14,43.47,21.59,93.76,43.47,79.01999999999995,103.09000000000005,176.48,526.94,-0.8660254037844385,-0.5000000000000004,0
2019-08-15,26.78,22.03,93.61,26.78,98.17999999999996,118.59000000000005,180.88,532.62,-0.8660254037844385,-0.5000000000000004,0
2019-08-16,28.31,22.28,96.57,28.31,98.55999999999996,138.25000000000003,182.41,559.8199999999999,-0.8660254037844385,-0.5000000000000004,0
2019-08-17,19.62,22.9,91.85,19.62,74.70999999999995,154.73000000000002,197.67,578.26,-0.8660254037844385,-0.5000000000000004,0
2019-08-18,15.49,22.4,92.83,15.49,63.41999999999995,169.22000000000003,210.9,589.13,-0.8660254037844385,-0.5000000000000004,0
2019-08-19,3.1,22.58,90.61,3.1,38.20999999999996,164.70000000000002,211.34,581.68,-0.8660254037844385,-0.5000000000000004,0
2019-08-20,5.84,22.63,92.56,5.84,24.42999999999995,142.61,216.55,555.9300000000001,-0.8660254037844385,-0.5000000000000004,0
2019-08-21,1.1,23.32,87.17,1.1,10.03999999999995,100.24000000000002,203.33,497.42,-0.8660254037844385,-0.5000000000000004,0
2019-08-22,12.0,23.47,87.77,12.0,18.939999999999948,85.46000000000004,204.05,445.83,-0.8660254037844385,-0.5000000000000004,0
2019-08-23,10.69,22.5,93.66,10.69,23.78999999999995,67.84000000000003,206.09,435.39,-0.8660254037844385,-0.5000000000000004,0
2019-08-24,23.34,22.38,91.9,23.34,46.02999999999994,71.56000000000003,226.29,446.42,-0.8660254037844385,-0.5000000000000004,0
2019-08-25,10.54,23.13,86.85,10.54,44.56999999999995,66.61000000000003,235.83,446.2,-0.8660254037844385,-0.5000000000000004,0
2019-08-26,1.53,23.28,86.95,1.53,35.40999999999995,65.04000000000002,229.74,423.04,-0.8660254037844385,-0.5000000000000004,0
2019-08-27,4.76,23.61,87.52,4.76,16.82999999999995,63.96000000000003,206.57,422.15,-0.8660254037844385,-0.5000000000000004,0
2019-08-28,16.44,23.41,87.57,16.44,22.72999999999995,79.30000000000003,179.54,419.42,-0.8660254037844385,-0.5000000000000004,0
2019-08-29,4.76,23.3,88.75,4.76,25.95999999999995,72.06000000000003,157.51999999999998,397.42,-0.8660254037844385,-0.5000000000000004,0
2019-08-30,4.31,23.79,86.6,4.31,25.509999999999952,65.68000000000002,133.51999999999998,365.09,-0.8660254037844385,-0.5000000000000004,0
2019-08-31,11.5,22.61,91.28,11.5,20.56999999999995,53.840000000000025,125.4,354.21,-0.8660254037844385,-0.5000000000000004,0
2019-09-01,1.71,22.59,88.81,1.71,17.51999999999995,45.010000000000026,111.62,329.14,-1.0,-1.8369701987210297e-16,0
2019-09-02,4.18,23.45,89.41,4.18,17.38999999999995,47.66000000000003,112.7,328.96,-1.0,-1.8369701987210297e-16,0
2019-09-03,7.01,23.14,90.62,7.01,12.899999999999952,49.910000000000025,113.87,333.71000000000004,-1.0,-1.8369701987210297e-16,0
2019-09-04,30.54,22.1,91.15,30.54,41.72999999999995,64.01000000000002,143.31,361.59,-1.0,-1.8369701987210297e-16,0
2019-09-05,14.47,21.88,92.08,14.47,52.01999999999995,73.72000000000003,145.78,375.43,-1.0,-1.8369701987210297e-16,0
2019-09-06,7.98,22.87,86.59,7.98,52.98999999999995,77.39000000000003,143.07,369.09,-1.0,-1.8369701987210297e-16,0
2019-09-07,16.69,22.95,89.87,16.69,39.13999999999996,82.58000000000003,136.42,374.5,-1.0,-1.8369701987210297e-16,0
2019-09-08,25.12,21.88,93.59,25.12,49.78999999999997,105.99000000000004,151.0,390.97,-1.0,-1.8369701987210297e-16,0
2019-09-09,15.8,22.59,93.28,15.8,57.60999999999996,117.61000000000004,165.27,403.63,-1.0,-1.8369701987210297e-16,0
2019-09-10,42.45,22.27,94.67,42.45,83.36999999999996,153.05,202.96,445.08,-1.0,-1.8369701987210297e-16,0
2019-09-11,18.95,22.81,94.11,18.95,77.19999999999996,141.46000000000004,205.47,456.41,-1.0,-1.8369701987210297e-16,0
2019-09-12,50.67,21.79,95.43,50.67,112.06999999999996,177.66000000000005,251.38,479.15,-1.0,-1.8369701987210297e-16,0
2019-09-13,91.29,21.67,95.45,91.29,160.90999999999997,260.97,338.36,526.97,-1.0,-1.8369701987210297e-16,0
2019-09-14,30.7,21.54,93.25,30.7,172.65999999999997,274.9800000000001,357.56,530.89,-1.0,-1.8369701987210297e-16,0
2019-09-15,12.61,21.76,91.59,12.61,134.59999999999997,262.47,368.46,515.1899999999999,-1.0,-1.8369701987210297e-16,0
2019-09-16,19.94,21.8,91.54,19.94,63.24999999999996,266.61,384.22,515.51,-1.0,-1.8369701987210297e-16,0
2019-09-17,9.69,21.6,88.58,9.69,42.23999999999995,233.85000000000005,386.9,509.71,-1.0,-1.8369701987210297e-16,0
2019-09-18,4.16,22.73,82.29,4.16,33.78999999999996,219.06000000000003,360.52,510.77,-1.0,-1.8369701987210297e-16,0
2019-09-19,2.68,22.28,85.59,2.68,16.52999999999996,171.07000000000005,348.73,507.61,-1.0,-1.8369701987210297e-16,0
2019-09-20,3.03,21.81,87.68,3.03,9.869999999999958,82.81000000000003,343.78000000000003,509.54,-1.0,-1.8369701987210297e-16,0
2019-09-21,2.65,21.59,89.42,2.65,8.359999999999957,54.760000000000026,329.74,500.19,-1.0,-1.8369701987210297e-16,0
2019-09-22,15.55,21.51,90.52,15.55,21.22999999999996,57.70000000000003,320.17,505.05,-1.0,-1.8369701987210297e-16,0
2019-09-23,22.78,20.14,93.69,22.78,40.97999999999996,60.54000000000003,327.15,504.49,-1.0,-1.8369701987210297e-16,0
2019-09-24,44.7,19.97,90.03,44.7,83.02999999999997,95.55000000000004,329.40000000000003,538.65,-1.0,-1.8369701987210297e-16,0
2019-09-25,17.01,19.64,89.34,17.01,84.48999999999997,108.40000000000003,327.46000000000004,554.1300000000001,-1.0,-1.8369701987210297e-16,0
2019-09-26,7.26,20.01,87.3,7.26,68.96999999999997,112.98000000000005,284.05,556.6300000000001,-1.0,-1.8369701987210297e-16,0
2019-09-27,1.94,20.38,90.23,1.94,26.209999999999965,111.89000000000004,194.7,542.13,-1.0,-1.8369701987210297e-16,0
2019-09-28,3.89,19.78,92.15,3.89,13.089999999999964,113.13000000000004,167.89,541.26,-1.0,-1.8369701987210297e-16,0
2019-09-29,16.87,19.03,89.09,16.87,22.699999999999967,114.45000000000005,172.15,553.8199999999999,-1.0,-1.8369701987210297e-16,0
2019-09-30,10.63,18.59,93.84,10.63,31.389999999999965,102.30000000000004,162.84,552.9499999999999,-1.0,-1.8369701987210297e-16,0
2019-10-01,74.99,18.46,95.65,74.99,102.48999999999997,132.59000000000003,228.14,626.23,-0.8660254037844386,0.5000000000000001,0
2019-10-02,25.26,19.99,90.94,25.26,110.87999999999997,140.84,249.24,647.31,-0.8660254037844386,0.5000000000000001,0
2019-10-03,12.29,20.47,91.96,12.29,112.53999999999996,145.87000000000003,258.85,652.59,-0.8660254037844386,0.5000000000000001,0
2019-10-04,5.74,20.82,86.17,5.74,43.28999999999997,149.67000000000002,261.56,627.79,-0.8660254037844386,0.5000000000000001,0
2019-10-05,5.52,21.08,87.89,5.52,23.54999999999997,151.3,264.42999999999995,618.84,-0.8660254037844386,0.5000000000000001,0
2019-10-06,1.76,20.81,86.57,1.76,13.019999999999971,136.19,250.64,612.62,-0.8660254037844386,0.5000000000000001,0
2019-10-07,10.14,20.84,84.53,10.14,17.419999999999973,135.70000000000002,238.0,606.07,-0.8660254037844386,0.5000000000000001,0
2019-10-08,9.26,20.05,91.13,9.26,21.15999999999997,69.97000000000001,202.56,590.21,-0.8660254037844386,0.5000000000000001,0
2019-10-09,15.08,19.76,89.52,15.08,34.47999999999997,59.790000000000006,200.63,589.49,-0.8660254037844386,0.5000000000000001,0
2019-10-10,7.8,18.36,92.82,7.8,32.13999999999997,55.30000000000002,201.17,554.84,-0.8660254037844386,0.5000000000000001,0
2019-10-11,4.07,19.72,87.06,4.07,26.94999999999997,53.63000000000002,203.3,539.9599999999999,-0.8660254037844386,0.5000000000000001,0
2019-10-12,0.17,19.44,82.32,0.17,12.039999999999973,48.280000000000015,199.58,489.46,-0.8660254037844386,0.5000000000000001,0
2019-10-13,0.0,19.08,86.52,0.0,4.239999999999972,46.52000000000002,182.71,398.17,-0.8660254037844386,0.5000000000000001,0
2019-10-14,0.0,19.7,79.14,0.0,0.1699999999999716,36.38000000000002,172.07999999999998,367.47,-0.8660254037844386,0.5000000000000001,0
2019-10-15,1.15,20.21,84.31,1.15,1.1499999999999715,28.270000000000017,98.24,356.01,-0.8660254037844386,0.5000000000000001,0
2019-10-16,1.79,20.15,88.56,1.79,2.9399999999999715,14.980000000000016,74.77,337.86,-0.8660254037844386,0.5000000000000001,0
2019-10-17,1.98,20.0,86.02,1.98,4.919999999999972,9.160000000000014,64.46000000000001,330.15,-0.8660254037844386,0.5000000000000001,0
2019-10-18,0.02,20.55,79.7,0.02,3.789999999999972,5.110000000000014,58.74,326.01,-0.8660254037844386,0.5000000000000001,0
2019-10-19,0.1,20.44,79.55,0.1,2.099999999999972,5.040000000000014,53.32,323.43,-0.8660254037844386,0.5000000000000001,0
2019-10-20,0.03,19.02,81.69,0.03,0.1499999999999716,5.070000000000015,51.59,320.43,-0.8660254037844386,0.5000000000000001,0
2019-10-21,0.51,18.73,85.37,0.51,0.6399999999999716,5.580000000000014,41.96,318.29,-0.8660254037844386,0.5000000000000001,0
2019-10-22,0.44,17.76,90.81,0.44,0.9799999999999716,4.870000000000013,33.14,303.18,-0.8660254037844386,0.5000000000000001,0
2019-10-23,0.29,17.96,71.39,0.29,1.2399999999999716,3.3700000000000143,18.35,280.69,-0.8660254037844386,0.5000000000000001,0
2019-10-24,13.6,16.24,90.68,13.6,14.329999999999972,14.990000000000014,24.15,249.59,-0.8660254037844386,0.5000000000000001,0
2019-10-25,62.96,16.76,92.91,62.96,76.84999999999997,77.93000000000002,83.03999999999999,295.54,-0.8660254037844386,0.5000000000000001,0
2019-10-26,120.8,18.17,97.11,120.8,197.36,198.63,203.67,409.08,-0.8660254037844386,0.5000000000000001,1
2019-10-27,0.48,18.69,88.69,0.48,184.24,199.08,204.15,407.62,-0.8660254037844386,0.5000000000000001,0
2019-10-28,0.01,17.91,88.69,0.01,121.28999999999996,198.58,204.16,403.74,-0.8660254037844386,0.5000000000000001,0
2019-10-29,0.0,18.51,88.26,0.0,0.4899999999999858,198.14,203.01,386.87,-0.8660254037844386,0.5000000000000001,0
2019-10-30,0.0,18.47,90.52,0.0,0.0099999999999857,197.85,201.22,376.24,-0.8660254037844386,0.5000000000000001,0
2019-10-31,0.0,18.3,88.88,0.0,0.0,184.25,199.24,301.25,-0.8660254037844386,0.5000000000000001,0
2019-11-01,0.0,18.31,86.91,0.0,0.0,121.29,199.22,275.99,-0.5000000000000004,0.8660254037844384,0
2019-11-02,0.0,18.12,85.24,0.0,0.0,0.4900000000000142,199.12,263.7,-0.5000000000000004,0.8660254037844384,0
2019-11-03,0.0,18.17,85.84,0.0,0.0,0.0100000000000142,199.09,257.96,-0.5000000000000004,0.8660254037844384,0
2019-11-04,0.0,17.5,88.72,0.0,0.0,0.0,198.58,252.44000000000003,-0.5000000000000004,0.8660254037844384,0
2019-11-05,0.92,16.98,88.76,0.92,0.9199999999999858,0.9200000000000144,199.06,251.6,-0.5000000000000004,0.8660254037844384,0
2019-11-06,1.16,16.92,80.95,1.16,2.079999999999986,2.0800000000000143,199.93,242.62,-0.5000000000000004,0.8660254037844384,0
2019-11-07,0.04,16.84,87.41,0.04,2.119999999999985,2.120000000000014,186.37,233.4,-0.5000000000000004,0.8660254037844384,0
2019-11-08,0.38,17.86,86.05,0.38,1.5799999999999856,2.500000000000014,123.79,218.7,-0.5000000000000004,0.8660254037844384,0
2019-11-09,10.55,17.26,92.11,10.55,10.969999999999986,13.050000000000017,13.540000000000015,221.45,-0.5000000000000004,0.8660254037844384,0
2019-11-10,5.32,16.2,92.42,5.32,16.249999999999986,18.37000000000001,18.380000000000017,222.7,-0.5000000000000004,0.8660254037844384,0
2019-11-11,0.27,17.99,88.86,0.27,16.139999999999986,18.64000000000001,18.64000000000002,222.8,-0.5000000000000004,0.8660254037844384,0
2019-11-12,0.03,17.8,90.23,0.03,5.619999999999986,17.750000000000014,18.670000000000016,222.83,-0.5000000000000004,0.8660254037844384,0
2019-11-13,0.0,17.46,89.71,0.0,0.2999999999999858,16.590000000000018,18.670000000000016,222.83,-0.5000000000000004,0.8660254037844384,0
2019-11-14,0.01,17.63,85.8,0.01,0.0399999999999857,16.560000000000013,18.680000000000017,221.69,-0.5000000000000004,0.8660254037844384,0
2019-11-15,0.0,17.46,88.33,0.0,0.0099999999999857,16.180000000000014,18.680000000000017,219.9,-0.5000000000000004,0.8660254037844384,0
2019-11-16,0.0,16.82,87.72,0.0,0.0099999999999857,5.630000000000014,18.680000000000017,217.92,-0.5000000000000004,0.8660254037844384,0
2019-11-17,0.0,16.21,89.55,0.0,0.0,0.3100000000000142,18.680000000000017,217.9,-0.5000000000000004,0.8660254037844384,0
2019-11-18,0.0,16.2,84.07,0.0,0.0,0.0400000000000142,18.680000000000017,217.8,-0.5000000000000004,0.8660254037844384,0
2019-11-19,2.05,15.3,88.56,2.05,2.0499999999999856,2.060000000000014,19.810000000000016,219.82,-0.5000000000000004,0.8660254037844384,0
2019-11-20,0.4,15.08,87.32,0.4,2.449999999999985,2.4600000000000137,19.05000000000001,219.71,-0.5000000000000004,0.8660254037844384,0
2019-11-21,0.0,14.15,83.69,0.0,2.449999999999985,2.450000000000014,19.010000000000016,219.27,-0.5000000000000004,0.8660254037844384,0
2019-11-22,0.0,14.3,82.22,0.0,0.3999999999999858,2.450000000000014,18.630000000000017,218.98,-0.5000000000000004,0.8660254037844384,0
2019-11-23,0.0,14.43,80.49,0.0,0.0,2.450000000000014,8.080000000000014,205.38,-0.5000000000000004,0.8660254037844384,0
2019-11-24,0.0,15.41,89.74,0.0,0.0,2.450000000000014,2.760000000000014,142.42000000000002,-0.5000000000000004,0.8660254037844384,0
2019-11-25,0.0,15.24,88.13,0.0,0.0,2.450000000000014,2.490000000000014,21.62,-0.5000000000000004,0.8660254037844384,0
2019-11-26,0.0,15.22,86.52,0.0,0.0,0.4000000000000142,2.460000000000014,21.14,-0.5000000000000004,0.8660254037844384,0
2019-11-27,0.0,15.83,81.09,0.0,0.0,0.0,2.460000000000014,21.130000000000003,-0.5000000000000004,0.8660254037844384,0
2019-11-28,0.0,16.68,71.42,0.0,0.0,0.0,2.450000000000014,21.130000000000003,-0.5000000000000004,0.8660254037844384,0
2019-11-29,0.0,16.43,64.15,0.0,0.0,0.0,2.450000000000014,21.130000000000003,-0.5000000000000004,0.8660254037844384,0
2019-11-30,0.0,14.31,81.83,0.0,0.0,0.0,2.450000000000014,21.130000000000003,-0.5000000000000004,0.8660254037844384,0
2019-12-01,0.0,13.19,85.33,0.0,0.0,0.0,2.450000000000014,21.130000000000003,-2.4492935982947064e-16,1.0,0
2019-12-02,0.0,12.98,87.64,0.0,0.0,0.0,2.450000000000014,21.130000000000003,-2.4492935982947064e-16,1.0,0
2019-12-03,0.0,12.37,83.09,0.0,0.0,0.0,0.4000000000000142,21.130000000000003,-2.4492935982947064e-16,1.0,0
2019-12-04,0.0,11.61,85.37,0.0,0.0,0.0,0.0,21.130000000000003,-2.4492935982947064e-16,1.0,0
2019-12-05,0.0,12.47,74.75,0.0,0.0,0.0,0.0,20.21,-2.4492935982947064e-16,1.0,0
2019-12-06,0.0,14.23,60.35,0.0,0.0,0.0,0.0,19.05,-2.4492935982947064e-16,1.0,0
2019-12-07,0.0,14.3,75.1,0.0,0.0,0.0,0.0,19.01,-2.4492935982947064e-16,1.0,0
2019-12-08,0.0,13.61,80.57,0.0,0.0,0.0,0.0,18.630000000000003,-2.4492935982947064e-16,1.0,0
2019-12-09,0.0,13.32,83.75,0.0,0.0,0.0,0.0,8.08,-2.4492935982947064e-16,1.0,0
2019-12-10,0.0,12.63,87.52,0.0,0.0,0.0,0.0,2.76,-2.4492935982947064e-16,1.0,0
2019-12-11,0.0,13.11,88.84,0.0,0.0,0.0,0.0,2.49,-2.4492935982947064e-16,1.0,0
2019-12-12,0.0,12.9,84.71,0.0,0.0,0.0,0.0,2.46,-2.4492935982947064e-16,1.0,0
2019-12-13,0.0,12.01,87.25,0.0,0.0,0.0,0.0,2.46,-2.4492935982947064e-16,1.0,0
2019-12-14,0.0,12.5,83.57,0.0,0.0,0.0,0.0,2.45,-2.4492935982947064e-16,1.0,0
2019-12-15,0.01,13.07,81.93,0.01,0.0099999999999857,0.0100000000000142,0.0100000000000142,2.46,-2.4492935982947064e-16,1.0,0
2019-12-16,0.01,12.65,87.47,0.01,0.0199999999999857,0.0200000000000142,0.0200000000000142,2.47,-2.4492935982947064e-16,1.0,0
2019-12-17,0.0,11.03,80.64,0.0,0.0199999999999857,0.0200000000000142,0.0200000000000142,2.47,-2.4492935982947064e-16,1.0,0
2019-12-18,0.0,9.86,85.96,0.0,0.0099999999999857,0.0200000000000142,0.0200000000000142,2.47,-2.4492935982947064e-16,1.0,0
2019-12-19,0.0,11.02,86.47,0.0,0.0,0.0200000000000142,0.0200000000000142,0.42,-2.4492935982947064e-16,1.0,0
2019-12-20,0.0,11.12,87.29,0.0,0.0,0.0200000000000142,0.0200000000000142,0.02,-2.4492935982947064e-16,1.0,0
2019-12-21,0.0,10.71,87.91,0.0,0.0,0.0200000000000142,0.0200000000000142,0.02,-2.4492935982947064e-16,1.0,0
2019-12-22,0.0,11.23,85.42,0.0,0.0,0.0100000000000142,0.0200000000000142,0.02,-2.4492935982947064e-16,1.0,0
2019-12-23,0.0,10.95,75.64,0.0,0.0,0.0,0.0200000000000142,0.02,-2.4492935982947064e-16,1.0,0
2019-12-24,0.0,9.6,84.23,0.0,0.0,0.0,0.0200000000000142,0.02,-2.4492935982947064e-16,1.0,0
2019-12-25,0.0,9.48,74.17,0.0,0.0,0.0,0.0200000000000142,0.02,-2.4492935982947064e-16,1.0,0
2019-12-26,0.23,10.82,61.27,0.23,0.2299999999999858,0.2300000000000142,0.2500000000000142,0.25,-2.4492935982947064e-16,1.0,0
2019-12-27,1.95,10.41,75.83,1.95,2.179999999999986,2.1800000000000144,2.2000000000000144,2.2,-2.4492935982947064e-16,1.0,0
2019-12-28,0.02,9.14,86.3,0.02,2.199999999999985,2.200000000000014,2.220000000000014,2.22,-2.4492935982947064e-16,1.0,0
2019-12-29,0.03,9.28,77.82,0.03,1.9999999999999856,2.230000000000014,2.2400000000000144,2.25,-2.4492935982947064e-16,1.0,0
2019-12-30,0.0,9.55,80.52,0.0,0.0499999999999857,2.230000000000014,2.230000000000014,2.25,-2.4492935982947064e-16,1.0,0
2019-12-31,0.01,11.23,78.44,0.01,0.0399999999999857,2.240000000000014,2.240000000000014,2.26,-2.4492935982947064e-16,1.0,0
2020-01-01,0.25,11.8,85.37,0.25,0.2599999999999858,2.490000000000014,2.490000000000014,2.51,0.49999999999999994,0.8660254037844387,0
2020-01-02,2.94,13.55,85.18,2.94,3.199999999999986,5.2000000000000135,5.430000000000014,5.449999999999999,0.49999999999999994,0.8660254037844387,0
2020-01-03,15.07,11.68,90.4,15.07,18.259999999999987,18.32000000000001,20.50000000000001,20.52,0.49999999999999994,0.8660254037844387,0
2020-01-04,0.71,11.3,92.05,0.71,18.719999999999988,19.010000000000016,21.21000000000001,21.23,0.49999999999999994,0.8660254037844387,0
2020-01-05,2.47,9.54,84.94,2.47,18.249999999999982,21.450000000000014,23.68000000000001,23.7,0.49999999999999994,0.8660254037844387,0
2020-01-06,0.18,8.03,80.25,0.18,3.359999999999986,21.630000000000013,23.860000000000014,23.88,0.49999999999999994,0.8660254037844387,0
2020-01-07,0.77,8.74,84.13,0.77,3.4199999999999857,22.39000000000001,24.630000000000013,24.65,0.49999999999999994,0.8660254037844387,0
2020-01-08,0.0,10.85,81.19,0.0,0.9499999999999856,22.14000000000001,24.630000000000013,24.65,0.49999999999999994,0.8660254037844387,0
2020-01-09,0.34,10.88,85.97,0.34,1.109999999999986,19.540000000000013,24.740000000000013,24.99,0.49999999999999994,0.8660254037844387,0
2020-01-10,0.05,10.68,85.76,0.05,0.3899999999999858,4.520000000000015,22.84000000000001,25.04,0.49999999999999994,0.8660254037844387,0
2020-01-11,0.0,10.32,86.75,0.0,0.3899999999999858,3.8100000000000143,22.82000000000001,25.04,0.49999999999999994,0.8660254037844387,0
2020-01-12,0.0,10.66,84.2,0.0,0.0499999999999857,1.3400000000000143,22.790000000000013,25.04,0.49999999999999994,0.8660254037844387,0
2020-01-13,0.0,10.91,87.02,0.0,0.0,1.1600000000000144,22.790000000000013,25.04,0.49999999999999994,0.8660254037844387,0
2020-01-14,0.0,11.44,87.45,0.0,0.0,0.3900000000000142,22.780000000000012,25.03,0.49999999999999994,0.8660254037844387,0
2020-01-15,0.0,11.61,84.9,0.0,0.0,0.3900000000000142,22.530000000000012,25.02,0.49999999999999994,0.8660254037844387,0
2020-01-16,0.0,12.18,82.41,0.0,0.0,0.0500000000000142,19.59000000000001,25.02,0.49999999999999994,0.8660254037844387,0
2020-01-17,0.0,12.41,83.26,0.0,0.0,0.0,4.520000000000015,25.02,0.49999999999999994,0.8660254037844387,0
2020-01-18,0.0,12.51,81.69,0.0,0.0,0.0,3.8100000000000143,25.02,0.49999999999999994,0.8660254037844387,0
2020-01-19,2.68,11.86,87.0,2.68,2.679999999999986,2.6800000000000144,4.020000000000014,27.7,0.49999999999999994,0.8660254037844387,0
2020-01-20,0.01,10.78,84.92,0.01,2.6899999999999857,2.690000000000014,3.850000000000014,27.71,0.49999999999999994,0.8660254037844387,0
2020-01-21,0.0,8.86,74.18,0.0,2.6899999999999857,2.690000000000014,3.0800000000000143,27.71,0.49999999999999994,0.8660254037844387,0
2020-01-22,0.0,8.63,72.46,0.0,0.0099999999999857,2.690000000000014,3.0800000000000143,27.71,0.49999999999999994,0.8660254037844387,0
2020-01-23,0.0,8.05,66.51,0.0,0.0,2.690000000000014,2.740000000000014,27.71,0.49999999999999994,0.8660254037844387,0
2020-01-24,0.01,6.56,78.01,0.01,0.0099999999999857,2.7000000000000144,2.7000000000000144,27.72,0.49999999999999994,0.8660254037844387,0
2020-01-25,0.0,9.41,72.51,0.0,0.0099999999999857,2.7000000000000144,2.7000000000000144,27.49,0.49999999999999994,0.8660254037844387,0
2020-01-26,0.0,9.42,79.27,0.0,0.0099999999999857,0.0200000000000142,2.7000000000000144,25.54,0.49999999999999994,0.8660254037844387,0
2020-01-27,0.0,9.48,80.69,0.0,0.0,0.0100000000000142,2.7000000000000144,25.52,0.49999999999999994,0.8660254037844387,0
2020-01-28,0.0,9.24,83.35,0.0,0.0,0.0100000000000142,2.7000000000000144,25.49,0.49999999999999994,0.8660254037844387,0
2020-01-29,0.0,10.17,81.42,0.0,0.0,0.0100000000000142,2.7000000000000144,25.49,0.49999999999999994,0.8660254037844387,0
2020-01-30,0.83,11.2,83.46,0.83,0.8299999999999857,0.8400000000000142,3.5300000000000145,26.31,0.49999999999999994,0.8660254037844387,0
2020-01-31,1.27,10.06,85.67,1.27,2.099999999999986,2.1000000000000143,4.800000000000015,27.33,0.49999999999999994,0.8660254037844387,0
2020-02-01,0.0,8.61,84.64,0.0,2.099999999999986,2.1000000000000143,4.800000000000015,24.39,0.8660254037844386,0.5000000000000001,0
2020-02-02,0.02,8.29,77.58,0.02,1.2899999999999858,2.1200000000000143,2.1400000000000143,9.34,0.8660254037844386,0.5000000000000001,0
2020-02-03,0.0,7.73,80.73,0.0,0.0199999999999857,2.1200000000000143,2.1300000000000145,8.629999999999999,0.8660254037844386,0.5000000000000001,0
2020-02-04,0.0,9.16,82.15,0.0,0.0199999999999857,2.1200000000000143,2.1300000000000145,6.16,0.8660254037844386,0.5000000000000001,0
2020-02-05,0.0,9.54,73.27,0.0,0.0,2.1200000000000143,2.1300000000000145,5.98,0.8660254037844386,0.5000000000000001,0
2020-02-06,0.0,9.66,70.7,0.0,0.0,1.2900000000000142,2.1300000000000145,5.21,0.8660254037844386,0.5000000000000001,0
2020-02-07,0.0,10.44,69.64,0.0,0.0,0.0200000000000142,2.1200000000000143,5.21,0.8660254037844386,0.5000000000000001,0
2020-02-08,0.0,11.35,74.32,0.0,0.0,0.0200000000000142,2.1200000000000143,4.87,0.8660254037844386,0.5000000000000001,0
2020-02-09,0.09,11.78,67.59,0.09,0.0899999999999857,0.0900000000000142,2.210000000000014,4.91,0.8660254037844386,0.5000000000000001,0
2020-02-10,0.0,10.53,71.67,0.0,0.0899999999999857,0.0900000000000142,2.210000000000014,4.91,0.8660254037844386,0.5000000000000001,0
2020-02-11,0.0,10.43,69.5,0.0,0.0899999999999857,0.0900000000000142,2.210000000000014,4.91,0.8660254037844386,0.5000000000000001,0
2020-02-12,0.0,11.87,68.04,0.0,0.0,0.0900000000000142,2.210000000000014,4.91,0.8660254037844386,0.5000000000000001,0
2020-02-13,0.0,12.89,66.93,0.0,0.0,0.0900000000000142,1.3800000000000143,4.91,0.8660254037844386,0.5000000000000001,0
2020-02-14,0.0,12.05,67.86,0.0,0.0,0.0900000000000142,0.1100000000000142,4.91,0.8660254037844386,0.5000000000000001,0
2020-02-15,0.0,12.19,85.73,0.0,0.0,0.0900000000000142,0.1100000000000142,4.91,0.8660254037844386,0.5000000000000001,0
2020-02-16,0.0,13.89,82.97,0.0,0.0,0.0,0.0900000000000142,4.91,0.8660254037844386,0.5000000000000001,0
2020-02-17,0.0,14.09,81.59,0.0,0.0,0.0,0.0900000000000142,4.91,0.8660254037844386,0.5000000000000001,0
2020-02-18,1.17,11.97,78.71,1.17,1.1699999999999855,1.170000000000014,1.2600000000000142,3.4000000000000004,0.8660254037844386,0.5000000000000001,0
2020-02-19,0.09,13.1,78.3,0.09,1.2599999999999858,1.2600000000000142,1.3500000000000143,3.4800000000000004,0.8660254037844386,0.5000000000000001,0
2020-02-20,0.0,13.37,72.3,0.0,1.2599999999999858,1.2600000000000142,1.3500000000000143,3.4800000000000004,0.8660254037844386,0.5000000000000001,0
2020-02-21,0.0,14.18,72.62,0.0,0.0899999999999857,1.2600000000000142,1.3500000000000143,3.4800000000000004,0.8660254037844386,0.5000000000000001,0
2020-02-22,0.0,15.05,72.02,0.0,0.0,1.2600000000000142,1.3500000000000143,3.4800000000000004,0.8660254037844386,0.5000000000000001,0
2020-02-23,1.43,15.92,67.93,1.43,1.4299999999999855,2.690000000000014,2.690000000000014,4.9,0.8660254037844386,0.5000000000000001,0
2020-02-24,0.27,14.87,71.94,0.27,1.6999999999999855,2.960000000000014,2.960000000000014,5.17,0.8660254037844386,0.5000000000000001,0
2020-02-25,2.77,13.73,79.06,2.77,4.4699999999999855,4.560000000000015,5.730000000000015,7.94,0.8660254037844386,0.5000000000000001,0
2020-02-26,10.97,12.33,87.13,10.97,14.009999999999987,15.440000000000015,16.700000000000017,18.91,0.8660254037844386,0.5000000000000001,0
2020-02-27,0.65,12.47,76.58,0.65,14.389999999999986,16.090000000000014,17.350000000000016,19.56,0.8660254037844386,0.5000000000000001,0
2020-02-28,0.0,13.76,71.67,0.0,11.619999999999989,16.090000000000014,17.350000000000016,19.56,0.8660254037844386,0.5000000000000001,0
2020-02-29,0.0,14.83,73.75,0.0,0.649999999999984,16.090000000000014,17.350000000000016,18.730000000000004,0.8660254037844386,0.5000000000000001,0
2020-03-01,0.0,15.18,72.66,0.0,0.0,14.660000000000016,17.350000000000016,17.46,1.0,6.123233995736766e-17,0
2020-03-02,0.85,14.85,73.51,0.85,0.849999999999984,15.240000000000014,18.200000000000017,18.31,1.0,6.123233995736766e-17,0
2020-03-03,1.93,13.77,76.53,1.93,2.779999999999984,14.400000000000016,18.96000000000001,20.22,1.0,6.123233995736766e-17,0
2020-03-04,1.28,14.27,74.98,1.28,4.0599999999999845,4.710000000000014,20.150000000000013,21.5,1.0,6.123233995736766e-17,0
2020-03-05,3.64,14.45,81.49,3.64,6.849999999999984,7.700000000000013,23.790000000000013,25.14,1.0,6.123233995736766e-17,0
2020-03-06,6.95,13.99,85.28,6.95,11.869999999999983,14.650000000000016,30.740000000000016,32.09,1.0,6.123233995736766e-17,0
2020-03-07,5.09,13.96,83.94,5.09,15.679999999999986,19.740000000000016,35.83000000000001,37.18,1.0,6.123233995736766e-17,0
2020-03-08,1.19,13.32,86.18,1.19,13.229999999999984,20.93000000000001,35.59000000000002,38.370000000000005,1.0,6.123233995736766e-17,0
2020-03-09,0.12,13.11,74.87,0.12,6.399999999999984,20.200000000000014,35.44000000000002,38.49,1.0,6.123233995736766e-17,0
2020-03-10,0.01,13.55,71.1,0.01,1.3199999999999847,18.28000000000001,32.680000000000014,38.41,1.0,6.123233995736766e-17,0
2020-03-11,0.0,14.1,67.74,0.0,0.1299999999999849,17.000000000000014,21.71000000000001,38.41,1.0,6.123233995736766e-17,0
2020-03-12,0.0,16.25,73.3,0.0,0.0099999999999849,13.360000000000015,21.060000000000013,38.41,1.0,6.123233995736766e-17,0
2020-03-13,0.0,17.82,72.59,0.0,0.0,6.410000000000014,21.060000000000013,38.41,1.0,6.123233995736766e-17,0
2020-03-14,0.0,17.63,75.06,0.0,0.0,1.320000000000014,21.060000000000013,38.41,1.0,6.123233995736766e-17,0
2020-03-15,0.0,18.07,69.86,0.0,0.0,0.1300000000000142,21.060000000000013,38.41,1.0,6.123233995736766e-17,0
2020-03-16,0.0,17.32,63.6,0.0,0.0,0.0100000000000142,20.21000000000001,38.41,1.0,6.123233995736766e-17,0
2020-03-17,0.0,15.1,63.32,0.0,0.0,0.0,18.28000000000001,38.41,1.0,6.123233995736766e-17,0
2020-03-18,0.0,14.47,69.75,0.0,0.0,0.0,17.000000000000014,38.41,1.0,6.123233995736766e-17,0
2020-03-19,0.0,15.33,62.95,0.0,0.0,0.0,13.360000000000015,37.24,1.0,6.123233995736766e-17,0
2020-03-20,0.07,15.24,65.29,0.07,0.0699999999999849,0.0700000000000142,6.480000000000014,37.22,1.0,6.123233995736766e-17,0
2020-03-21,0.21,15.65,62.4,0.21,0.2799999999999849,0.2800000000000142,1.600000000000014,37.43,1.0,6.123233995736766e-17,0
2020-03-22,2.97,15.28,70.0,2.97,3.249999999999985,3.250000000000014,3.380000000000014,40.4,1.0,6.123233995736766e-17,0
2020-03-23,0.25,14.87,79.51,0.25,3.429999999999985,3.5000000000000147,3.5100000000000144,40.65,1.0,6.123233995736766e-17,0
2020-03-24,0.02,16.26,74.33,0.02,3.2399999999999856,3.5200000000000147,3.5200000000000147,39.24,1.0,6.123233995736766e-17,0
2020-03-25,0.02,17.16,72.0,0.02,0.2899999999999853,3.5400000000000147,3.5400000000000147,38.99,1.0,6.123233995736766e-17,0
2020-03-26,0.0,17.66,72.01,0.0,0.0399999999999853,3.5400000000000147,3.5400000000000147,36.22,1.0,6.123233995736766e-17,0
2020-03-27,0.0,18.37,71.19,0.0,0.0199999999999853,3.470000000000015,3.5400000000000147,25.250000000000004,1.0,6.123233995736766e-17,0
2020-03-28,0.0,18.42,73.56,0.0,0.0,3.260000000000015,3.5400000000000147,24.600000000000005,1.0,6.123233995736766e-17,0
2020-03-29,0.0,17.43,66.39,0.0,0.0,0.2900000000000146,3.5400000000000147,24.600000000000005,1.0,6.123233995736766e-17,0
2020-03-30,0.0,16.97,54.41,0.0,0.0,0.0400000000000146,3.5400000000000147,24.600000000000005,1.0,6.123233995736766e-17,0
2020-03-31,0.0,17.55,51.52,0.0,0.0,0.0200000000000146,3.5400000000000147,24.600000000000005,1.0,6.123233995736766e-17,0
2020-04-01,0.0,17.64,55.38,0.0,0.0,0.0,3.5400000000000147,23.750000000000004,0.8660254037844387,-0.4999999999999998,0
2020-04-02,0.06,18.07,69.34,0.06,0.0599999999999853,0.0600000000000146,3.6000000000000147,21.880000000000003,0.8660254037844387,-0.4999999999999998,0
2020-04-03,0.49,18.37,77.67,0.49,0.5499999999999854,0.5500000000000147,4.020000000000015,21.090000000000003,0.8660254037844387,-0.4999999999999998,0
2020-04-04,0.07,17.89,66.08,0.07,0.6199999999999853,0.6200000000000147,3.880000000000015,17.52,0.8660254037844387,-0.4999999999999998,0
2020-04-05,0.0,17.92,65.41,0.0,0.5599999999999854,0.6200000000000147,0.910000000000014,10.570000000000002,0.8660254037844387,-0.4999999999999998,0
2020-04-06,0.01,17.68,63.66,0.01,0.0799999999999853,0.6300000000000147,0.6700000000000141,5.490000000000002,0.8660254037844387,-0.4999999999999998,0
2020-04-07,0.0,18.16,59.24,0.0,0.0099999999999853,0.6300000000000147,0.6500000000000141,4.3000000000000025,0.8660254037844387,-0.4999999999999998,0
2020-04-08,1.51,19.31,66.41,1.51,1.5199999999999854,2.140000000000015,2.140000000000014,5.690000000000002,0.8660254037844387,-0.4999999999999998,0
2020-04-09,3.84,18.55,77.3,3.84,5.349999999999985,5.920000000000014,5.980000000000014,9.52,0.8660254037844387,-0.4999999999999998,0
2020-04-10,0.64,19.38,66.55,0.64,5.989999999999985,6.070000000000015,6.620000000000013,10.160000000000002,0.8660254037844387,-0.4999999999999998,0
2020-04-11,8.86,19.23,67.96,8.86,13.339999999999986,14.860000000000014,15.480000000000013,19.020000000000003,0.8660254037844387,-0.4999999999999998,0
2020-04-12,3.41,19.01,65.57,3.41,12.909999999999986,18.27000000000001,18.89000000000001,22.43,0.8660254037844387,-0.4999999999999998,0
2020-04-13,0.0,20.55,62.04,0.0,12.269999999999984,18.26000000000001,18.89000000000001,22.43,0.8660254037844387,-0.4999999999999998,0
2020-04-14,0.0,21.29,66.88,0.0,3.409999999999986,18.26000000000001,18.89000000000001,22.43,0.8660254037844387,-0.4999999999999998,0
2020-04-15,21.13,19.82,80.28,21.13,21.129999999999985,37.88000000000001,40.02000000000001,43.56,0.8660254037844387,-0.4999999999999998,0
2020-04-16,26.58,18.84,76.44,26.58,47.70999999999998,60.620000000000005,66.54,70.14,0.8660254037844387,-0.4999999999999998,0
2020-04-17,28.68,18.31,83.47,28.68,76.38999999999999,88.66000000000001,94.73000000000002,98.82,0.8660254037844387,-0.4999999999999998,0
2020-04-18,34.54,17.97,92.65,34.54,89.79999999999998,114.34,129.2,133.36,0.8660254037844387,-0.4999999999999998,0
2020-04-19,24.92,18.68,88.78,24.92,88.13999999999999,135.85000000000002,154.12,158.21,0.8660254037844387,-0.4999999999999998,0
2020-04-20,18.77,18.68,85.99,18.77,78.22999999999998,154.62,172.88000000000002,176.77,0.8660254037844387,-0.4999999999999998,0
2020-04-21,17.85,18.08,79.83,17.85,61.53999999999999,172.47,190.73,191.65,0.8660254037844387,-0.4999999999999998,0
2020-04-22,10.67,16.16,83.48,10.67,47.28999999999999,162.01000000000002,199.89,202.07,0.8660254037844387,-0.4999999999999998,0
2020-04-23,5.53,17.08,80.57,5.53,34.04999999999999,140.96,201.58,207.58,0.8660254037844387,-0.4999999999999998,0
2020-04-24,53.05,16.25,84.09,53.05,69.24999999999999,165.33,253.99,260.61,0.8660254037844387,-0.4999999999999998,0
2020-04-25,3.49,17.56,75.33,3.49,62.06999999999999,134.28,248.62,264.1,0.8660254037844387,-0.4999999999999998,0
2020-04-26,4.22,17.88,83.72,4.22,60.759999999999984,113.58,249.43,268.32,0.8660254037844387,-0.4999999999999998,0
2020-04-27,20.43,18.31,81.43,20.43,28.139999999999983,115.24,269.86,288.75,0.8660254037844387,-0.4999999999999998,0
2020-04-28,18.69,17.84,84.99,18.69,43.33999999999999,116.08,288.55,307.44,0.8660254037844387,-0.4999999999999998,0
2020-04-29,7.73,17.79,84.04,7.73,46.84999999999999,113.14,275.15000000000003,315.17,0.8660254037844387,-0.4999999999999998,0
2020-04-30,4.21,19.54,74.57,4.21,30.62999999999999,111.82,252.78,319.38,0.8660254037844387,-0.4999999999999998,0
2020-05-01,3.25,19.87,75.33,3.25,15.189999999999989,62.02000000000002,227.35,322.63,0.49999999999999994,-0.8660254037844387,0
2020-05-02,15.32,18.6,85.76,15.32,22.779999999999987,73.85000000000002,208.13,337.89,0.49999999999999994,-0.8660254037844387,0
2020-05-03,7.16,19.31,80.26,7.16,25.729999999999983,76.79000000000002,190.37000000000003,344.56,0.49999999999999994,-0.8660254037844387,0
2020-05-04,10.74,19.86,82.03,10.74,33.219999999999985,67.10000000000002,182.34000000000003,355.23,0.49999999999999994,-0.8660254037844387,0
2020-05-05,27.91,19.62,86.58,27.91,45.80999999999999,76.32000000000002,192.40000000000003,383.14,0.49999999999999994,-0.8660254037844387,0
2020-05-06,5.86,19.19,81.83,5.86,44.50999999999999,74.45000000000002,187.59,388.99,0.49999999999999994,-0.8660254037844387,0
2020-05-07,8.77,19.4,78.81,8.77,42.53999999999999,79.01000000000002,190.83,397.76,0.49999999999999994,-0.8660254037844387,0
2020-05-08,8.2,18.51,75.45,8.2,22.829999999999984,83.96000000000002,145.98000000000002,404.4500000000001,0.49999999999999994,-0.8660254037844387,0
2020-05-09,4.7,20.26,70.36,4.7,21.669999999999984,73.34000000000002,147.19000000000003,405.31,0.49999999999999994,-0.8660254037844387,0
2020-05-10,2.95,21.01,74.12,2.95,15.849999999999984,69.13000000000002,145.92000000000002,407.62,0.49999999999999994,-0.8660254037844387,0
2020-05-11,2.18,21.13,78.98,2.18,9.829999999999986,60.570000000000014,127.67000000000002,400.94,0.49999999999999994,-0.8660254037844387,0
2020-05-12,2.18,20.63,80.98,2.18,7.309999999999986,34.84000000000001,111.16,399.71,0.49999999999999994,-0.8660254037844387,0
2020-05-13,29.73,19.62,89.15,29.73,34.08999999999999,58.710000000000015,133.16000000000005,429.44000000000005,0.49999999999999994,-0.8660254037844387,0
2020-05-14,8.53,20.9,74.55,8.53,40.43999999999998,58.47000000000001,137.48000000000002,437.97,0.49999999999999994,-0.8660254037844387,0
2020-05-15,19.14,20.7,82.94,19.14,57.399999999999984,69.41000000000003,153.37000000000003,435.98,0.49999999999999994,-0.8660254037844387,0
2020-05-16,28.82,20.41,88.96,28.82,56.48999999999998,93.53000000000002,166.87,438.22,0.49999999999999994,-0.8660254037844387,0
2020-05-17,3.44,21.91,72.75,3.44,51.399999999999984,94.02,163.15,412.98,0.49999999999999994,-0.8660254037844387,0
2020-05-18,0.14,22.0,76.61,0.14,32.399999999999984,91.98000000000002,152.55,378.58,0.49999999999999994,-0.8660254037844387,0
2020-05-19,1.83,20.38,78.93,1.83,5.409999999999982,91.63,126.47,355.49,0.49999999999999994,-0.8660254037844387,0
2020-05-20,13.96,20.56,85.68,13.96,15.929999999999984,75.86000000000001,134.57000000000002,350.68,0.49999999999999994,-0.8660254037844387,0
2020-05-21,125.77,20.24,95.35,125.77,141.55999999999997,193.1,251.57,458.6,0.49999999999999994,-0.8660254037844387,1
2020-05-22,98.71,20.48,94.63,98.71,238.43999999999997,272.67,342.08000000000004,546.64,0.49999999999999994,-0.8660254037844387,0
2020-05-23,43.64,21.27,91.69,43.64,268.12,287.49,381.02,584.75,0.49999999999999994,-0.8660254037844387,0
2020-05-24,134.28,21.88,93.52,134.28,276.63,418.33,512.3499999999999,665.98,0.49999999999999994,-0.8660254037844387,1
2020-05-25,88.93,21.75,94.18,88.93,266.85,507.12,599.1,751.4200000000001,0.49999999999999994,-0.8660254037844387,0
2020-05-26,94.99,21.21,94.38,94.99,318.2,600.28,691.91,842.19,0.49999999999999994,-0.8660254037844387,1
2020-05-27,40.23,20.82,92.38,40.23,224.15,626.55,702.4100000000001,861.9899999999999,0.49999999999999994,-0.8660254037844387,0
2020-05-28,13.02,20.54,89.49,13.02,148.23999999999995,513.8,706.9,856.32,0.49999999999999994,-0.8660254037844387,0
2020-05-29,7.98,19.99,88.5,7.98,61.22999999999997,423.07,695.74,856.5699999999999,0.49999999999999994,-0.8660254037844387,0
2020-05-30,12.81,19.91,86.72,12.81,33.809999999999974,392.24,679.73,865.17,0.49999999999999994,-0.8660254037844387,0
2020-05-31,38.0,20.39,87.38,38.0,58.78999999999998,295.96,714.29,899.92,0.49999999999999994,-0.8660254037844387,0
2020-06-01,17.07,20.47,91.67,17.07,67.87999999999997,224.1,731.22,901.67,1.2246467991473532e-16,-1.0,0
2020-06-02,16.61,20.65,93.46,16.61,71.67999999999998,145.72000000000003,746.0,911.12,1.2246467991473532e-16,-1.0,1
2020-06-03,22.31,20.04,94.32,22.31,55.98999999999998,127.8,754.35,922.69,1.2246467991473532e-16,-1.0,0
2020-06-04,13.86,20.19,94.24,13.86,52.77999999999997,128.64,642.4399999999999,908.64,1.2246467991473532e-16,-1.0,0
2020-06-05,36.39,21.19,92.86,36.39,72.55999999999997,157.05,580.12,939.17,1.2246467991473532e-16,-1.0,0
2020-06-06,53.95,20.98,97.01,53.95,104.19999999999996,198.19,590.4300000000001,984.35,1.2246467991473532e-16,-1.0,0
2020-06-07,9.17,21.51,92.13,9.17,99.50999999999998,169.36,465.32,985.32,1.2246467991473532e-16,-1.0,0
2020-06-08,2.37,21.55,91.16,2.37,65.48999999999998,154.66000000000005,378.76,982.99,1.2246467991473532e-16,-1.0,0
2020-06-09,2.8,22.69,86.51,2.8,14.339999999999971,140.85,286.57,982.84,1.2246467991473532e-16,-1.0,0
2020-06-10,6.86,22.71,88.79,6.86,12.029999999999973,125.4,253.2,987.52,1.2246467991473532e-16,-1.0,0
2020-06-11,19.19,21.48,94.45,19.19,28.849999999999973,130.73000000000002,259.37,1004.53,1.2246467991473532e-16,-1.0,0
2020-06-12,19.73,21.65,93.97,19.73,45.77999999999997,114.07,271.12,994.53,1.2246467991473532e-16,-1.0,0
2020-06-13,34.76,21.41,95.29,34.76,73.67999999999998,94.88,293.07,1020.76,1.2246467991473532e-16,-1.0,0
2020-06-14,15.29,22.32,90.19,15.29,69.77999999999997,101.0,270.36,1016.91,1.2246467991473532e-16,-1.0,0
2020-06-15,11.81,22.86,91.18,11.81,61.85999999999997,110.43999999999998,265.1,999.9,1.2246467991473532e-16,-1.0,0
2020-06-16,26.44,21.48,95.04,26.44,53.53999999999998,134.07999999999998,274.93,1022.9,1.2246467991473532e-16,-1.0,0
2020-06-17,79.54,22.28,92.69,79.54,117.79,206.76,332.16,1102.3,1.2246467991473532e-16,-1.0,0
2020-06-18,38.41,22.07,94.71,38.41,144.39,225.98,356.71000000000004,1138.88,1.2246467991473532e-16,-1.0,0
2020-06-19,27.73,22.34,91.99,27.73,145.67999999999998,233.98,348.05,1152.65,1.2246467991473532e-16,-1.0,0
2020-06-20,15.31,22.63,91.65,15.31,81.44999999999997,214.53000000000003,309.41,1042.19,1.2246467991473532e-16,-1.0,0
2020-06-21,19.61,21.88,92.89,19.61,62.64999999999997,218.85,319.85,963.09,1.2246467991473532e-16,-1.0,0
2020-06-22,18.32,22.39,91.1,18.32,53.23999999999997,225.36,335.8,937.77,1.2246467991473532e-16,-1.0,0
2020-06-23,48.88,22.55,92.32,48.88,86.80999999999997,247.8,381.88,852.37,1.2246467991473532e-16,-1.0,0
2020-06-24,54.59,22.38,93.57,54.59,121.78999999999998,222.85,429.61,818.03,1.2246467991473532e-16,-1.0,0
2020-06-25,88.25,22.06,95.51,88.25,191.72,272.69000000000005,498.67,811.29,1.2246467991473532e-16,-1.0,1
2020-06-26,134.38,21.13,97.0,134.38,277.22,379.34,613.32,905.44,1.2246467991473532e-16,-1.0,0
2020-06-27,194.23,21.7,96.6,194.23,416.86,558.26,772.79,1086.65,1.2246467991473532e-16,-1.0,0
2020-06-28,69.17,21.91,93.96,69.17,397.78,607.82,826.67,1147.84,1.2246467991473532e-16,-1.0,0
2020-06-29,15.07,21.8,91.41,15.07,278.47,604.5699999999999,829.93,1150.1,1.2246467991473532e-16,-1.0,0
2020-06-30,3.93,22.43,91.5,3.93,88.16999999999997,559.62,807.42,1116.03,1.2246467991473532e-16,-1.0,0
2020-07-01,31.35,21.84,96.27,31.35,50.34999999999997,536.38,759.23,1130.31,-0.4999999999999997,-0.8660254037844388,0
2020-07-02,25.71,21.76,94.53,25.71,60.98999999999997,473.84,746.53,1139.41,-0.4999999999999997,-0.8660254037844388,0
2020-07-03,16.78,22.6,92.65,16.78,73.83999999999997,356.24000000000007,735.58,1133.88,-0.4999999999999997,-0.8660254037844388,0
2020-07-04,12.81,23.03,89.27,12.81,55.299999999999976,174.82000000000002,733.0799999999999,1132.8300000000002,-0.4999999999999997,-0.8660254037844388,0
2020-07-05,20.8,22.34,92.63,20.8,50.38999999999997,126.45000000000005,734.27,1117.24,-0.4999999999999997,-0.8660254037844388,0
2020-07-06,26.24,20.95,92.48,26.24,59.849999999999966,137.62000000000003,742.1899999999999,1089.53,-0.4999999999999997,-0.8660254037844388,0
2020-07-07,11.75,22.48,93.12,11.75,58.78999999999997,145.44000000000003,705.06,1092.11,-0.4999999999999997,-0.8660254037844388,0
2020-07-08,40.95,22.61,93.13,40.95,78.93999999999997,155.04000000000002,691.42,1130.69,-0.4999999999999997,-0.8660254037844388,1
2020-07-09,57.34,22.79,96.19,57.34,110.03999999999998,186.67000000000004,660.51,1185.23,-0.4999999999999997,-0.8660254037844388,0
2020-07-10,116.96,22.45,96.65,116.96,215.25,286.85,643.0899999999999,1295.33,-0.4999999999999997,-0.8660254037844388,1
2020-07-11,102.15,21.47,96.4,102.15,276.44999999999993,376.19000000000005,551.01,1378.29,-0.4999999999999997,-0.8660254037844388,0
2020-07-12,63.66,22.23,93.41,63.66,282.77,419.05,545.5,1422.22,-0.4999999999999997,-0.8660254037844388,0
2020-07-13,35.0,23.03,92.08,35.0,200.81,427.81,565.4300000000001,1422.46,-0.4999999999999997,-0.8660254037844388,0
2020-07-14,17.13,21.98,94.21,17.13,115.78999999999996,433.19,578.63,1424.3000000000002,-0.4999999999999997,-0.8660254037844388,0
2020-07-15,17.39,22.46,92.77,17.39,69.51999999999997,409.63000000000005,564.67,1429.88,-0.4999999999999997,-0.8660254037844388,0
2020-07-16,13.87,22.14,92.57,13.87,48.38999999999997,366.16,552.83,1417.3100000000002,-0.4999999999999997,-0.8660254037844388,0
2020-07-17,12.25,21.75,93.42,12.25,43.50999999999997,261.45,548.3,1350.02,-0.4999999999999997,-0.8660254037844388,0
2020-07-18,49.77,21.59,93.39,49.77,75.88999999999997,209.07000000000005,585.26,1361.38,-0.4999999999999997,-0.8660254037844388,0
2020-07-19,102.99,22.39,94.75,102.99,165.00999999999996,248.4,667.45,1436.64,-0.4999999999999997,-0.8660254037844388,0
2020-07-20,131.95,21.6,97.07,131.95,284.7099999999999,345.35,773.1600000000001,1553.28,-0.4999999999999997,-0.8660254037844388,0
2020-07-21,74.64,21.67,96.0,74.64,309.5799999999999,402.86,836.0500000000001,1608.31,-0.4999999999999997,-0.8660254037844388,1
2020-07-22,21.12,22.18,93.19,21.12,227.70999999999995,406.59,816.22,1611.11,-0.4999999999999997,-0.8660254037844388,0
2020-07-23,22.68,21.4,94.01,22.68,118.43999999999996,415.4,781.56,1584.91,-0.4999999999999997,-0.8660254037844388,0
2020-07-24,16.17,22.17,91.63,16.17,59.96999999999997,419.3200000000001,680.77,1546.49,-0.4999999999999997,-0.8660254037844388,0
2020-07-25,3.15,22.75,91.42,3.15,41.99999999999997,372.7,581.77,1461.39,-0.4999999999999997,-0.8660254037844388,0
2020-07-26,5.58,22.74,92.2,5.58,24.899999999999974,275.2900000000001,523.6899999999999,1332.59,-0.4999999999999997,-0.8660254037844388,0
2020-07-27,11.33,22.47,92.83,11.33,20.05999999999997,154.67000000000004,500.02,1149.69,-0.4999999999999997,-0.8660254037844388,0
2020-07-28,13.15,22.26,92.54,13.15,30.05999999999997,93.18000000000004,496.04,1093.67,-0.4999999999999997,-0.8660254037844388,0
2020-07-29,36.92,22.23,95.42,36.92,61.39999999999998,108.98000000000005,515.5699999999999,1115.52,-0.4999999999999997,-0.8660254037844388,0
2020-07-30,14.28,21.25,94.78,14.28,64.34999999999998,100.58000000000004,515.98,1125.87,-0.4999999999999997,-0.8660254037844388,0
2020-07-31,12.32,22.26,92.14,12.32,63.519999999999975,96.73000000000005,516.05,1106.84,-0.4999999999999997,-0.8660254037844388,0
2020-08-01,5.69,23.55,87.32,5.69,32.28999999999997,99.27000000000004,471.97,1086.8200000000002,-0.8660254037844385,-0.5000000000000004,0
2020-08-02,10.29,23.81,89.34,10.29,28.29999999999997,103.98000000000005,379.27,1080.3300000000002,-0.8660254037844385,-0.5000000000000004,0
2020-08-03,4.29,24.53,86.14,4.29,20.26999999999997,96.94000000000004,251.61,1071.81,-0.8660254037844385,-0.5000000000000004,0
2020-08-04,0.11,23.6,90.88,0.11,14.68999999999997,83.90000000000003,177.08,1051.12,-0.8660254037844385,-0.5000000000000004,0
2020-08-05,1.15,23.73,89.48,1.15,5.54999999999997,48.13000000000002,157.11,1026.03,-0.8660254037844385,-0.5000000000000004,0
2020-08-06,17.79,23.52,88.65,17.79,19.04999999999997,51.64000000000003,152.22,1032.07,-0.8660254037844385,-0.5000000000000004,0
2020-08-07,12.89,22.97,92.95,12.89,31.82999999999997,52.21000000000002,148.94,1004.01,-0.8660254037844385,-0.5000000000000004,0
2020-08-08,13.33,22.55,94.99,13.33,44.00999999999997,59.85000000000003,159.12,960.0,-0.8660254037844385,-0.5000000000000004,0
2020-08-09,27.75,21.87,95.13,27.75,53.96999999999997,77.31000000000003,181.29,870.79,-0.8660254037844385,-0.5000000000000004,0
2020-08-10,10.84,22.21,92.47,10.84,51.91999999999997,83.86000000000003,180.8,779.48,-0.8660254037844385,-0.5000000000000004,0
2020-08-11,29.26,22.56,94.43,29.26,67.84999999999997,113.01000000000002,196.91000000000005,745.08,-0.8660254037844385,-0.5000000000000004,0
2020-08-12,19.8,23.33,91.82,19.8,59.89999999999998,131.66000000000005,179.79,729.88,-0.8660254037844385,-0.5000000000000004,0
2020-08-13,24.24,22.81,92.88,24.24,73.29999999999997,138.11,189.75,736.99,-0.8660254037844385,-0.5000000000000004,0
2020-08-14,18.73,22.84,88.24,18.73,62.76999999999997,143.95000000000002,196.16,738.33,-0.8660254037844385,-0.5000000000000004,0
2020-08-15,31.54,22.3,92.77,31.54,74.50999999999998,162.16000000000005,222.01,756.0,-0.8660254037844385,-0.5000000000000004,0
2020-08-16,30.82,22.0,94.27,30.82,81.08999999999997,165.23000000000002,242.54,774.57,-0.8660254037844385,-0.5000000000000004,0
2020-08-17,31.3,21.73,95.47,31.3,93.65999999999995,185.69000000000003,269.55,756.1,-0.8660254037844385,-0.5000000000000004,0
2020-08-18,18.97,22.42,93.05,18.97,81.08999999999997,175.40000000000003,288.41,672.08,-0.8660254037844385,-0.5000000000000004,0
2020-08-19,19.54,22.26,91.09,19.54,69.80999999999997,175.14000000000004,306.8,559.67,-0.8660254037844385,-0.5000000000000004,0
2020-08-20,10.08,21.28,91.77,10.08,48.58999999999997,160.98000000000002,299.09,495.11,-0.8660254037844385,-0.5000000000000004,0
2020-08-21,21.54,20.86,92.15,21.54,51.15999999999997,163.79000000000002,307.74,495.53,-0.8660254037844385,-0.5000000000000004,0
2020-08-22,41.75,21.35,93.27,41.75,73.36999999999998,174.0,336.16,514.6,-0.8660254037844385,-0.5000000000000004,0
2020-08-23,1.87,21.36,91.94,1.87,65.15999999999997,145.05,310.28000000000003,500.3,-0.8660254037844385,-0.5000000000000004,0
2020-08-24,7.77,22.71,89.63,7.77,51.38999999999997,121.52000000000002,307.21,504.92,-0.8660254037844385,-0.5000000000000004,0
2020-08-25,6.82,22.71,91.03,6.82,16.459999999999972,109.37000000000002,284.77,506.16,-0.8660254037844385,-0.5000000000000004,0
2020-08-26,4.58,22.34,89.36,4.58,19.16999999999997,94.41000000000004,269.54999999999995,499.41,-0.8660254037844385,-0.5000000000000004,0
2020-08-27,24.99,20.9,94.04,24.99,36.38999999999997,109.32000000000002,270.3,511.25,-0.8660254037844385,-0.5000000000000004,0
2020-08-28,21.32,21.65,91.75,21.32,50.88999999999997,109.10000000000002,272.89,495.65,-0.8660254037844385,-0.5000000000000004,0
2020-08-29,30.98,21.87,92.93,30.98,77.28999999999996,98.33000000000004,272.33,512.35,-0.8660254037844385,-0.5000000000000004,0
2020-08-30,13.87,22.51,92.14,13.87,66.16999999999997,110.33000000000004,255.38,513.9,-0.8660254037844385,-0.5000000000000004,0
2020-08-31,23.08,21.97,93.52,23.08,67.92999999999996,125.64,247.16,531.29,-0.8660254037844385,-0.5000000000000004,0
2020-09-01,13.06,21.04,93.35,13.06,50.00999999999997,131.88000000000002,241.25,534.0600000000001,-1.0,-1.8369701987210297e-16,0
2020-09-02,3.45,22.26,88.39,3.45,39.58999999999997,130.75000000000003,225.16,533.2199999999999,-1.0,-1.8369701987210297e-16,0
2020-09-03,5.94,22.54,88.9,5.94,22.44999999999997,111.70000000000002,221.02,539.05,-1.0,-1.8369701987210297e-16,0
2020-09-04,3.53,22.44,89.33,3.53,12.919999999999972,93.91000000000004,203.01,541.43,-1.0,-1.8369701987210297e-16,0
2020-09-05,16.63,22.1,91.98,16.63,26.09999999999997,79.56000000000003,177.89,540.27,-1.0,-1.8369701987210297e-16,0
2020-09-06,20.32,22.1,93.43,20.32,40.47999999999997,86.01000000000002,196.34,547.7,-1.0,-1.8369701987210297e-16,0
2020-09-07,39.37,21.56,93.36,39.37,76.31999999999996,102.30000000000004,227.94,573.74,-1.0,-1.8369701987210297e-16,0
2020-09-08,18.24,21.49,95.71,18.24,77.92999999999996,107.48000000000002,239.36,564.23,-1.0,-1.8369701987210297e-16,0
2020-09-09,9.49,22.24,91.9,9.49,67.09999999999997,113.52000000000002,244.27,562.88,-1.0,-1.8369701987210297e-16,0
2020-09-10,14.37,22.24,91.58,14.37,42.099999999999966,121.95000000000002,233.65,547.9899999999999,-1.0,-1.8369701987210297e-16,0
2020-09-11,27.14,22.11,94.64,27.14,50.99999999999997,145.56000000000003,239.47,555.33,-1.0,-1.8369701987210297e-16,0
2020-09-12,12.68,21.6,95.19,12.68,54.18999999999997,141.61,221.17,543.77,-1.0,-1.8369701987210297e-16,0
2020-09-13,16.22,22.02,94.38,16.22,56.03999999999997,137.51000000000002,223.52,541.26,-1.0,-1.8369701987210297e-16,0
2020-09-14,18.74,21.52,94.74,18.74,47.63999999999997,116.88000000000002,219.18,528.46,-1.0,-1.8369701987210297e-16,0
2020-09-15,43.44,21.09,94.46,43.44,78.39999999999998,142.08000000000004,249.56,541.08,-1.0,-1.8369701987210297e-16,0
2020-09-16,63.23,21.09,96.11,63.23,125.40999999999995,195.82,309.34,573.01,-1.0,-1.8369701987210297e-16,0
2020-09-17,31.59,21.32,94.38,31.59,138.25999999999996,213.04,334.98999999999995,585.63,-1.0,-1.8369701987210297e-16,0
2020-09-18,0.67,23.03,85.84,0.67,95.48999999999998,186.57,332.13,566.76,-1.0,-1.8369701987210297e-16,0
2020-09-19,0.03,23.26,88.36,0.03,32.28999999999998,173.92000000000002,315.53000000000003,556.7099999999999,-1.0,-1.8369701987210297e-16,0
2020-09-20,0.09,23.44,87.29,0.09,0.7899999999999787,157.79000000000002,295.3,535.26,-1.0,-1.8369701987210297e-16,0
2020-09-21,53.19,21.87,93.16,53.19,53.30999999999997,192.24,309.12,546.7,-1.0,-1.8369701987210297e-16,0
2020-09-22,92.41,21.72,95.97,92.41,145.68999999999997,241.21,383.29,637.24,-1.0,-1.8369701987210297e-16,0
2020-09-23,82.38,21.54,96.65,82.38,227.98,260.36,456.18,711.85,-1.0,-1.8369701987210297e-16,0
2020-09-24,109.18,21.61,96.42,109.18,283.97,337.95000000000005,550.99,814.2099999999999,-1.0,-1.8369701987210297e-16,0
2020-09-25,110.56,21.78,97.21,110.56,302.12,447.84,634.4100000000001,920.19,-1.0,-1.8369701987210297e-16,0
2020-09-26,65.46,21.14,96.12,65.46,285.2,513.27,687.1899999999999,960.66,-1.0,-1.8369701987210297e-16,0
2020-09-27,25.56,21.04,95.5,25.56,201.58,538.74,696.53,964.9,-1.0,-1.8369701987210297e-16,0
2020-09-28,1.71,21.88,90.37,1.71,92.72999999999996,487.2600000000001,679.5,935.63,-1.0,-1.8369701987210297e-16,0
2020-09-29,0.03,22.3,88.72,0.03,27.29999999999997,394.88000000000005,636.09,921.79,-1.0,-1.8369701987210297e-16,0
2020-09-30,2.1,22.26,89.74,2.1,3.839999999999971,314.6,574.9599999999999,900.81,-1.0,-1.8369701987210297e-16,0
2020-10-01,4.09,22.37,90.3,4.09,6.219999999999971,209.51,547.46,891.8399999999999,-0.8660254037844386,0.5000000000000001,0
2020-10-02,1.23,22.17,89.87,1.23,7.4199999999999715,100.18000000000002,548.02,889.62,-0.8660254037844386,0.5000000000000001,0
2020-10-03,7.86,20.97,95.2,7.86,13.179999999999971,42.58000000000003,555.85,891.54,-0.8660254037844386,0.5000000000000001,0
2020-10-04,9.73,21.32,93.24,9.73,18.81999999999997,26.75000000000003,565.49,897.74,-0.8660254037844386,0.5000000000000001,0
2020-10-05,42.41,21.16,92.12,42.41,59.99999999999997,67.45000000000002,554.71,923.52,-0.8660254037844386,0.5000000000000001,0
2020-10-06,30.76,20.51,95.01,30.76,82.89999999999998,98.18000000000002,493.06,933.96,-0.8660254037844386,0.5000000000000001,0
2020-10-07,32.11,20.72,92.64,32.11,105.27999999999996,128.19000000000003,442.79,926.7,-0.8660254037844386,0.5000000000000001,0
2020-10-08,1.93,22.36,86.83,1.93,64.79999999999998,126.03000000000004,335.54,910.39,-0.8660254037844386,0.5000000000000001,0
2020-10-09,0.38,22.44,90.02,0.38,34.41999999999997,125.18000000000002,225.36,901.28,-0.8660254037844386,0.5000000000000001,0
2020-10-10,0.35,22.42,90.77,0.35,2.659999999999972,117.67000000000002,160.25,887.26,-0.8660254037844386,0.5000000000000001,0
2020-10-11,0.37,21.96,91.85,0.37,1.0999999999999717,108.31000000000004,135.06,860.4899999999999,-0.8660254037844386,0.5000000000000001,0
2020-10-12,0.4,22.4,86.82,0.4,1.1199999999999717,66.30000000000004,133.75,848.21,-0.8660254037844386,0.5000000000000001,0
2020-10-13,0.15,22.36,84.9,0.15,0.9199999999999716,35.690000000000026,133.87,832.14,-0.8660254037844386,0.5000000000000001,0
2020-10-14,0.81,22.64,84.3,0.81,1.3599999999999717,4.390000000000028,132.58,814.2099999999999,-0.8660254037844386,0.5000000000000001,0
2020-10-15,0.14,22.22,87.62,0.14,1.0999999999999717,2.600000000000029,128.63,770.91,-0.8660254037844386,0.5000000000000001,0
2020-10-16,0.0,22.73,82.4,0.0,0.9499999999999716,2.220000000000028,127.4,707.68,-0.8660254037844386,0.5000000000000001,0
2020-10-17,0.04,21.86,81.38,0.04,0.1799999999999716,1.9100000000000288,119.58,676.13,-0.8660254037844386,0.5000000000000001,0
2020-10-18,0.08,21.04,89.09,0.08,0.1199999999999715,1.6200000000000283,109.93,675.54,-0.8660254037844386,0.5000000000000001,0
2020-10-19,0.84,21.26,88.29,0.84,0.9599999999999717,2.0600000000000285,68.36,676.35,-0.8660254037844386,0.5000000000000001,0
2020-10-20,1.34,21.57,86.16,1.34,2.259999999999972,3.2500000000000284,38.94,677.6,-0.8660254037844386,0.5000000000000001,0
2020-10-21,5.87,21.2,88.23,5.87,8.049999999999972,8.310000000000029,12.7,630.28,-0.8660254037844386,0.5000000000000001,0
2020-10-22,16.71,19.73,93.39,16.71,23.919999999999973,24.88000000000003,27.48,554.5799999999999,-0.8660254037844386,0.5000000000000001,0
2020-10-23,122.01,18.43,95.06,122.01,144.58999999999995,146.89000000000004,149.11,594.21,-0.8660254037844386,0.5000000000000001,0
2020-10-24,78.09,18.85,95.49,78.09,216.81,224.94000000000003,226.85,563.12,-0.8660254037844386,0.5000000000000001,0
2020-10-25,11.56,19.83,93.64,11.56,211.66,236.42,238.04,464.12,-0.8660254037844386,0.5000000000000001,0
2020-10-26,0.07,19.64,87.29,0.07,89.71999999999997,235.65000000000003,237.71,398.73,-0.8660254037844386,0.5000000000000001,0
2020-10-27,0.03,19.83,83.64,0.03,11.659999999999972,234.34000000000003,237.59,373.2,-0.8660254037844386,0.5000000000000001,0
2020-10-28,0.01,19.72,86.89,0.01,0.1099999999999715,228.48000000000005,236.79,371.5,-0.8660254037844386,0.5000000000000001,0
2020-10-29,0.05,19.64,89.3,0.05,0.0899999999999715,211.82000000000005,236.7,371.52,-0.8660254037844386,0.5000000000000001,0
2020-10-30,0.07,20.0,87.57,0.07,0.1299999999999715,89.88000000000002,236.77,369.49,-0.8660254037844386,0.5000000000000001,0
2020-10-31,2.62,19.88,94.33,2.62,2.739999999999972,14.410000000000014,239.35,368.02,-0.8660254037844386,0.5000000000000001,0
2020-11-01,5.48,19.62,90.62,5.48,8.169999999999973,8.330000000000014,244.75,372.27,-0.5000000000000004,0.8660254037844384,0
2020-11-02,0.83,19.91,89.43,0.83,8.929999999999971,9.090000000000014,244.74,365.24,-0.5000000000000004,0.8660254037844384,0
2020-11-03,0.11,19.13,92.17,0.11,6.419999999999972,9.170000000000014,243.51,355.62,-0.5000000000000004,0.8660254037844384,0
2020-11-04,0.08,17.19,85.98,0.08,1.0199999999999716,9.240000000000014,237.72,313.29,-0.5000000000000004,0.8660254037844384,0
2020-11-05,0.0,15.69,67.93,0.0,0.1899999999999715,9.190000000000014,221.01,282.53000000000003,-0.5000000000000004,0.8660254037844384,0
2020-11-06,0.0,15.73,61.22,0.0,0.0799999999999715,9.120000000000012,99.0,250.42,-0.5000000000000004,0.8660254037844384,0
2020-11-07,0.0,15.83,86.19,0.0,0.0,6.500000000000014,20.909999999999982,248.49,-0.5000000000000004,0.8660254037844384,0
2020-11-08,0.0,15.64,87.64,0.0,0.0,1.0200000000000142,9.349999999999984,248.11,-0.5000000000000004,0.8660254037844384,0
2020-11-09,0.0,15.31,82.5,0.0,0.0,0.1900000000000142,9.279999999999983,247.76,-0.5000000000000004,0.8660254037844384,0
2020-11-10,0.0,15.76,80.26,0.0,0.0,0.0800000000000142,9.249999999999986,247.39,-0.5000000000000004,0.8660254037844384,0
2020-11-11,0.0,16.53,83.69,0.0,0.0,0.0,9.239999999999986,246.99,-0.5000000000000004,0.8660254037844384,0
2020-11-12,0.0,17.27,82.46,0.0,0.0,0.0,9.189999999999984,246.84,-0.5000000000000004,0.8660254037844384,0
2020-11-13,0.0,17.82,80.15,0.0,0.0,0.0,9.119999999999983,246.03,-0.5000000000000004,0.8660254037844384,0
2020-11-14,0.0,18.18,82.99,0.0,0.0,0.0,6.499999999999986,245.89,-0.5000000000000004,0.8660254037844384,0
2020-11-15,0.0,17.47,85.43,0.0,0.0,0.0,1.0199999999999858,245.89,-0.5000000000000004,0.8660254037844384,0
2020-11-16,0.0,16.75,87.33,0.0,0.0,0.0,0.1899999999999858,245.85,-0.5000000000000004,0.8660254037844384,0
2020-11-17,0.19,15.59,90.77,0.19,0.1899999999999715,0.1900000000000142,0.2699999999999858,245.96,-0.5000000000000004,0.8660254037844384,0
2020-11-18,0.01,13.92,88.59,0.01,0.1999999999999716,0.2000000000000142,0.1999999999999858,245.13,-0.5000000000000004,0.8660254037844384,0
2020-11-19,0.0,13.74,89.71,0.0,0.1999999999999716,0.2000000000000142,0.1999999999999858,243.79,-0.5000000000000004,0.8660254037844384,0
2020-11-20,0.0,14.3,88.1,0.0,0.0099999999999715,0.2000000000000142,0.1999999999999858,237.92,-0.5000000000000004,0.8660254037844384,0
2020-11-21,0.14,14.71,84.53,0.14,0.1399999999999716,0.3400000000000142,0.3399999999999858,221.35,-0.5000000000000004,0.8660254037844384,0
2020-11-22,0.09,12.6,83.83,0.09,0.2299999999999716,0.4300000000000142,0.4299999999999858,99.43,-0.5000000000000004,0.8660254037844384,0
2020-11-23,0.0,11.65,79.98,0.0,0.2299999999999716,0.4300000000000142,0.4299999999999858,21.34,-0.5000000000000004,0.8660254037844384,0
2020-11-24,0.0,13.77,79.22,0.0,0.0899999999999715,0.2400000000000142,0.4299999999999858,9.78,-0.5000000000000004,0.8660254037844384,0
2020-11-25,0.0,14.15,83.92,0.0,0.0,0.2300000000000142,0.4299999999999858,9.71,-0.5000000000000004,0.8660254037844384,0
2020-11-26,0.0,14.53,82.02,0.0,0.0,0.2300000000000142,0.4299999999999858,9.68,-0.5000000000000004,0.8660254037844384,0
2020-11-27,0.0,15.1,82.47,0.0,0.0,0.2300000000000142,0.4299999999999858,9.67,-0.5000000000000004,0.8660254037844384,0
2020-11-28,0.0,16.53,74.19,0.0,0.0,0.0900000000000142,0.4299999999999858,9.62,-0.5000000000000004,0.8660254037844384,0
2020-11-29,0.0,15.64,82.34,0.0,0.0,0.0,0.4299999999999858,9.55,-0.5000000000000004,0.8660254037844384,0
2020-11-30,0.0,15.18,83.78,0.0,0.0,0.0,0.4299999999999858,6.930000000000001,-0.5000000000000004,0.8660254037844384,0
2020-12-01,0.0,14.83,77.98,0.0,0.0,0.0,0.2399999999999858,1.45,-2.4492935982947064e-16,1.0,0
2020-12-02,0.0,13.84,82.64,0.0,0.0,0.0,0.2299999999999858,0.62,-2.4492935982947064e-16,1.0,0
2020-12-03,0.0,13.52,86.47,0.0,0.0,0.0,0.2299999999999858,0.51,-2.4492935982947064e-16,1.0,0
2020-12-04,0.0,13.32,85.44,0.0,0.0,0.0,0.2299999999999858,0.43,-2.4492935982947064e-16,1.0,0
2020-12-05,0.04,12.89,88.61,0.04,0.0399999999999715,0.0400000000000142,0.1299999999999858,0.47,-2.4492935982947064e-16,1.0,0
2020-12-06,0.0,13.4,85.41,0.0,0.0399999999999715,0.0400000000000142,0.0399999999999857,0.47,-2.4492935982947064e-16,1.0,0
2020-12-07,0.0,13.44,80.39,0.0,0.0399999999999715,0.0400000000000142,0.0399999999999857,0.47,-2.4492935982947064e-16,1.0,0
2020-12-08,0.0,12.65,87.38,0.0,0.0,0.0400000000000142,0.0399999999999857,0.47,-2.4492935982947064e-16,1.0,0
2020-12-09,0.0,13.26,86.66,0.0,0.0,0.0400000000000142,0.0399999999999857,0.47,-2.4492935982947064e-16,1.0,0
2020-12-10,0.0,13.5,88.03,0.0,0.0,0.0400000000000142,0.0399999999999857,0.47,-2.4492935982947064e-16,1.0,0
2020-12-11,0.0,13.02,87.41,0.0,0.0,0.0400000000000142,0.0399999999999857,0.47,-2.4492935982947064e-16,1.0,0
2020-12-12,0.0,12.82,87.98,0.0,0.0,0.0,0.0399999999999857,0.47,-2.4492935982947064e-16,1.0,0
2020-12-13,0.0,12.51,86.24,0.0,0.0,0.0,0.0399999999999857,0.47,-2.4492935982947064e-16,1.0,0
2020-12-14,0.0,12.58,73.07,0.0,0.0,0.0,0.0399999999999857,0.47,-2.4492935982947064e-16,1.0,0
2020-12-15,0.0,11.95,78.04,0.0,0.0,0.0,0.0399999999999857,0.47,-2.4492935982947064e-16,1.0,0
2020-12-16,0.0,12.88,78.26,0.0,0.0,0.0,0.0399999999999857,0.47,-2.4492935982947064e-16,1.0,0
2020-12-17,0.0,11.55,86.84,0.0,0.0,0.0,0.0399999999999857,0.28,-2.4492935982947064e-16,1.0,0
2020-12-18,0.0,9.37,84.22,0.0,0.0,0.0,0.0399999999999857,0.27,-2.4492935982947064e-16,1.0,0
2020-12-19,0.0,8.73,72.54,0.0,0.0,0.0,0.0,0.27,-2.4492935982947064e-16,1.0,0
2020-12-20,0.0,9.4,76.51,0.0,0.0,0.0,0.0,0.27,-2.4492935982947064e-16,1.0,0
2020-12-21,0.0,10.84,81.23,0.0,0.0,0.0,0.0,0.13,-2.4492935982947064e-16,1.0,0
2020-12-22,0.0,10.56,85.31,0.0,0.0,0.0,0.0,0.04,-2.4492935982947064e-16,1.0,0
2020-12-23,0.0,11.27,85.33,0.0,0.0,0.0,0.0,0.04,-2.4492935982947064e-16,1.0,0
2020-12-24,0.0,12.15,86.02,0.0,0.0,0.0,0.0,0.04,-2.4492935982947064e-16,1.0,0
2020-12-25,0.0,11.27,85.23,0.0,0.0,0.0,0.0,0.04,-2.4492935982947064e-16,1.0,0
2020-12-26,0.0,9.84,80.11,0.0,0.0,0.0,0.0,0.04,-2.4492935982947064e-16,1.0,0
2020-12-27,0.0,10.43,82.74,0.0,0.0,0.0,0.0,0.04,-2.4492935982947064e-16,1.0,0
2020-12-28,0.0,10.53,86.18,0.0,0.0,0.0,0.0,0.04,-2.4492935982947064e-16,1.0,0
2020-12-29,0.0,11.38,73.04,0.0,0.0,0.0,0.0,0.04,-2.4492935982947064e-16,1.0,0
2020-12-30,0.0,11.18,82.13,0.0,0.0,0.0,0.0,0.04,-2.4492935982947064e-16,1.0,0
2020-12-31,0.0,12.17,78.67,0.0,0.0,0.0,0.0,0.04,-2.4492935982947064e-16,1.0,0
2021-01-01,0.0,11.53,83.48,0.0,0.0,0.0,0.0,0.04,0.49999999999999994,0.8660254037844387,0
2021-01-02,0.0,11.7,77.4,0.0,0.0,0.0,0.0,0.04,0.49999999999999994,0.8660254037844387,0
2021-01-03,0.0,12.71,71.81,0.0,0.0,0.0,0.0,0.04,0.49999999999999994,0.8660254037844387,0
2021-01-04,0.0,14.08,71.14,0.0,0.0,0.0,0.0,0.0,0.49999999999999994,0.8660254037844387,0
2021-01-05,0.0,14.21,74.63,0.0,0.0,0.0,0.0,0.0,0.49999999999999994,0.8660254037844387,0
2021-01-06,0.0,14.06,76.08,0.0,0.0,0.0,0.0,0.0,0.49999999999999994,0.8660254037844387,0
2021-01-07,0.0,13.12,82.51,0.0,0.0,0.0,0.0,0.0,0.49999999999999994,0.8660254037844387,0
2021-01-08,0.0,12.36,80.63,0.0,0.0,0.0,0.0,0.0,0.49999999999999994,0.8660254037844387,0
2021-01-09,0.0,12.52,79.55,0.0,0.0,0.0,0.0,0.0,0.49999999999999994,0.8660254037844387,0
2021-01-10,0.0,12.37,86.68,0.0,0.0,0.0,0.0,0.0,0.49999999999999994,0.8660254037844387,0
2021-01-11,0.0,12.68,86.76,0.0,0.0,0.0,0.0,0.0,0.49999999999999994,0.8660254037844387,0
2021-01-12,0.0,11.54,86.84,0.0,0.0,0.0,0.0,0.0,0.49999999999999994,0.8660254037844387,0
2021-01-13,0.0,10.13,86.18,0.0,0.0,0.0,0.0,0.0,0.49999999999999994,0.8660254037844387,0
2021-01-14,0.0,10.18,86.86,0.0,0.0,0.0,0.0,0.0,0.49999999999999994,0.8660254037844387,0
2021-01-15,0.0,10.54,85.09,0.0,0.0,0.0,0.0,0.0,0.49999999999999994,0.8660254037844387,0
2021-01-16,0.0,11.25,86.2,0.0,0.0,0.0,0.0,0.0,0.49999999999999994,0.8660254037844387,0
2021-01-17,0.0,10.67,86.19,0.0,0.0,0.0,0.0,0.0,0.49999999999999994,0.8660254037844387,0
2021-01-18,0.0,12.17,87.94,0.0,0.0,0.0,0.0,0.0,0.49999999999999994,0.8660254037844387,0
2021-01-19,0.06,10.63,90.0,0.06,0.0599999999999715,0.0600000000000142,0.0599999999999857,0.06,0.49999999999999994,0.8660254037844387,0
2021-01-20,2.72,10.35,92.39,2.72,2.779999999999972,2.7800000000000145,2.779999999999986,2.78,0.49999999999999994,0.8660254037844387,0
2021-01-21,0.38,9.86,84.27,0.38,3.159999999999972,3.1600000000000144,3.159999999999986,3.16,0.49999999999999994,0.8660254037844387,0
2021-01-22,0.01,10.8,81.54,0.01,3.109999999999972,3.1700000000000146,3.169999999999986,3.1700000000000004,0.49999999999999994,0.8660254037844387,0
2021-01-23,0.0,10.73,83.22,0.0,0.3899999999999716,3.1700000000000146,3.169999999999986,3.1700000000000004,0.49999999999999994,0.8660254037844387,0
2021-01-24,0.0,10.98,84.03,0.0,0.0099999999999715,3.1700000000000146,3.169999999999986,3.1700000000000004,0.49999999999999994,0.8660254037844387,0
2021-01-25,0.0,9.82,79.97,0.0,0.0,3.1700000000000146,3.169999999999986,3.1700000000000004,0.49999999999999994,0.8660254037844387,0
2021-01-26,0.0,10.19,74.8,0.0,0.0,3.1100000000000145,3.169999999999986,3.1700000000000004,0.49999999999999994,0.8660254037844387,0
2021-01-27,0.0,10.3,69.29,0.0,0.0,0.3900000000000142,3.169999999999986,3.1700000000000004,0.49999999999999994,0.8660254037844387,0
2021-01-28,0.0,11.12,73.88,0.0,0.0,0.0100000000000142,3.169999999999986,3.1700000000000004,0.49999999999999994,0.8660254037844387,0
2021-01-29,0.0,11.73,70.61,0.0,0.0,0.0,3.169999999999986,3.1700000000000004,0.49999999999999994,0.8660254037844387,0
2021-01-30,0.0,8.77,70.86,0.0,0.0,0.0,3.169999999999986,3.1700000000000004,0.49999999999999994,0.8660254037844387,0
2021-01-31,0.0,8.75,66.67,0.0,0.0,0.0,3.169999999999986,3.1700000000000004,0.49999999999999994,0.8660254037844387,0
2021-02-01,0.0,8.8,73.72,0.0,0.0,0.0,3.169999999999986,3.1700000000000004,0.8660254037844386,0.5000000000000001,0
2021-02-02,0.0,9.43,71.9,0.0,0.0,0.0,3.109999999999986,3.1700000000000004,0.8660254037844386,0.5000000000000001,0
2021-02-03,0.0,11.29,72.17,0.0,0.0,0.0,0.3899999999999858,3.1700000000000004,0.8660254037844386,0.5000000000000001,0
2021-02-04,0.0,12.7,71.02,0.0,0.0,0.0,0.0099999999999857,3.1700000000000004,0.8660254037844386,0.5000000000000001,0
2021-02-05,0.0,13.09,70.45,0.0,0.0,0.0,0.0,3.1700000000000004,0.8660254037844386,0.5000000000000001,0
2021-02-06,0.0,12.61,74.76,0.0,0.0,0.0,0.0,3.1700000000000004,0.8660254037844386,0.5000000000000001,0
2021-02-07,1.26,9.9,81.16,1.26,1.2599999999999716,1.2600000000000142,1.2599999999999858,4.43,0.8660254037844386,0.5000000000000001,0
2021-02-08,0.0,11.57,68.39,0.0,1.2599999999999716,1.2600000000000142,1.2599999999999858,4.43,0.8660254037844386,0.5000000000000001,0
2021-02-09,0.0,14.51,47.33,0.0,1.2599999999999716,1.2600000000000142,1.2599999999999858,4.43,0.8660254037844386,0.5000000000000001,0
2021-02-10,0.0,13.89,51.37,0.0,0.0,1.2600000000000142,1.2599999999999858,4.43,0.8660254037844386,0.5000000000000001,0
2021-02-11,0.0,12.19,63.87,0.0,0.0,1.2600000000000142,1.2599999999999858,4.43,0.8660254037844386,0.5000000000000001,0
2021-02-12,0.0,12.33,66.74,0.0,0.0,1.2600000000000142,1.2599999999999858,4.43,0.8660254037844386,0.5000000000000001,0
2021-02-13,0.0,13.31,66.36,0.0,0.0,1.2600000000000142,1.2599999999999858,4.43,0.8660254037844386,0.5000000000000001,0
2021-02-14,0.0,12.68,74.6,0.0,0.0,0.0,1.2599999999999858,4.43,0.8660254037844386,0.5000000000000001,0
2021-02-15,0.0,11.94,72.29,0.0,0.0,0.0,1.2599999999999858,4.43,0.8660254037844386,0.5000000000000001,0
2021-02-16,0.0,12.83,57.69,0.0,0.0,0.0,1.2599999999999858,4.43,0.8660254037844386,0.5000000000000001,0
2021-02-17,0.0,14.11,64.0,0.0,0.0,0.0,1.2599999999999858,4.43,0.8660254037844386,0.5000000000000001,0
2021-02-18,0.0,15.35,70.18,0.0,0.0,0.0,1.2599999999999858,4.370000000000001,0.8660254037844386,0.5000000000000001,0
2021-02-19,0.0,14.82,63.06,0.0,0.0,0.0,1.2599999999999858,1.65,0.8660254037844386,0.5000000000000001,0
2021-02-20,0.0,14.0,69.5,0.0,0.0,0.0,1.2599999999999858,1.27,0.8660254037844386,0.5000000000000001,0
2021-02-21,0.0,14.05,58.43,0.0,0.0,0.0,0.0,1.26,0.8660254037844386,0.5000000000000001,0
2021-02-22,0.0,14.7,56.31,0.0,0.0,0.0,0.0,1.26,0.8660254037844386,0.5000000000000001,0
2021-02-23,0.0,14.75,54.99,0.0,0.0,0.0,0.0,1.26,0.8660254037844386,0.5000000000000001,0
2021-02-24,0.0,13.88,61.43,0.0,0.0,0.0,0.0,1.26,0.8660254037844386,0.5000000000000001,0
2021-02-25,0.14,12.98,72.75,0.14,0.1399999999999716,0.1400000000000142,0.1399999999999858,1.4,0.8660254037844386,0.5000000000000001,0
2021-02-26,1.16,14.45,64.67,1.16,1.2999999999999714,1.300000000000014,1.2999999999999856,2.56,0.8660254037844386,0.5000000000000001,0
2021-02-27,0.0,14.82,66.06,0.0,1.2999999999999716,1.3000000000000145,1.2999999999999858,2.56,0.8660254037844386,0.5000000000000001,0
2021-02-28,0.0,15.48,63.46,0.0,1.1599999999999715,1.3000000000000145,1.2999999999999858,2.56,0.8660254037844386,0.5000000000000001,0
2021-03-01,0.0,15.72,66.44,0.0,0.0,1.3000000000000145,1.2999999999999858,2.56,1.0,6.123233995736766e-17,0
2021-03-02,0.0,14.85,60.62,0.0,0.0,1.3000000000000145,1.2999999999999858,2.56,1.0,6.123233995736766e-17,0
2021-03-03,0.0,15.78,59.5,0.0,0.0,1.3000000000000145,1.2999999999999858,2.56,1.0,6.123233995736766e-17,0
2021-03-04,0.0,13.74,54.64,0.0,0.0,1.1600000000000144,1.2999999999999858,2.56,1.0,6.123233995736766e-17,0
2021-03-05,8.54,13.75,60.78,8.54,8.53999999999997,8.540000000000013,9.839999999999986,11.1,1.0,6.123233995736766e-17,0
2021-03-06,13.53,14.56,80.77,13.53,22.06999999999997,22.07000000000001,23.369999999999983,24.63,1.0,6.123233995736766e-17,0
2021-03-07,2.8,14.95,76.76,2.8,24.86999999999997,24.87000000000001,26.169999999999984,27.43,1.0,6.123233995736766e-17,0
2021-03-08,5.43,15.48,70.32,5.43,21.75999999999997,30.30000000000001,31.599999999999984,32.86,1.0,6.123233995736766e-17,0
2021-03-09,5.31,15.44,84.19,5.31,13.53999999999997,35.610000000000014,36.90999999999998,36.91,1.0,6.123233995736766e-17,0
2021-03-10,2.01,16.36,73.61,2.01,12.74999999999997,37.62000000000001,38.91999999999999,38.92,1.0,6.123233995736766e-17,0
2021-03-11,0.04,16.28,76.63,0.04,7.359999999999971,37.66000000000001,38.81999999999999,38.96,1.0,6.123233995736766e-17,0
2021-03-12,0.0,17.27,63.97,0.0,2.0499999999999714,29.12000000000001,37.65999999999999,38.96,1.0,6.123233995736766e-17,0
2021-03-13,0.01,16.64,67.05,0.01,0.0499999999999715,15.600000000000014,37.66999999999999,38.97,1.0,6.123233995736766e-17,0
2021-03-14,0.14,15.86,71.04,0.14,0.1499999999999716,12.940000000000014,37.80999999999999,39.11,1.0,6.123233995736766e-17,0
2021-03-15,0.0,15.71,76.52,0.0,0.1499999999999716,7.510000000000014,37.80999999999999,39.11,1.0,6.123233995736766e-17,0
2021-03-16,0.0,15.53,68.24,0.0,0.1399999999999716,2.200000000000014,37.80999999999999,39.11,1.0,6.123233995736766e-17,0
2021-03-17,0.0,15.63,59.27,0.0,0.0,0.1900000000000142,37.80999999999999,39.11,1.0,6.123233995736766e-17,0
2021-03-18,0.0,16.53,56.35,0.0,0.0,0.1500000000000142,37.80999999999999,39.11,1.0,6.123233995736766e-17,0
2021-03-19,0.0,17.36,64.47,0.0,0.0,0.1500000000000142,29.269999999999985,39.11,1.0,6.123233995736766e-17,0
2021-03-20,0.0,16.98,63.77,0.0,0.0,0.1400000000000142,15.739999999999984,39.11,1.0,6.123233995736766e-17,0
2021-03-21,0.0,17.37,67.29,0.0,0.0,0.0,12.939999999999984,39.11,1.0,6.123233995736766e-17,0
2021-03-22,0.0,18.13,53.02,0.0,0.0,0.0,7.509999999999986,39.11,1.0,6.123233995736766e-17,0
2021-03-23,0.0,18.83,50.5,0.0,0.0,0.0,2.199999999999985,39.11,1.0,6.123233995736766e-17,0
2021-03-24,0.0,18.37,61.59,0.0,0.0,0.0,0.1899999999999858,39.11,1.0,6.123233995736766e-17,0
2021-03-25,0.0,17.25,59.49,0.0,0.0,0.0,0.1499999999999857,39.11,1.0,6.123233995736766e-17,0
2021-03-26,0.0,17.28,50.06,0.0,0.0,0.0,0.1499999999999857,39.11,1.0,6.123233995736766e-17,0
2021-03-27,0.0,18.29,40.47,0.0,0.0,0.0,0.1399999999999858,38.97,1.0,6.123233995736766e-17,0
2021-03-28,0.0,17.86,48.04,0.0,0.0,0.0,0.0,37.81,1.0,6.123233995736766e-17,0
2021-03-29,2.39,18.19,61.8,2.39,2.389999999999972,2.3900000000000143,2.389999999999986,40.2,1.0,6.123233995736766e-17,0
2021-03-30,19.44,17.86,84.01,19.44,21.829999999999973,21.830000000000016,21.829999999999988,59.64,1.0,6.123233995736766e-17,0
2021-03-31,17.89,18.78,86.67,17.89,39.71999999999997,39.72000000000001,39.71999999999999,77.53,1.0,6.123233995736766e-17,0
2021-04-01,5.21,17.89,81.79,5.21,42.53999999999997,44.930000000000014,44.92999999999999,82.74,0.8660254037844387,-0.4999999999999998,0
2021-04-02,15.92,17.31,76.85,15.92,39.01999999999997,60.850000000000016,60.84999999999999,98.66,0.8660254037844387,-0.4999999999999998,0
2021-04-03,1.72,17.87,69.11,1.72,22.84999999999997,62.570000000000014,62.56999999999999,100.38,0.8660254037844387,-0.4999999999999998,0
2021-04-04,0.01,19.45,51.19,0.01,17.64999999999997,62.58000000000001,62.579999999999984,91.85,0.8660254037844387,-0.4999999999999998,0
2021-04-05,1.59,19.69,56.54,1.59,3.319999999999972,61.780000000000015,64.16999999999999,79.91,0.8660254037844387,-0.4999999999999998,0
2021-04-06,0.26,19.99,53.59,0.26,1.859999999999972,42.600000000000016,64.42999999999999,77.36999999999999,0.8660254037844387,-0.4999999999999998,0
2021-04-07,4.63,19.02,65.38,4.63,6.479999999999972,29.34000000000001,69.05999999999999,76.57000000000001,0.8660254037844387,-0.4999999999999998,0
2021-04-08,3.81,18.24,80.42,3.81,8.69999999999997,27.94000000000001,72.86999999999999,75.07000000000001,0.8660254037844387,-0.4999999999999998,0
2021-04-09,10.85,18.3,86.14,10.85,19.28999999999997,22.87000000000001,83.71999999999998,83.91,0.8660254037844387,-0.4999999999999998,0
2021-04-10,9.0,18.66,83.87,9.0,23.659999999999968,30.150000000000013,92.71999999999998,92.87,0.8660254037844387,-0.4999999999999998,0
2021-04-11,0.91,19.04,79.34,0.91,20.75999999999997,31.05000000000001,93.62999999999998,93.78,0.8660254037844387,-0.4999999999999998,0
2021-04-12,0.74,19.52,70.04,0.74,10.64999999999997,30.200000000000014,91.98,94.51,0.8660254037844387,-0.4999999999999998,0
2021-04-13,0.35,19.76,66.86,0.35,1.9999999999999696,30.290000000000013,72.88999999999999,94.72,0.8660254037844387,-0.4999999999999998,0
2021-04-14,6.87,19.65,65.02,6.87,7.95999999999997,32.530000000000015,61.86999999999999,101.59,0.8660254037844387,-0.4999999999999998,0
2021-04-15,2.96,18.93,73.17,2.96,10.17999999999997,31.68000000000001,59.61999999999999,104.55,0.8660254037844387,-0.4999999999999998,0
2021-04-16,34.41,17.37,88.42,34.41,44.23999999999997,55.24000000000001,78.10999999999999,138.95999999999998,0.8660254037844387,-0.4999999999999998,0
2021-04-17,9.01,17.84,79.14,9.01,46.37999999999997,55.25000000000001,85.39999999999999,147.97,0.8660254037844387,-0.4999999999999998,0
2021-04-18,26.36,17.28,85.25,26.36,69.77999999999997,80.70000000000002,111.74999999999996,174.32999999999998,0.8660254037844387,-0.4999999999999998,0
2021-04-19,2.48,17.35,80.37,2.48,37.849999999999966,82.44000000000001,112.64,176.81,0.8660254037844387,-0.4999999999999998,0
2021-04-20,5.66,18.39,77.54,5.66,34.49999999999997,87.75,118.04,182.47,0.8660254037844387,-0.4999999999999998,0
2021-04-21,14.72,19.19,74.12,14.72,22.85999999999997,95.6,128.13,197.19,0.8660254037844387,-0.4999999999999998,0
2021-04-22,3.19,19.66,82.06,3.19,23.56999999999997,95.83,127.51,200.38,0.8660254037844387,-0.4999999999999998,0
2021-04-23,0.01,19.04,68.32,0.01,17.919999999999973,61.430000000000014,116.66999999999996,200.39,0.8660254037844387,-0.4999999999999998,0
2021-04-24,0.0,19.89,60.92,0.0,3.1999999999999718,52.420000000000016,107.66999999999996,200.39,0.8660254037844387,-0.4999999999999998,0
2021-04-25,0.0,20.93,58.84,0.0,0.0099999999999715,26.060000000000016,106.75999999999998,200.39,0.8660254037844387,-0.4999999999999998,0
2021-04-26,0.01,21.28,63.46,0.01,0.0099999999999715,23.59000000000001,106.03,200.4,0.8660254037844387,-0.4999999999999998,0
2021-04-27,12.42,21.95,65.52,12.42,12.429999999999971,30.350000000000016,118.09999999999998,212.82,0.8660254037844387,-0.4999999999999998,0
2021-04-28,1.97,21.68,66.81,1.97,14.399999999999972,17.600000000000012,113.2,212.4,0.8660254037844387,-0.4999999999999998,0
2021-04-29,0.04,21.55,65.9,0.04,14.429999999999971,14.450000000000014,110.28,193.0,0.8660254037844387,-0.4999999999999998,0
2021-04-30,2.62,20.56,75.19,2.62,4.629999999999972,17.060000000000013,78.48999999999998,177.73,0.8660254037844387,-0.4999999999999998,0
2021-05-01,5.82,19.67,76.44,5.82,8.479999999999972,22.880000000000013,75.29999999999998,178.33999999999995,0.49999999999999994,-0.8660254037844387,0
2021-05-02,15.31,19.47,81.08,15.31,23.74999999999997,38.19000000000001,64.24999999999999,177.73,0.49999999999999994,-0.8660254037844387,0
2021-05-03,22.27,17.97,90.72,22.27,43.39999999999998,60.45000000000002,84.03999999999999,198.28,0.49999999999999994,-0.8660254037844387,0
2021-05-04,12.03,18.1,86.09,12.03,49.60999999999997,60.06000000000002,90.41,210.3,0.49999999999999994,-0.8660254037844387,0
2021-05-05,18.73,18.12,80.5,18.73,53.02999999999997,76.82000000000002,94.42,227.44,0.49999999999999994,-0.8660254037844387,0
2021-05-06,7.33,18.21,83.35,7.33,38.089999999999975,84.11000000000001,98.56,234.51,0.49999999999999994,-0.8660254037844387,0
2021-05-07,18.98,18.72,82.67,18.98,45.03999999999997,100.47000000000004,117.53,248.86,0.49999999999999994,-0.8660254037844387,0
2021-05-08,13.18,18.91,85.19,13.18,39.48999999999997,107.83,130.70999999999998,258.23,0.49999999999999994,-0.8660254037844387,0
2021-05-09,1.75,18.83,83.06,1.75,33.909999999999975,94.27,132.45999999999998,249.13,0.49999999999999994,-0.8660254037844387,0
2021-05-10,9.46,18.58,86.0,9.46,24.38999999999997,81.46000000000001,141.90999999999997,249.59,0.49999999999999994,-0.8660254037844387,0
2021-05-11,2.64,18.9,85.16,2.64,13.849999999999971,72.07000000000001,132.13,251.32,0.49999999999999994,-0.8660254037844387,0
2021-05-12,6.21,18.53,86.0,6.21,18.30999999999997,59.55000000000002,136.36999999999998,256.79,0.49999999999999994,-0.8660254037844387,0
2021-05-13,13.67,18.81,88.52,13.67,22.51999999999997,65.89000000000001,150.0,270.11,0.49999999999999994,-0.8660254037844387,0
2021-05-14,20.5,19.15,91.27,20.5,40.37999999999997,67.41000000000001,167.88,283.74,0.49999999999999994,-0.8660254037844387,0
2021-05-15,2.69,19.04,87.93,2.69,36.85999999999997,56.920000000000016,164.75,283.47,0.49999999999999994,-0.8660254037844387,0
2021-05-16,9.44,20.15,85.43,9.44,32.62999999999997,64.61000000000001,158.88,258.5,0.49999999999999994,-0.8660254037844387,0
2021-05-17,19.79,20.93,88.06,19.79,31.91999999999997,74.94000000000001,156.39999999999998,269.28,0.49999999999999994,-0.8660254037844387,0
2021-05-18,33.49,21.6,88.73,33.49,62.71999999999997,105.79000000000002,177.86,276.41,0.49999999999999994,-0.8660254037844387,0
2021-05-19,44.77,21.54,88.97,44.77,98.04999999999998,144.35000000000002,203.9,318.7,0.49999999999999994,-0.8660254037844387,0
2021-05-20,34.17,22.36,88.32,34.17,112.42999999999998,164.85000000000002,230.74,347.21000000000004,0.49999999999999994,-0.8660254037844387,0
2021-05-21,14.25,21.8,91.83,14.25,93.18999999999996,158.60000000000002,226.01,346.74,0.49999999999999994,-0.8660254037844387,0
2021-05-22,11.06,22.21,92.69,11.06,59.479999999999976,166.97,223.89,354.61,0.49999999999999994,-0.8660254037844387,0
2021-05-23,0.01,22.86,83.49,0.01,25.31999999999997,157.54000000000002,222.15,354.61,0.49999999999999994,-0.8660254037844387,0
2021-05-24,0.37,22.4,87.97,0.37,11.439999999999973,138.12000000000003,213.06,354.98,0.49999999999999994,-0.8660254037844387,0
2021-05-25,9.59,23.13,85.91,9.59,9.969999999999972,114.22,220.01,364.57,0.49999999999999994,-0.8660254037844387,0
2021-05-26,14.72,22.55,87.51,14.72,24.67999999999997,84.17000000000002,228.52,379.28,0.49999999999999994,-0.8660254037844387,0
2021-05-27,9.67,20.56,81.61,9.67,33.979999999999976,59.670000000000016,224.52,376.53,0.49999999999999994,-0.8660254037844387,0
2021-05-28,4.42,21.83,78.05,4.42,28.80999999999997,49.84000000000002,208.44,378.98,0.49999999999999994,-0.8660254037844387,0
2021-05-29,10.07,21.69,87.03,10.07,24.15999999999997,48.850000000000016,215.82,389.01,0.49999999999999994,-0.8660254037844387,0
2021-05-30,12.13,22.29,88.69,12.13,26.619999999999973,60.97000000000001,218.51,398.52,0.49999999999999994,-0.8660254037844387,0
2021-05-31,47.32,21.97,94.99,47.32,69.51999999999998,107.92000000000002,246.04,440.02,0.49999999999999994,-0.8660254037844387,0
2021-06-01,23.08,21.82,90.47,23.08,82.52999999999997,121.41000000000004,235.63,447.79,1.2246467991473532e-16,-1.0,0
2021-06-02,8.24,21.38,92.68,8.24,78.63999999999997,114.93000000000002,199.1,433.7600000000001,1.2246467991473532e-16,-1.0,0
2021-06-03,7.42,21.76,91.28,7.42,38.73999999999997,112.68000000000002,172.35,429.15,1.2246467991473532e-16,-1.0,0
2021-06-04,21.32,21.97,93.88,21.32,36.979999999999976,129.58,179.42,431.74,1.2246467991473532e-16,-1.0,0
2021-06-05,37.54,22.02,93.71,37.54,66.27999999999997,157.05,205.9,461.95,1.2246467991473532e-16,-1.0,0
2021-06-06,17.99,22.11,91.61,17.99,76.84999999999997,162.91000000000005,223.88,460.96,1.2246467991473532e-16,-1.0,0
2021-06-07,9.85,22.55,91.12,9.85,65.37999999999997,125.44000000000004,233.36,457.63,1.2246467991473532e-16,-1.0,0
2021-06-08,11.99,21.97,92.81,11.99,39.82999999999996,114.35000000000002,235.76,467.87,1.2246467991473532e-16,-1.0,0
2021-06-09,1.69,20.73,91.65,1.69,23.52999999999997,107.80000000000004,222.73,460.1,1.2246467991473532e-16,-1.0,0
2021-06-10,5.48,21.92,85.06,5.48,19.159999999999965,105.86000000000004,218.54,462.94,1.2246467991473532e-16,-1.0,0
2021-06-11,29.43,21.69,90.94,29.43,36.599999999999966,113.97000000000004,243.55,486.16,1.2246467991473532e-16,-1.0,0
2021-06-12,17.78,22.89,88.85,17.78,52.68999999999997,94.21000000000004,251.26,490.27,1.2246467991473532e-16,-1.0,0
2021-06-13,5.32,22.48,89.94,5.32,52.529999999999966,81.54000000000003,244.45,475.09,1.2246467991473532e-16,-1.0,0
2021-06-14,30.1,22.15,92.38,30.1,53.19999999999997,101.79000000000002,227.23,502.5,1.2246467991473532e-16,-1.0,0
2021-06-15,11.9,22.82,88.4,11.9,47.319999999999965,101.70000000000005,216.05,504.96,1.2246467991473532e-16,-1.0,0
2021-06-16,15.3,22.0,90.52,15.3,57.29999999999997,115.31000000000004,223.11,500.47,1.2246467991473532e-16,-1.0,0
2021-06-17,15.86,22.41,90.54,15.86,43.05999999999997,125.69000000000004,231.55,482.84,1.2246467991473532e-16,-1.0,0
2021-06-18,19.81,21.1,89.6,19.81,50.96999999999996,116.07000000000002,230.04,457.88,1.2246467991473532e-16,-1.0,0
2021-06-19,41.75,21.05,92.51,41.75,77.41999999999996,140.04000000000002,234.25,465.46,1.2246467991473532e-16,-1.0,0
2021-06-20,22.17,21.45,89.7,22.17,83.72999999999996,156.89000000000004,238.43,473.38,1.2246467991473532e-16,-1.0,0
2021-06-21,5.61,21.89,90.43,5.61,69.52999999999997,132.40000000000003,234.19,467.93,1.2246467991473532e-16,-1.0,0
2021-06-22,6.95,22.28,91.57,6.95,34.72999999999997,127.45000000000005,229.15,474.87,1.2246467991473532e-16,-1.0,0
2021-06-23,24.61,22.13,90.62,24.61,37.169999999999966,136.76000000000005,252.07,499.11,1.2246467991473532e-16,-1.0,0
2021-06-24,41.6,22.05,92.26,41.6,73.15999999999997,162.50000000000003,288.19,531.12,1.2246467991473532e-16,-1.0,0
2021-06-25,28.41,22.15,92.13,28.41,94.61999999999996,171.10000000000002,287.17,544.81,1.2246467991473532e-16,-1.0,0
2021-06-26,22.91,22.31,91.97,22.91,92.91999999999996,152.26000000000005,292.29999999999995,558.0500000000001,1.2246467991473532e-16,-1.0,0
2021-06-27,49.57,22.2,92.12,49.57,100.88999999999996,179.66000000000005,336.54999999999995,603.1999999999999,1.2246467991473532e-16,-1.0,0
2021-06-28,64.51,21.81,95.48,64.51,136.98999999999998,238.56000000000003,370.96,657.6400000000001,1.2246467991473532e-16,-1.0,0
2021-06-29,39.81,22.24,95.77,39.81,153.89,271.4200000000001,398.87,685.32,1.2246467991473532e-16,-1.0,0
2021-06-30,55.39,22.35,95.33,55.39,159.70999999999998,302.20000000000005,438.96,693.39,1.2246467991473532e-16,-1.0,0
2021-07-01,14.88,22.13,93.06,14.88,110.07999999999996,275.48,437.98,685.1899999999999,-0.4999999999999997,-0.8660254037844388,0
2021-07-02,28.37,21.28,95.51,28.37,98.63999999999996,275.44000000000005,446.54,705.32,-0.4999999999999997,-0.8660254037844388,0
2021-07-03,88.85,22.23,94.84,88.85,132.09999999999997,341.38,493.64,786.75,-0.4999999999999997,-0.8660254037844388,0
2021-07-04,16.37,22.17,90.98,16.37,133.58999999999995,308.18,487.84,781.8000000000001,-0.4999999999999997,-0.8660254037844388,0
2021-07-05,16.15,22.46,92.38,16.15,121.36999999999996,259.82000000000005,498.38,760.41,-0.4999999999999997,-0.8660254037844388,0
2021-07-06,36.55,22.28,93.64,36.55,69.06999999999996,256.56,527.98,778.9699999999999,-0.4999999999999997,-0.8660254037844388,0
2021-07-07,25.6,22.12,96.06,25.6,78.29999999999995,226.77000000000004,528.9699999999999,794.72,-0.4999999999999997,-0.8660254037844388,0
2021-07-08,11.47,22.73,90.73,11.47,73.61999999999998,223.36,498.84,794.2,-0.4999999999999997,-0.8660254037844388,0
2021-07-09,6.1,22.59,92.27,6.1,43.16999999999997,201.09,476.53,798.61,-0.4999999999999997,-0.8660254037844388,0
2021-07-10,22.76,22.68,91.2,22.76,40.32999999999997,135.00000000000003,476.38,815.89,-0.4999999999999997,-0.8660254037844388,0
2021-07-11,6.59,22.05,95.57,6.59,35.449999999999974,125.22000000000004,433.4,793.0500000000001,-0.4999999999999997,-0.8660254037844388,0
2021-07-12,10.58,23.04,89.85,10.58,39.92999999999997,119.65000000000003,379.47,785.85,-0.4999999999999997,-0.8660254037844388,0
2021-07-13,21.56,21.91,92.36,21.56,38.729999999999976,104.66000000000004,361.22,802.09,-0.4999999999999997,-0.8660254037844388,0
2021-07-14,25.21,21.36,94.32,25.21,57.349999999999966,104.27000000000004,331.04,797.1999999999999,-0.4999999999999997,-0.8660254037844388,0
2021-07-15,4.18,22.01,90.52,4.18,50.94999999999997,96.98000000000002,320.34,789.48,-0.4999999999999997,-0.8660254037844388,0
2021-07-16,19.29,21.57,92.93,19.29,48.67999999999998,110.17000000000004,311.26,793.47,-0.4999999999999997,-0.8660254037844388,0
2021-07-17,3.61,22.03,93.53,3.61,27.079999999999973,91.02000000000002,226.01999999999995,781.22,-0.4999999999999997,-0.8660254037844388,0
2021-07-18,9.92,22.64,92.59,9.92,32.81999999999997,94.35000000000004,219.57,771.3299999999999,-0.4999999999999997,-0.8660254037844388,0
2021-07-19,25.32,23.12,89.99,25.32,38.84999999999997,109.09000000000005,228.74,754.9,-0.4999999999999997,-0.8660254037844388,0
2021-07-20,17.71,22.65,91.08,17.71,52.94999999999997,105.24000000000002,209.9,750.44,-0.4999999999999997,-0.8660254037844388,0
2021-07-21,20.3,23.73,88.12,20.3,63.32999999999997,100.33000000000004,204.6,765.13,-0.4999999999999997,-0.8660254037844388,0
2021-07-22,3.66,23.66,88.31,3.66,41.66999999999997,99.81000000000004,196.79,761.84,-0.4999999999999997,-0.8660254037844388,0
2021-07-23,12.2,22.17,91.48,12.2,36.15999999999997,92.72000000000004,202.89,749.4300000000001,-0.4999999999999997,-0.8660254037844388,0
2021-07-24,11.66,22.7,91.07,11.66,27.51999999999997,100.77000000000004,191.79,719.49,-0.4999999999999997,-0.8660254037844388,0
2021-07-25,7.83,23.15,91.71,7.83,31.68999999999997,98.68000000000004,193.03,698.9100000000001,-0.4999999999999997,-0.8660254037844388,0
2021-07-26,4.94,23.04,91.19,4.94,24.42999999999997,78.30000000000004,187.39,680.9399999999999,-0.4999999999999997,-0.8660254037844388,0
2021-07-27,2.39,23.1,90.88,2.39,15.159999999999972,62.98000000000003,168.21999999999997,633.76,-0.4999999999999997,-0.8660254037844388,0
2021-07-28,4.38,23.59,88.34,4.38,11.709999999999972,47.06000000000003,147.39,573.6300000000001,-0.4999999999999997,-0.8660254037844388,1
2021-07-29,29.59,22.18,91.34,29.59,36.35999999999997,72.99000000000004,172.79999999999998,563.41,-0.4999999999999997,-0.8660254037844388,0
2021-07-30,31.82,22.36,92.96,31.82,65.78999999999996,92.61000000000004,185.33,539.84,-0.4999999999999997,-0.8660254037844388,0
2021-07-31,21.48,21.9,94.46,21.48,82.88999999999997,102.43000000000004,203.2,546.44,-0.4999999999999997,-0.8660254037844388,0
2021-08-01,9.99,22.4,92.81,9.99,63.28999999999997,104.59000000000005,203.27,528.0600000000001,-0.8660254037844385,-0.5000000000000004,0
2021-08-02,56.12,22.44,95.0,56.12,87.58999999999997,155.77000000000004,234.07,495.33,-0.8660254037844385,-0.5000000000000004,0
2021-08-03,17.46,23.4,88.99,17.46,83.56999999999996,170.84000000000003,233.82,496.42,-0.8660254037844385,-0.5000000000000004,0
2021-08-04,9.11,23.05,90.02,9.11,82.68999999999997,175.57000000000002,222.63,489.38,-0.8660254037844385,-0.5000000000000004,0
2021-08-05,3.23,23.26,85.63,3.23,29.79999999999997,149.21,222.2,456.06,-0.8660254037844385,-0.5000000000000004,0
2021-08-06,14.08,22.4,87.76,14.08,26.419999999999973,131.47000000000003,224.08,444.54,-0.8660254037844385,-0.5000000000000004,0
2021-08-07,43.03,21.46,93.58,43.03,60.339999999999975,153.02000000000004,255.45,476.1,-0.8660254037844385,-0.5000000000000004,0
2021-08-08,34.11,23.16,93.3,34.11,91.21999999999996,177.14,281.73,504.11,-0.8660254037844385,-0.5000000000000004,0
2021-08-09,44.23,22.99,93.18,44.23,121.36999999999998,165.25000000000003,321.02,525.5799999999999,-0.8660254037844385,-0.5000000000000004,0
2021-08-10,66.51,22.42,95.5,66.51,144.84999999999997,214.30000000000004,385.14,585.5,-0.8660254037844385,-0.5000000000000004,0
2021-08-11,30.45,23.36,94.07,30.45,141.18999999999997,235.64000000000004,411.2099999999999,605.37,-0.8660254037844385,-0.5000000000000004,0
2021-08-12,46.48,21.76,96.93,46.48,143.43999999999997,278.89000000000004,428.1,630.29,-0.8660254037844385,-0.5000000000000004,0
2021-08-13,52.51,21.86,96.39,52.51,129.43999999999997,317.32000000000005,448.79,657.59,-0.8660254037844385,-0.5000000000000004,0
2021-08-14,65.42,22.16,93.6,65.42,164.40999999999997,339.71000000000004,492.73,718.8299999999999,-0.8660254037844385,-0.5000000000000004,0
2021-08-15,8.0,22.56,94.84,8.0,125.92999999999996,313.6,490.74,707.54,-0.8660254037844385,-0.5000000000000004,0
2021-08-16,8.64,22.31,92.58,8.64,82.05999999999996,278.01000000000005,443.26,712.57,-0.8660254037844385,-0.5000000000000004,0
2021-08-17,29.07,21.63,92.79,29.07,45.70999999999997,240.57,454.87,731.72,-0.8660254037844385,-0.5000000000000004,0
2021-08-18,20.54,21.55,94.79,20.54,58.24999999999997,230.66000000000005,466.3,726.94,-0.8660254037844385,-0.5000000000000004,0
2021-08-19,26.96,21.2,95.29,26.96,76.56999999999996,211.14,490.03,736.1899999999999,-0.8660254037844385,-0.5000000000000004,0
2021-08-20,9.0,21.56,93.13,9.0,56.49999999999997,167.63000000000002,484.94999999999993,724.89,-0.8660254037844385,-0.5000000000000004,0
2021-08-21,6.49,21.61,91.73,6.49,42.44999999999997,108.70000000000005,448.41,727.72,-0.8660254037844385,-0.5000000000000004,0
2021-08-22,33.83,21.23,93.89,33.83,49.31999999999997,134.53000000000003,448.13,749.35,-0.8660254037844385,-0.5000000000000004,0
2021-08-23,92.64,21.36,93.58,92.64,132.95999999999998,218.53000000000003,496.54,830.33,-0.8660254037844385,-0.5000000000000004,0
2021-08-24,12.75,21.86,93.79,12.75,139.21999999999997,202.21000000000004,442.78,835.25,-0.8660254037844385,-0.5000000000000004,0
2021-08-25,34.36,22.43,95.85,34.36,139.74999999999994,216.03000000000003,446.69,864.6700000000001,-0.8660254037844385,-0.5000000000000004,0
2021-08-26,59.65,22.02,95.42,59.65,106.75999999999996,248.72000000000003,459.86,921.93,-0.8660254037844385,-0.5000000000000004,0
2021-08-27,19.38,20.76,93.37,19.38,113.38999999999996,259.1,426.73,936.93,-0.8660254037844385,-0.5000000000000004,0
2021-08-28,6.33,21.36,90.64,6.33,85.35999999999997,258.94,367.63999999999993,913.67,-0.8660254037844385,-0.5000000000000004,0
2021-08-29,9.68,21.5,90.45,9.68,35.38999999999997,234.79000000000005,369.32,891.53,-0.8660254037844385,-0.5000000000000004,0
2021-08-30,13.37,21.26,92.24,13.37,29.37999999999997,155.52000000000004,374.05,883.42,-0.8660254037844385,-0.5000000000000004,0
2021-08-31,9.24,21.33,93.63,9.24,32.28999999999997,152.01000000000002,354.22,882.67,-0.8660254037844385,-0.5000000000000004,0
2021-09-01,0.97,21.88,90.73,0.97,23.57999999999997,118.62000000000002,334.6499999999999,827.52,-1.0,-1.8369701987210297e-16,0
2021-09-02,6.52,22.33,85.36,6.52,16.729999999999972,65.49000000000002,314.21,816.58,-1.0,-1.8369701987210297e-16,0
2021-09-03,1.65,22.09,90.23,1.65,9.13999999999997,47.76000000000003,306.86,809.12,-1.0,-1.8369701987210297e-16,0
2021-09-04,5.58,22.74,85.7,5.58,13.74999999999997,47.010000000000026,305.94999999999993,811.47,-1.0,-1.8369701987210297e-16,0
2021-09-05,3.49,22.92,88.32,3.49,10.71999999999997,40.82000000000002,275.61,800.88,-1.0,-1.8369701987210297e-16,0
2021-09-06,31.97,22.67,92.76,31.97,41.03999999999997,59.42000000000003,214.94,789.8199999999999,-1.0,-1.8369701987210297e-16,0
2021-09-07,14.25,21.08,93.9,14.25,49.70999999999997,64.43000000000002,216.43999999999997,769.9599999999999,-1.0,-1.8369701987210297e-16,0
2021-09-08,4.24,21.52,90.34,4.24,50.45999999999997,67.70000000000003,186.32,729.97,-1.0,-1.8369701987210297e-16,1
2021-09-09,5.16,22.75,85.61,5.16,23.64999999999997,66.34000000000003,131.82999999999996,668.62,-1.0,-1.8369701987210297e-16,0
2021-09-10,14.83,21.85,91.6,14.83,24.22999999999997,79.52000000000002,127.27999999999996,653.0,-1.0,-1.8369701987210297e-16,0
2021-09-11,23.85,22.12,91.31,23.85,43.839999999999975,97.79000000000002,144.79999999999995,630.37,-1.0,-1.8369701987210297e-16,0
2021-09-12,0.44,22.56,86.5,0.44,39.11999999999997,94.74000000000004,135.55999999999997,578.3000000000001,-1.0,-1.8369701987210297e-16,0
2021-09-13,5.14,22.22,87.18,5.14,29.42999999999997,67.91000000000004,127.32999999999996,518.0200000000001,-1.0,-1.8369701987210297e-16,0
2021-09-14,13.13,22.2,88.68,13.13,18.70999999999997,66.79000000000003,131.21999999999997,523.15,-1.0,-1.8369701987210297e-16,0
2021-09-15,4.62,23.2,85.42,4.62,22.88999999999997,67.17000000000003,134.86999999999998,519.13,-1.0,-1.8369701987210297e-16,0
2021-09-16,7.17,21.45,95.38,7.17,24.91999999999997,69.18000000000004,135.51999999999998,497.23,-1.0,-1.8369701987210297e-16,0
2021-09-17,9.13,21.6,89.57,9.13,20.919999999999973,63.48000000000003,142.99999999999997,485.82,-1.0,-1.8369701987210297e-16,0
2021-09-18,16.57,20.56,94.84,16.57,32.869999999999976,56.20000000000003,153.98999999999998,475.43,-1.0,-1.8369701987210297e-16,0
2021-09-19,3.38,21.9,88.14,3.38,29.079999999999973,59.14000000000004,153.87999999999997,469.81,-1.0,-1.8369701987210297e-16,0
2021-09-20,5.09,22.29,89.53,5.09,25.03999999999997,59.09000000000003,126.99999999999996,468.41,-1.0,-1.8369701987210297e-16,0
2021-09-21,8.09,21.93,89.73,8.09,16.55999999999997,54.050000000000026,120.83999999999996,442.67,-1.0,-1.8369701987210297e-16,0
2021-09-22,1.94,20.75,92.62,1.94,15.11999999999997,51.37000000000003,118.53999999999998,351.97,-1.0,-1.8369701987210297e-16,0
2021-09-23,3.14,21.75,84.85,3.14,13.16999999999997,47.34000000000003,116.51999999999998,342.36,-1.0,-1.8369701987210297e-16,0
2021-09-24,0.66,22.52,83.42,0.66,5.73999999999997,38.870000000000026,102.34999999999997,308.66,-1.0,-1.8369701987210297e-16,1
2021-09-25,3.91,22.19,88.48,3.91,7.709999999999971,26.21000000000003,82.40999999999997,252.92,-1.0,-1.8369701987210297e-16,0
2021-09-26,0.87,22.62,83.97,0.87,5.439999999999969,23.700000000000028,82.83999999999997,234.41,-1.0,-1.8369701987210297e-16,0
2021-09-27,3.81,21.77,86.48,3.81,8.589999999999971,22.42000000000003,81.50999999999998,231.89,-1.0,-1.8369701987210297e-16,0
2021-09-28,0.4,21.39,89.93,0.4,5.079999999999971,14.730000000000029,68.77999999999997,222.61,-1.0,-1.8369701987210297e-16,0
2021-09-29,10.42,20.72,91.92,10.42,14.62999999999997,23.21000000000003,74.57999999999997,219.66,-1.0,-1.8369701987210297e-16,0
2021-09-30,1.35,20.99,91.58,1.35,12.16999999999997,21.42000000000003,68.75999999999998,211.77,-1.0,-1.8369701987210297e-16,0
2021-10-01,0.54,21.63,86.44,0.54,12.30999999999997,21.30000000000003,60.16999999999997,211.34,-0.8660254037844386,0.5000000000000001,0
2021-10-02,2.79,21.27,84.25,2.79,4.6799999999999695,20.180000000000028,46.38999999999997,207.61,-0.8660254037844386,0.5000000000000001,0
2021-10-03,29.29,21.38,93.79,29.29,32.61999999999997,48.60000000000002,72.29999999999997,235.25,-0.8660254037844386,0.5000000000000001,0
2021-10-04,25.77,20.64,95.14,25.77,57.849999999999966,70.56000000000003,92.97999999999996,255.44,-0.8660254037844386,0.5000000000000001,0
2021-10-05,27.11,20.18,91.88,27.11,82.16999999999997,97.27000000000004,111.99999999999996,279.06,-0.8660254037844386,0.5000000000000001,0
2021-10-06,0.13,20.66,86.77,0.13,53.00999999999997,86.98000000000003,110.18999999999998,247.22000000000003,-0.8660254037844386,0.5000000000000001,0
2021-10-07,1.27,21.27,88.41,1.27,28.50999999999997,86.90000000000002,108.31999999999998,234.24,-0.8660254037844386,0.5000000000000001,0
2021-10-08,1.51,21.93,87.6,1.51,2.909999999999972,87.87000000000003,109.16999999999996,231.51,-0.8660254037844386,0.5000000000000001,0
2021-10-09,7.85,21.79,88.06,7.85,10.62999999999997,92.93000000000002,113.10999999999996,234.2,-0.8660254037844386,0.5000000000000001,0
2021-10-10,2.98,22.07,89.38,2.98,12.339999999999971,66.62000000000003,115.21999999999996,222.35,-0.8660254037844386,0.5000000000000001,0
2021-10-11,0.0,22.66,84.56,0.0,10.829999999999972,40.85000000000003,111.40999999999998,198.5,-0.8660254037844386,0.5000000000000001,0
2021-10-12,0.0,23.28,81.3,0.0,2.979999999999972,13.740000000000029,111.00999999999998,198.06,-0.8660254037844386,0.5000000000000001,0
2021-10-13,1.21,23.05,84.43,1.21,1.2099999999999715,14.820000000000029,101.79999999999995,194.13,-0.8660254037844386,0.5000000000000001,0
2021-10-14,1.31,23.01,84.81,1.31,2.519999999999972,14.860000000000028,101.75999999999998,182.31,-0.8660254037844386,0.5000000000000001,0
2021-10-15,0.62,22.77,82.49,0.62,3.139999999999972,13.970000000000027,101.83999999999996,178.31,-0.8660254037844386,0.5000000000000001,0
2021-10-16,1.35,21.35,86.18,1.35,3.279999999999972,7.470000000000029,100.39999999999998,172.49,-0.8660254037844386,0.5000000000000001,0
2021-10-17,0.04,20.73,88.04,0.04,2.009999999999972,4.530000000000028,71.14999999999998,163.4,-0.8660254037844386,0.5000000000000001,0
2021-10-18,4.83,19.91,89.92,4.83,6.219999999999972,9.360000000000028,50.20999999999997,151.66,-0.8660254037844386,0.5000000000000001,0
2021-10-19,24.61,19.74,95.17,24.61,29.47999999999997,33.97000000000003,47.709999999999965,172.89,-0.8660254037844386,0.5000000000000001,0
2021-10-20,38.96,20.02,95.51,38.96,68.39999999999998,71.72000000000003,86.53999999999996,206.76,-0.8660254037844386,0.5000000000000001,0
2021-10-21,9.89,19.21,93.93,9.89,73.45999999999998,80.30000000000003,95.15999999999995,208.56,-0.8660254037844386,0.5000000000000001,0
2021-10-22,3.25,15.88,86.85,3.25,52.09999999999997,82.93000000000004,96.89999999999998,209.87,-0.8660254037844386,0.5000000000000001,0
2021-10-23,0.0,17.05,82.86,0.0,13.139999999999963,81.58000000000003,89.04999999999998,206.73,-0.8660254037844386,0.5000000000000001,0
2021-10-24,0.0,18.36,84.4,0.0,3.2499999999999645,81.54000000000003,86.06999999999996,206.07,-0.8660254037844386,0.5000000000000001,0
2021-10-25,0.0,18.02,87.79,0.0,0.0,76.71000000000004,86.06999999999996,202.16,-0.8660254037844386,0.5000000000000001,0
2021-10-26,0.0,18.11,86.18,0.0,0.0,52.10000000000003,86.06999999999996,201.29,-0.8660254037844386,0.5000000000000001,0
2021-10-27,0.0,17.3,84.14,0.0,0.0,13.140000000000027,84.85999999999999,197.48,-0.8660254037844386,0.5000000000000001,0
2021-10-28,0.0,17.35,84.19,0.0,0.0,3.2500000000000284,83.54999999999998,197.08,-0.8660254037844386,0.5000000000000001,0
2021-10-29,0.0,18.27,86.0,0.0,0.0,0.0,82.92999999999998,186.66,-0.8660254037844386,0.5000000000000001,0
2021-10-30,0.0,17.54,88.07,0.0,0.0,0.0,81.57999999999998,185.31,-0.8660254037844386,0.5000000000000001,0
2021-10-31,0.0,15.84,81.75,0.0,0.0,0.0,81.53999999999996,184.77,-0.8660254037844386,0.5000000000000001,0
2021-11-01,0.0,14.35,72.21,0.0,0.0,0.0,76.70999999999998,181.98,-0.5000000000000004,0.8660254037844384,0
2021-11-02,0.0,14.65,65.41,0.0,0.0,0.0,52.09999999999997,152.69,-0.5000000000000004,0.8660254037844384,0
2021-11-03,0.0,14.74,68.66,0.0,0.0,0.0,13.139999999999972,126.92,-0.5000000000000004,0.8660254037844384,0
2021-11-04,0.0,15.24,88.32,0.0,0.0,0.0,3.249999999999972,99.81,-0.5000000000000004,0.8660254037844384,0
2021-11-05,0.0,15.15,71.73,0.0,0.0,0.0,0.0,99.68,-0.5000000000000004,0.8660254037844384,0
2021-11-06,0.0,14.84,70.97,0.0,0.0,0.0,0.0,98.41,-0.5000000000000004,0.8660254037844384,0
2021-11-07,0.0,14.52,78.1,0.0,0.0,0.0,0.0,96.9,-0.5000000000000004,0.8660254037844384,0
2021-11-08,0.0,15.92,69.33,0.0,0.0,0.0,0.0,89.05000000000001,-0.5000000000000004,0.8660254037844384,0
2021-11-09,0.0,15.86,82.67,0.0,0.0,0.0,0.0,86.07,-0.5000000000000004,0.8660254037844384,0
2021-11-10,0.0,15.55,88.38,0.0,0.0,0.0,0.0,86.07,-0.5000000000000004,0.8660254037844384,0
2021-11-11,0.0,15.5,83.95,0.0,0.0,0.0,0.0,86.07,-0.5000000000000004,0.8660254037844384,0
2021-11-12,0.0,15.68,86.81,0.0,0.0,0.0,0.0,84.85999999999999,-0.5000000000000004,0.8660254037844384,0
2021-11-13,0.01,13.76,83.13,0.01,0.0099999999999644,0.0100000000000284,0.0099999999999715,83.56,-0.5000000000000004,0.8660254037844384,0
2021-11-14,0.03,14.46,84.88,0.03,0.0399999999999644,0.0400000000000284,0.0399999999999715,82.97,-0.5000000000000004,0.8660254037844384,0
2021-11-15,0.03,16.52,89.36,0.03,0.0699999999999644,0.0700000000000284,0.0699999999999715,81.65,-0.5000000000000004,0.8660254037844384,0
2021-11-16,0.01,16.09,86.82,0.01,0.0699999999999644,0.0800000000000284,0.0799999999999715,81.62,-0.5000000000000004,0.8660254037844384,0
2021-11-17,0.0,13.89,81.48,0.0,0.0399999999999644,0.0800000000000284,0.0799999999999715,76.79,-0.5000000000000004,0.8660254037844384,0
2021-11-18,0.0,13.47,78.55,0.0,0.0099999999999644,0.0800000000000284,0.0799999999999715,52.18,-0.5000000000000004,0.8660254037844384,0
2021-11-19,0.0,14.2,83.16,0.0,0.0,0.0800000000000284,0.0799999999999715,13.22,-0.5000000000000004,0.8660254037844384,0
2021-11-20,0.0,14.62,87.07,0.0,0.0,0.0700000000000284,0.0799999999999715,3.33,-0.5000000000000004,0.8660254037844384,0
2021-11-21,0.0,15.0,89.27,0.0,0.0,0.0400000000000284,0.0799999999999715,0.08,-0.5000000000000004,0.8660254037844384,0
2021-11-22,0.0,14.52,91.74,0.0,0.0,0.0100000000000284,0.0799999999999715,0.08,-0.5000000000000004,0.8660254037844384,0
2021-11-23,0.01,13.91,87.65,0.01,0.0099999999999644,0.0100000000000284,0.0899999999999715,0.09,-0.5000000000000004,0.8660254037844384,0
2021-11-24,0.0,12.83,79.79,0.0,0.0099999999999644,0.0100000000000284,0.0899999999999715,0.09,-0.5000000000000004,0.8660254037844384,0
2021-11-25,0.0,12.71,72.57,0.0,0.0099999999999644,0.0100000000000284,0.0899999999999715,0.09,-0.5000000000000004,0.8660254037844384,0
2021-11-26,0.0,13.14,68.98,0.0,0.0,0.0100000000000284,0.0899999999999715,0.09,-0.5000000000000004,0.8660254037844384,0
2021-11-27,0.0,12.89,64.82,0.0,0.0,0.0100000000000284,0.0799999999999715,0.09,-0.5000000000000004,0.8660254037844384,0
2021-11-28,0.0,13.36,74.47,0.0,0.0,0.0100000000000284,0.0499999999999715,0.09,-0.5000000000000004,0.8660254037844384,0
2021-11-29,0.0,12.86,74.33,0.0,0.0,0.0100000000000284,0.0199999999999715,0.09,-0.5000000000000004,0.8660254037844384,0
2021-11-30,0.0,12.56,82.92,0.0,0.0,0.0,0.0099999999999715,0.09,-0.5000000000000004,0.8660254037844384,0
2021-12-01,0.0,14.49,79.39,0.0,0.0,0.0,0.0099999999999715,0.09,-2.4492935982947064e-16,1.0,0
2021-12-02,0.0,15.05,77.84,0.0,0.0,0.0,0.0099999999999715,0.09,-2.4492935982947064e-16,1.0,0
2021-12-03,0.04,15.16,85.79,0.04,0.0399999999999644,0.0400000000000284,0.0499999999999715,0.13,-2.4492935982947064e-16,1.0,0
2021-12-04,0.02,15.57,89.13,0.02,0.0599999999999644,0.0600000000000284,0.0699999999999715,0.15,-2.4492935982947064e-16,1.0,0
2021-12-05,0.17,15.65,87.87,0.17,0.2299999999999644,0.2300000000000284,0.2399999999999716,0.32,-2.4492935982947064e-16,1.0,0
2021-12-06,5.28,14.59,94.11,5.28,5.469999999999965,5.510000000000029,5.519999999999972,5.6000000000000005,-2.4492935982947064e-16,1.0,0
2021-12-07,3.68,15.6,94.15,3.68,9.129999999999963,9.19000000000003,9.189999999999973,9.28,-2.4492935982947064e-16,1.0,0
2021-12-08,0.05,15.37,87.79,0.05,9.009999999999966,9.240000000000029,9.239999999999972,9.33,-2.4492935982947064e-16,1.0,0
2021-12-09,0.0,14.82,85.62,0.0,3.729999999999965,9.240000000000029,9.239999999999972,9.33,-2.4492935982947064e-16,1.0,0
2021-12-10,0.0,13.35,82.03,0.0,0.0499999999999644,9.20000000000003,9.239999999999972,9.33,-2.4492935982947064e-16,1.0,0
2021-12-11,0.0,12.35,74.94,0.0,0.0,9.180000000000028,9.239999999999972,9.33,-2.4492935982947064e-16,1.0,0
2021-12-12,0.0,10.65,80.25,0.0,0.0,9.010000000000028,9.239999999999972,9.33,-2.4492935982947064e-16,1.0,0
2021-12-13,0.0,12.14,70.85,0.0,0.0,3.730000000000029,9.239999999999972,9.32,-2.4492935982947064e-16,1.0,0
2021-12-14,0.0,12.24,81.54,0.0,0.0,0.0500000000000284,9.239999999999972,9.29,-2.4492935982947064e-16,1.0,0
2021-12-15,0.0,11.09,86.23,0.0,0.0,0.0,9.239999999999972,9.26,-2.4492935982947064e-16,1.0,0
2021-12-16,0.0,11.59,77.8,0.0,0.0,0.0,9.239999999999972,9.25,-2.4492935982947064e-16,1.0,0
2021-12-17,0.0,12.5,65.92,0.0,0.0,0.0,9.19999999999997,9.25,-2.4492935982947064e-16,1.0,0
2021-12-18,0.0,12.42,66.74,0.0,0.0,0.0,9.179999999999971,9.25,-2.4492935982947064e-16,1.0,0
2021-12-19,0.0,11.44,68.75,0.0,0.0,0.0,9.009999999999971,9.25,-2.4492935982947064e-16,1.0,0
2021-12-20,0.0,10.69,79.85,0.0,0.0,0.0,3.729999999999972,9.25,-2.4492935982947064e-16,1.0,0
2021-12-21,0.0,11.39,82.24,0.0,0.0,0.0,0.0499999999999715,9.25,-2.4492935982947064e-16,1.0,0
2021-12-22,4.22,11.79,79.05,4.22,4.219999999999964,4.220000000000028,4.219999999999971,13.47,-2.4492935982947064e-16,1.0,0
2021-12-23,1.17,11.0,78.08,1.17,5.389999999999964,5.390000000000028,5.389999999999971,14.63,-2.4492935982947064e-16,1.0,0
2021-12-24,0.0,11.09,74.43,0.0,5.389999999999964,5.390000000000028,5.389999999999971,14.63,-2.4492935982947064e-16,1.0,0
2021-12-25,0.02,10.93,71.31,0.02,1.1899999999999644,5.410000000000028,5.409999999999971,14.65,-2.4492935982947064e-16,1.0,0
2021-12-26,0.0,10.51,76.38,0.0,0.0199999999999644,5.410000000000028,5.409999999999971,14.65,-2.4492935982947064e-16,1.0,0
2021-12-27,0.0,10.06,78.85,0.0,0.0199999999999644,5.410000000000028,5.409999999999971,14.65,-2.4492935982947064e-16,1.0,0
2021-12-28,0.0,11.34,70.46,0.0,0.0,5.410000000000028,5.409999999999971,14.65,-2.4492935982947064e-16,1.0,0
2021-12-29,0.08,11.23,77.67,0.08,0.0799999999999644,1.2700000000000284,5.489999999999971,14.73,-2.4492935982947064e-16,1.0,0
2021-12-30,0.21,12.3,72.92,0.21,0.2899999999999644,0.3100000000000284,5.699999999999971,14.94,-2.4492935982947064e-16,1.0,0
2021-12-31,0.0,11.27,80.39,0.0,0.2899999999999645,0.3100000000000284,5.699999999999971,14.94,-2.4492935982947064e-16,1.0,0
2022-01-01,0.0,10.74,85.38,0.0,0.2099999999999644,0.2900000000000284,5.699999999999971,14.94,0.49999999999999994,0.8660254037844387,0
2022-01-02,0.0,11.04,82.43,0.0,0.0,0.2900000000000284,5.699999999999971,14.9,0.49999999999999994,0.8660254037844387,0
2022-01-03,0.0,10.77,80.38,0.0,0.0,0.2900000000000284,5.699999999999971,14.88,0.49999999999999994,0.8660254037844387,0
2022-01-04,0.0,10.65,78.04,0.0,0.0,0.2900000000000284,5.699999999999971,14.71,0.49999999999999994,0.8660254037844387,0
2022-01-05,0.0,11.15,78.57,0.0,0.0,0.2100000000000284,1.4799999999999716,9.43,0.49999999999999994,0.8660254037844387,0
2022-01-06,0.0,11.01,80.67,0.0,0.0,0.0,0.3099999999999716,5.749999999999999,0.49999999999999994,0.8660254037844387,0
2022-01-07,0.0,12.34,81.8,0.0,0.0,0.0,0.3099999999999716,5.699999999999999,0.49999999999999994,0.8660254037844387,0
2022-01-08,0.0,12.71,85.26,0.0,0.0,0.0,0.2899999999999715,5.699999999999999,0.49999999999999994,0.8660254037844387,0
2022-01-09,0.0,12.26,85.41,0.0,0.0,0.0,0.2899999999999715,5.699999999999999,0.49999999999999994,0.8660254037844387,0
2022-01-10,0.0,12.39,86.79,0.0,0.0,0.0,0.2899999999999715,5.699999999999999,0.49999999999999994,0.8660254037844387,0
2022-01-11,0.02,13.53,78.69,0.02,0.0199999999999645,0.0200000000000284,0.3099999999999716,5.72,0.49999999999999994,0.8660254037844387,0
2022-01-12,8.59,12.52,88.29,8.59,8.609999999999964,8.610000000000028,8.819999999999972,14.31,0.49999999999999994,0.8660254037844387,0
2022-01-13,5.25,10.29,88.52,5.25,13.859999999999964,13.860000000000028,13.859999999999973,19.56,0.49999999999999994,0.8660254037844387,0
2022-01-14,2.55,9.01,75.35,2.55,16.389999999999965,16.41000000000003,16.40999999999997,22.11,0.49999999999999994,0.8660254037844387,0
2022-01-15,0.01,10.13,76.71,0.01,7.809999999999964,16.420000000000027,16.41999999999997,22.12,0.49999999999999994,0.8660254037844387,0
2022-01-16,0.0,9.97,82.19,0.0,2.559999999999964,16.420000000000027,16.41999999999997,22.12,0.49999999999999994,0.8660254037844387,0
2022-01-17,0.0,10.48,79.93,0.0,0.0099999999999644,16.420000000000027,16.41999999999997,22.12,0.49999999999999994,0.8660254037844387,0
2022-01-18,0.0,11.45,74.37,0.0,0.0,16.400000000000027,16.41999999999997,22.12,0.49999999999999994,0.8660254037844387,0
2022-01-19,0.18,10.48,84.16,0.18,0.1799999999999644,7.990000000000029,16.59999999999997,22.3,0.49999999999999994,0.8660254037844387,0
2022-01-20,0.51,10.53,80.31,0.51,0.6899999999999644,3.2500000000000284,17.10999999999997,22.81,0.49999999999999994,0.8660254037844387,0
2022-01-21,0.67,9.73,85.53,0.67,1.3599999999999643,1.3700000000000283,17.77999999999997,19.26,0.49999999999999994,0.8660254037844387,0
2022-01-22,0.18,8.79,80.24,0.18,1.3599999999999646,1.5400000000000285,17.959999999999972,18.27,0.49999999999999994,0.8660254037844387,0
2022-01-23,0.34,10.12,81.13,0.34,1.1899999999999644,1.8800000000000283,18.29999999999997,18.61,0.49999999999999994,0.8660254037844387,0
2022-01-24,0.05,10.58,87.21,0.05,0.5699999999999645,1.9300000000000284,18.34999999999997,18.64,0.49999999999999994,0.8660254037844387,0
2022-01-25,0.39,10.21,86.21,0.39,0.7799999999999645,2.3200000000000283,18.71999999999997,19.03,0.49999999999999994,0.8660254037844387,0
2022-01-26,3.83,9.83,88.73,3.83,4.269999999999965,5.970000000000028,13.959999999999972,22.86,0.49999999999999994,0.8660254037844387,0
2022-01-27,1.2,9.0,84.41,1.2,5.419999999999964,6.660000000000029,9.909999999999972,24.06,0.49999999999999994,0.8660254037844387,0
2022-01-28,0.23,6.38,78.55,0.23,5.259999999999964,6.220000000000028,7.589999999999971,24.21,0.49999999999999994,0.8660254037844387,0
2022-01-29,0.0,7.88,74.94,0.0,1.4299999999999644,6.0400000000000285,7.579999999999972,24.0,0.49999999999999994,0.8660254037844387,0
2022-01-30,0.0,8.38,77.5,0.0,0.2299999999999644,5.700000000000028,7.579999999999972,24.0,0.49999999999999994,0.8660254037844387,0
2022-01-31,0.0,8.58,78.82,0.0,0.0,5.650000000000028,7.579999999999972,24.0,0.49999999999999994,0.8660254037844387,0
2022-02-01,3.9,6.46,93.87,3.9,3.899999999999965,9.160000000000029,11.479999999999972,27.9,0.8660254037844386,0.5000000000000001,0
2022-02-02,0.76,9.76,80.14,0.76,4.659999999999965,6.090000000000028,12.059999999999972,28.66,0.8660254037844386,0.5000000000000001,0
2022-02-03,0.4,10.19,81.04,0.4,5.059999999999964,5.2900000000000285,11.949999999999973,29.06,0.8660254037844386,0.5000000000000001,0
2022-02-04,20.18,10.97,83.52,20.18,21.339999999999964,25.24000000000003,31.45999999999997,49.24,0.8660254037844386,0.5000000000000001,0
2022-02-05,8.33,7.31,92.45,8.33,28.90999999999996,33.57000000000003,39.60999999999997,57.57,0.8660254037844386,0.5000000000000001,0
2022-02-06,1.46,7.61,79.96,1.46,29.969999999999963,35.03000000000003,40.72999999999997,59.03,0.8660254037844386,0.5000000000000001,0
2022-02-07,0.0,8.35,81.11,0.0,9.789999999999964,35.03000000000003,40.67999999999997,59.03,0.8660254037844386,0.5000000000000001,0
2022-02-08,0.0,8.63,77.07,0.0,1.4599999999999644,31.13000000000003,40.28999999999997,59.03,0.8660254037844386,0.5000000000000001,0
2022-02-09,0.03,8.97,78.34,0.03,0.0299999999999644,30.40000000000003,36.48999999999997,59.06,0.8660254037844386,0.5000000000000001,0
2022-02-10,1.04,9.52,86.43,1.04,1.0699999999999643,31.04000000000003,36.32999999999997,60.08,0.8660254037844386,0.5000000000000001,0
2022-02-11,0.12,10.07,84.76,0.12,1.1899999999999644,10.980000000000032,36.21999999999997,51.61,0.8660254037844386,0.5000000000000001,0
2022-02-12,0.1,8.28,77.35,0.1,1.2599999999999645,2.750000000000032,36.31999999999997,46.46,0.8660254037844386,0.5000000000000001,0
2022-02-13,0.0,10.42,60.16,0.0,0.2199999999999644,1.290000000000032,36.31999999999997,43.91,0.8660254037844386,0.5000000000000001,0
2022-02-14,0.0,12.24,54.33,0.0,0.0999999999999644,1.290000000000032,36.31999999999997,43.9,0.8660254037844386,0.5000000000000001,0
2022-02-15,0.0,11.9,57.48,0.0,0.0,1.290000000000032,32.41999999999997,43.9,0.8660254037844386,0.5000000000000001,0
2022-02-16,0.0,10.55,73.75,0.0,0.0,1.260000000000032,31.65999999999997,43.9,0.8660254037844386,0.5000000000000001,0
2022-02-17,0.0,9.82,69.58,0.0,0.0,0.2200000000000319,31.259999999999973,43.9,0.8660254037844386,0.5000000000000001,0
2022-02-18,0.0,10.61,66.84,0.0,0.0,0.1000000000000319,11.079999999999972,43.72,0.8660254037844386,0.5000000000000001,0
2022-02-19,0.0,9.85,66.16,0.0,0.0,0.0,2.749999999999972,43.21,0.8660254037844386,0.5000000000000001,0
2022-02-20,2.06,9.36,76.74,2.06,2.0599999999999645,2.060000000000032,3.349999999999972,44.6,0.8660254037844386,0.5000000000000001,0
2022-02-21,4.08,8.88,82.19,4.08,6.139999999999965,6.1400000000000325,7.429999999999971,48.5,0.8660254037844386,0.5000000000000001,0
2022-02-22,1.65,10.95,72.65,1.65,7.789999999999965,7.790000000000033,9.079999999999972,49.81,0.8660254037844386,0.5000000000000001,0
2022-02-23,0.01,12.57,70.39,0.01,5.739999999999965,7.800000000000033,9.059999999999972,49.77,0.8660254037844386,0.5000000000000001,0
2022-02-24,0.78,12.88,78.8,0.78,2.4399999999999644,8.580000000000032,8.79999999999997,50.16,0.8660254037844386,0.5000000000000001,0
2022-02-25,9.5,12.1,89.34,9.5,10.289999999999964,18.080000000000037,18.17999999999997,55.83,0.8660254037844386,0.5000000000000001,0
2022-02-26,0.53,13.01,82.39,0.53,10.809999999999963,18.61000000000003,18.60999999999997,55.16,0.8660254037844386,0.5000000000000001,0
2022-02-27,0.0,12.62,78.45,0.0,10.029999999999962,16.550000000000033,18.60999999999997,54.93,0.8660254037844386,0.5000000000000001,0
2022-02-28,0.05,13.4,82.24,0.05,0.5799999999999628,12.520000000000032,18.659999999999968,54.98,0.8660254037844386,0.5000000000000001,0
2022-03-01,0.0,13.66,65.91,0.0,0.0499999999999627,10.870000000000031,18.659999999999968,54.98,1.0,6.123233995736766e-17,0
2022-03-02,0.0,14.11,63.16,0.0,0.0499999999999627,10.860000000000031,18.659999999999968,54.98,1.0,6.123233995736766e-17,0
2022-03-03,0.0,13.52,63.32,0.0,0.0,10.080000000000032,18.659999999999968,51.08,1.0,6.123233995736766e-17,0
2022-03-04,0.0,13.15,64.44,0.0,0.0,0.580000000000032,18.659999999999968,50.32,1.0,6.123233995736766e-17,0
2022-03-05,0.0,13.6,64.0,0.0,0.0,0.0500000000000319,18.659999999999968,49.92,1.0,6.123233995736766e-17,0
2022-03-06,0.0,14.45,66.19,0.0,0.0,0.0500000000000319,16.59999999999997,29.74,1.0,6.123233995736766e-17,0
2022-03-07,0.0,17.22,47.68,0.0,0.0,0.0,12.519999999999971,21.41,1.0,6.123233995736766e-17,0
2022-03-08,0.0,18.96,46.42,0.0,0.0,0.0,10.86999999999997,19.95,1.0,6.123233995736766e-17,0
2022-03-09,0.0,17.57,56.63,0.0,0.0,0.0,10.859999999999973,19.95,1.0,6.123233995736766e-17,0
2022-03-10,0.0,16.87,55.1,0.0,0.0,0.0,10.079999999999972,19.95,1.0,6.123233995736766e-17,0
2022-03-11,0.0,17.0,51.69,0.0,0.0,0.0,0.5799999999999716,19.92,1.0,6.123233995736766e-17,0
2022-03-12,0.0,16.89,56.42,0.0,0.0,0.0,0.0499999999999715,18.88,1.0,6.123233995736766e-17,0
2022-03-13,0.0,17.31,60.92,0.0,0.0,0.0,0.0499999999999715,18.76,1.0,6.123233995736766e-17,0
2022-03-14,0.0,19.6,50.52,0.0,0.0,0.0,0.0,18.66,1.0,6.123233995736766e-17,0
2022-03-15,0.0,19.85,51.19,0.0,0.0,0.0,0.0,18.66,1.0,6.123233995736766e-17,0
2022-03-16,0.0,18.35,55.71,0.0,0.0,0.0,0.0,18.66,1.0,6.123233995736766e-17,0
2022-03-17,0.0,18.05,59.73,0.0,0.0,0.0,0.0,18.66,1.0,6.123233995736766e-17,0
2022-03-18,0.0,19.18,63.98,0.0,0.0,0.0,0.0,18.66,1.0,6.123233995736766e-17,0
2022-03-19,0.0,19.1,70.53,0.0,0.0,0.0,0.0,18.66,1.0,6.123233995736766e-17,0
2022-03-20,0.0,17.74,70.6,0.0,0.0,0.0,0.0,18.66,1.0,6.123233995736766e-17,0
2022-03-21,0.0,17.95,68.52,0.0,0.0,0.0,0.0,18.66,1.0,6.123233995736766e-17,0
2022-03-22,1.04,18.93,66.74,1.04,1.0399999999999627,1.040000000000032,1.0399999999999716,17.64,1.0,6.123233995736766e-17,0
2022-03-23,0.35,19.42,68.54,0.35,1.3899999999999628,1.390000000000032,1.3899999999999717,13.91,1.0,6.123233995736766e-17,0
2022-03-24,0.68,18.51,74.23,0.68,2.069999999999963,2.0700000000000323,2.069999999999972,12.94,1.0,6.123233995736766e-17,0
2022-03-25,21.27,18.52,88.19,21.27,22.29999999999996,23.340000000000032,23.33999999999997,34.2,1.0,6.123233995736766e-17,0
2022-03-26,40.56,18.85,90.42,40.56,62.50999999999996,63.900000000000034,63.89999999999998,73.98,1.0,6.123233995736766e-17,0
2022-03-27,14.79,18.32,80.54,14.79,76.61999999999996,78.69000000000003,78.68999999999997,79.27000000000001,1.0,6.123233995736766e-17,0
2022-03-28,1.38,18.14,73.01,1.38,56.72999999999997,80.07000000000004,80.06999999999998,80.12,1.0,6.123233995736766e-17,0
2022-03-29,4.06,17.56,82.99,4.06,20.22999999999996,83.09000000000003,84.12999999999998,84.18,1.0,6.123233995736766e-17,0
2022-03-30,5.95,18.35,84.08,5.95,11.389999999999963,88.69000000000003,90.07999999999996,90.08,1.0,6.123233995736766e-17,0
2022-03-31,30.64,18.57,89.56,30.64,40.64999999999996,118.65000000000003,120.71999999999996,120.72,1.0,6.123233995736766e-17,0
2022-04-01,77.68,19.19,92.1,77.68,114.26999999999995,175.06000000000003,198.4,198.4,0.8660254037844387,-0.4999999999999998,0
2022-04-02,26.97,19.56,89.33,26.97,135.28999999999996,161.47000000000003,225.37,225.37,0.8660254037844387,-0.4999999999999998,0
2022-04-03,19.84,19.17,88.71,19.84,124.48999999999997,166.52000000000004,245.21,245.21,0.8660254037844387,-0.4999999999999998,0
2022-04-04,75.42,18.83,92.35,75.42,122.22999999999996,240.5600000000001,320.63,320.63,0.8660254037844387,-0.4999999999999998,0
2022-04-05,54.5,18.78,90.03,54.5,149.75999999999996,291.00000000000006,374.09,375.13,0.8660254037844387,-0.4999999999999998,0
2022-04-06,13.21,18.98,87.93,13.21,143.12999999999997,298.26000000000005,386.95,388.34,0.8660254037844387,-0.4999999999999998,0
2022-04-07,0.3,19.02,79.48,0.3,68.00999999999996,267.92,386.57,388.64,0.8660254037844387,-0.4999999999999998,0
2022-04-08,4.35,18.98,78.55,4.35,17.859999999999957,194.59000000000003,369.65,392.99,0.8660254037844387,-0.4999999999999998,0
2022-04-09,10.49,18.64,78.24,10.49,15.139999999999958,178.11000000000004,339.58,403.48,0.8660254037844387,-0.4999999999999998,0
2022-04-10,3.9,18.86,76.92,3.9,18.73999999999996,162.17000000000004,328.69,407.38,0.8660254037844387,-0.4999999999999998,0
2022-04-11,20.09,18.88,88.44,20.09,34.47999999999996,106.84000000000005,347.4,427.47,0.8660254037844387,-0.4999999999999998,0
2022-04-12,11.51,19.5,86.91,11.51,35.49999999999996,63.85000000000003,354.85,438.98,0.8660254037844387,-0.4999999999999998,0
2022-04-13,36.76,19.07,90.41,36.76,68.35999999999996,87.40000000000003,385.66,475.74,0.8660254037844387,-0.4999999999999998,0
2022-04-14,35.58,19.5,94.23,35.58,83.84999999999995,122.68000000000004,390.6,511.32,0.8660254037844387,-0.4999999999999998,0
2022-04-15,14.54,19.72,90.25,14.54,86.87999999999997,132.87,327.4599999999999,525.86,0.8660254037844387,-0.4999999999999998,0
2022-04-16,38.81,19.8,92.65,38.81,88.92999999999995,161.19000000000003,339.29999999999995,564.67,0.8660254037844387,-0.4999999999999998,0
2022-04-17,24.56,19.82,89.09,24.56,77.90999999999995,181.85,344.02,589.23,0.8660254037844387,-0.4999999999999998,0
2022-04-18,15.55,19.71,87.38,15.55,78.91999999999996,177.31,284.15,604.78,0.8660254037844387,-0.4999999999999998,0
2022-04-19,15.84,19.82,85.84,15.84,55.94999999999996,181.64,245.49,620.62,0.8660254037844387,-0.4999999999999998,0
2022-04-20,12.51,19.59,85.11,12.51,43.89999999999996,157.39000000000004,244.79,633.13,0.8660254037844387,-0.4999999999999998,0
2022-04-21,6.41,18.36,87.14,6.41,34.759999999999955,128.22000000000003,250.9,638.5,0.8660254037844387,-0.4999999999999998,0
2022-04-22,6.85,18.82,89.69,6.85,25.76999999999996,120.53000000000004,253.4,645.0,0.8660254037844387,-0.4999999999999998,0
2022-04-23,2.03,19.01,90.11,2.03,15.289999999999957,83.75000000000003,244.94,646.3499999999999,0.8660254037844387,-0.4999999999999998,0
2022-04-24,3.68,19.71,89.17,3.68,12.559999999999956,62.870000000000026,244.71999999999997,628.76,0.8660254037844387,-0.4999999999999998,0
2022-04-25,4.03,20.02,85.52,4.03,9.739999999999958,51.35000000000003,228.66,592.23,0.8660254037844387,-0.4999999999999998,0
2022-04-26,5.11,20.03,87.68,5.11,12.819999999999958,40.62000000000003,222.26,582.55,0.8660254037844387,-0.4999999999999998,0
2022-04-27,8.47,20.3,84.73,8.47,17.60999999999996,36.58000000000003,193.97,589.64,0.8660254037844387,-0.4999999999999998,0
2022-04-28,1.21,21.11,75.54,1.21,14.78999999999996,31.38000000000003,159.6,586.79,0.8660254037844387,-0.4999999999999998,0
2022-04-29,9.84,20.83,76.51,9.84,19.51999999999996,34.37000000000003,154.89999999999998,590.68,0.8660254037844387,-0.4999999999999998,0
2022-04-30,20.11,20.48,81.36,20.11,31.15999999999996,52.45000000000003,136.19999999999996,580.15,0.8660254037844387,-0.4999999999999998,0
2022-05-01,3.65,20.13,80.78,3.65,33.59999999999996,52.42000000000003,115.28999999999998,506.12,0.49999999999999994,-0.8660254037844387,0
2022-05-02,22.15,19.7,84.68,22.15,45.909999999999954,70.54000000000002,121.88999999999996,501.3,0.49999999999999994,-0.8660254037844387,0
2022-05-03,6.96,19.38,84.13,6.96,32.759999999999955,72.39000000000003,113.00999999999998,488.42,0.49999999999999994,-0.8660254037844387,0
2022-05-04,3.28,19.04,87.13,3.28,32.38999999999996,67.20000000000003,103.77999999999996,416.28,0.49999999999999994,-0.8660254037844387,0
2022-05-05,4.23,20.03,82.9,4.23,14.469999999999958,70.22000000000003,101.59999999999997,366.01,0.49999999999999994,-0.8660254037844387,0
2022-05-06,1.38,21.06,80.13,1.38,8.889999999999958,61.760000000000026,96.12999999999998,354.17999999999995,0.49999999999999994,-0.8660254037844387,0
2022-05-07,0.49,21.6,76.21,0.49,6.099999999999959,42.14000000000002,94.58999999999996,354.37,0.49999999999999994,-0.8660254037844387,0
2022-05-08,0.04,21.35,76.06,0.04,1.9099999999999584,38.53000000000002,90.94999999999996,350.06,0.49999999999999994,-0.8660254037844387,0
2022-05-09,9.75,20.09,80.32,9.75,10.27999999999996,26.13000000000003,96.66999999999996,349.32,0.49999999999999994,-0.8660254037844387,0
2022-05-10,24.28,19.59,91.09,24.28,34.06999999999996,43.45000000000003,115.83999999999996,369.7,0.49999999999999994,-0.8660254037844387,0
2022-05-11,47.07,20.84,93.83,47.07,81.09999999999997,87.24000000000004,154.43999999999997,396.68,0.49999999999999994,-0.8660254037844387,0
2022-05-12,80.79,21.7,92.93,80.79,152.13999999999996,163.8,234.02,465.96,0.49999999999999994,-0.8660254037844387,0
2022-05-13,104.17,22.04,93.49,104.17,232.03,266.59000000000003,328.35,533.37,0.49999999999999994,-0.8660254037844387,0
2022-05-14,78.87,22.1,93.2,78.87,263.83,344.97,387.11,576.6600000000001,0.49999999999999994,-0.8660254037844387,0
2022-05-15,45.2,22.28,92.94,45.2,228.23999999999995,390.13000000000005,428.66,607.32,0.49999999999999994,-0.8660254037844387,1
2022-05-16,57.08,21.6,93.12,57.08,181.14999999999995,437.46,463.59,625.59,0.49999999999999994,-0.8660254037844387,1
2022-05-17,121.42,20.5,95.52,121.42,223.69999999999996,534.6,578.05,722.45,0.49999999999999994,-0.8660254037844387,0
2022-05-18,52.16,20.49,95.69,52.16,230.66,539.69,626.93,759.06,0.49999999999999994,-0.8660254037844387,0
2022-05-19,62.71,21.03,94.32,62.71,236.28999999999996,521.61,685.41,805.93,0.49999999999999994,-0.8660254037844387,1
2022-05-20,37.8,20.8,92.58,37.8,152.66999999999993,455.24,721.8299999999999,831.2199999999999,0.49999999999999994,-0.8660254037844387,0
2022-05-21,9.8,20.63,91.88,9.8,110.30999999999996,386.17,731.14,834.61,0.49999999999999994,-0.8660254037844387,0
2022-05-22,16.11,20.67,87.79,16.11,63.70999999999994,357.08,747.21,843.87,0.49999999999999994,-0.8660254037844387,0
2022-05-23,15.81,20.65,86.31,15.81,41.71999999999994,315.81,753.27,857.65,0.49999999999999994,-0.8660254037844387,0
2022-05-24,0.16,22.02,80.97,0.16,32.07999999999994,194.55,729.15,854.13,0.49999999999999994,-0.8660254037844387,0
2022-05-25,7.39,20.93,91.68,7.39,23.359999999999943,149.78,689.47,857.49,0.49999999999999994,-0.8660254037844387,0
2022-05-26,4.45,20.56,90.96,4.45,11.999999999999943,91.52,613.13,856.83,0.49999999999999994,-0.8660254037844387,0
2022-05-27,0.77,20.4,88.17,0.77,12.609999999999944,54.490000000000016,509.73,849.13,0.49999999999999994,-0.8660254037844387,0
2022-05-28,11.74,20.91,86.97,11.74,16.959999999999944,56.43000000000001,442.6,859.66,0.49999999999999994,-0.8660254037844387,0
2022-05-29,6.27,21.26,84.14,6.27,18.779999999999944,46.59000000000001,403.67,856.0899999999999,0.49999999999999994,-0.8660254037844387,0
2022-05-30,2.39,21.56,86.59,2.39,20.39999999999994,33.170000000000016,348.98,838.37,0.49999999999999994,-0.8660254037844387,0
2022-05-31,6.56,21.59,85.15,6.56,15.21999999999994,39.57000000000001,234.11999999999995,841.28,0.49999999999999994,-0.8660254037844387,0
2022-06-01,12.43,21.98,88.9,12.43,21.37999999999994,44.610000000000014,194.39,831.56,1.2246467991473532e-16,-1.0,0
2022-06-02,38.94,21.12,94.26,38.94,57.929999999999936,79.10000000000002,170.61999999999998,863.54,1.2246467991473532e-16,-1.0,0
2022-06-03,55.79,21.23,94.56,55.79,107.15999999999994,134.12,188.61,916.05,1.2246467991473532e-16,-1.0,0
2022-06-04,49.4,20.84,91.68,49.4,144.12999999999994,171.78,228.21,961.22,1.2246467991473532e-16,-1.0,0
2022-06-05,61.48,20.52,91.52,61.48,166.66999999999993,226.99,273.58,1021.32,1.2246467991473532e-16,-1.0,0
2022-06-06,32.15,21.58,91.58,32.15,143.02999999999994,256.75,289.92,1052.98,1.2246467991473532e-16,-1.0,0
2022-06-07,40.6,21.93,92.98,40.6,134.22999999999993,290.79,330.36,1093.54,1.2246467991473532e-16,-1.0,0
2022-06-08,27.63,21.98,92.79,27.63,100.37999999999997,305.99,350.6,1111.42,1.2246467991473532e-16,-1.0,0
2022-06-09,16.94,21.47,93.07,16.94,85.16999999999994,283.99,363.09,1104.08,1.2246467991473532e-16,-1.0,0
2022-06-10,30.77,20.12,94.7,30.77,75.33999999999995,258.97,393.09,1087.7800000000002,1.2246467991473532e-16,-1.0,0
2022-06-11,47.19,20.7,91.98,47.19,94.89999999999996,256.76000000000005,428.54,1054.18,1.2246467991473532e-16,-1.0,0
2022-06-12,112.15,21.87,93.41,112.15,190.11,307.43,534.42,1062.16,1.2246467991473532e-16,-1.0,0
2022-06-13,61.2,22.08,92.97,61.2,220.54,336.48,593.23,1044.49,1.2246467991473532e-16,-1.0,0
2022-06-14,71.82,22.08,93.01,71.82,245.17,367.7000000000001,658.4899999999999,1071.11,1.2246467991473532e-16,-1.0,0
2022-06-15,75.81,20.55,95.5,75.81,208.82999999999996,415.88,721.87,1089.84,1.2246467991473532e-16,-1.0,0
2022-06-16,104.13,20.4,95.98,104.13,251.75999999999996,503.0700000000001,787.06,1072.55,1.2246467991473532e-16,-1.0,1
2022-06-17,73.99,19.85,97.16,73.99,253.92999999999995,546.2900000000001,805.26,1094.38,1.2246467991473532e-16,-1.0,1
2022-06-18,93.85,20.49,97.17,93.85,271.9699999999999,592.95,849.71,1125.52,1.2246467991473532e-16,-1.0,0
2022-06-19,61.88,20.98,94.76,61.88,229.71999999999997,542.68,850.11,1149.6,1.2246467991473532e-16,-1.0,0
2022-06-20,50.82,21.56,94.0,50.82,206.54999999999995,532.3,868.78,1190.62,1.2246467991473532e-16,-1.0,0
2022-06-21,11.92,21.65,92.2,11.92,124.61999999999996,472.4,840.0999999999999,1186.4299999999998,1.2246467991473532e-16,-1.0,0
2022-06-22,10.09,22.34,88.67,10.09,72.82999999999994,406.68,822.56,1180.71,1.2246467991473532e-16,-1.0,0
2022-06-23,10.94,21.5,92.7,10.94,32.949999999999946,313.49,816.56,1191.49,1.2246467991473532e-16,-1.0,0
2022-06-24,9.89,21.14,94.11,9.89,30.91999999999994,249.39,795.68,1193.99,1.2246467991473532e-16,-1.0,0
2022-06-25,10.72,22.08,90.73,10.72,31.54999999999994,166.26000000000002,759.21,1200.26,1.2246467991473532e-16,-1.0,0
2022-06-26,14.18,21.77,93.18,14.18,34.78999999999994,118.56000000000002,661.2399999999999,1213.67,1.2246467991473532e-16,-1.0,0
2022-06-27,31.66,22.22,92.57,31.66,56.559999999999945,99.40000000000003,631.6999999999999,1233.59,1.2246467991473532e-16,-1.0,0
2022-06-28,37.58,21.05,95.97,37.58,83.41999999999994,125.06000000000004,597.4599999999999,1264.9,1.2246467991473532e-16,-1.0,0
2022-06-29,31.46,20.88,94.05,31.46,100.69999999999992,146.43,553.11,1293.97,1.2246467991473532e-16,-1.0,0
2022-06-30,38.58,21.37,93.11,38.58,107.61999999999996,174.07000000000002,487.56,1325.99,1.2246467991473532e-16,-1.0,1
2022-07-01,9.62,22.3,91.63,9.62,79.65999999999994,173.80000000000004,423.19,1323.1799999999998,-0.4999999999999997,-0.8660254037844388,0
2022-07-02,7.65,21.84,92.36,7.65,55.84999999999994,170.73000000000005,336.98999999999995,1291.89,-0.4999999999999997,-0.8660254037844388,1
2022-07-03,3.12,23.01,88.8,3.12,20.389999999999944,159.67000000000002,278.23,1239.2199999999998,-0.4999999999999997,-0.8660254037844388,0
2022-07-04,2.84,23.12,91.13,2.84,13.609999999999944,130.85000000000002,230.24999999999997,1192.66,-0.4999999999999997,-0.8660254037844388,0
2022-07-05,13.27,22.96,91.53,13.27,19.22999999999994,106.54000000000002,231.6,1144.45,-0.4999999999999997,-0.8660254037844388,0
2022-07-06,12.47,22.96,90.85,12.47,28.57999999999994,87.55000000000003,233.98,1124.77,-0.4999999999999997,-0.8660254037844388,0
2022-07-07,0.74,22.66,90.33,0.74,26.47999999999994,49.71000000000003,223.78,1084.91,-0.4999999999999997,-0.8660254037844388,0
2022-07-08,3.94,22.18,91.9,3.94,17.14999999999994,44.03000000000003,217.83,1061.2199999999998,-0.4999999999999997,-0.8660254037844388,0
2022-07-09,4.04,23.19,86.42,4.04,8.719999999999942,40.42000000000002,211.15,1048.3200000000002,-0.4999999999999997,-0.8660254037844388,0
2022-07-10,17.82,22.76,89.65,17.82,25.79999999999994,55.12000000000003,214.79,1035.37,-0.4999999999999997,-0.8660254037844388,0
2022-07-11,8.24,22.53,90.93,8.24,30.099999999999945,60.52000000000003,191.37,996.42,-0.4999999999999997,-0.8660254037844388,1
2022-07-12,5.0,23.08,87.53,5.0,31.05999999999994,52.25000000000003,158.78999999999996,889.27,-0.4999999999999997,-0.8660254037844388,0
2022-07-13,2.98,23.93,86.44,2.98,16.21999999999994,42.76000000000003,130.30999999999997,831.0500000000001,-0.4999999999999997,-0.8660254037844388,0
2022-07-14,1.24,23.98,84.51,1.24,9.21999999999994,43.260000000000026,92.96999999999996,760.47,-0.4999999999999997,-0.8660254037844388,0
2022-07-15,2.71,23.8,84.91,2.71,6.929999999999939,42.03000000000003,86.05999999999997,687.37,-0.4999999999999997,-0.8660254037844388,0
2022-07-16,11.94,24.22,84.97,11.94,15.889999999999938,49.93000000000004,90.34999999999998,595.1800000000001,-0.4999999999999997,-0.8660254037844388,0
2022-07-17,30.67,22.84,92.06,30.67,45.319999999999936,62.78000000000003,117.89999999999998,551.86,-0.4999999999999997,-0.8660254037844388,0
2022-07-18,16.7,22.23,91.51,16.7,59.30999999999994,71.24000000000004,131.75999999999996,474.71,-0.4999999999999997,-0.8660254037844388,0
2022-07-19,24.7,22.24,92.55,24.7,72.06999999999994,90.94000000000004,143.18999999999997,437.53,-0.4999999999999997,-0.8660254037844388,0
2022-07-20,34.31,22.56,92.41,34.31,75.70999999999994,122.27000000000002,165.02999999999997,421.02,-0.4999999999999997,-0.8660254037844388,1
2022-07-21,8.17,22.27,91.41,8.17,67.17999999999994,129.20000000000002,172.45999999999995,417.27,-0.4999999999999997,-0.8660254037844388,0
2022-07-22,4.75,22.11,93.11,4.75,47.22999999999994,131.24,173.26999999999995,411.93,-0.4999999999999997,-0.8660254037844388,0
2022-07-23,29.16,22.06,95.64,29.16,42.079999999999934,148.46000000000004,198.39,430.15,-0.4999999999999997,-0.8660254037844388,0
2022-07-24,26.32,21.35,95.5,26.32,60.22999999999993,144.11,206.89,446.58,-0.4999999999999997,-0.8660254037844388,0
2022-07-25,24.72,20.66,91.34,24.72,80.19999999999993,152.13000000000002,223.37,460.58,-0.4999999999999997,-0.8660254037844388,0
2022-07-26,31.66,21.67,89.28,31.66,82.69999999999993,159.09000000000003,250.03,478.06,-0.4999999999999997,-0.8660254037844388,0
2022-07-27,7.78,22.09,89.86,7.78,64.15999999999994,132.56000000000003,254.83,454.18,-0.4999999999999997,-0.8660254037844388,0
2022-07-28,12.74,22.42,89.95,12.74,52.179999999999936,137.13000000000002,266.33,429.34,-0.4999999999999997,-0.8660254037844388,0
2022-07-29,18.97,22.4,90.48,18.97,39.48999999999994,151.35000000000002,282.59,416.85,-0.4999999999999997,-0.8660254037844388,0
2022-07-30,29.31,22.15,93.61,29.31,61.01999999999993,151.50000000000003,299.96,407.58,-0.4999999999999997,-0.8660254037844388,0
2022-07-31,27.47,21.35,96.38,27.47,75.74999999999993,152.65000000000003,296.76,425.43,-0.4999999999999997,-0.8660254037844388,0
2022-08-01,16.45,22.29,91.88,16.45,73.22999999999993,144.38000000000002,296.51,434.23,-0.8660254037844385,-0.5000000000000004,0
2022-08-02,20.64,22.52,90.53,20.64,64.55999999999993,133.36,292.44999999999993,451.75,-0.8660254037844385,-0.5000000000000004,0
2022-08-03,7.52,22.88,90.47,7.52,44.609999999999935,133.10000000000002,265.66,456.43,-0.8660254037844385,-0.5000000000000004,0
2022-08-04,25.49,22.36,92.93,25.49,53.649999999999935,145.85000000000002,282.98,468.65,-0.8660254037844385,-0.5000000000000004,0
2022-08-05,26.77,22.5,90.88,26.77,59.77999999999993,153.65000000000003,305.0,482.95,-0.8660254037844385,-0.5000000000000004,0
2022-08-06,7.58,23.09,88.77,7.58,59.83999999999994,131.92000000000002,283.42,489.79,-0.8660254037844385,-0.5000000000000004,0
2022-08-07,16.21,24.05,85.11,16.21,50.55999999999994,120.66000000000004,273.30999999999995,502.06,-0.8660254037844385,-0.5000000000000004,0
2022-08-08,8.44,23.54,88.5,8.44,32.22999999999994,112.65000000000003,257.03,506.46,-0.8660254037844385,-0.5000000000000004,0
2022-08-09,12.75,22.73,89.63,12.75,37.39999999999994,104.76000000000002,238.12,501.39,-0.8660254037844385,-0.5000000000000004,0
2022-08-10,1.77,21.82,90.58,1.77,22.95999999999994,99.01000000000002,232.11,494.92,-0.8660254037844385,-0.5000000000000004,0
2022-08-11,0.13,22.57,87.79,0.13,14.64999999999994,73.65000000000003,219.49999999999997,490.05,-0.8660254037844385,-0.5000000000000004,0
2022-08-12,2.46,22.12,87.77,2.46,4.359999999999939,49.34000000000003,202.99,489.53,-0.8660254037844385,-0.5000000000000004,0
2022-08-13,7.95,22.58,87.99,7.95,10.53999999999994,49.71000000000003,181.63,496.24,-0.8660254037844385,-0.5000000000000004,0
2022-08-14,18.11,22.09,89.25,18.11,28.51999999999994,51.61000000000003,172.26999999999998,511.64,-0.8660254037844385,-0.5000000000000004,0
2022-08-15,6.11,21.61,88.5,6.11,32.16999999999994,49.28000000000003,161.92999999999998,505.81,-0.8660254037844385,-0.5000000000000004,0
2022-08-16,6.01,22.61,89.08,6.01,30.22999999999994,42.54000000000003,147.29999999999998,481.15,-0.8660254037844385,-0.5000000000000004,0
2022-08-17,1.64,23.53,88.51,1.64,13.75999999999994,42.410000000000025,141.41999999999996,466.09,-0.8660254037844385,-0.5000000000000004,0
2022-08-18,2.43,23.83,88.94,2.43,10.07999999999994,44.71000000000003,118.35999999999996,443.82,-0.8660254037844385,-0.5000000000000004,0
2022-08-19,3.6,22.56,89.52,3.6,7.6699999999999395,45.85000000000003,95.18999999999998,413.11,-0.8660254037844385,-0.5000000000000004,0
2022-08-20,2.8,22.76,88.92,2.8,8.82999999999994,40.70000000000003,90.40999999999998,407.74,-0.8660254037844385,-0.5000000000000004,0
2022-08-21,3.62,21.97,90.6,3.62,10.01999999999994,26.21000000000003,77.81999999999996,406.61,-0.8660254037844385,-0.5000000000000004,0
2022-08-22,12.02,23.61,84.19,12.02,18.43999999999994,32.12000000000003,81.39999999999998,389.47,-0.8660254037844385,-0.5000000000000004,0
2022-08-23,11.49,23.25,90.03,11.49,27.12999999999994,37.60000000000003,80.13999999999997,374.64,-0.8660254037844385,-0.5000000000000004,0
2022-08-24,3.88,22.98,89.64,3.88,27.389999999999937,39.840000000000025,82.24999999999997,353.8,-0.8660254037844385,-0.5000000000000004,0
2022-08-25,1.02,22.63,86.7,1.02,16.38999999999994,38.43000000000003,83.13999999999997,323.16,-0.8660254037844385,-0.5000000000000004,0
2022-08-26,1.99,22.87,82.68,1.99,6.889999999999939,36.82000000000003,82.66999999999997,317.37,-0.8660254037844385,-0.5000000000000004,0
2022-08-27,22.73,21.73,92.57,22.73,25.739999999999934,56.75000000000003,97.44999999999996,327.36,-0.8660254037844385,-0.5000000000000004,0
2022-08-28,22.68,21.69,91.47,22.68,47.39999999999994,75.81000000000003,102.01999999999995,331.07,-0.8660254037844385,-0.5000000000000004,0
2022-08-29,9.32,21.86,91.3,9.32,54.72999999999994,73.11000000000003,105.22999999999998,311.08,-0.8660254037844385,-0.5000000000000004,0
2022-08-30,14.87,21.58,92.52,14.87,46.86999999999994,76.49000000000002,114.08999999999996,298.48,-0.8660254037844385,-0.5000000000000004,0
2022-08-31,3.09,21.81,89.56,3.09,27.279999999999937,75.70000000000003,115.53999999999996,285.12,-0.8660254037844385,-0.5000000000000004,0
2022-09-01,21.26,20.88,92.95,21.26,39.21999999999994,95.94000000000004,134.36999999999998,285.74,-1.0,-1.8369701987210297e-16,0
2022-09-02,22.44,20.98,95.04,22.44,46.78999999999995,116.39000000000004,153.20999999999998,300.66,-1.0,-1.8369701987210297e-16,0
2022-09-03,45.32,22.26,94.44,45.32,89.01999999999994,138.98000000000002,195.73,320.49,-1.0,-1.8369701987210297e-16,0
2022-09-04,26.8,22.32,93.11,26.8,94.55999999999992,143.10000000000002,218.91,320.52000000000004,-1.0,-1.8369701987210297e-16,0
2022-09-05,15.92,21.51,95.04,15.92,88.03999999999994,149.70000000000005,222.81,328.86,-1.0,-1.8369701987210297e-16,0
2022-09-06,9.78,21.82,93.38,9.78,52.49999999999994,144.61,221.1,322.43,-1.0,-1.8369701987210297e-16,0
2022-09-07,1.53,21.69,93.39,1.53,27.229999999999944,143.05,218.75,315.52,-1.0,-1.8369701987210297e-16,0
2022-09-08,2.68,22.33,90.4,2.68,13.989999999999942,124.47000000000004,220.41,305.45,-1.0,-1.8369701987210297e-16,0
2022-09-09,3.62,20.84,91.92,3.62,7.829999999999943,105.65000000000002,222.04,307.3,-1.0,-1.8369701987210297e-16,0
2022-09-10,13.2,21.59,91.19,13.2,19.499999999999943,73.53000000000003,212.51,320.37,-1.0,-1.8369701987210297e-16,0
2022-09-11,10.23,20.79,95.12,10.23,27.049999999999944,56.96000000000003,200.06,328.14,-1.0,-1.8369701987210297e-16,0
2022-09-12,28.0,20.11,95.28,28.0,51.42999999999994,69.04000000000002,218.74,348.19,-1.0,-1.8369701987210297e-16,0
2022-09-13,38.73,20.96,92.87,38.73,76.95999999999995,97.99000000000002,242.6,368.81000000000006,-1.0,-1.8369701987210297e-16,0
2022-09-14,25.41,21.16,92.28,25.41,92.13999999999994,121.87000000000002,264.92,388.11,-1.0,-1.8369701987210297e-16,0
2022-09-15,32.18,21.53,92.98,32.18,96.31999999999994,151.37000000000003,275.84,414.28,-1.0,-1.8369701987210297e-16,0
2022-09-16,12.22,21.75,92.69,12.22,69.80999999999995,159.97000000000003,265.62,424.86,-1.0,-1.8369701987210297e-16,0
2022-09-17,1.14,22.1,91.2,1.14,45.53999999999994,147.91000000000005,221.44,423.57,-1.0,-1.8369701987210297e-16,0
2022-09-18,10.25,23.2,85.43,10.25,23.609999999999932,147.93000000000004,204.89,430.22,-1.0,-1.8369701987210297e-16,0
2022-09-19,8.94,22.24,91.1,8.94,20.32999999999993,128.87000000000003,197.91,436.36,-1.0,-1.8369701987210297e-16,0
2022-09-20,8.37,21.21,93.89,8.37,27.55999999999993,98.51000000000003,196.5,441.11,-1.0,-1.8369701987210297e-16,0
2022-09-21,7.89,21.23,93.09,7.89,25.199999999999932,80.99000000000004,202.86,436.98,-1.0,-1.8369701987210297e-16,0
2022-09-22,8.14,21.57,92.2,8.14,24.39999999999993,56.95000000000003,208.32,433.63,-1.0,-1.8369701987210297e-16,0
2022-09-23,4.7,21.5,92.24,4.7,20.729999999999936,49.43000000000003,209.4,434.45,-1.0,-1.8369701987210297e-16,0
2022-09-24,12.45,20.68,93.57,12.45,25.28999999999993,60.74000000000002,208.65,445.88000000000005,-1.0,-1.8369701987210297e-16,0
2022-09-25,3.63,20.83,86.56,3.63,20.779999999999934,54.120000000000026,202.04999999999995,447.52,-1.0,-1.8369701987210297e-16,0
2022-09-26,7.69,20.99,88.81,7.69,23.769999999999936,52.87000000000002,181.73999999999995,432.48,-1.0,-1.8369701987210297e-16,0
2022-09-27,2.03,21.72,92.19,2.03,13.349999999999936,46.53000000000002,145.03999999999996,411.83,-1.0,-1.8369701987210297e-16,0
2022-09-28,2.8,21.31,84.85,2.8,12.519999999999936,41.440000000000026,122.42999999999998,405.31,-1.0,-1.8369701987210297e-16,0
2022-09-29,0.46,22.64,78.0,0.46,5.289999999999936,33.760000000000026,90.70999999999997,390.9,-1.0,-1.8369701987210297e-16,0
2022-09-30,0.09,22.65,82.41,0.09,3.349999999999936,29.150000000000027,78.57999999999997,387.9,-1.0,-1.8369701987210297e-16,0
2022-10-01,3.55,22.52,82.65,3.55,4.099999999999936,20.25000000000003,80.98999999999997,370.19,-0.8660254037844386,0.5000000000000001,0
2022-10-02,13.29,21.85,89.23,13.29,16.929999999999936,29.91000000000003,84.02999999999997,361.04,-0.8660254037844386,0.5000000000000001,0
2022-10-03,29.54,20.37,94.5,29.54,46.37999999999994,51.760000000000026,104.62999999999997,345.26,-0.8660254037844386,0.5000000000000001,0
2022-10-04,6.85,20.56,92.72,6.85,49.679999999999936,56.58000000000003,103.10999999999996,325.30999999999995,-0.8660254037844386,0.5000000000000001,0
2022-10-05,4.48,21.27,90.4,4.48,40.86999999999993,58.260000000000026,99.69999999999996,313.87,-0.8660254037844386,0.5000000000000001,0
2022-10-06,0.9,20.57,91.52,0.9,12.229999999999936,58.70000000000002,92.45999999999997,304.98999999999995,-0.8660254037844386,0.5000000000000001,0
2022-10-07,2.69,20.82,91.02,2.69,8.069999999999936,61.300000000000026,90.44999999999996,306.15000000000003,-0.8660254037844386,0.5000000000000001,0
2022-10-08,8.15,20.51,92.14,8.15,11.739999999999936,65.90000000000003,86.14999999999998,311.62,-0.8660254037844386,0.5000000000000001,0
2022-10-09,10.36,20.55,93.55,10.36,21.199999999999932,62.97000000000003,92.87999999999997,318.36,-0.8660254037844386,0.5000000000000001,0
2022-10-10,21.7,20.38,93.68,21.7,40.20999999999994,55.13000000000002,106.88999999999996,326.86,-0.8660254037844386,0.5000000000000001,0
2022-10-11,40.29,20.3,96.52,40.29,72.34999999999994,88.57000000000002,145.14999999999998,356.92,-0.8660254037844386,0.5000000000000001,0
2022-10-12,22.39,19.6,95.61,22.39,84.37999999999994,106.48000000000002,164.73999999999998,351.31,-0.8660254037844386,0.5000000000000001,0
2022-10-13,20.26,19.52,96.02,20.26,82.93999999999993,125.84000000000005,184.54,332.84000000000003,-0.8660254037844386,0.5000000000000001,0
2022-10-14,2.84,20.03,92.92,2.84,45.48999999999994,125.99000000000004,187.29,310.27,-0.8660254037844386,0.5000000000000001,0
2022-10-15,0.4,20.41,81.97,0.4,23.499999999999936,118.24000000000004,184.14,278.49,-0.8660254037844386,0.5000000000000001,0
2022-10-16,0.02,20.33,77.34,0.02,3.259999999999936,107.90000000000003,170.86999999999998,266.29,-0.8660254037844386,0.5000000000000001,0
2022-10-17,0.69,21.01,77.9,0.69,1.109999999999936,86.89000000000003,142.01999999999998,265.84,-0.8660254037844386,0.5000000000000001,0
2022-10-18,0.16,20.93,81.11,0.16,0.869999999999936,46.76000000000004,135.32999999999998,255.75,-0.8660254037844386,0.5000000000000001,0
2022-10-19,0.01,19.06,81.4,0.01,0.859999999999936,24.38000000000004,130.85999999999996,246.82,-0.8660254037844386,0.5000000000000001,0
2022-10-20,0.0,19.25,78.18,0.0,0.169999999999936,4.120000000000036,129.95999999999998,238.45,-0.8660254037844386,0.5000000000000001,0
2022-10-21,0.0,18.31,84.23,0.0,0.009999999999936,1.2800000000000356,127.26999999999995,230.56,-0.8660254037844386,0.5000000000000001,0
2022-10-22,0.01,18.01,80.89,0.01,0.009999999999936,0.8900000000000355,119.12999999999997,222.43,-0.8660254037844386,0.5000000000000001,0
2022-10-23,1.35,18.06,89.74,1.35,1.359999999999936,2.220000000000036,110.11999999999996,219.08,-0.8660254037844386,0.5000000000000001,0
2022-10-24,90.87,16.03,95.44,90.87,92.22999999999996,92.40000000000003,179.28999999999996,297.5,-0.8660254037844386,0.5000000000000001,0
2022-10-25,42.24,16.65,95.18,42.24,134.45999999999995,134.48000000000005,181.24,336.11,-0.8660254037844386,0.5000000000000001,0
2022-10-26,1.95,16.62,89.18,1.95,135.05999999999997,136.42000000000004,160.79999999999995,330.37,-0.8660254037844386,0.5000000000000001,0
2022-10-27,0.01,16.34,81.71,0.01,44.199999999999946,136.43000000000004,140.54999999999995,328.35,-0.8660254037844386,0.5000000000000001,0
2022-10-28,0.0,16.52,79.91,0.0,1.9599999999999431,136.43000000000004,137.70999999999995,325.55,-0.8660254037844386,0.5000000000000001,0
2022-10-29,0.0,16.8,79.08,0.0,0.0099999999999431,136.42000000000002,137.30999999999997,325.09,-0.8660254037844386,0.5000000000000001,0
2022-10-30,0.0,18.0,77.19,0.0,0.0,135.07000000000002,137.28999999999996,325.0,-0.8660254037844386,0.5000000000000001,0
2022-10-31,0.0,18.52,76.38,0.0,0.0,44.20000000000003,136.59999999999997,321.45,-0.8660254037844386,0.5000000000000001,0
2022-11-01,0.0,17.96,75.67,0.0,0.0,1.9600000000000284,136.43999999999997,308.16,-0.5000000000000004,0.8660254037844384,0
2022-11-02,0.05,17.73,87.23,0.05,0.0499999999999431,0.0600000000000284,136.47999999999996,278.67,-0.5000000000000004,0.8660254037844384,0
2022-11-03,0.01,17.29,86.91,0.01,0.0599999999999431,0.0600000000000284,136.48999999999995,271.83,-0.5000000000000004,0.8660254037844384,0
2022-11-04,0.28,16.87,83.67,0.28,0.3399999999999432,0.3400000000000284,136.76999999999995,267.63,-0.5000000000000004,0.8660254037844384,0
2022-11-05,0.09,17.67,82.13,0.09,0.3799999999999431,0.4300000000000284,136.84999999999997,266.82,-0.5000000000000004,0.8660254037844384,0
2022-11-06,0.0,16.99,87.1,0.0,0.3699999999999431,0.4300000000000284,135.49999999999997,264.13,-0.5000000000000004,0.8660254037844384,0
2022-11-07,0.0,16.4,82.64,0.0,0.0899999999999431,0.4300000000000284,44.62999999999997,255.98,-0.5000000000000004,0.8660254037844384,0
2022-11-08,0.0,16.34,77.04,0.0,0.0,0.4300000000000284,2.389999999999972,245.62,-0.5000000000000004,0.8660254037844384,0
2022-11-09,0.0,15.42,73.94,0.0,0.0,0.3800000000000284,0.4399999999999716,223.92,-0.5000000000000004,0.8660254037844384,0
2022-11-10,0.0,14.35,81.61,0.0,0.0,0.3700000000000284,0.4299999999999716,183.63,-0.5000000000000004,0.8660254037844384,0
2022-11-11,0.0,14.57,74.2,0.0,0.0,0.0900000000000284,0.4299999999999716,161.24,-0.5000000000000004,0.8660254037844384,0
2022-11-12,0.0,14.91,86.84,0.0,0.0,0.0,0.4299999999999716,140.98,-0.5000000000000004,0.8660254037844384,0
2022-11-13,0.0,14.44,80.29,0.0,0.0,0.0,0.4299999999999716,138.14,-0.5000000000000004,0.8660254037844384,0
2022-11-14,0.0,15.12,71.95,0.0,0.0,0.0,0.4299999999999716,137.73999999999998,-0.5000000000000004,0.8660254037844384,0
2022-11-15,0.0,15.29,79.02,0.0,0.0,0.0,0.4299999999999716,137.72,-0.5000000000000004,0.8660254037844384,0
2022-11-16,0.0,14.65,87.13,0.0,0.0,0.0,0.3799999999999716,137.03,-0.5000000000000004,0.8660254037844384,0
2022-11-17,0.0,14.21,81.51,0.0,0.0,0.0,0.3699999999999716,136.87,-0.5000000000000004,0.8660254037844384,0
2022-11-18,0.0,12.81,77.81,0.0,0.0,0.0,0.0899999999999715,136.86,-0.5000000000000004,0.8660254037844384,0
2022-11-19,0.0,13.79,66.06,0.0,0.0,0.0,0.0,136.86,-0.5000000000000004,0.8660254037844384,0
2022-11-20,0.0,15.23,63.86,0.0,0.0,0.0,0.0,136.86,-0.5000000000000004,0.8660254037844384,0
2022-11-21,0.25,15.31,66.15,0.25,0.2499999999999431,0.2500000000000284,0.2499999999999715,137.1,-0.5000000000000004,0.8660254037844384,0
2022-11-22,0.0,15.27,76.07,0.0,0.2499999999999431,0.2500000000000284,0.2499999999999715,135.75,-0.5000000000000004,0.8660254037844384,0
2022-11-23,0.0,15.3,78.07,0.0,0.2499999999999431,0.2500000000000284,0.2499999999999715,44.88,-0.5000000000000004,0.8660254037844384,0
2022-11-24,0.0,14.71,80.45,0.0,0.0,0.2500000000000284,0.2499999999999715,2.64,-0.5000000000000004,0.8660254037844384,0
2022-11-25,0.0,16.09,54.75,0.0,0.0,0.2500000000000284,0.2499999999999715,0.6900000000000001,-0.5000000000000004,0.8660254037844384,0
2022-11-26,0.0,14.83,69.44,0.0,0.0,0.2500000000000284,0.2499999999999715,0.68,-0.5000000000000004,0.8660254037844384,0
2022-11-27,0.0,13.88,75.52,0.0,0.0,0.2500000000000284,0.2499999999999715,0.68,-0.5000000000000004,0.8660254037844384,0
2022-11-28,0.0,14.69,58.94,0.0,0.0,0.0,0.2499999999999715,0.68,-0.5000000000000004,0.8660254037844384,0
2022-11-29,0.0,15.06,79.54,0.0,0.0,0.0,0.2499999999999715,0.68,-0.5000000000000004,0.8660254037844384,0
2022-11-30,0.0,15.52,86.01,0.0,0.0,0.0,0.2499999999999715,0.68,-0.5000000000000004,0.8660254037844384,0
2022-12-01,0.0,15.36,80.78,0.0,0.0,0.0,0.2499999999999715,0.68,-2.4492935982947064e-16,1.0,0
2022-12-02,0.0,14.8,74.7,0.0,0.0,0.0,0.2499999999999715,0.63,-2.4492935982947064e-16,1.0,0
2022-12-03,0.0,13.86,75.24,0.0,0.0,0.0,0.2499999999999715,0.6200000000000001,-2.4492935982947064e-16,1.0,0
2022-12-04,0.0,13.88,74.54,0.0,0.0,0.0,0.2499999999999715,0.34,-2.4492935982947064e-16,1.0,0
2022-12-05,0.0,13.98,63.32,0.0,0.0,0.0,0.0,0.25,-2.4492935982947064e-16,1.0,0
2022-12-06,0.0,13.66,70.27,0.0,0.0,0.0,0.0,0.25,-2.4492935982947064e-16,1.0,0
2022-12-07,0.0,12.83,83.43,0.0,0.0,0.0,0.0,0.25,-2.4492935982947064e-16,1.0,0
2022-12-08,0.0,13.3,68.25,0.0,0.0,0.0,0.0,0.25,-2.4492935982947064e-16,1.0,0
2022-12-09,0.0,12.84,63.47,0.0,0.0,0.0,0.0,0.25,-2.4492935982947064e-16,1.0,0
2022-12-10,0.0,12.16,83.12,0.0,0.0,0.0,0.0,0.25,-2.4492935982947064e-16,1.0,0
2022-12-11,0.0,12.72,84.64,0.0,0.0,0.0,0.0,0.25,-2.4492935982947064e-16,1.0,0
2022-12-12,0.0,13.09,84.24,0.0,0.0,0.0,0.0,0.25,-2.4492935982947064e-16,1.0,0
2022-12-13,0.0,13.16,86.85,0.0,0.0,0.0,0.0,0.25,-2.4492935982947064e-16,1.0,0
2022-12-14,0.0,13.68,81.88,0.0,0.0,0.0,0.0,0.25,-2.4492935982947064e-16,1.0,0
2022-12-15,0.0,13.46,87.0,0.0,0.0,0.0,0.0,0.25,-2.4492935982947064e-16,1.0,0
2022-12-16,0.0,13.83,86.91,0.0,0.0,0.0,0.0,0.25,-2.4492935982947064e-16,1.0,0
2022-12-17,0.0,12.76,81.82,0.0,0.0,0.0,0.0,0.25,-2.4492935982947064e-16,1.0,0
2022-12-18,0.0,12.93,76.15,0.0,0.0,0.0,0.0,0.25,-2.4492935982947064e-16,1.0,0
2022-12-19,0.0,12.55,84.54,0.0,0.0,0.0,0.0,0.25,-2.4492935982947064e-16,1.0,0
2022-12-20,0.0,12.38,81.44,0.0,0.0,0.0,0.0,0.25,-2.4492935982947064e-16,1.0,0
2022-12-21,0.0,12.75,86.28,0.0,0.0,0.0,0.0,0.0,-2.4492935982947064e-16,1.0,0
2022-12-22,0.0,13.31,86.94,0.0,0.0,0.0,0.0,0.0,-2.4492935982947064e-16,1.0,0
2022-12-23,0.0,11.85,70.87,0.0,0.0,0.0,0.0,0.0,-2.4492935982947064e-16,1.0,0
2022-12-24,0.0,11.56,80.39,0.0,0.0,0.0,0.0,0.0,-2.4492935982947064e-16,1.0,0
2022-12-25,0.53,11.15,84.99,0.53,0.5299999999999432,0.5300000000000284,0.5299999999999716,0.53,-2.4492935982947064e-16,1.0,0
2022-12-26,4.62,11.17,89.06,4.62,5.149999999999944,5.150000000000029,5.149999999999972,5.15,-2.4492935982947064e-16,1.0,0
2022-12-27,0.7,10.54,92.66,0.7,5.849999999999944,5.850000000000029,5.849999999999972,5.8500000000000005,-2.4492935982947064e-16,1.0,0
2022-12-28,0.0,8.65,73.71,0.0,5.319999999999943,5.850000000000029,5.849999999999972,5.8500000000000005,-2.4492935982947064e-16,1.0,0
2022-12-29,0.0,9.23,84.97,0.0,0.6999999999999431,5.850000000000029,5.849999999999972,5.8500000000000005,-2.4492935982947064e-16,1.0,0
2022-12-30,0.0,9.81,83.83,0.0,0.0,5.850000000000029,5.849999999999972,5.8500000000000005,-2.4492935982947064e-16,1.0,0
2022-12-31,0.0,9.99,84.52,0.0,0.0,5.850000000000029,5.849999999999972,5.8500000000000005,-2.4492935982947064e-16,1.0,0
2023-01-01,0.0,10.26,83.18,0.0,0.0,5.320000000000029,5.849999999999972,5.8500000000000005,0.49999999999999994,0.8660254037844387,0
2023-01-02,0.0,10.19,79.23,0.0,0.0,0.7000000000000284,5.849999999999972,5.8500000000000005,0.49999999999999994,0.8660254037844387,0
2023-01-03,0.0,10.36,75.7,0.0,0.0,0.0,5.849999999999972,5.8500000000000005,0.49999999999999994,0.8660254037844387,0
2023-01-04,0.0,10.93,67.28,0.0,0.0,0.0,5.849999999999972,5.8500000000000005,0.49999999999999994,0.8660254037844387,0
2023-01-05,0.0,10.11,73.1,0.0,0.0,0.0,5.849999999999972,5.8500000000000005,0.49999999999999994,0.8660254037844387,0
2023-01-06,0.0,10.72,76.08,0.0,0.0,0.0,5.849999999999972,5.8500000000000005,0.49999999999999994,0.8660254037844387,0
2023-01-07,0.0,11.86,70.59,0.0,0.0,0.0,5.849999999999972,5.8500000000000005,0.49999999999999994,0.8660254037844387,0
2023-01-08,0.0,12.56,63.59,0.0,0.0,0.0,5.319999999999972,5.8500000000000005,0.49999999999999994,0.8660254037844387,0
2023-01-09,0.0,12.66,67.52,0.0,0.0,0.0,0.6999999999999715,5.8500000000000005,0.49999999999999994,0.8660254037844387,0
2023-01-10,0.0,12.14,74.69,0.0,0.0,0.0,0.0,5.8500000000000005,0.49999999999999994,0.8660254037844387,0
2023-01-11,0.0,11.42,78.68,0.0,0.0,0.0,0.0,5.8500000000000005,0.49999999999999994,0.8660254037844387,0
2023-01-12,0.0,10.89,84.18,0.0,0.0,0.0,0.0,5.8500000000000005,0.49999999999999994,0.8660254037844387,0
2023-01-13,0.0,9.59,79.77,0.0,0.0,0.0,0.0,5.8500000000000005,0.49999999999999994,0.8660254037844387,0
2023-01-14,0.0,9.74,81.79,0.0,0.0,0.0,0.0,5.8500000000000005,0.49999999999999994,0.8660254037844387,0
2023-01-15,0.0,9.24,85.23,0.0,0.0,0.0,0.0,5.8500000000000005,0.49999999999999994,0.8660254037844387,0
2023-01-16,0.0,7.94,82.35,0.0,0.0,0.0,0.0,5.8500000000000005,0.49999999999999994,0.8660254037844387,0
2023-01-17,0.0,6.98,68.08,0.0,0.0,0.0,0.0,5.8500000000000005,0.49999999999999994,0.8660254037844387,0
2023-01-18,0.0,7.38,57.71,0.0,0.0,0.0,0.0,5.8500000000000005,0.49999999999999994,0.8660254037844387,0
2023-01-19,0.0,8.29,59.67,0.0,0.0,0.0,0.0,5.8500000000000005,0.49999999999999994,0.8660254037844387,0
2023-01-20,0.0,9.56,61.48,0.0,0.0,0.0,0.0,5.8500000000000005,0.49999999999999994,0.8660254037844387,0
2023-01-21,0.0,10.81,67.87,0.0,0.0,0.0,0.0,5.8500000000000005,0.49999999999999994,0.8660254037844387,0
2023-01-22,0.0,10.78,65.27,0.0,0.0,0.0,0.0,5.8500000000000005,0.49999999999999994,0.8660254037844387,0
2023-01-23,0.0,10.37,74.41,0.0,0.0,0.0,0.0,5.8500000000000005,0.49999999999999994,0.8660254037844387,0
2023-01-24,0.0,12.51,68.03,0.0,0.0,0.0,0.0,5.32,0.49999999999999994,0.8660254037844387,0
2023-01-25,0.0,12.51,72.71,0.0,0.0,0.0,0.0,0.7,0.49999999999999994,0.8660254037844387,0
2023-01-26,0.0,12.53,83.67,0.0,0.0,0.0,0.0,0.0,0.49999999999999994,0.8660254037844387,0
2023-01-27,0.0,12.66,85.89,0.0,0.0,0.0,0.0,0.0,0.49999999999999994,0.8660254037844387,0
2023-01-28,0.0,12.58,84.46,0.0,0.0,0.0,0.0,0.0,0.49999999999999994,0.8660254037844387,0
2023-01-29,0.0,13.53,79.65,0.0,0.0,0.0,0.0,0.0,0.49999999999999994,0.8660254037844387,0
2023-01-30,0.0,14.33,68.84,0.0,0.0,0.0,0.0,0.0,0.49999999999999994,0.8660254037844387,0
2023-01-31,0.0,14.76,76.89,0.0,0.0,0.0,0.0,0.0,0.49999999999999994,0.8660254037844387,0
2023-02-01,0.0,13.7,73.08,0.0,0.0,0.0,0.0,0.0,0.8660254037844386,0.5000000000000001,0
2023-02-02,0.0,11.77,55.75,0.0,0.0,0.0,0.0,0.0,0.8660254037844386,0.5000000000000001,0
2023-02-03,0.0,12.54,62.5,0.0,0.0,0.0,0.0,0.0,0.8660254037844386,0.5000000000000001,0
2023-02-04,0.0,12.54,72.35,0.0,0.0,0.0,0.0,0.0,0.8660254037844386,0.5000000000000001,0
2023-02-05,0.0,11.6,76.14,0.0,0.0,0.0,0.0,0.0,0.8660254037844386,0.5000000000000001,0
2023-02-06,0.0,10.71,70.13,0.0,0.0,0.0,0.0,0.0,0.8660254037844386,0.5000000000000001,0
2023-02-07,0.0,10.5,71.48,0.0,0.0,0.0,0.0,0.0,0.8660254037844386,0.5000000000000001,0
2023-02-08,0.0,11.94,73.45,0.0,0.0,0.0,0.0,0.0,0.8660254037844386,0.5000000000000001,0
2023-02-09,0.0,12.1,81.78,0.0,0.0,0.0,0.0,0.0,0.8660254037844386,0.5000000000000001,0
2023-02-10,0.0,11.13,78.29,0.0,0.0,0.0,0.0,0.0,0.8660254037844386,0.5000000000000001,0
2023-02-11,0.0,11.15,69.7,0.0,0.0,0.0,0.0,0.0,0.8660254037844386,0.5000000000000001,0
2023-02-12,0.0,11.08,76.36,0.0,0.0,0.0,0.0,0.0,0.8660254037844386,0.5000000000000001,0
2023-02-13,0.0,10.3,55.52,0.0,0.0,0.0,0.0,0.0,0.8660254037844386,0.5000000000000001,0
2023-02-14,0.0,11.38,58.04,0.0,0.0,0.0,0.0,0.0,0.8660254037844386,0.5000000000000001,0
2023-02-15,0.0,12.54,66.13,0.0,0.0,0.0,0.0,0.0,0.8660254037844386,0.5000000000000001,0
2023-02-16,0.0,14.61,66.1,0.0,0.0,0.0,0.0,0.0,0.8660254037844386,0.5000000000000001,0
2023-02-17,0.0,15.48,63.11,0.0,0.0,0.0,0.0,0.0,0.8660254037844386,0.5000000000000001,0
2023-02-18,0.0,14.09,65.06,0.0,0.0,0.0,0.0,0.0,0.8660254037844386,0.5000000000000001,0
2023-02-19,0.0,15.04,60.57,0.0,0.0,0.0,0.0,0.0,0.8660254037844386,0.5000000000000001,0
2023-02-20,0.12,14.25,76.79,0.12,0.1199999999999431,0.1200000000000284,0.1199999999999715,0.12,0.8660254037844386,0.5000000000000001,0
2023-02-21,2.17,13.66,85.96,2.17,2.289999999999943,2.2900000000000285,2.289999999999972,2.29,0.8660254037844386,0.5000000000000001,0
2023-02-22,3.96,14.17,90.23,3.96,6.249999999999943,6.250000000000028,6.249999999999972,6.25,0.8660254037844386,0.5000000000000001,0
2023-02-23,0.88,14.29,82.78,0.88,7.009999999999943,7.130000000000028,7.129999999999972,7.13,0.8660254037844386,0.5000000000000001,0
2023-02-24,2.13,14.2,70.82,2.13,6.969999999999943,9.260000000000028,9.259999999999971,9.26,0.8660254037844386,0.5000000000000001,0
2023-02-25,0.02,13.89,70.95,0.02,3.029999999999943,9.280000000000028,9.279999999999973,9.28,0.8660254037844386,0.5000000000000001,0
2023-02-26,0.02,14.65,58.49,0.02,2.169999999999943,9.300000000000027,9.29999999999997,9.3,0.8660254037844386,0.5000000000000001,0
2023-02-27,0.0,14.98,51.17,0.0,0.0399999999999431,9.180000000000028,9.29999999999997,9.3,0.8660254037844386,0.5000000000000001,0
2023-02-28,0.0,14.07,56.0,0.0,0.0199999999999431,7.010000000000028,9.29999999999997,9.3,0.8660254037844386,0.5000000000000001,0
2023-03-01,0.0,14.97,66.35,0.0,0.0,3.050000000000028,9.29999999999997,9.3,1.0,6.123233995736766e-17,0
2023-03-02,0.0,15.66,66.27,0.0,0.0,2.1700000000000284,9.29999999999997,9.3,1.0,6.123233995736766e-17,0
2023-03-03,0.0,15.77,62.89,0.0,0.0,0.0400000000000284,9.29999999999997,9.3,1.0,6.123233995736766e-17,0
2023-03-04,0.0,17.53,61.65,0.0,0.0,0.0200000000000284,9.29999999999997,9.3,1.0,6.123233995736766e-17,0
2023-03-05,0.05,17.1,68.76,0.05,0.0499999999999431,0.0500000000000284,9.349999999999971,9.35,1.0,6.123233995736766e-17,0
2023-03-06,0.02,15.81,67.48,0.02,0.0699999999999431,0.0700000000000284,9.249999999999972,9.37,1.0,6.123233995736766e-17,0
2023-03-07,0.04,15.83,54.07,0.04,0.1099999999999431,0.1100000000000284,7.119999999999972,9.41,1.0,6.123233995736766e-17,0
2023-03-08,0.0,16.23,56.09,0.0,0.0599999999999431,0.1100000000000284,3.1599999999999717,9.41,1.0,6.123233995736766e-17,0
2023-03-09,0.0,16.38,63.89,0.0,0.0399999999999431,0.1100000000000284,2.2799999999999714,9.41,1.0,6.123233995736766e-17,0
2023-03-10,0.0,14.33,63.35,0.0,0.0,0.1100000000000284,0.1499999999999716,9.41,1.0,6.123233995736766e-17,0
2023-03-11,0.0,16.66,61.02,0.0,0.0,0.1100000000000284,0.1299999999999715,9.41,1.0,6.123233995736766e-17,0
2023-03-12,0.0,16.94,64.2,0.0,0.0,0.0600000000000284,0.1099999999999715,9.41,1.0,6.123233995736766e-17,0
2023-03-13,0.0,18.3,58.9,0.0,0.0,0.0400000000000284,0.1099999999999715,9.41,1.0,6.123233995736766e-17,0
2023-03-14,1.88,16.76,63.04,1.88,1.879999999999943,1.8800000000000283,1.989999999999972,11.29,1.0,6.123233995736766e-17,0
2023-03-15,12.42,15.58,81.18,12.42,14.299999999999944,14.30000000000003,14.409999999999972,23.71,1.0,6.123233995736766e-17,0
2023-03-16,6.36,16.53,72.89,6.36,20.659999999999943,20.66000000000003,20.76999999999997,30.07,1.0,6.123233995736766e-17,0
2023-03-17,10.96,15.76,81.63,10.96,29.739999999999945,31.62000000000003,31.72999999999997,41.03,1.0,6.123233995736766e-17,0
2023-03-18,6.14,16.43,78.64,6.14,23.459999999999944,37.760000000000026,37.86999999999997,47.17,1.0,6.123233995736766e-17,0
2023-03-19,37.32,15.23,87.56,37.32,54.419999999999945,75.08000000000003,75.13999999999997,84.49000000000001,1.0,6.123233995736766e-17,0
2023-03-20,33.07,14.81,90.39,33.07,76.52999999999994,108.15000000000003,108.18999999999996,117.56,1.0,6.123233995736766e-17,0
2023-03-21,24.3,14.78,87.99,24.3,94.68999999999994,130.57000000000002,132.44999999999996,141.86,1.0,6.123233995736766e-17,0
2023-03-22,10.25,14.09,88.72,10.25,67.61999999999995,128.40000000000003,142.69999999999996,151.99,1.0,6.123233995736766e-17,0
2023-03-23,0.63,13.64,83.99,0.63,35.17999999999994,122.67000000000004,143.32999999999998,150.45000000000002,1.0,6.123233995736766e-17,0
2023-03-24,2.86,15.08,76.42,2.86,13.739999999999943,114.57000000000002,146.18999999999997,149.35,1.0,6.123233995736766e-17,0
2023-03-25,2.96,16.14,78.58,2.96,6.4499999999999424,111.39000000000004,149.14999999999998,151.43,1.0,6.123233995736766e-17,0
2023-03-26,3.22,16.09,85.59,3.22,9.039999999999942,77.29000000000003,152.36999999999998,152.52,1.0,6.123233995736766e-17,0
2023-03-27,3.28,16.32,85.21,3.28,9.459999999999944,47.50000000000003,155.64999999999998,155.78,1.0,6.123233995736766e-17,0
2023-03-28,10.91,15.95,83.39,10.91,17.409999999999943,34.11000000000003,164.67999999999998,166.67,1.0,6.123233995736766e-17,0
2023-03-29,4.54,16.31,80.71,4.54,18.729999999999944,28.400000000000027,156.79999999999995,171.20999999999998,1.0,6.123233995736766e-17,0
2023-03-30,3.36,16.5,75.42,3.36,18.809999999999945,31.130000000000027,153.79999999999998,174.57,1.0,6.123233995736766e-17,0
2023-03-31,11.37,16.99,79.67,11.37,19.269999999999943,39.64000000000003,154.20999999999998,185.94,1.0,6.123233995736766e-17,0
2023-04-01,19.7,16.42,83.32,19.7,34.42999999999994,56.38000000000002,167.76999999999998,205.64,0.8660254037844387,-0.4999999999999998,0
2023-04-02,11.2,15.23,86.61,11.2,42.26999999999994,64.36000000000003,141.64999999999998,216.84,0.8660254037844387,-0.4999999999999998,0
2023-04-03,1.84,14.9,86.48,1.84,32.739999999999945,62.92000000000003,110.41999999999996,218.68,0.8660254037844387,-0.4999999999999998,0
2023-04-04,5.44,16.14,83.46,5.44,18.479999999999944,57.45000000000003,91.55999999999996,224.07,0.8660254037844387,-0.4999999999999998,0
2023-04-05,19.92,16.78,88.07,19.92,27.199999999999942,72.83000000000003,101.22999999999996,243.97,0.8660254037844387,-0.4999999999999998,0
2023-04-06,0.97,17.14,81.38,0.97,26.329999999999945,70.44000000000003,101.56999999999998,244.9,0.8660254037844387,-0.4999999999999998,0
2023-04-07,0.0,18.5,62.86,0.0,20.889999999999944,59.07000000000003,98.70999999999998,244.9,0.8660254037844387,-0.4999999999999998,0
2023-04-08,0.0,19.23,58.49,0.0,0.9699999999999432,39.37000000000003,95.74999999999996,244.9,0.8660254037844387,-0.4999999999999998,0
2023-04-09,0.0,19.33,64.08,0.0,0.0,28.17000000000003,92.52999999999996,244.9,0.8660254037844387,-0.4999999999999998,0
2023-04-10,0.0,18.25,66.25,0.0,0.0,26.33000000000003,89.24999999999997,244.9,0.8660254037844387,-0.4999999999999998,0
2023-04-11,0.0,18.85,63.53,0.0,0.0,20.89000000000003,78.33999999999997,244.9,0.8660254037844387,-0.4999999999999998,0
2023-04-12,0.0,19.05,57.36,0.0,0.0,0.9700000000000284,73.79999999999998,244.9,0.8660254037844387,-0.4999999999999998,0
2023-04-13,0.0,20.24,56.1,0.0,0.0,0.0,70.43999999999998,243.02,0.8660254037844387,-0.4999999999999998,0
2023-04-14,0.0,21.7,56.2,0.0,0.0,0.0,59.06999999999997,230.6,0.8660254037844387,-0.4999999999999998,0
2023-04-15,0.0,22.02,56.32,0.0,0.0,0.0,39.369999999999976,224.24,0.8660254037844387,-0.4999999999999998,0
2023-04-16,0.0,21.2,62.1,0.0,0.0,0.0,28.169999999999973,213.28,0.8660254037844387,-0.4999999999999998,0
2023-04-17,0.03,21.06,70.0,0.03,0.0299999999999431,0.0300000000000284,26.35999999999997,207.17,0.8660254037844387,-0.4999999999999998,0
2023-04-18,0.08,21.4,77.61,0.08,0.1099999999999431,0.1100000000000284,20.99999999999997,169.93,0.8660254037844387,-0.4999999999999998,0
2023-04-19,10.47,20.91,80.08,10.47,10.579999999999943,10.580000000000028,11.549999999999972,147.33,0.8660254037844387,-0.4999999999999998,0
2023-04-20,12.31,20.53,80.98,12.31,22.859999999999943,22.89000000000003,22.88999999999997,135.34,0.8660254037844387,-0.4999999999999998,0
2023-04-21,17.94,19.69,83.02,17.94,40.71999999999994,40.83000000000003,40.82999999999997,143.03,0.8660254037844387,-0.4999999999999998,0
2023-04-22,12.14,19.31,79.96,12.14,42.38999999999994,52.97000000000003,52.96999999999997,154.54000000000002,0.8660254037844387,-0.4999999999999998,0
2023-04-23,21.81,17.4,76.93,21.81,51.88999999999994,74.78000000000003,74.77999999999997,173.49,0.8660254037844387,-0.4999999999999998,0
2023-04-24,0.28,18.73,73.77,0.28,34.22999999999995,75.03000000000003,75.05999999999997,170.81,0.8660254037844387,-0.4999999999999998,0
2023-04-25,3.68,18.81,72.12,3.68,25.769999999999943,78.63000000000002,78.73999999999997,171.26999999999998,0.8660254037844387,-0.4999999999999998,0
2023-04-26,1.34,18.74,72.04,1.34,5.2999999999999465,69.50000000000003,80.07999999999997,169.32999999999998,0.8660254037844387,-0.4999999999999998,0
2023-04-27,4.12,19.31,73.76,4.12,9.139999999999947,61.31000000000003,84.19999999999997,162.54,0.8660254037844387,-0.4999999999999998,0
2023-04-28,1.38,18.53,73.57,1.38,6.839999999999947,44.75000000000003,85.57999999999997,159.38,0.8660254037844387,-0.4999999999999998,0
2023-04-29,2.94,19.59,71.75,2.94,8.439999999999946,35.55000000000003,88.51999999999997,158.96,0.8660254037844387,-0.4999999999999998,0
2023-04-30,10.58,19.1,80.65,10.58,14.899999999999944,24.32000000000003,99.09999999999997,158.17000000000002,0.8660254037844387,-0.4999999999999998,0
2023-05-01,12.31,18.87,81.96,12.31,25.82999999999995,36.35000000000003,111.37999999999997,150.78,0.49999999999999994,-0.8660254037844387,0
2023-05-02,1.83,19.4,72.24,1.83,24.71999999999995,34.50000000000003,113.12999999999997,141.41,0.49999999999999994,-0.8660254037844387,0
2023-05-03,1.4,19.31,77.59,1.4,15.539999999999948,34.56000000000003,104.05999999999996,140.97,0.49999999999999994,-0.8660254037844387,0
2023-05-04,16.28,18.9,87.46,16.28,19.50999999999995,46.72000000000003,108.02999999999996,151.81,0.49999999999999994,-0.8660254037844387,0
2023-05-05,3.97,19.12,87.63,3.97,21.64999999999995,49.31000000000003,94.05999999999996,135.86,0.49999999999999994,-0.8660254037844387,0
2023-05-06,5.99,18.93,83.87,5.99,26.23999999999995,52.36000000000003,87.90999999999997,140.88,0.49999999999999994,-0.8660254037844387,0
2023-05-07,0.11,19.95,74.63,0.11,10.069999999999949,41.89000000000003,66.20999999999998,140.98999999999998,0.49999999999999994,-0.8660254037844387,0
2023-05-08,0.01,20.89,69.46,0.01,6.109999999999947,29.59000000000003,65.93999999999997,141.0,0.49999999999999994,-0.8660254037844387,0
2023-05-09,0.0,21.41,60.53,0.0,0.1199999999999467,27.76000000000003,62.25999999999997,141.0,0.49999999999999994,-0.8660254037844387,0
2023-05-10,1.42,21.46,64.57,1.42,1.4299999999999466,27.78000000000003,62.339999999999975,142.42,0.49999999999999994,-0.8660254037844387,0
2023-05-11,2.33,21.43,70.1,2.33,3.7499999999999463,13.83000000000003,60.54999999999997,144.75,0.49999999999999994,-0.8660254037844387,0
2023-05-12,0.86,21.98,64.09,0.86,4.609999999999947,10.720000000000027,60.02999999999997,145.61,0.49999999999999994,-0.8660254037844387,0
2023-05-13,0.0,21.15,69.44,0.0,3.1899999999999467,4.730000000000029,57.08999999999997,145.61,0.49999999999999994,-0.8660254037844387,0
2023-05-14,0.23,20.13,72.26,0.23,1.0899999999999468,4.850000000000028,46.73999999999997,145.84,0.49999999999999994,-0.8660254037844387,0
2023-05-15,4.71,18.67,81.47,4.71,4.939999999999947,9.55000000000003,39.13999999999997,150.54999999999998,0.49999999999999994,-0.8660254037844387,0
2023-05-16,28.9,19.42,86.66,28.9,33.83999999999995,38.45000000000003,66.20999999999998,179.45,0.49999999999999994,-0.8660254037844387,0
2023-05-17,12.92,19.74,86.16,12.92,46.52999999999995,49.95000000000002,77.72999999999996,192.34,0.49999999999999994,-0.8660254037844387,0
2023-05-18,13.58,19.46,89.91,13.58,55.39999999999995,61.20000000000003,75.02999999999997,205.84,0.49999999999999994,-0.8660254037844387,0
2023-05-19,11.42,19.98,88.69,11.42,37.919999999999945,71.76000000000003,82.47999999999998,206.79,0.49999999999999994,-0.8660254037844387,0
2023-05-20,30.6,19.69,90.07,30.6,55.599999999999945,102.36000000000004,107.08999999999996,225.08,0.49999999999999994,-0.8660254037844387,0
2023-05-21,9.62,19.98,83.08,9.62,51.63999999999994,111.75000000000004,116.59999999999997,216.76,0.49999999999999994,-0.8660254037844387,0
2023-05-22,6.85,19.94,84.96,6.85,47.06999999999994,113.89000000000004,123.43999999999996,211.47,0.49999999999999994,-0.8660254037844387,0
2023-05-23,7.32,20.13,86.9,7.32,23.789999999999942,92.31000000000004,130.76,196.98,0.49999999999999994,-0.8660254037844387,0
2023-05-24,5.01,20.01,83.75,5.01,19.179999999999943,84.40000000000002,134.34999999999997,201.71,0.49999999999999994,-0.8660254037844387,0
2023-05-25,12.58,20.27,83.95,12.58,24.909999999999943,83.40000000000002,144.59999999999997,210.61,0.49999999999999994,-0.8660254037844387,0
2023-05-26,36.59,20.21,88.41,36.59,54.17999999999995,108.57000000000002,180.33,245.86,0.49999999999999994,-0.8660254037844387,0
2023-05-27,15.13,20.38,88.1,15.13,64.29999999999995,93.10000000000002,195.46,256.87,0.49999999999999994,-0.8660254037844387,0
2023-05-28,0.68,21.37,80.31,0.68,52.39999999999996,84.16000000000003,195.91,256.17,0.49999999999999994,-0.8660254037844387,0
2023-05-29,0.04,22.3,77.25,0.04,15.849999999999952,77.35000000000002,191.24,253.27,0.49999999999999994,-0.8660254037844387,0
2023-05-30,0.0,22.92,78.33,0.0,0.7199999999999503,70.03000000000003,162.33999999999995,242.69,0.49999999999999994,-0.8660254037844387,0
2023-05-31,0.0,23.33,74.37,0.0,0.0399999999999502,65.02000000000002,149.42,230.38,0.49999999999999994,-0.8660254037844387,0
2023-06-01,10.41,22.08,87.26,10.41,10.40999999999995,62.85000000000004,146.24999999999997,238.96,1.2246467991473532e-16,-1.0,0
2023-06-02,6.58,21.42,87.62,6.58,16.989999999999952,32.84000000000003,141.40999999999997,244.14,1.2246467991473532e-16,-1.0,0
2023-06-03,0.45,22.26,75.32,0.45,17.43999999999995,18.16000000000003,111.26,228.31,1.2246467991473532e-16,-1.0,0
2023-06-04,0.12,21.69,79.54,0.12,7.149999999999951,17.600000000000026,101.75999999999998,224.46,1.2246467991473532e-16,-1.0,0
2023-06-05,0.0,23.02,65.47,0.0,0.5699999999999503,17.560000000000027,94.90999999999995,218.47,1.2246467991473532e-16,-1.0,0
2023-06-06,0.03,23.47,70.43,0.03,0.1499999999999502,17.59000000000003,87.61999999999998,218.39,1.2246467991473532e-16,-1.0,0
2023-06-07,0.27,24.11,69.98,0.27,0.2999999999999503,17.860000000000028,82.87999999999998,218.65,1.2246467991473532e-16,-1.0,0
2023-06-08,6.9,23.95,77.04,6.9,7.19999999999995,14.35000000000003,77.19999999999997,225.55,1.2246467991473532e-16,-1.0,0
2023-06-09,28.69,23.19,85.5,28.69,35.85999999999995,36.46000000000003,69.29999999999998,252.82,1.2246467991473532e-16,-1.0,0
2023-06-10,19.44,22.24,92.96,19.44,55.02999999999995,55.45000000000003,73.60999999999997,269.93,1.2246467991473532e-16,-1.0,0
2023-06-11,60.35,22.46,91.24,60.35,108.47999999999996,115.68000000000004,133.27999999999997,329.42,1.2246467991473532e-16,-1.0,0
2023-06-12,8.75,22.28,88.39,8.75,88.53999999999996,124.43000000000004,141.99,338.17,1.2246467991473532e-16,-1.0,0
2023-06-13,29.83,22.59,88.47,29.83,98.92999999999996,154.23000000000002,171.82,367.77,1.2246467991473532e-16,-1.0,0
2023-06-14,79.22,22.29,94.0,79.22,117.79999999999994,233.18,251.04,442.28,1.2246467991473532e-16,-1.0,0
2023-06-15,115.86,22.24,93.39,115.86,224.90999999999997,342.14000000000004,356.48999999999995,529.24,1.2246467991473532e-16,-1.0,0
2023-06-16,116.74,22.3,93.28,116.74,311.81999999999994,430.19000000000005,466.65,633.0600000000001,1.2246467991473532e-16,-1.0,0
2023-06-17,67.11,22.27,92.92,67.11,299.7099999999999,477.86,533.31,686.59,1.2246467991473532e-16,-1.0,1
2023-06-18,94.52,22.2,92.82,94.52,278.36999999999995,512.03,627.71,769.69,1.2246467991473532e-16,-1.0,0
2023-06-19,57.03,21.8,94.32,57.03,218.6599999999999,560.3100000000001,684.74,796.12,1.2246467991473532e-16,-1.0,0
2023-06-20,41.21,21.46,92.79,41.21,192.75999999999996,571.6899999999999,725.92,827.71,1.2246467991473532e-16,-1.0,1
2023-06-21,57.76,20.99,95.47,57.76,155.99999999999994,550.23,783.4099999999999,878.62,1.2246467991473532e-16,-1.0,0
2023-06-22,41.4,21.54,94.46,41.4,140.36999999999995,475.77,817.91,912.7,1.2246467991473532e-16,-1.0,0
2023-06-23,9.63,22.43,91.86,9.63,108.78999999999994,368.66,798.85,917.32,1.2246467991473532e-16,-1.0,0
2023-06-24,2.24,22.99,88.01,2.24,53.26999999999994,303.79,781.65,906.98,1.2246467991473532e-16,-1.0,0
2023-06-25,2.69,22.65,88.53,2.69,14.559999999999944,211.96000000000004,723.9899999999999,873.08,1.2246467991473532e-16,-1.0,0
2023-06-26,11.15,22.34,90.95,11.15,16.07999999999994,166.08,726.3899999999999,869.1,1.2246467991473532e-16,-1.0,0
2023-06-27,30.41,22.15,91.11,30.41,44.24999999999994,155.28000000000003,726.97,898.83,1.2246467991473532e-16,-1.0,0
2023-06-28,64.11,22.23,92.97,64.11,105.66999999999994,161.63000000000002,711.8599999999999,962.9,1.2246467991473532e-16,-1.0,0
2023-06-29,50.33,21.68,93.95,50.33,144.84999999999994,170.56,646.3299999999999,1013.23,1.2246467991473532e-16,-1.0,0
2023-06-30,58.26,22.18,93.28,58.26,172.69999999999993,219.19000000000003,587.8499999999999,1071.49,1.2246467991473532e-16,-1.0,0
2023-07-01,80.91,22.56,92.95,80.91,189.49999999999997,297.86,601.6499999999999,1141.9899999999998,-0.4999999999999997,-0.8660254037844388,0
2023-07-02,39.44,22.52,94.4,39.44,178.60999999999996,334.61,546.5699999999999,1174.85,-0.4999999999999997,-0.8660254037844388,0
2023-07-03,54.36,22.52,94.53,54.36,174.70999999999992,377.8200000000001,543.9,1228.76,-0.4999999999999997,-0.8660254037844388,0
2023-07-04,5.74,23.03,90.77,5.74,99.53999999999992,353.15000000000003,508.43,1234.38,-0.4999999999999997,-0.8660254037844388,0
2023-07-05,26.34,22.86,90.26,26.34,86.43999999999993,315.38000000000005,477.00999999999993,1260.72,-0.4999999999999997,-0.8660254037844388,0
2023-07-06,50.54,22.03,94.04,50.54,82.61999999999992,315.59000000000003,486.15,1311.23,-0.4999999999999997,-0.8660254037844388,0
2023-07-07,33.47,21.79,93.24,33.47,110.34999999999994,290.8,509.99,1344.43,-0.4999999999999997,-0.8660254037844388,0
2023-07-08,9.18,22.21,92.01,9.18,93.18999999999993,219.07,516.93,1346.71,-0.4999999999999997,-0.8660254037844388,0
2023-07-09,7.07,22.15,91.54,7.07,49.71999999999993,186.7,521.3100000000001,1325.09,-0.4999999999999997,-0.8660254037844388,0
2023-07-10,23.71,23.19,92.38,23.71,39.95999999999993,156.05000000000004,533.87,1329.36,-0.4999999999999997,-0.8660254037844388,0
2023-07-11,56.58,22.74,94.43,56.58,87.35999999999993,206.89000000000004,560.04,1325.59,-0.4999999999999997,-0.8660254037844388,0
2023-07-12,54.5,21.58,94.61,54.5,134.78999999999994,235.05,550.43,1371.34,-0.4999999999999997,-0.8660254037844388,1
2023-07-13,70.76,22.22,93.62,70.76,181.83999999999992,255.27000000000004,570.8599999999999,1412.27,-0.4999999999999997,-0.8660254037844388,0
2023-07-14,19.31,22.25,90.6,19.31,144.56999999999994,241.11000000000004,531.91,1352.36,-0.4999999999999997,-0.8660254037844388,0
2023-07-15,5.87,22.49,90.43,5.87,95.93999999999993,237.80000000000004,456.87,1242.37,-0.4999999999999997,-0.8660254037844388,0
2023-07-16,4.08,21.95,91.73,4.08,29.259999999999927,234.81000000000003,421.50999999999993,1129.71,-0.4999999999999997,-0.8660254037844388,0
2023-07-17,4.01,21.36,92.16,4.01,13.95999999999993,215.11000000000004,371.16,1066.61,-0.4999999999999997,-0.8660254037844388,0
2023-07-18,1.54,23.65,81.12,1.54,9.629999999999928,160.07000000000002,366.96,973.63,-0.4999999999999997,-0.8660254037844388,0
2023-07-19,1.93,23.88,84.92,1.93,7.479999999999928,107.50000000000004,342.55,918.53,-0.4999999999999997,-0.8660254037844388,0
2023-07-20,3.13,23.94,87.55,3.13,6.599999999999929,39.870000000000026,295.14,880.4499999999999,-0.4999999999999997,-0.8660254037844388,0
2023-07-21,25.6,23.27,89.97,25.6,30.65999999999993,46.160000000000025,287.27,848.29,-0.4999999999999997,-0.8660254037844388,0
2023-07-22,8.89,22.65,91.92,8.89,37.61999999999993,49.18000000000004,286.98,815.78,-0.4999999999999997,-0.8660254037844388,0
2023-07-23,2.23,23.37,88.08,2.23,36.71999999999993,47.33000000000003,282.14,808.38,-0.4999999999999997,-0.8660254037844388,0
2023-07-24,1.97,22.73,87.95,1.97,13.089999999999929,45.29000000000003,260.4,808.11,-0.4999999999999997,-0.8660254037844388,0
2023-07-25,5.97,23.44,84.76,5.97,10.169999999999929,49.72000000000003,209.79,811.3899999999999,-0.4999999999999997,-0.8660254037844388,0
2023-07-26,18.88,22.4,90.51,18.88,26.81999999999993,66.67000000000003,174.16999999999996,819.1199999999999,-0.4999999999999997,-0.8660254037844388,0
2023-07-27,36.17,22.66,91.86,36.17,61.01999999999993,99.71000000000004,139.57999999999998,824.88,-0.4999999999999997,-0.8660254037844388,0
2023-07-28,28.21,22.95,91.36,28.21,83.25999999999993,102.32000000000004,148.47999999999996,788.98,-0.4999999999999997,-0.8660254037844388,0
2023-07-29,9.1,23.18,88.68,9.1,73.47999999999993,102.53000000000004,151.70999999999995,747.75,-0.4999999999999997,-0.8660254037844388,0
2023-07-30,4.46,24.13,86.3,4.46,41.76999999999993,104.76000000000003,152.08999999999995,693.9499999999999,-0.4999999999999997,-0.8660254037844388,0
2023-07-31,7.07,23.78,89.32,7.07,20.629999999999928,109.86000000000004,155.14999999999995,620.11,-0.4999999999999997,-0.8660254037844388,0
2023-08-01,2.67,24.42,87.31,2.67,14.199999999999928,106.56000000000004,156.27999999999997,583.34,-0.8660254037844385,-0.5000000000000004,0
2023-08-02,9.73,23.46,91.0,9.73,19.469999999999928,97.41000000000004,164.07999999999996,538.71,-0.8660254037844385,-0.5000000000000004,0
2023-08-03,24.1,22.93,91.82,24.1,36.49999999999993,85.34000000000003,185.04999999999995,557.07,-0.8660254037844385,-0.5000000000000004,0
2023-08-04,24.26,22.99,92.42,24.26,58.08999999999993,81.39000000000003,183.71,554.99,-0.8660254037844385,-0.5000000000000004,0
2023-08-05,25.76,22.53,92.7,25.76,74.11999999999993,98.05000000000004,200.58,530.21,-0.8660254037844385,-0.5000000000000004,0
2023-08-06,72.1,22.23,95.72,72.1,122.11999999999992,165.69000000000003,270.44999999999993,568.8399999999999,-0.8660254037844385,-0.5000000000000004,0
2023-08-07,50.99,22.83,95.31,50.99,148.8499999999999,209.61000000000004,319.47,610.65,-0.8660254037844385,-0.5000000000000004,0
2023-08-08,26.82,22.6,95.34,26.82,149.9099999999999,233.76,340.31999999999994,630.4,-0.8660254037844385,-0.5000000000000004,0
2023-08-09,20.5,23.07,92.32,20.5,98.30999999999992,244.53000000000003,341.93999999999994,627.19,-0.8660254037844385,-0.5000000000000004,0
2023-08-10,10.44,23.12,92.13,10.44,57.75999999999993,230.87000000000003,316.21,581.0500000000001,-0.8660254037844385,-0.5000000000000004,0
2023-08-11,18.89,22.86,93.65,18.89,49.82999999999993,225.5,306.89,545.44,-0.8660254037844385,-0.5000000000000004,0
2023-08-12,44.63,22.05,95.95,44.63,73.95999999999992,244.37000000000003,342.42,519.3100000000001,-0.8660254037844385,-0.5000000000000004,0
2023-08-13,41.67,22.21,94.54,41.67,105.18999999999994,213.94000000000003,379.63,541.6700000000001,-0.8660254037844385,-0.5000000000000004,0
2023-08-14,14.41,22.93,87.42,14.41,100.70999999999994,177.36,386.97,550.21,-0.8660254037844385,-0.5000000000000004,0
2023-08-15,5.98,22.31,93.76,5.98,62.05999999999993,156.52000000000004,390.28,552.11,-0.8660254037844385,-0.5000000000000004,0
2023-08-16,15.0,23.2,91.34,15.0,35.38999999999993,151.02000000000004,395.55,563.1,-0.8660254037844385,-0.5000000000000004,0
2023-08-17,7.71,24.17,90.43,7.71,28.68999999999993,148.29000000000002,379.16,569.27,-0.8660254037844385,-0.5000000000000004,0
2023-08-18,6.56,23.76,89.89,6.56,29.26999999999993,135.96000000000004,361.46,573.9,-0.8660254037844385,-0.5000000000000004,0
2023-08-19,3.57,22.57,92.42,3.57,17.83999999999993,94.90000000000002,339.2699999999999,574.3399999999999,-0.8660254037844385,-0.5000000000000004,0
2023-08-20,1.73,22.19,91.06,1.73,11.859999999999928,54.96000000000003,268.9,550.47,-0.8660254037844385,-0.5000000000000004,0
2023-08-21,25.22,22.47,92.69,25.22,30.51999999999993,65.77000000000002,243.13,566.8,-0.8660254037844385,-0.5000000000000004,0
2023-08-22,20.32,21.46,95.41,20.32,47.269999999999925,80.11000000000003,236.63,584.8900000000001,-0.8660254037844385,-0.5000000000000004,0
2023-08-23,28.83,21.58,93.7,28.83,74.36999999999993,93.94000000000004,244.96,611.75,-0.8660254037844385,-0.5000000000000004,1
2023-08-24,25.07,22.13,93.41,25.07,74.21999999999993,111.30000000000004,259.59,630.85,-0.8660254037844385,-0.5000000000000004,0
2023-08-25,26.08,22.09,93.73,26.08,79.97999999999992,130.82000000000002,266.78,638.05,-0.8660254037844385,-0.5000000000000004,0
2023-08-26,44.23,22.49,94.18,44.23,95.37999999999992,171.48000000000002,266.37999999999994,646.11,-0.8660254037844385,-0.5000000000000004,0
2023-08-27,86.55,22.53,94.2,86.55,156.85999999999993,256.3,311.26,704.45,-0.8660254037844385,-0.5000000000000004,0
2023-08-28,8.12,22.61,92.1,8.12,138.89999999999992,239.2,304.9699999999999,703.4699999999999,-0.8660254037844385,-0.5000000000000004,0
2023-08-29,0.01,22.36,83.62,0.01,94.67999999999992,218.89,299.0,699.02,-0.8660254037844385,-0.5000000000000004,0
2023-08-30,0.04,22.61,83.2,0.04,8.169999999999929,190.1,284.04,691.99,-0.8660254037844385,-0.5000000000000004,0
2023-08-31,1.13,22.79,85.34,1.13,1.1799999999999289,166.16000000000005,277.4599999999999,690.45,-0.8660254037844385,-0.5000000000000004,0
2023-09-01,5.0,23.54,87.18,5.0,6.169999999999929,145.08,275.8999999999999,685.72,-1.0,-1.8369701987210297e-16,0
2023-09-02,1.82,23.82,84.89,1.82,7.949999999999929,102.67000000000004,274.1499999999999,663.4399999999999,-1.0,-1.8369701987210297e-16,0
2023-09-03,2.15,23.42,85.73,2.15,8.969999999999928,18.270000000000028,274.57,641.33,-1.0,-1.8369701987210297e-16,0
2023-09-04,2.98,23.33,84.44,2.98,6.949999999999928,13.130000000000027,252.33,618.55,-1.0,-1.8369701987210297e-16,0
2023-09-05,0.86,23.23,82.06,0.86,5.989999999999928,13.980000000000029,232.86999999999995,547.31,-1.0,-1.8369701987210297e-16,0
2023-09-06,2.74,23.21,84.09,2.74,6.579999999999929,16.680000000000028,206.77999999999997,499.06,-1.0,-1.8369701987210297e-16,0
2023-09-07,13.71,22.56,89.03,13.71,17.30999999999993,29.26000000000003,195.42,485.95,-1.0,-1.8369701987210297e-16,0
2023-09-08,18.34,21.85,92.75,18.34,34.78999999999993,42.60000000000003,187.68,483.79,-1.0,-1.8369701987210297e-16,0
2023-09-09,6.22,22.47,90.74,6.22,38.269999999999925,47.00000000000003,149.66999999999996,479.57,-1.0,-1.8369701987210297e-16,0
2023-09-10,8.34,23.12,87.73,8.34,32.89999999999992,53.190000000000026,71.45999999999997,469.02,-1.0,-1.8369701987210297e-16,0
2023-09-11,10.61,23.09,92.19,10.61,25.169999999999927,60.82000000000002,73.94999999999997,435.0,-1.0,-1.8369701987210297e-16,0
2023-09-12,3.89,21.95,89.6,3.89,22.83999999999993,63.85000000000002,77.82999999999997,397.22,-1.0,-1.8369701987210297e-16,0
2023-09-13,8.35,22.2,92.35,8.35,22.84999999999993,69.46000000000004,86.13999999999997,391.16,-1.0,-1.8369701987210297e-16,0
2023-09-14,6.65,22.33,89.11,6.65,18.88999999999993,62.40000000000002,91.65999999999995,391.83,-1.0,-1.8369701987210297e-16,0
2023-09-15,1.36,22.89,86.13,1.36,16.35999999999993,45.42000000000003,88.01999999999997,378.19,-1.0,-1.8369701987210297e-16,0
2023-09-16,0.0,23.4,85.3,0.0,8.009999999999929,39.20000000000003,86.19999999999997,370.48,-1.0,-1.8369701987210297e-16,0
2023-09-17,1.67,23.28,83.14,1.67,3.029999999999929,32.53000000000003,85.71999999999997,365.59,-1.0,-1.8369701987210297e-16,0
2023-09-18,10.99,21.24,91.85,10.99,12.659999999999927,32.910000000000025,93.72999999999998,373.01,-1.0,-1.8369701987210297e-16,0
2023-09-19,19.73,20.6,92.82,19.73,32.38999999999993,48.75000000000003,112.59999999999998,391.01,-1.0,-1.8369701987210297e-16,0
2023-09-20,28.04,20.57,93.2,28.04,58.75999999999993,68.44000000000003,137.89999999999998,393.83,-1.0,-1.8369701987210297e-16,0
2023-09-21,46.35,20.91,93.84,46.35,94.11999999999992,108.14000000000004,170.53999999999996,419.86,-1.0,-1.8369701987210297e-16,0
2023-09-22,22.32,20.4,93.36,22.32,96.70999999999994,129.10000000000002,174.51999999999998,413.35,-1.0,-1.8369701987210297e-16,0
2023-09-23,10.82,20.89,92.69,10.82,79.48999999999992,139.92000000000002,179.11999999999998,399.1,-1.0,-1.8369701987210297e-16,0
2023-09-24,7.82,21.11,92.44,7.82,40.95999999999993,146.07000000000005,178.59999999999997,380.84,-1.0,-1.8369701987210297e-16,0
2023-09-25,4.6,21.59,89.59,4.6,23.23999999999993,139.68000000000004,172.58999999999995,341.21,-1.0,-1.8369701987210297e-16,0
2023-09-26,6.12,22.03,87.54,6.12,18.539999999999928,126.07000000000004,174.81999999999996,260.78,-1.0,-1.8369701987210297e-16,0
2023-09-27,0.61,22.5,86.7,0.61,11.329999999999927,98.64000000000004,167.07999999999998,253.27,-1.0,-1.8369701987210297e-16,0
2023-09-28,0.0,22.64,86.64,0.0,6.729999999999929,52.29000000000003,160.42999999999998,253.26,-1.0,-1.8369701987210297e-16,0
2023-09-29,1.79,22.53,90.5,1.79,2.399999999999929,31.76000000000003,160.86,255.01,-1.0,-1.8369701987210297e-16,0
2023-09-30,9.71,21.78,92.31,9.71,11.499999999999927,30.650000000000027,170.57,263.59,-1.0,-1.8369701987210297e-16,0
2023-10-01,15.21,21.93,89.36,15.21,26.70999999999993,38.04000000000003,184.11,273.8,-0.8660254037844386,0.5000000000000001,0
2023-10-02,17.7,22.12,90.85,17.7,42.61999999999993,51.14000000000003,190.82,289.68,-0.8660254037844386,0.5000000000000001,0
2023-10-03,13.75,21.73,93.21,13.75,46.659999999999926,58.77000000000003,184.84,301.28000000000003,-0.8660254037844386,0.5000000000000001,0
2023-10-04,16.99,20.25,92.09,16.99,48.43999999999993,75.15000000000003,173.79,315.29,-0.8660254037844386,0.5000000000000001,1
2023-10-05,73.29,18.94,93.46,73.29,104.02999999999992,148.44000000000003,200.73,387.72,-0.8660254037844386,0.5000000000000001,1
2023-10-06,107.4,20.3,95.6,107.4,197.67999999999995,254.05000000000007,285.81,492.38,-0.8660254037844386,0.5000000000000001,0
2023-10-07,37.04,20.65,95.41,37.04,217.72999999999996,281.38000000000005,312.03,515.71,-0.8660254037844386,0.5000000000000001,0
2023-10-08,30.18,21.09,94.39,30.18,174.61999999999995,296.3500000000001,334.39,527.5500000000001,-0.8660254037844386,0.5000000000000001,0
2023-10-09,13.16,20.4,93.93,13.16,80.37999999999992,291.81,342.95,534.49,-0.8660254037844386,0.5000000000000001,0
2023-10-10,0.41,21.21,89.52,0.41,43.74999999999993,278.47,337.23999999999995,526.56,-0.8660254037844386,0.5000000000000001,0
2023-10-11,1.05,20.24,90.0,1.05,14.61999999999993,262.5300000000001,337.67999999999995,517.0,-0.8660254037844386,0.5000000000000001,0
2023-10-12,1.69,20.09,90.49,1.69,3.149999999999929,190.93000000000004,339.36999999999995,514.8,-0.8660254037844386,0.5000000000000001,0
2023-10-13,1.24,19.48,78.21,1.24,3.979999999999929,84.77000000000002,338.82,507.69,-0.8660254037844386,0.5000000000000001,0
2023-10-14,0.26,19.3,80.27,0.26,3.189999999999929,47.99000000000003,329.36999999999995,501.3,-0.8660254037844386,0.5000000000000001,0
2023-10-15,0.03,19.33,82.18,0.03,1.529999999999929,17.84000000000003,314.19,499.97,-0.8660254037844386,0.5000000000000001,0
2023-10-16,0.0,18.86,78.76,0.0,0.289999999999929,4.680000000000028,296.49,499.97,-0.8660254037844386,0.5000000000000001,0
2023-10-17,0.0,18.45,83.28,0.0,0.0299999999999289,4.270000000000028,282.74,498.3,-0.8660254037844386,0.5000000000000001,0
2023-10-18,0.0,18.13,80.04,0.0,0.0,3.220000000000028,265.75,487.31,-0.8660254037844386,0.5000000000000001,0
2023-10-19,0.0,18.34,83.01,0.0,0.0,1.5300000000000284,192.45999999999995,467.58,-0.8660254037844386,0.5000000000000001,0
2023-10-20,0.0,18.14,76.96,0.0,0.0,0.2900000000000284,85.05999999999997,439.54,-0.8660254037844386,0.5000000000000001,0
2023-10-21,0.0,18.08,70.92,0.0,0.0,0.0300000000000284,48.019999999999975,393.19000000000005,-0.8660254037844386,0.5000000000000001,0
2023-10-22,0.02,19.18,71.02,0.02,0.0199999999999289,0.0200000000000284,17.85999999999997,370.89,-0.8660254037844386,0.5000000000000001,0
2023-10-23,2.58,19.27,82.91,2.58,2.599999999999929,2.6000000000000285,7.279999999999971,362.65,-0.8660254037844386,0.5000000000000001,0
2023-10-24,2.99,18.46,90.9,2.99,5.589999999999929,5.590000000000028,9.859999999999973,357.82,-0.8660254037844386,0.5000000000000001,0
2023-10-25,2.17,19.12,87.51,2.17,7.739999999999929,7.760000000000028,10.97999999999997,355.39000000000004,-0.8660254037844386,0.5000000000000001,0
2023-10-26,3.67,18.55,89.69,3.67,8.829999999999929,11.430000000000028,12.95999999999997,352.94000000000005,-0.8660254037844386,0.5000000000000001,0
2023-10-27,0.67,17.62,85.63,0.67,6.50999999999993,12.100000000000028,12.38999999999997,353.0,-0.8660254037844386,0.5000000000000001,0
2023-10-28,0.03,16.55,82.31,0.03,4.369999999999928,12.13000000000003,12.159999999999972,353.03000000000003,-0.8660254037844386,0.5000000000000001,0
2023-10-29,0.0,16.4,77.57,0.0,0.699999999999929,12.11000000000003,12.129999999999972,351.24,-0.8660254037844386,0.5000000000000001,0
2023-10-30,0.0,16.88,80.99,0.0,0.0299999999999289,9.53000000000003,12.129999999999972,341.53000000000003,-0.8660254037844386,0.5000000000000001,0
2023-10-31,0.0,18.05,73.4,0.0,0.0,6.5400000000000285,12.129999999999972,326.32,-0.8660254037844386,0.5000000000000001,0
2023-11-01,0.0,19.16,63.27,0.0,0.0,4.370000000000028,12.129999999999972,308.62,-0.5000000000000004,0.8660254037844384,0
2023-11-02,0.0,18.35,69.96,0.0,0.0,0.7000000000000285,12.129999999999972,294.87,-0.5000000000000004,0.8660254037844384,0
2023-11-03,0.0,17.02,80.51,0.0,0.0,0.0300000000000284,12.129999999999972,277.88,-0.5000000000000004,0.8660254037844384,0
2023-11-04,0.0,16.38,87.6,0.0,0.0,0.0,12.129999999999972,204.59000000000003,-0.5000000000000004,0.8660254037844384,0
2023-11-05,0.0,16.18,81.3,0.0,0.0,0.0,12.109999999999973,97.19,-0.5000000000000004,0.8660254037844384,0
2023-11-06,0.0,15.98,73.15,0.0,0.0,0.0,9.529999999999973,60.15,-0.5000000000000004,0.8660254037844384,0
2023-11-07,0.0,16.35,62.91,0.0,0.0,0.0,6.539999999999972,29.97,-0.5000000000000004,0.8660254037844384,0
2023-11-08,0.15,15.22,77.27,0.15,0.1499999999999289,0.1500000000000284,4.519999999999971,16.96,-0.5000000000000004,0.8660254037844384,0
2023-11-09,0.03,15.35,83.71,0.03,0.1799999999999289,0.1800000000000284,0.8799999999999716,16.58,-0.5000000000000004,0.8660254037844384,0
2023-11-10,0.0,16.1,77.45,0.0,0.1799999999999289,0.1800000000000284,0.2099999999999715,15.53,-0.5000000000000004,0.8660254037844384,0
2023-11-11,0.0,16.95,68.54,0.0,0.0299999999999289,0.1800000000000284,0.1799999999999715,13.84,-0.5000000000000004,0.8660254037844384,0
2023-11-12,0.0,16.44,64.68,0.0,0.0,0.1800000000000284,0.1799999999999715,12.6,-0.5000000000000004,0.8660254037844384,0
2023-11-13,0.0,16.48,66.93,0.0,0.0,0.1800000000000284,0.1799999999999715,12.34,-0.5000000000000004,0.8660254037844384,0
2023-11-14,0.0,16.13,70.98,0.0,0.0,0.1800000000000284,0.1799999999999715,12.31,-0.5000000000000004,0.8660254037844384,0
2023-11-15,0.0,17.26,59.15,0.0,0.0,0.0300000000000284,0.1799999999999715,12.31,-0.5000000000000004,0.8660254037844384,0
2023-11-16,1.58,17.21,81.53,1.58,1.579999999999929,1.5800000000000285,1.7599999999999716,13.89,-0.5000000000000004,0.8660254037844384,0
2023-11-17,21.77,16.19,93.43,21.77,23.34999999999993,23.35000000000003,23.529999999999973,35.66,-0.5000000000000004,0.8660254037844384,0
2023-11-18,4.33,15.95,89.04,4.33,27.67999999999993,27.680000000000028,27.85999999999997,39.99,-0.5000000000000004,0.8660254037844384,0
2023-11-19,0.8,16.89,88.81,0.8,26.899999999999928,28.480000000000025,28.65999999999997,40.79,-0.5000000000000004,0.8660254037844384,0
2023-11-20,0.0,16.9,88.91,0.0,5.129999999999925,28.480000000000025,28.65999999999997,40.79,-0.5000000000000004,0.8660254037844384,0
2023-11-21,0.03,16.57,89.12,0.03,0.8299999999999255,28.510000000000023,28.689999999999973,40.8,-0.5000000000000004,0.8660254037844384,0
2023-11-22,0.0,15.77,86.63,0.0,0.0299999999999253,28.510000000000023,28.53999999999997,38.22,-0.5000000000000004,0.8660254037844384,0
2023-11-23,0.0,14.98,83.57,0.0,0.0299999999999253,26.930000000000028,28.509999999999973,35.23,-0.5000000000000004,0.8660254037844384,0
2023-11-24,0.0,15.0,79.71,0.0,0.0,5.160000000000025,28.509999999999973,33.06,-0.5000000000000004,0.8660254037844384,0
2023-11-25,0.0,14.17,75.69,0.0,0.0,0.8300000000000249,28.509999999999973,29.39,-0.5000000000000004,0.8660254037844384,0
2023-11-26,0.0,14.47,73.59,0.0,0.0,0.0300000000000248,28.509999999999973,28.72,-0.5000000000000004,0.8660254037844384,0
2023-11-27,0.0,15.27,66.71,0.0,0.0,0.0300000000000248,28.509999999999973,28.69,-0.5000000000000004,0.8660254037844384,0
2023-11-28,0.0,16.67,61.21,0.0,0.0,0.0,28.509999999999973,28.69,-0.5000000000000004,0.8660254037844384,0
2023-11-29,0.0,15.84,72.07,0.0,0.0,0.0,28.509999999999973,28.69,-0.5000000000000004,0.8660254037844384,0
2023-11-30,0.0,14.98,76.29,0.0,0.0,0.0,26.92999999999997,28.69,-0.5000000000000004,0.8660254037844384,0
2023-12-01,0.0,15.84,68.88,0.0,0.0,0.0,5.159999999999972,28.69,-2.4492935982947064e-16,1.0,0
2023-12-02,0.0,16.59,71.22,0.0,0.0,0.0,0.8299999999999716,28.69,-2.4492935982947064e-16,1.0,0
2023-12-03,0.0,15.44,84.28,0.0,0.0,0.0,0.0299999999999715,28.69,-2.4492935982947064e-16,1.0,0
2023-12-04,0.0,14.72,78.36,0.0,0.0,0.0,0.0299999999999715,28.69,-2.4492935982947064e-16,1.0,0
2023-12-05,0.0,15.1,74.0,0.0,0.0,0.0,0.0,28.69,-2.4492935982947064e-16,1.0,0
2023-12-06,0.19,15.34,86.44,0.19,0.1899999999999254,0.1900000000000248,0.1899999999999715,28.880000000000003,-2.4492935982947064e-16,1.0,0
2023-12-07,14.5,14.94,91.76,14.5,14.689999999999923,14.690000000000024,14.689999999999973,43.38,-2.4492935982947064e-16,1.0,0
2023-12-08,6.23,15.08,93.55,6.23,20.919999999999924,20.920000000000023,20.919999999999973,49.46,-2.4492935982947064e-16,1.0,0
2023-12-09,0.3,14.91,88.98,0.3,21.029999999999923,21.220000000000024,21.21999999999997,49.73,-2.4492935982947064e-16,1.0,0
2023-12-10,0.0,13.78,88.48,0.0,6.529999999999926,21.220000000000024,21.21999999999997,49.73,-2.4492935982947064e-16,1.0,0
2023-12-11,0.02,12.61,86.66,0.02,0.3199999999999254,21.240000000000023,21.23999999999997,49.75,-2.4492935982947064e-16,1.0,0
2023-12-12,0.04,12.15,86.22,0.04,0.0599999999999253,21.280000000000022,21.279999999999973,49.79,-2.4492935982947064e-16,1.0,0
2023-12-13,0.09,11.2,89.12,0.09,0.1499999999999254,21.180000000000025,21.369999999999973,49.88,-2.4492935982947064e-16,1.0,0
2023-12-14,0.0,10.37,75.44,0.0,0.1299999999999254,6.6800000000000255,21.369999999999973,49.88,-2.4492935982947064e-16,1.0,0
2023-12-15,0.0,10.71,76.94,0.0,0.0899999999999253,0.4500000000000248,21.369999999999973,49.88,-2.4492935982947064e-16,1.0,0
2023-12-16,0.0,10.93,79.83,0.0,0.0,0.1500000000000248,21.369999999999973,48.3,-2.4492935982947064e-16,1.0,0
2023-12-17,0.0,11.2,80.31,0.0,0.0,0.1500000000000248,21.369999999999973,26.53,-2.4492935982947064e-16,1.0,0
2023-12-18,0.0,12.2,79.66,0.0,0.0,0.1300000000000248,21.369999999999973,22.200000000000003,-2.4492935982947064e-16,1.0,0
2023-12-19,0.0,11.35,72.5,0.0,0.0,0.0900000000000248,21.369999999999973,21.4,-2.4492935982947064e-16,1.0,0
2023-12-20,0.0,11.09,67.9,0.0,0.0,0.0,21.17999999999997,21.4,-2.4492935982947064e-16,1.0,0
2023-12-21,0.0,13.02,76.24,0.0,0.0,0.0,6.679999999999972,21.37,-2.4492935982947064e-16,1.0,0
2023-12-22,0.0,13.08,76.84,0.0,0.0,0.0,0.4499999999999715,21.37,-2.4492935982947064e-16,1.0,0
2023-12-23,0.0,12.78,83.21,0.0,0.0,0.0,0.1499999999999715,21.37,-2.4492935982947064e-16,1.0,0
2023-12-24,0.58,13.37,88.12,0.58,0.5799999999999254,0.5800000000000248,0.7299999999999716,21.95,-2.4492935982947064e-16,1.0,0
2023-12-25,0.01,13.05,88.5,0.01,0.5899999999999254,0.5900000000000248,0.7199999999999716,21.96,-2.4492935982947064e-16,1.0,0
2023-12-26,0.0,13.26,81.85,0.0,0.5899999999999254,0.5900000000000248,0.6799999999999715,21.96,-2.4492935982947064e-16,1.0,0
2023-12-27,0.0,12.94,84.94,0.0,0.0099999999999253,0.5900000000000248,0.5899999999999715,21.96,-2.4492935982947064e-16,1.0,0
2023-12-28,0.0,12.51,81.24,0.0,0.0,0.5900000000000248,0.5899999999999715,21.96,-2.4492935982947064e-16,1.0,0
2023-12-29,0.0,12.85,78.07,0.0,0.0,0.5900000000000248,0.5899999999999715,21.96,-2.4492935982947064e-16,1.0,0
2023-12-30,0.0,13.21,74.78,0.0,0.0,0.5900000000000248,0.5899999999999715,21.96,-2.4492935982947064e-16,1.0,0
2023-12-31,0.0,13.2,76.22,0.0,0.0,0.0100000000000248,0.5899999999999715,21.96,-2.4492935982947064e-16,1.0,0
2024-01-01,0.0,12.35,84.81,0.0,0.0,0.0,0.5899999999999715,21.96,0.49999999999999994,0.8660254037844387,0
2024-01-02,0.0,11.46,84.91,0.0,0.0,0.0,0.5899999999999715,21.96,0.49999999999999994,0.8660254037844387,0
2024-01-03,0.0,11.2,81.15,0.0,0.0,0.0,0.5899999999999715,21.96,0.49999999999999994,0.8660254037844387,0
2024-01-04,0.0,10.44,83.51,0.0,0.0,0.0,0.5899999999999715,21.96,0.49999999999999994,0.8660254037844387,0
2024-01-05,0.0,10.66,78.79,0.0,0.0,0.0,0.5899999999999715,21.77,0.49999999999999994,0.8660254037844387,0
2024-01-06,0.0,11.42,71.08,0.0,0.0,0.0,0.5899999999999715,7.27,0.49999999999999994,0.8660254037844387,0
2024-01-07,0.0,11.22,70.99,0.0,0.0,0.0,0.0099999999999715,1.0399999999999998,0.49999999999999994,0.8660254037844387,0
2024-01-08,0.0,11.28,72.39,0.0,0.0,0.0,0.0,0.7399999999999999,0.49999999999999994,0.8660254037844387,0
2024-01-09,0.0,10.33,83.31,0.0,0.0,0.0,0.0,0.74,0.49999999999999994,0.8660254037844387,0
2024-01-10,0.0,10.56,81.85,0.0,0.0,0.0,0.0,0.72,0.49999999999999994,0.8660254037844387,0
2024-01-11,0.0,10.18,80.22,0.0,0.0,0.0,0.0,0.6799999999999999,0.49999999999999994,0.8660254037844387,0
2024-01-12,0.0,9.43,81.09,0.0,0.0,0.0,0.0,0.59,0.49999999999999994,0.8660254037844387,0
2024-01-13,0.0,9.83,80.66,0.0,0.0,0.0,0.0,0.59,0.49999999999999994,0.8660254037844387,0
2024-01-14,0.0,11.02,73.12,0.0,0.0,0.0,0.0,0.59,0.49999999999999994,0.8660254037844387,0
2024-01-15,0.0,11.26,68.02,0.0,0.0,0.0,0.0,0.59,0.49999999999999994,0.8660254037844387,0
2024-01-16,0.0,9.68,76.88,0.0,0.0,0.0,0.0,0.59,0.49999999999999994,0.8660254037844387,0
2024-01-17,0.0,8.26,82.18,0.0,0.0,0.0,0.0,0.59,0.49999999999999994,0.8660254037844387,0
2024-01-18,0.0,8.17,80.82,0.0,0.0,0.0,0.0,0.59,0.49999999999999994,0.8660254037844387,0
2024-01-19,0.0,9.78,72.89,0.0,0.0,0.0,0.0,0.59,0.49999999999999994,0.8660254037844387,0
2024-01-20,0.0,9.43,78.68,0.0,0.0,0.0,0.0,0.59,0.49999999999999994,0.8660254037844387,0
2024-01-21,0.0,9.32,79.17,0.0,0.0,0.0,0.0,0.59,0.49999999999999994,0.8660254037844387,0
2024-01-22,0.0,8.89,79.91,0.0,0.0,0.0,0.0,0.59,0.49999999999999994,0.8660254037844387,0
2024-01-23,0.0,9.09,81.78,0.0,0.0,0.0,0.0,0.01,0.49999999999999994,0.8660254037844387,0
2024-01-24,1.48,9.11,81.45,1.48,1.4799999999999254,1.4800000000000249,1.4799999999999716,1.48,0.49999999999999994,0.8660254037844387,0
2024-01-25,0.29,8.82,79.87,0.29,1.7699999999999254,1.7700000000000249,1.7699999999999716,1.77,0.49999999999999994,0.8660254037844387,0
2024-01-26,0.0,8.92,77.84,0.0,1.7699999999999254,1.7700000000000249,1.7699999999999716,1.77,0.49999999999999994,0.8660254037844387,0
2024-01-27,0.0,9.63,77.68,0.0,0.2899999999999254,1.7700000000000249,1.7699999999999716,1.77,0.49999999999999994,0.8660254037844387,0
2024-01-28,0.0,10.21,79.52,0.0,0.0,1.7700000000000249,1.7699999999999716,1.77,0.49999999999999994,0.8660254037844387,0
2024-01-29,0.0,10.42,79.3,0.0,0.0,1.7700000000000249,1.7699999999999716,1.77,0.49999999999999994,0.8660254037844387,0
2024-01-30,0.0,10.03,73.81,0.0,0.0,1.7700000000000249,1.7699999999999716,1.77,0.49999999999999994,0.8660254037844387,0
2024-01-31,0.0,10.17,76.65,0.0,0.0,0.2900000000000248,1.7699999999999716,1.77,0.49999999999999994,0.8660254037844387,0
2024-02-01,0.02,10.01,82.93,0.02,0.0199999999999253,0.0200000000000248,1.7899999999999716,1.79,0.8660254037844386,0.5000000000000001,0
2024-02-02,0.48,10.01,87.45,0.48,0.4999999999999254,0.5000000000000249,2.269999999999972,2.27,0.8660254037844386,0.5000000000000001,0
2024-02-03,0.02,9.49,70.18,0.02,0.5199999999999254,0.5200000000000249,2.289999999999972,2.29,0.8660254037844386,0.5000000000000001,0
2024-02-04,0.13,9.2,65.22,0.13,0.6299999999999254,0.6500000000000249,2.4199999999999715,2.42,0.8660254037844386,0.5000000000000001,0
2024-02-05,0.0,10.08,74.64,0.0,0.1499999999999254,0.6500000000000249,2.4199999999999715,2.42,0.8660254037844386,0.5000000000000001,0
2024-02-06,0.0,9.68,93.0,0.0,0.1299999999999254,0.6500000000000249,2.4199999999999715,2.42,0.8660254037844386,0.5000000000000001,0
2024-02-07,0.0,9.49,78.82,0.0,0.0,0.6500000000000249,0.9399999999999716,2.42,0.8660254037844386,0.5000000000000001,0
2024-02-08,0.0,7.53,62.84,0.0,0.0,0.6300000000000249,0.6499999999999715,2.42,0.8660254037844386,0.5000000000000001,0
2024-02-09,0.0,8.88,64.21,0.0,0.0,0.1500000000000248,0.6499999999999715,2.42,0.8660254037844386,0.5000000000000001,0
2024-02-10,0.0,11.8,56.03,0.0,0.0,0.1300000000000248,0.6499999999999715,2.42,0.8660254037844386,0.5000000000000001,0
2024-02-11,0.0,12.5,58.47,0.0,0.0,0.0,0.6499999999999715,2.42,0.8660254037844386,0.5000000000000001,0
2024-02-12,0.0,12.59,62.99,0.0,0.0,0.0,0.6499999999999715,2.42,0.8660254037844386,0.5000000000000001,0
2024-02-13,0.0,12.06,53.13,0.0,0.0,0.0,0.6499999999999715,2.42,0.8660254037844386,0.5000000000000001,0
2024-02-14,0.0,13.49,71.84,0.0,0.0,0.0,0.6499999999999715,2.42,0.8660254037844386,0.5000000000000001,0
2024-02-15,0.51,13.36,82.84,0.51,0.5099999999999254,0.5100000000000249,1.1399999999999717,2.93,0.8660254037844386,0.5000000000000001,0
2024-02-16,0.0,13.53,77.26,0.0,0.5099999999999254,0.5100000000000249,0.6599999999999716,2.93,0.8660254037844386,0.5000000000000001,0
2024-02-17,0.0,12.82,76.35,0.0,0.5099999999999254,0.5100000000000249,0.6399999999999716,2.93,0.8660254037844386,0.5000000000000001,0
2024-02-18,0.0,12.21,67.58,0.0,0.0,0.5100000000000249,0.5099999999999716,2.93,0.8660254037844386,0.5000000000000001,0
2024-02-19,0.0,12.12,63.16,0.0,0.0,0.5100000000000249,0.5099999999999716,2.93,0.8660254037844386,0.5000000000000001,0
2024-02-20,0.15,11.44,74.77,0.15,0.1499999999999254,0.6600000000000249,0.6599999999999716,3.08,0.8660254037844386,0.5000000000000001,0
2024-02-21,8.51,13.08,87.73,8.51,8.659999999999926,9.170000000000025,9.169999999999972,11.59,0.8660254037844386,0.5000000000000001,0
2024-02-22,16.78,13.65,89.68,16.78,25.439999999999927,25.440000000000023,25.94999999999997,28.37,0.8660254037844386,0.5000000000000001,0
2024-02-23,7.5,12.78,80.21,7.5,32.78999999999993,32.940000000000026,33.449999999999974,34.39,0.8660254037844386,0.5000000000000001,0
2024-02-24,0.0,12.03,59.12,0.0,24.279999999999927,32.940000000000026,33.449999999999974,34.1,0.8660254037844386,0.5000000000000001,0
2024-02-25,1.74,12.05,68.68,1.74,9.239999999999926,34.68000000000003,35.189999999999976,35.84,0.8660254037844386,0.5000000000000001,0
2024-02-26,0.0,11.77,66.77,0.0,1.7399999999999254,34.68000000000003,35.189999999999976,35.84,0.8660254037844386,0.5000000000000001,0
2024-02-27,0.0,13.64,59.01,0.0,1.7399999999999254,34.53000000000003,35.189999999999976,35.84,0.8660254037844386,0.5000000000000001,0
2024-02-28,0.0,12.91,63.54,0.0,0.0,26.020000000000024,35.189999999999976,35.84,0.8660254037844386,0.5000000000000001,0
2024-02-29,0.0,12.75,74.07,0.0,0.0,9.240000000000023,34.67999999999998,35.84,0.8660254037844386,0.5000000000000001,0
2024-03-01,0.0,13.73,69.5,0.0,0.0,1.7400000000000249,34.67999999999998,35.84,1.0,6.123233995736766e-17,0
2024-03-02,0.0,13.97,72.56,0.0,0.0,1.7400000000000249,34.67999999999998,35.82,1.0,6.123233995736766e-17,0
2024-03-03,0.0,14.21,69.87,0.0,0.0,0.0,34.67999999999998,35.34,1.0,6.123233995736766e-17,0
2024-03-04,0.18,14.32,80.84,0.18,0.1799999999999254,0.1800000000000248,34.85999999999998,35.5,1.0,6.123233995736766e-17,0
2024-03-05,0.04,13.36,75.86,0.04,0.2199999999999254,0.2200000000000248,34.74999999999998,35.410000000000004,1.0,6.123233995736766e-17,0
2024-03-06,0.0,12.82,49.69,0.0,0.2199999999999254,0.2200000000000248,26.239999999999974,35.410000000000004,1.0,6.123233995736766e-17,0
2024-03-07,0.0,12.87,52.84,0.0,0.0399999999999253,0.2200000000000248,9.459999999999972,35.410000000000004,1.0,6.123233995736766e-17,0
2024-03-08,0.0,12.79,56.21,0.0,0.0,0.2200000000000248,1.9599999999999715,35.410000000000004,1.0,6.123233995736766e-17,0
2024-03-09,0.0,13.09,52.92,0.0,0.0,0.2200000000000248,1.9599999999999715,35.410000000000004,1.0,6.123233995736766e-17,0
2024-03-10,0.0,13.64,58.58,0.0,0.0,0.2200000000000248,0.2199999999999715,35.410000000000004,1.0,6.123233995736766e-17,0
2024-03-11,0.0,14.61,66.86,0.0,0.0,0.0400000000000248,0.2199999999999715,35.410000000000004,1.0,6.123233995736766e-17,0
2024-03-12,0.0,15.3,60.09,0.0,0.0,0.0,0.2199999999999715,35.410000000000004,1.0,6.123233995736766e-17,0
2024-03-13,0.04,14.88,65.58,0.04,0.0399999999999253,0.0400000000000248,0.2599999999999716,35.45,1.0,6.123233995736766e-17,0
2024-03-14,0.21,14.93,74.92,0.21,0.2499999999999254,0.2500000000000248,0.4699999999999715,35.660000000000004,1.0,6.123233995736766e-17,0
2024-03-15,0.02,16.09,73.34,0.02,0.2699999999999254,0.2700000000000249,0.4899999999999715,35.68,1.0,6.123233995736766e-17,0
2024-03-16,4.6,17.01,57.86,4.6,4.8299999999999255,4.870000000000024,5.089999999999971,39.77,1.0,6.123233995736766e-17,0
2024-03-17,0.45,17.29,61.63,0.45,5.069999999999926,5.320000000000024,5.539999999999972,40.22,1.0,6.123233995736766e-17,0
2024-03-18,0.0,17.61,59.46,0.0,5.049999999999925,5.320000000000024,5.359999999999972,40.22,1.0,6.123233995736766e-17,0
2024-03-19,0.02,18.79,61.8,0.02,0.4699999999999254,5.340000000000024,5.339999999999971,40.24,1.0,6.123233995736766e-17,0
2024-03-20,30.32,15.94,76.39,30.32,30.339999999999925,35.620000000000026,35.65999999999997,70.56,1.0,6.123233995736766e-17,0
2024-03-21,4.07,15.31,80.41,4.07,34.409999999999926,39.480000000000025,39.729999999999976,74.48,1.0,6.123233995736766e-17,0
2024-03-22,0.54,14.57,84.63,0.54,34.92999999999992,40.00000000000003,40.269999999999975,66.51,1.0,6.123233995736766e-17,0
2024-03-23,6.81,14.47,83.97,6.81,11.419999999999924,42.21000000000003,47.07999999999997,56.54,1.0,6.123233995736766e-17,0
2024-03-24,6.56,15.49,83.67,6.56,13.909999999999926,48.32000000000002,53.63999999999997,55.6,1.0,6.123233995736766e-17,0
2024-03-25,10.34,16.67,80.3,10.34,23.709999999999926,58.660000000000025,63.979999999999976,65.94,1.0,6.123233995736766e-17,0
2024-03-26,24.97,16.38,81.41,24.97,41.869999999999926,83.61000000000003,88.94999999999997,89.17,1.0,6.123233995736766e-17,0
2024-03-27,0.18,16.41,75.56,0.18,35.489999999999924,53.47000000000002,89.08999999999996,89.35000000000001,1.0,6.123233995736766e-17,0
2024-03-28,0.58,16.69,79.94,0.58,25.72999999999993,49.98000000000002,89.45999999999997,89.93,1.0,6.123233995736766e-17,0
2024-03-29,0.39,17.89,77.95,0.39,1.1499999999999253,49.83000000000002,89.82999999999997,90.32,1.0,6.123233995736766e-17,0
2024-03-30,7.29,18.38,84.37,7.29,8.259999999999925,50.31000000000002,92.51999999999995,97.61,1.0,6.123233995736766e-17,0
2024-03-31,60.69,19.03,92.02,60.69,68.36999999999992,104.44000000000004,152.76,158.3,1.0,6.123233995736766e-17,0
2024-04-01,15.6,18.29,81.69,15.6,83.57999999999991,109.70000000000002,168.36,173.9,0.8660254037844387,-0.4999999999999998,0
2024-04-02,0.6,17.0,74.11,0.6,76.88999999999992,85.33000000000001,168.93999999999997,174.5,0.8660254037844387,-0.4999999999999998,0
2024-04-03,6.69,17.69,78.6,6.69,22.88999999999992,91.84000000000002,145.30999999999997,181.01,0.8660254037844387,-0.4999999999999998,0
2024-04-04,2.67,18.04,73.03,2.67,9.959999999999924,93.93000000000002,143.90999999999997,183.64,0.8660254037844387,-0.4999999999999998,0
2024-04-05,16.0,18.75,83.26,16.0,25.35999999999992,109.54000000000002,159.36999999999995,199.64,0.8660254037844387,-0.4999999999999998,0
2024-04-06,3.96,18.75,81.34,3.96,22.62999999999992,106.21000000000002,156.51999999999995,203.6,0.8660254037844387,-0.4999999999999998,0
2024-04-07,26.39,18.91,77.36,26.39,46.34999999999992,71.91000000000003,176.35,229.99,0.8660254037844387,-0.4999999999999998,0
2024-04-08,0.0,18.43,73.78,0.0,30.349999999999923,56.31000000000002,166.01,229.99,0.8660254037844387,-0.4999999999999998,0
2024-04-09,0.0,18.69,66.55,0.0,26.38999999999992,55.71000000000002,141.04,229.99,0.8660254037844387,-0.4999999999999998,0
2024-04-10,0.0,18.76,58.11,0.0,0.0,49.02000000000002,140.86,229.99,0.8660254037844387,-0.4999999999999998,0
2024-04-11,0.23,19.65,56.63,0.23,0.2299999999999218,46.58000000000002,140.50999999999996,230.22,0.8660254037844387,-0.4999999999999998,0
2024-04-12,0.05,20.03,58.99,0.05,0.2799999999999218,30.630000000000024,140.17,230.23,0.8660254037844387,-0.4999999999999998,0
2024-04-13,0.0,19.92,65.22,0.0,0.2799999999999218,26.670000000000023,132.88,230.02,0.8660254037844387,-0.4999999999999998,0
2024-04-14,1.1,20.07,63.54,1.1,1.149999999999922,1.3800000000000214,73.28999999999998,231.1,0.8660254037844387,-0.4999999999999998,0
2024-04-15,4.6,20.62,67.64,4.6,5.699999999999921,5.980000000000021,62.28999999999997,231.1,0.8660254037844387,-0.4999999999999998,0
2024-04-16,3.38,20.53,71.94,3.38,9.07999999999992,9.36000000000002,65.06999999999996,234.03,0.8660254037844387,-0.4999999999999998,0
2024-04-17,1.89,19.89,79.86,1.89,9.86999999999992,11.25000000000002,60.26999999999997,235.92,0.8660254037844387,-0.4999999999999998,0
2024-04-18,6.79,19.75,82.41,6.79,12.05999999999992,17.81000000000002,64.38999999999997,242.69,0.8660254037844387,-0.4999999999999998,0
2024-04-19,10.93,19.44,84.86,10.93,19.60999999999992,28.69000000000002,59.319999999999965,223.3,0.8660254037844387,-0.4999999999999998,0
2024-04-20,28.33,19.14,84.77,28.33,46.04999999999992,57.02000000000002,83.68999999999997,247.56,0.8660254037844387,-0.4999999999999998,0
2024-04-21,0.33,19.56,77.32,0.33,39.58999999999992,56.250000000000014,57.62999999999997,247.35,0.8660254037844387,-0.4999999999999998,0
2024-04-22,12.66,20.29,84.02,12.66,41.31999999999992,64.31000000000002,70.28999999999996,253.2,0.8660254037844387,-0.4999999999999998,0
2024-04-23,1.29,18.8,75.53,1.29,14.279999999999925,62.22000000000002,71.57999999999997,247.93,0.8660254037844387,-0.4999999999999998,0
2024-04-24,3.49,19.65,75.75,3.49,17.439999999999923,63.82000000000002,75.06999999999996,241.08,0.8660254037844387,-0.4999999999999998,0
2024-04-25,0.27,20.25,71.45,0.27,5.0499999999999226,57.30000000000002,75.10999999999997,216.38,0.8660254037844387,-0.4999999999999998,0
2024-04-26,3.1,19.92,73.78,3.1,6.859999999999922,49.47000000000002,78.15999999999997,219.3,0.8660254037844387,-0.4999999999999998,0
2024-04-27,14.43,20.33,80.83,14.43,17.799999999999923,35.57000000000002,92.58999999999996,233.15,0.8660254037844387,-0.4999999999999998,0
2024-04-28,6.47,20.49,83.74,6.47,23.99999999999992,41.71000000000002,97.95999999999997,239.23,0.8660254037844387,-0.4999999999999998,0
2024-04-29,2.75,20.46,79.75,2.75,23.64999999999992,31.80000000000002,96.10999999999996,234.69,0.8660254037844387,-0.4999999999999998,0
2024-04-30,2.07,20.51,83.13,2.07,11.28999999999992,32.58000000000002,94.79999999999995,176.07,0.8660254037844387,-0.4999999999999998,0
2024-05-01,9.09,19.94,83.52,9.09,13.909999999999922,38.18000000000002,101.99999999999996,169.56,0.49999999999999994,-0.8660254037844387,0
2024-05-02,30.85,19.83,88.0,30.85,42.00999999999992,68.76000000000002,126.05999999999996,199.81,0.49999999999999994,-0.8660254037844387,0
2024-05-03,0.2,20.19,74.41,0.2,40.13999999999992,65.86000000000003,115.32999999999996,193.32,0.49999999999999994,-0.8660254037844387,0
2024-05-04,1.34,20.3,64.05,1.34,32.38999999999992,52.77000000000002,88.33999999999997,191.99,0.49999999999999994,-0.8660254037844387,0
2024-05-05,50.09,19.87,89.11,50.09,51.62999999999992,96.39,138.09999999999997,226.08,0.49999999999999994,-0.8660254037844387,0
2024-05-06,35.08,19.73,90.62,35.08,86.50999999999992,128.72000000000003,160.51999999999998,257.2,0.49999999999999994,-0.8660254037844387,0
2024-05-07,4.3,18.32,83.47,4.3,89.46999999999991,130.95000000000002,163.52999999999997,235.11,0.49999999999999994,-0.8660254037844387,0
2024-05-08,1.18,18.36,81.25,1.18,40.55999999999992,123.04000000000002,161.21999999999997,236.29,0.49999999999999994,-0.8660254037844387,0
2024-05-09,6.59,19.16,78.6,6.59,12.069999999999922,98.78000000000004,167.53999999999996,242.88,0.49999999999999994,-0.8660254037844387,0
2024-05-10,9.8,18.86,83.58,9.8,17.569999999999922,108.38000000000002,174.23999999999998,252.68,0.49999999999999994,-0.8660254037844387,0
2024-05-11,11.27,19.52,84.69,11.27,27.65999999999992,118.31000000000004,171.07999999999996,263.72,0.49999999999999994,-0.8660254037844387,0
2024-05-12,0.33,21.02,79.97,0.33,21.39999999999992,68.55000000000003,164.93999999999997,264.0,0.49999999999999994,-0.8660254037844387,0
2024-05-13,0.3,21.48,77.04,0.3,11.899999999999922,33.770000000000024,162.48999999999995,264.3,0.49999999999999994,-0.8660254037844387,0
2024-05-14,1.24,21.75,79.71,1.24,1.869999999999922,30.710000000000026,161.65999999999997,264.44,0.49999999999999994,-0.8660254037844387,0
2024-05-15,4.51,22.07,81.3,4.51,6.049999999999922,34.04000000000002,157.07999999999996,264.35,0.49999999999999994,-0.8660254037844387,0
2024-05-16,24.35,22.3,84.31,24.35,30.099999999999923,51.800000000000026,150.57999999999998,285.32,0.49999999999999994,-0.8660254037844387,0
2024-05-17,11.37,21.4,86.52,11.37,40.22999999999992,53.370000000000026,161.74999999999997,294.8,0.49999999999999994,-0.8660254037844387,0
2024-05-18,39.07,20.53,90.23,39.07,74.78999999999992,81.17000000000002,199.48,327.08,0.49999999999999994,-0.8660254037844387,0
2024-05-19,17.37,20.86,83.4,17.37,67.80999999999992,98.21000000000002,166.76,333.52,0.49999999999999994,-0.8660254037844387,0
2024-05-20,5.71,21.43,82.3,5.71,62.14999999999992,103.62000000000003,137.38999999999996,310.90000000000003,0.49999999999999994,-0.8660254037844387,0
2024-05-21,5.85,22.25,78.01,5.85,28.92999999999992,108.23000000000002,138.94,316.42,0.49999999999999994,-0.8660254037844387,0
2024-05-22,2.17,22.84,75.0,2.17,13.729999999999922,105.89000000000004,139.92999999999998,305.93,0.49999999999999994,-0.8660254037844387,0
2024-05-23,3.97,23.33,73.49,3.97,11.98999999999992,85.51000000000002,137.30999999999997,308.61,0.49999999999999994,-0.8660254037844387,0
2024-05-24,0.98,24.08,72.88,0.98,7.119999999999922,75.12000000000003,128.48999999999998,306.1,0.49999999999999994,-0.8660254037844387,0
2024-05-25,0.09,23.98,79.6,0.09,5.039999999999922,36.14000000000002,117.30999999999996,305.92,0.49999999999999994,-0.8660254037844387,0
2024-05-26,10.39,24.08,83.4,10.39,11.459999999999924,29.16000000000002,127.36999999999998,313.21000000000004,0.49999999999999994,-0.8660254037844387,0
2024-05-27,129.0,21.7,91.8,129.0,139.47999999999993,152.45000000000002,256.07,427.78,0.49999999999999994,-0.8660254037844387,0
2024-05-28,156.53,21.47,95.69,156.53,295.92,303.13,411.36,577.84,0.49999999999999994,-0.8660254037844387,1
2024-05-29,51.52,22.5,94.04,51.52,337.04999999999995,352.48,458.37,626.61,0.49999999999999994,-0.8660254037844387,1
2024-05-30,76.0,22.85,93.12,76.0,284.04999999999995,424.5100000000001,510.02,700.5400000000001,0.49999999999999994,-0.8660254037844387,0
2024-05-31,33.03,22.58,92.14,33.03,160.54999999999995,456.56000000000006,531.6800000000001,724.48,0.49999999999999994,-0.8660254037844387,0
2024-06-01,40.76,22.73,90.52,40.76,149.78999999999994,497.2300000000001,533.37,734.39,1.2246467991473532e-16,-1.0,0
2024-06-02,71.54,22.31,92.29,71.54,145.32999999999996,558.38,587.54,805.73,1.2246467991473532e-16,-1.0,0
2024-06-03,113.98,21.69,94.44,113.98,226.28,543.36,695.8100000000001,918.37,1.2246467991473532e-16,-1.0,0
2024-06-04,44.91,21.85,90.61,44.91,230.42999999999995,431.74000000000007,734.87,913.19,1.2246467991473532e-16,-1.0,0
2024-06-05,16.28,22.21,88.12,16.28,175.16999999999996,396.50000000000006,748.98,894.39,1.2246467991473532e-16,-1.0,0
2024-06-06,18.42,22.41,87.15,18.42,79.60999999999994,338.92,763.4300000000001,908.51,1.2246467991473532e-16,-1.0,0
2024-06-07,1.58,22.08,89.39,1.58,36.27999999999994,307.47,764.0300000000001,908.91,1.2246467991473532e-16,-1.0,0
2024-06-08,20.37,22.56,90.16,20.37,40.36999999999995,287.08000000000004,784.3100000000001,922.69,1.2246467991473532e-16,-1.0,0
2024-06-09,32.24,22.54,90.64,32.24,54.18999999999995,247.78000000000003,806.1600000000001,945.13,1.2246467991473532e-16,-1.0,0
2024-06-10,13.51,23.08,89.08,13.51,66.11999999999995,147.31000000000003,690.6700000000001,947.37,1.2246467991473532e-16,-1.0,0
2024-06-11,11.26,23.29,87.76,11.26,57.00999999999995,113.66000000000004,545.4000000000001,958.3,1.2246467991473532e-16,-1.0,0
2024-06-12,66.48,22.67,90.19,66.48,91.24999999999994,163.86000000000004,560.36,1024.48,1.2246467991473532e-16,-1.0,0
2024-06-13,57.17,22.7,93.2,57.17,134.90999999999997,202.61000000000007,541.53,1080.41,1.2246467991473532e-16,-1.0,0
2024-06-14,27.54,22.84,91.69,27.54,151.18999999999997,228.57000000000005,536.0400000000001,1103.44,1.2246467991473532e-16,-1.0,0
2024-06-15,28.68,22.93,92.99,28.68,113.38999999999996,236.88000000000005,523.96,1107.7700000000002,1.2246467991473532e-16,-1.0,0
2024-06-16,49.26,23.37,92.53,49.26,105.47999999999996,253.90000000000003,501.68000000000006,1145.66,1.2246467991473532e-16,-1.0,1
2024-06-17,100.18,22.71,94.11,100.18,178.11999999999998,340.57000000000005,487.88,1206.77,1.2246467991473532e-16,-1.0,0
2024-06-18,99.92,22.32,95.19,99.92,249.36,429.2300000000001,542.89,1289.32,1.2246467991473532e-16,-1.0,1
2024-06-19,87.83,21.71,96.63,87.83,287.92999999999995,450.58,614.44,1371.44,1.2246467991473532e-16,-1.0,0
2024-06-20,23.25,21.59,94.01,23.25,211.0,416.66,619.27,1388.84,1.2246467991473532e-16,-1.0,0
2024-06-21,2.03,22.53,86.07,2.03,113.10999999999996,391.15,619.72,1388.7,1.2246467991473532e-16,-1.0,0
2024-06-22,5.09,23.12,85.84,5.09,30.36999999999997,367.56000000000006,604.44,1389.8200000000002,1.2246467991473532e-16,-1.0,0
2024-06-23,7.48,23.36,90.01,7.48,14.599999999999971,325.7800000000001,579.6800000000001,1396.3200000000002,1.2246467991473532e-16,-1.0,0
2024-06-24,12.28,22.8,92.81,12.28,24.849999999999973,237.88,578.45,1408.51,1.2246467991473532e-16,-1.0,0
2024-06-25,11.14,23.19,91.09,11.14,30.89999999999997,149.10000000000005,578.33,1409.26,1.2246467991473532e-16,-1.0,1
2024-06-26,15.19,24.26,87.65,15.19,38.60999999999997,76.46000000000002,527.04,1295.45,1.2246467991473532e-16,-1.0,0
2024-06-27,17.3,23.08,91.79,17.3,43.62999999999997,70.51000000000002,487.17,1156.22,1.2246467991473532e-16,-1.0,0
2024-06-28,34.28,22.51,93.28,34.28,66.76999999999997,102.76000000000002,493.91,1138.9800000000002,1.2246467991473532e-16,-1.0,0
2024-06-29,54.97,22.68,95.54,54.97,106.54999999999995,152.64,520.2,1117.9499999999998,1.2246467991473532e-16,-1.0,0
2024-06-30,232.27,22.87,96.33,232.27,321.52,377.43000000000006,703.21,1317.19,1.2246467991473532e-16,-1.0,0
2024-07-01,78.92,22.71,95.68,78.92,366.16,444.07,681.95,1355.35,-0.4999999999999997,-0.8660254037844388,0
2024-07-02,47.53,22.59,92.95,47.53,358.72,480.46,629.56,1331.34,-0.4999999999999997,-0.8660254037844388,0
2024-07-03,17.4,22.84,92.08,17.4,143.84999999999997,482.67,559.13,1234.76,-0.4999999999999997,-0.8660254037844388,0
2024-07-04,34.93,22.1,94.09,34.93,99.85999999999996,500.3,570.8100000000001,1224.7800000000002,-0.4999999999999997,-0.8660254037844388,0
2024-07-05,47.53,22.29,95.71,47.53,99.85999999999996,513.5500000000001,616.3100000000001,1256.03,-0.4999999999999997,-0.8660254037844388,0
2024-07-06,13.48,22.1,92.81,13.48,95.93999999999998,472.06,624.7,1251.09,-0.4999999999999997,-0.8660254037844388,0
2024-07-07,4.35,22.55,89.79,4.35,65.35999999999997,244.14000000000004,621.57,1253.86,-0.4999999999999997,-0.8660254037844388,1
2024-07-08,5.89,22.67,93.1,5.89,23.71999999999997,171.11,615.1800000000001,1239.38,-0.4999999999999997,-0.8660254037844388,0
2024-07-09,15.29,22.13,94.08,15.29,25.52999999999997,138.87000000000003,619.33,1222.43,-0.4999999999999997,-0.8660254037844388,0
2024-07-10,66.84,22.62,95.06,66.84,88.01999999999998,188.31000000000003,670.98,1275.76,-0.4999999999999997,-0.8660254037844388,0
2024-07-11,88.19,22.6,95.32,88.19,170.32,241.57000000000005,741.87,1352.69,-0.4999999999999997,-0.8660254037844388,0
2024-07-12,40.71,22.59,93.13,40.71,195.74,234.75000000000003,748.3,1326.92,-0.4999999999999997,-0.8660254037844388,0
2024-07-13,7.82,22.71,90.69,7.82,136.71999999999997,229.09000000000003,701.1500000000001,1277.57,-0.4999999999999997,-0.8660254037844388,0
2024-07-14,3.83,23.25,88.28,3.83,52.35999999999999,228.57000000000005,472.71,1253.86,-0.4999999999999997,-0.8660254037844388,0
2024-07-15,12.04,24.0,89.7,12.04,23.689999999999984,234.72000000000003,405.83,1237.2199999999998,-0.4999999999999997,-0.8660254037844388,0
2024-07-16,5.58,23.7,87.35,5.58,21.449999999999985,225.01,363.88,1193.54,-0.4999999999999997,-0.8660254037844388,0
2024-07-17,4.51,24.42,88.63,4.51,22.12999999999998,162.68000000000004,350.98999999999995,1097.87,-0.4999999999999997,-0.8660254037844388,0
2024-07-18,2.96,24.17,90.32,2.96,13.049999999999986,77.45000000000003,319.02,1000.91,-0.4999999999999997,-0.8660254037844388,0
2024-07-19,6.2,24.68,89.21,6.2,13.669999999999986,42.940000000000026,277.69,919.28,-0.4999999999999997,-0.8660254037844388,0
2024-07-20,16.98,23.67,91.23,16.98,26.139999999999983,52.10000000000003,281.19,913.01,-0.4999999999999997,-0.8660254037844388,0
2024-07-21,11.17,23.39,90.37,11.17,34.34999999999999,59.44000000000003,288.01,922.15,-0.4999999999999997,-0.8660254037844388,0
2024-07-22,48.37,22.83,92.91,48.37,76.51999999999998,95.77000000000004,330.48999999999995,965.43,-0.4999999999999997,-0.8660254037844388,0
2024-07-23,55.16,22.47,92.47,55.16,114.7,145.35000000000002,370.36,1013.11,-0.4999999999999997,-0.8660254037844388,0
2024-07-24,14.28,23.05,91.27,14.28,117.80999999999996,155.12000000000003,317.79999999999995,1015.11,-0.4999999999999997,-0.8660254037844388,0
2024-07-25,10.84,23.9,90.46,10.84,80.27999999999999,163.00000000000003,240.45,1014.81,-0.4999999999999997,-0.8660254037844388,0
2024-07-26,2.21,24.27,88.05,2.21,27.32999999999999,159.01000000000002,201.95,1001.83,-0.4999999999999997,-0.8660254037844388,0
2024-07-27,11.35,24.13,88.98,11.35,24.39999999999999,153.38000000000002,205.48,995.88,-0.4999999999999997,-0.8660254037844388,0
2024-07-28,16.74,24.84,86.94,16.74,30.299999999999997,158.95000000000005,218.39,978.34,-0.4999999999999997,-0.8660254037844388,0
2024-07-29,21.14,23.44,92.34,21.14,49.22999999999999,131.72000000000003,227.49,944.51,-0.4999999999999997,-0.8660254037844388,0
2024-07-30,15.18,23.32,91.56,15.18,53.06,91.74000000000004,237.09,727.42,-0.4999999999999997,-0.8660254037844388,1
2024-07-31,17.8,23.67,90.86,17.8,54.12,95.26000000000003,250.38,666.3000000000001,-0.4999999999999997,-0.8660254037844388,0
2024-08-01,19.79,22.21,91.38,19.79,52.77,104.21000000000004,267.21000000000004,638.56,-0.8660254037844385,-0.5000000000000004,0
2024-08-02,62.24,21.15,95.34,62.24,99.83,164.24,323.25,683.4,-0.8660254037844385,-0.5000000000000004,0
2024-08-03,51.36,21.65,94.19,51.36,133.39,204.25000000000003,357.63,699.83,-0.8660254037844385,-0.5000000000000004,0
2024-08-04,14.84,22.23,91.41,14.84,128.44,202.35,361.3,667.14,-0.8660254037844385,-0.5000000000000004,0
2024-08-05,33.22,22.31,93.57,33.22,99.42,214.43000000000004,346.15,686.88,-0.8660254037844385,-0.5000000000000004,0
2024-08-06,28.11,22.66,91.75,28.11,76.17,227.36,319.1,710.64,-0.8660254037844385,-0.5000000000000004,0
2024-08-07,13.88,21.6,93.12,13.88,75.21,223.44000000000003,318.7,718.63,-0.8660254037844385,-0.5000000000000004,0
2024-08-08,27.7,21.67,93.79,27.7,69.69,231.35,335.56,731.04,-0.8660254037844385,-0.5000000000000004,0
2024-08-09,25.15,21.87,93.54,25.15,66.72999999999999,194.26,358.49999999999994,689.35,-0.8660254037844385,-0.5000000000000004,0
2024-08-10,48.2,22.24,93.84,48.2,101.05,191.1,395.35,649.36,-0.8660254037844385,-0.5000000000000004,0
2024-08-11,32.91,22.48,95.69,32.91,106.26,209.17,411.52,641.5600000000001,-0.8660254037844385,-0.5000000000000004,0
2024-08-12,18.22,22.47,94.86,18.22,99.33,194.17,408.6,651.96,-0.8660254037844385,-0.5000000000000004,0
2024-08-13,7.14,23.12,89.6,7.14,58.27,173.20000000000002,400.56,655.27,-0.8660254037844385,-0.5000000000000004,0
2024-08-14,2.31,23.74,88.15,2.31,27.67,161.63000000000002,385.07,645.54,-0.8660254037844385,-0.5000000000000004,0
2024-08-15,23.7,22.72,90.92,23.7,33.15,157.63000000000002,388.98,663.66,-0.8660254037844385,-0.5000000000000004,0
2024-08-16,8.92,22.27,90.7,8.92,34.93,141.4,335.66,668.0699999999999,-0.8660254037844385,-0.5000000000000004,0
2024-08-17,5.24,21.56,90.79,5.24,37.86,98.44000000000004,289.54,670.35,-0.8660254037844385,-0.5000000000000004,0
2024-08-18,17.45,21.03,93.26,17.45,31.61,82.98000000000003,292.15,681.6,-0.8660254037844385,-0.5000000000000004,0
2024-08-19,34.28,20.97,94.53,34.28,56.97,99.04000000000002,293.21,698.9,-0.8660254037844385,-0.5000000000000004,0
2024-08-20,188.63,21.07,97.3,188.63,240.36,280.53000000000003,453.73,876.36,-0.8660254037844385,-0.5000000000000004,1
2024-08-21,46.69,21.41,95.08,46.69,269.6,324.91,486.54,874.6800000000001,-0.8660254037844385,-0.5000000000000004,0
2024-08-22,19.25,20.86,95.11,19.25,254.57,320.46000000000004,478.09,838.77,-0.8660254037844385,-0.5000000000000004,0
2024-08-23,2.56,22.3,92.68,2.56,68.5,314.1,455.5,827.05,-0.8660254037844385,-0.5000000000000004,0
2024-08-24,10.22,21.85,94.52,10.22,32.03,319.08000000000004,417.52,826.4300000000001,-0.8660254037844385,-0.5000000000000004,0
2024-08-25,3.11,22.11,91.84,3.11,15.89,304.74,387.72,827.33,-0.8660254037844385,-0.5000000000000004,0
2024-08-26,0.97,21.7,90.73,0.97,14.3,271.43000000000006,370.47,816.9499999999999,-0.8660254037844385,-0.5000000000000004,0
2024-08-27,2.29,22.24,89.43,2.29,6.37,85.09000000000003,365.62,802.5,-0.8660254037844385,-0.5000000000000004,0
2024-08-28,2.58,22.93,87.95,2.58,5.84,40.98000000000003,365.89,783.9399999999999,-0.8660254037844385,-0.5000000000000004,0
2024-08-29,1.16,23.21,89.4,1.16,6.03,22.89000000000003,343.35,769.9200000000001,-0.8660254037844385,-0.5000000000000004,0
2024-08-30,5.19,23.46,88.38,5.19,8.93,25.52000000000003,339.61999999999995,757.31,-0.8660254037844385,-0.5000000000000004,0
2024-08-31,7.08,23.36,89.59,7.08,13.43,22.38000000000003,341.46,744.6,-0.8660254037844385,-0.5000000000000004,0
2024-09-01,7.98,22.5,93.68,7.98,20.25,27.25000000000003,331.98999999999995,690.34,-1.0,-1.8369701987210297e-16,0
2024-09-02,8.85,23.4,87.79,8.85,23.91,35.13000000000003,306.56,647.8299999999999,-1.0,-1.8369701987210297e-16,0
2024-09-03,10.74,22.64,89.82,10.74,27.57,43.580000000000034,128.67,643.7299999999999,-1.0,-1.8369701987210297e-16,1
2024-09-04,15.67,22.15,92.31,15.67,35.260000000000005,56.67000000000003,97.65,626.1800000000001,-1.0,-1.8369701987210297e-16,0
2024-09-05,17.96,22.76,89.74,17.96,44.370000000000005,73.47000000000003,96.36,616.03,-1.0,-1.8369701987210297e-16,0
2024-09-06,0.68,23.07,88.06,0.68,34.31,68.96000000000004,94.48,602.83,-1.0,-1.8369701987210297e-16,0
2024-09-07,0.28,23.4,86.36,0.28,18.92,62.160000000000025,84.54,575.41,-1.0,-1.8369701987210297e-16,0
2024-09-08,5.96,23.29,87.95,5.96,6.92,60.14000000000003,87.39,556.22,-1.0,-1.8369701987210297e-16,0
2024-09-09,3.55,22.85,86.52,3.55,9.79,54.84000000000003,89.97,511.57,-1.0,-1.8369701987210297e-16,0
2024-09-10,5.89,23.13,89.45,5.89,15.4,49.99000000000002,93.57,484.55,-1.0,-1.8369701987210297e-16,0
2024-09-11,3.75,23.03,90.15,3.75,13.19,38.07000000000002,94.74,470.08,-1.0,-1.8369701987210297e-16,0
2024-09-12,1.14,23.2,87.36,1.14,10.78,21.25000000000003,94.72,464.08,-1.0,-1.8369701987210297e-16,0
2024-09-13,0.66,22.8,85.48,0.66,5.55,21.23000000000003,90.19,462.43,-1.0,-1.8369701987210297e-16,0
2024-09-14,0.81,21.56,89.76,0.81,2.61,21.760000000000023,83.92,439.54,-1.0,-1.8369701987210297e-16,0
2024-09-15,0.11,20.65,90.15,0.11,1.58,15.910000000000029,76.05,430.73,-1.0,-1.8369701987210297e-16,0
2024-09-16,0.15,21.33,84.73,0.15,1.07,12.510000000000026,67.35,425.64,-1.0,-1.8369701987210297e-16,0
2024-09-17,2.22,23.04,84.77,2.22,2.4800000000000004,8.840000000000028,58.83,410.41,-1.0,-1.8369701987210297e-16,0
2024-09-18,0.51,23.79,82.34,0.51,2.88,5.600000000000029,43.67,376.64,-1.0,-1.8369701987210297e-16,0
2024-09-19,0.11,24.35,82.35,0.11,2.84,4.570000000000029,25.82,188.12,-1.0,-1.8369701987210297e-16,0
2024-09-20,0.09,24.62,80.3,0.09,0.71,4.000000000000029,25.23,141.52,-1.0,-1.8369701987210297e-16,0
2024-09-21,4.12,23.3,85.17,4.12,4.32,7.310000000000029,29.07,126.39,-1.0,-1.8369701987210297e-16,0
2024-09-22,0.24,24.11,79.53,0.24,4.45,7.44000000000003,23.35,124.07,-1.0,-1.8369701987210297e-16,0
2024-09-23,4.07,24.33,77.95,4.07,8.43,11.360000000000031,23.87,117.92,-1.0,-1.8369701987210297e-16,0
2024-09-24,20.77,22.64,88.71,20.77,25.08,29.910000000000032,38.75,135.58,-1.0,-1.8369701987210297e-16,0
2024-09-25,41.53,20.59,94.96,41.53,66.37,70.93000000000004,76.53,176.14,-1.0,-1.8369701987210297e-16,0
2024-09-26,24.73,20.14,93.61,24.73,87.03,95.55000000000004,100.12,198.58,-1.0,-1.8369701987210297e-16,0
2024-09-27,5.13,20.43,88.52,5.13,71.39,100.59000000000005,104.59,201.13,-1.0,-1.8369701987210297e-16,0
2024-09-28,9.03,20.43,90.14,9.03,38.89,105.50000000000004,112.81,209.0,-1.0,-1.8369701987210297e-16,0
2024-09-29,18.33,22.04,93.1,18.33,32.489999999999995,123.59000000000005,131.03,222.14,-1.0,-1.8369701987210297e-16,0
2024-09-30,9.32,22.29,91.86,9.32,36.68,128.84000000000003,140.2,224.38,-1.0,-1.8369701987210297e-16,0
2024-10-01,9.59,22.53,91.67,9.59,37.24,117.66000000000004,147.57,225.99,-0.8660254037844386,0.5000000000000001,0
2024-10-02,12.46,21.32,96.96,12.46,31.37,88.59000000000003,159.52,229.6,-0.8660254037844386,0.5000000000000001,0
2024-10-03,32.73,20.16,96.05,32.73,54.78,96.59000000000005,192.14,251.59,-0.8660254037844386,0.5000000000000001,0
2024-10-04,69.09,20.79,94.49,69.09,114.28,160.55,261.14,305.01,-0.8660254037844386,0.5000000000000001,0
2024-10-05,52.39,20.13,96.22,52.39,154.21,203.91000000000005,309.41,339.43999999999994,-0.8660254037844386,0.5000000000000001,0
2024-10-06,3.62,20.54,91.41,3.62,125.1,189.20000000000005,312.79,342.38,-0.8660254037844386,0.5000000000000001,0
2024-10-07,4.21,20.5,88.28,4.21,60.22,184.0900000000001,312.93,346.31,-0.8660254037844386,0.5000000000000001,0
2024-10-08,5.33,20.46,90.12,5.33,13.16,179.83000000000004,297.49,345.68,-0.8660254037844386,0.5000000000000001,0
2024-10-09,3.85,19.74,92.4,3.85,13.39,171.22000000000003,259.81,345.98,-0.8660254037844386,0.5000000000000001,0
2024-10-10,6.6,19.74,93.34,6.6,15.78,145.09000000000003,241.68,346.69,-0.8660254037844386,0.5000000000000001,0
2024-10-11,8.11,20.07,93.4,8.11,18.56,84.11000000000003,244.66,351.05,-0.8660254037844386,0.5000000000000001,0
2024-10-12,2.18,19.9,91.65,2.18,16.89,33.90000000000003,237.81,352.09,-0.8660254037844386,0.5000000000000001,0
2024-10-13,0.01,19.25,82.54,0.01,10.3,30.290000000000028,219.49,351.44,-0.8660254037844386,0.5000000000000001,0
2024-10-14,0.02,19.03,84.38,0.02,2.21,26.100000000000023,210.19,350.65,-0.8660254037844386,0.5000000000000001,0
2024-10-15,3.36,18.4,88.78,3.36,3.39,24.130000000000027,203.96,353.9,-0.8660254037844386,0.5000000000000001,0
2024-10-16,2.43,18.44,84.76,2.43,5.8100000000000005,22.710000000000026,193.93,356.18,-0.8660254037844386,0.5000000000000001,0
2024-10-17,0.6,18.52,82.19,0.6,6.39,16.71000000000003,161.8,354.56,-0.8660254037844386,0.5000000000000001,0
2024-10-18,1.85,19.2,89.01,1.85,4.880000000000001,10.450000000000028,94.56,355.9,-0.8660254037844386,0.5000000000000001,0
2024-10-19,3.29,19.02,83.24,3.29,5.74,11.560000000000027,45.46,359.08,-0.8660254037844386,0.5000000000000001,0
2024-10-20,0.08,18.43,79.83,0.08,5.220000000000001,11.63000000000003,41.92,359.07,-0.8660254037844386,0.5000000000000001,0
2024-10-21,0.0,18.77,86.95,0.0,3.37,11.610000000000028,37.71,354.95,-0.8660254037844386,0.5000000000000001,0
2024-10-22,3.59,19.65,89.0,3.59,3.67,11.840000000000028,35.97,358.3,-0.8660254037844386,0.5000000000000001,0
2024-10-23,8.99,19.61,90.9,8.99,12.58,18.400000000000027,41.11,363.22,-0.8660254037844386,0.5000000000000001,0
2024-10-24,7.0,18.52,93.08,7.0,19.58,24.800000000000026,41.51,349.45,-0.8660254037844386,0.5000000000000001,0
2024-10-25,2.98,19.35,84.23,2.98,18.97,25.930000000000028,36.38,310.9,-0.8660254037844386,0.5000000000000001,0
2024-10-26,0.14,19.91,83.28,0.14,10.12,22.78000000000003,34.34,286.31,-0.8660254037844386,0.5000000000000001,0
2024-10-27,0.0,19.35,86.89,0.0,3.12,22.700000000000028,34.330000000000005,281.17999999999995,-0.8660254037844386,0.5000000000000001,0
2024-10-28,0.0,19.87,84.52,0.0,0.14,22.700000000000028,34.31,272.15,-0.8660254037844386,0.5000000000000001,0
2024-10-29,1.21,19.1,87.85,1.21,1.21,20.32000000000003,32.16,255.03,-0.8660254037844386,0.5000000000000001,0
2024-10-30,4.04,18.75,92.03,4.04,5.25,15.37000000000003,33.77,249.75,-0.8660254037844386,0.5000000000000001,0
2024-10-31,4.11,18.31,90.92,4.11,9.36,12.480000000000029,37.28,244.27,-0.8660254037844386,0.5000000000000001,0
2024-11-01,0.31,17.83,77.43,0.31,8.459999999999999,9.810000000000027,35.739999999999995,232.12,-0.5000000000000004,0.8660254037844384,0
2024-11-02,0.1,18.38,79.24,0.1,4.5200000000000005,9.77000000000003,32.55,199.49,-0.5000000000000004,0.8660254037844384,0
2024-11-03,0.0,18.65,80.85,0.0,0.41,9.77000000000003,32.47,130.39999999999998,-0.5000000000000004,0.8660254037844384,0
2024-11-04,0.42,18.55,77.97,0.42,0.52,10.19000000000003,32.89,78.42999999999999,-0.5000000000000004,0.8660254037844384,0
2024-11-05,0.9,17.66,86.39,0.9,1.3199999999999998,9.88000000000003,30.2,75.71,-0.5000000000000004,0.8660254037844384,0
2024-11-06,0.94,18.21,79.08,0.94,2.26,6.780000000000029,22.15,72.44,-0.5000000000000004,0.8660254037844384,0
2024-11-07,0.01,17.85,75.75,0.01,1.85,2.680000000000028,15.16,67.12,-0.5000000000000004,0.8660254037844384,0
2024-11-08,0.0,17.12,83.98,0.0,0.9499999999999998,2.370000000000028,12.18,63.27,-0.5000000000000004,0.8660254037844384,0
2024-11-09,0.0,16.83,85.58,0.0,0.0099999999999998,2.270000000000028,12.04,56.67,-0.5000000000000004,0.8660254037844384,0
2024-11-10,0.0,16.96,84.23,0.0,0.0,2.270000000000028,12.04,48.56,-0.5000000000000004,0.8660254037844384,0
2024-11-11,0.0,16.52,80.97,0.0,0.0,1.8500000000000285,12.04,46.38,-0.5000000000000004,0.8660254037844384,0
2024-11-12,0.0,16.04,80.71,0.0,0.0,0.9500000000000284,10.83,46.370000000000005,-0.5000000000000004,0.8660254037844384,0
2024-11-13,0.0,16.2,82.2,0.0,0.0,0.0100000000000284,6.79,46.35,-0.5000000000000004,0.8660254037844384,0
2024-11-14,0.0,15.91,85.05,0.0,0.0,0.0,2.68,42.99,-0.5000000000000004,0.8660254037844384,0
2024-11-15,0.0,16.2,85.54,0.0,0.0,0.0,2.37,40.56,-0.5000000000000004,0.8660254037844384,0
2024-11-16,0.0,16.13,85.66,0.0,0.0,0.0,2.27,39.96,-0.5000000000000004,0.8660254037844384,0
2024-11-17,0.0,15.07,84.52,0.0,0.0,0.0,2.27,38.11,-0.5000000000000004,0.8660254037844384,0
2024-11-18,0.0,14.09,82.96,0.0,0.0,0.0,1.85,34.82,-0.5000000000000004,0.8660254037844384,0
2024-11-19,0.0,14.43,80.23,0.0,0.0,0.0,0.95,34.74,-0.5000000000000004,0.8660254037844384,0
2024-11-20,0.0,14.28,83.12,0.0,0.0,0.0,0.01,34.74,-0.5000000000000004,0.8660254037844384,0
2024-11-21,0.0,14.4,88.13,0.0,0.0,0.0,0.0,31.15,-0.5000000000000004,0.8660254037844384,0
2024-11-22,0.0,14.13,80.37,0.0,0.0,0.0,0.0,22.160000000000004,-0.5000000000000004,0.8660254037844384,0
2024-11-23,0.0,13.97,84.93,0.0,0.0,0.0,0.0,15.16,-0.5000000000000004,0.8660254037844384,0
2024-11-24,0.0,14.17,85.19,0.0,0.0,0.0,0.0,12.18,-0.5000000000000004,0.8660254037844384,0
2024-11-25,0.0,13.91,84.0,0.0,0.0,0.0,0.0,12.04,-0.5000000000000004,0.8660254037844384,0
2024-11-26,0.0,13.09,81.74,0.0,0.0,0.0,0.0,12.04,-0.5000000000000004,0.8660254037844384,0
2024-11-27,0.0,12.72,83.12,0.0,0.0,0.0,0.0,12.04,-0.5000000000000004,0.8660254037844384,0
2024-11-28,0.0,12.75,85.26,0.0,0.0,0.0,0.0,10.83,-0.5000000000000004,0.8660254037844384,0
2024-11-29,0.0,14.42,63.88,0.0,0.0,0.0,0.0,6.79,-0.5000000000000004,0.8660254037844384,0
2024-11-30,0.0,14.68,60.37,0.0,0.0,0.0,0.0,2.68,-0.5000000000000004,0.8660254037844384,0
2024-12-01,0.0,14.09,83.98,0.0,0.0,0.0,0.0,2.37,-2.4492935982947064e-16,1.0,0
2024-12-02,0.0,13.36,84.47,0.0,0.0,0.0,0.0,2.27,-2.4492935982947064e-16,1.0,0
2024-12-03,0.0,12.94,80.03,0.0,0.0,0.0,0.0,2.27,-2.4492935982947064e-16,1.0,0
2024-12-04,0.0,12.28,85.25,0.0,0.0,0.0,0.0,1.85,-2.4492935982947064e-16,1.0,0
2024-12-05,0.0,11.82,83.86,0.0,0.0,0.0,0.0,0.95,-2.4492935982947064e-16,1.0,0
2024-12-06,0.0,10.86,82.83,0.0,0.0,0.0,0.0,0.01,-2.4492935982947064e-16,1.0,0
2024-12-07,0.0,10.79,86.38,0.0,0.0,0.0,0.0,0.0,-2.4492935982947064e-16,1.0,0
2024-12-08,0.0,11.15,74.36,0.0,0.0,0.0,0.0,0.0,-2.4492935982947064e-16,1.0,0
2024-12-09,0.0,10.97,67.44,0.0,0.0,0.0,0.0,0.0,-2.4492935982947064e-16,1.0,0
2024-12-10,0.0,10.33,84.28,0.0,0.0,0.0,0.0,0.0,-2.4492935982947064e-16,1.0,0
2024-12-11,0.0,10.3,85.81,0.0,0.0,0.0,0.0,0.0,-2.4492935982947064e-16,1.0,0
2024-12-12,0.0,11.07,82.21,0.0,0.0,0.0,0.0,0.0,-2.4492935982947064e-16,1.0,0
2024-12-13,0.0,11.51,75.88,0.0,0.0,0.0,0.0,0.0,-2.4492935982947064e-16,1.0,0
2024-12-14,0.0,10.71,75.77,0.0,0.0,0.0,0.0,0.0,-2.4492935982947064e-16,1.0,0
2024-12-15,0.0,9.56,68.91,0.0,0.0,0.0,0.0,0.0,-2.4492935982947064e-16,1.0,0
2024-12-16,0.0,12.98,53.21,0.0,0.0,0.0,0.0,0.0,-2.4492935982947064e-16,1.0,0
2024-12-17,0.0,12.4,65.44,0.0,0.0,0.0,0.0,0.0,-2.4492935982947064e-16,1.0,0
2024-12-18,0.0,12.39,81.54,0.0,0.0,0.0,0.0,0.0,-2.4492935982947064e-16,1.0,0
2024-12-19,0.0,12.85,87.94,0.0,0.0,0.0,0.0,0.0,-2.4492935982947064e-16,1.0,0
2024-12-20,0.0,11.77,81.33,0.0,0.0,0.0,0.0,0.0,-2.4492935982947064e-16,1.0,0
2024-12-21,0.0,11.33,77.75,0.0,0.0,0.0,0.0,0.0,-2.4492935982947064e-16,1.0,0
2024-12-22,0.0,10.07,71.52,0.0,0.0,0.0,0.0,0.0,-2.4492935982947064e-16,1.0,0
2024-12-23,0.0,11.57,67.72,0.0,0.0,0.0,0.0,0.0,-2.4492935982947064e-16,1.0,0
2024-12-24,0.0,11.76,68.66,0.0,0.0,0.0,0.0,0.0,-2.4492935982947064e-16,1.0,0
2024-12-25,0.0,11.9,73.75,0.0,0.0,0.0,0.0,0.0,-2.4492935982947064e-16,1.0,0
2024-12-26,0.0,11.9,73.71,0.0,0.0,0.0,0.0,0.0,-2.4492935982947064e-16,1.0,0
2024-12-27,0.0,11.95,76.25,0.0,0.0,0.0,0.0,0.0,-2.4492935982947064e-16,1.0,0
2024-12-28,0.0,13.01,73.26,0.0,0.0,0.0,0.0,0.0,-2.4492935982947064e-16,1.0,0
2024-12-29,0.0,11.77,85.73,0.0,0.0,0.0,0.0,0.0,-2.4492935982947064e-16,1.0,0
2024-12-30,0.0,11.54,84.41,0.0,0.0,0.0,0.0,0.0,-2.4492935982947064e-16,1.0,0
2024-12-31,0.0,11.57,84.27,0.0,0.0,0.0,0.0,0.0,-2.4492935982947064e-16,1.0,0
