latitude,longitude,Slope_Angle,Rainfall_mm,Soil_Saturation,Vegetation_Cover,Earthquake_Activity,Proximity_to_Water,Soil_Type_Gravel,Soil_Type_Sand,Soil_Type_Silt,model_A_probability,model_A_prediction,risk_class
23.765000000000004,86.41555555555557,4.4459,228.0,0.2782,0.5526,4.7,1.0746,1,0,0,0.042549,0,LOW
23.765000000000004,86.41583333333334,9.8708,228.0,0.1297,0.5022,4.7,1.1028,1,0,0,0.038854,0,LOW
23.764722222222225,86.41472222222224,1.0551,228.0,0.5147,0.5851,4.7,0.9897,1,0,0,0.108399,0,LOW
23.764722222222225,86.415,0.7393,228.0,0.5948,0.5842,4.7,1.018,1,0,0,0.145147,0,LOW
23.764722222222225,86.41527777777779,1.5842,228.0,0.4568,0.5807,4.7,1.0463,1,0,0,0.076056,0,LOW
23.764722222222225,86.41555555555557,2.3755,228.0,0.3935,0.5727,4.7,1.0746,1,0,0,0.057551,0,LOW
23.764722222222225,86.41583333333334,8.7168,228.0,0.1482,0.5095,4.7,1.1028,1,0,0,0.037198,0,LOW
23.764722222222225,86.41611111111112,13.1073,228.0,0.0731,0.4749,4.7,1.1311,1,0,0,0.04148,0,LOW
23.764444444444447,86.41388888888889,2.7312,228.0,0.3126,0.5703,4.7,0.9049,1,0,0,0.061061,0,LOW
23.764444444444447,86.41416666666667,1.789,228.0,0.3976,0.5814,4.7,0.9332,1,0,0,0.075813,0,LOW
23.764444444444447,86.41444444444446,1.3705,228.0,0.4519,0.5838,4.7,0.9614,1,0,0,0.088303,0,LOW
23.764444444444447,86.41472222222224,0.9264,228.0,0.5336,0.5814,4.7,0.9897,1,0,0,0.119859,0,LOW
23.764444444444447,86.415,2.4357,228.0,0.3482,0.5725,4.7,1.018,1,0,0,0.053039,0,LOW
23.764444444444447,86.41527777777779,2.5252,228.0,0.3543,0.5727,4.7,1.0463,1,0,0,0.051251,0,LOW
23.764444444444447,86.41555555555557,1.7129,228.0,0.4492,0.5777,4.7,1.0746,1,0,0,0.070173,0,LOW
23.764444444444447,86.41583333333334,5.9022,228.0,0.2183,0.5321,4.7,1.1028,1,0,0,0.037002,0,LOW
23.764444444444447,86.41611111111112,11.1099,228.0,0.1012,0.4875,4.7,1.1311,1,0,0,0.037707,0,LOW
23.76416666666667,86.41277777777779,3.8149,228.0,0.2329,0.5614,4.7,0.7918,1,0,0,0.062299,0,LOW
23.76416666666667,86.41305555555556,3.8353,228.0,0.2361,0.5598,4.7,0.8201,1,0,0,0.059627,0,LOW
23.76416666666667,86.41333333333334,3.5513,228.0,0.2556,0.5634,4.7,0.8483,1,0,0,0.058678,0,LOW
23.76416666666667,86.41361111111112,3.7672,228.0,0.2467,0.5598,4.7,0.8766,1,0,0,0.054279,0,LOW
23.76416666666667,86.41388888888889,3.1624,228.0,0.2832,0.5652,4.7,0.9049,1,0,0,0.056123,0,LOW
23.76416666666667,86.41416666666667,2.9546,228.0,0.2974,0.5685,4.7,0.9332,1,0,0,0.054175,0,LOW
23.76416666666667,86.41444444444446,3.098,228.0,0.2887,0.5683,4.7,0.9614,1,0,0,0.048877,0,LOW
23.76416666666667,86.41472222222224,2.3692,228.0,0.3448,0.571,4.7,0.9897,1,0,0,0.056173,0,LOW
23.76416666666667,86.415,3.7501,228.0,0.2585,0.5618,4.7,1.018,1,0,0,0.039713,0,LOW
23.76416666666667,86.41527777777779,3.2781,228.0,0.2956,0.5648,4.7,1.0463,1,0,0,0.042263,0,LOW
23.76416666666667,86.41555555555557,2.5585,228.0,0.3596,0.5689,4.7,1.0746,1,0,0,0.050253,0,LOW
23.76416666666667,86.41583333333334,2.8614,228.0,0.353,0.5597,4.7,1.1028,1,0,0,0.048937,0,LOW
23.76416666666667,86.41611111111112,7.0941,228.0,0.183,0.5236,4.7,1.1311,1,0,0,0.033274,0,LOW
23.763888888888893,86.41250000000001,1.1851,228.0,0.4593,0.5838,4.7,0.7635,1,0,0,0.144004,0,LOW
23.763888888888893,86.41277777777779,2.1095,228.0,0.3474,0.5756,4.7,0.7918,1,0,0,0.088666,0,LOW
23.763888888888893,86.41305555555556,2.5252,228.0,0.3166,0.5732,4.7,0.8201,1,0,0,0.074423,0,LOW
23.763888888888893,86.41333333333334,2.0988,228.0,0.3589,0.5751,4.7,0.8483,1,0,0,0.081903,0,LOW
23.763888888888893,86.41361111111112,2.7394,228.0,0.3098,0.571,4.7,0.8766,1,0,0,0.064404,0,LOW
23.763888888888893,86.41388888888889,3.0706,228.0,0.2896,0.5658,4.7,0.9049,1,0,0,0.057344,0,LOW
23.763888888888893,86.41416666666667,3.2781,228.0,0.2778,0.5646,4.7,0.9332,1,0,0,0.051497,0,LOW
23.763888888888893,86.41444444444446,4.308,228.0,0.2239,0.5548,4.7,0.9614,1,0,0,0.041913,0,LOW
23.763888888888893,86.41472222222224,3.9393,228.0,0.2433,0.5591,4.7,0.9897,1,0,0,0.040744,0,LOW
23.763888888888893,86.415,4.4395,228.0,0.2226,0.5526,4.7,1.018,1,0,0,0.03688,0,LOW
23.763888888888893,86.41527777777779,3.8353,228.0,0.2584,0.5572,4.7,1.0463,1,0,0,0.038202,0,LOW
23.763888888888893,86.41555555555557,4.4564,228.0,0.2387,0.5539,4.7,1.0746,1,0,0,0.034442,0,LOW
23.763888888888893,86.41583333333334,4.2817,228.0,0.2599,0.5554,4.7,1.1028,1,0,0,0.034928,0,LOW
23.763888888888893,86.41611111111112,3.8831,228.0,0.2917,0.5517,4.7,1.1311,1,0,0,0.037871,0,LOW
23.763888888888893,86.4163888888889,6.3927,228.0,0.1987,0.5306,4.7,1.1594,1,0,0,0.030354,0,LOW
23.76361111111112,86.41250000000001,0.0,228.0,0.9499,0.6,4.7,0.7635,1,0,0,0.658642,1,HIGH
23.76361111111112,86.41277777777779,0.3427,228.0,0.7068,0.5926,4.7,0.7918,1,0,0,0.342485,0,LOW
23.76361111111112,86.41305555555556,1.0551,228.0,0.4876,0.5851,4.7,0.8201,1,0,0,0.141805,0,LOW
23.76361111111112,86.41333333333334,1.6404,228.0,0.4054,0.5814,4.7,0.8483,1,0,0,0.095794,0,LOW
23.76361111111112,86.41361111111112,2.7394,228.0,0.308,0.5703,4.7,0.8766,1,0,0,0.064081,0,LOW
23.76361111111112,86.41388888888889,3.1293,228.0,0.2848,0.5685,4.7,0.9049,1,0,0,0.055356,0,LOW
23.76361111111112,86.41416666666667,2.3692,228.0,0.3423,0.5705,4.7,0.9332,1,0,0,0.0641,0,LOW
23.76361111111112,86.41444444444446,3.3923,228.0,0.2712,0.564,4.7,0.9614,1,0,0,0.046949,0,LOW
23.76361111111112,86.41472222222224,3.4791,228.0,0.2667,0.563,4.7,0.9897,1,0,0,0.043243,0,LOW
23.76361111111112,86.415,3.098,228.0,0.2913,0.5648,4.7,1.018,1,0,0,0.043778,0,LOW
23.76361111111112,86.41527777777779,2.7312,228.0,0.3199,0.5648,4.7,1.0463,1,0,0,0.045775,0,LOW
23.76361111111112,86.41555555555557,3.0187,228.0,0.3066,0.5652,4.7,1.0746,1,0,0,0.040625,0,LOW
23.76361111111112,86.41583333333334,3.4791,228.0,0.2883,0.5629,4.7,1.1028,1,0,0,0.036205,0,LOW
23.76361111111112,86.41611111111112,2.6561,228.0,0.3536,0.5689,4.7,1.1311,1,0,0,0.042541,0,LOW
23.76361111111112,86.4163888888889,4.2653,228.0,0.267,0.5502,4.7,1.1594,1,0,0,0.032259,0,LOW
23.76333333333333,86.41250000000001,0.3427,228.0,0.7027,0.5889,4.7,0.7635,1,0,0,0.359858,0,MODERATE
23.76333333333333,86.41277777777779,0.5051,228.0,0.6278,0.5889,4.7,0.7918,1,0,0,0.260989,0,LOW
23.76333333333333,86.41305555555556,1.3836,228.0,0.4313,0.5807,4.7,0.8201,1,0,0,0.114252,0,LOW
23.76333333333333,86.41333333333334,2.5252,228.0,0.3166,0.5732,4.7,0.8483,1,0,0,0.0694,0,LOW
23.76333333333333,86.41361111111112,3.432,228.0,0.2601,0.5646,4.7,0.8766,1,0,0,0.054979,0,LOW
23.76333333333333,86.41388888888889,3.4103,228.0,0.2648,0.5646,4.7,0.9049,1,0,0,0.052333,0,LOW
23.76333333333333,86.41416666666667,2.8412,228.0,0.3032,0.5664,4.7,0.9332,1,0,0,0.055962,0,LOW
23.76333333333333,86.41444444444446,2.8226,228.0,0.305,0.5703,4.7,0.9614,1,0,0,0.051333,0,LOW
23.76333333333333,86.41472222222224,2.3923,228.0,0.338,0.5696,4.7,0.9897,1,0,0,0.05481,0,LOW
23.76333333333333,86.415,0.6853,228.0,0.588,0.5807,4.7,1.018,1,0,0,0.142715,0,LOW
23.76333333333333,86.41527777777779,2.2836,228.0,0.3487,0.5748,4.7,1.0463,1,0,0,0.048226,0,LOW
23.76333333333333,86.41555555555557,1.441,228.0,0.4449,0.5842,4.7,1.0746,1,0,0,0.06472,0,LOW
23.76333333333333,86.41583333333334,1.1851,228.0,0.4915,0.5851,4.7,1.1028,1,0,0,0.074275,0,LOW
23.76333333333333,86.41611111111112,1.9198,228.0,0.4048,0.5777,4.7,1.1311,1,0,0,0.049451,0,LOW
23.76333333333333,86.4163888888889,4.5558,228.0,0.2399,0.5527,4.7,1.1594,1,0,0,0.028268,0,LOW
23.76333333333333,86.41666666666667,6.9291,228.0,0.1582,0.534,4.7,1.1877,1,0,0,0.023382,0,LOW
23.76305555555556,86.41250000000001,1.0279,228.0,0.4849,0.5851,4.7,0.7635,1,0,0,0.158934,0,LOW
23.76305555555556,86.41277777777779,1.441,228.0,0.4193,0.5807,4.7,0.7918,1,0,0,0.11587,0,LOW
23.76305555555556,86.41305555555556,2.4508,228.0,0.3167,0.5751,4.7,0.8201,1,0,0,0.073219,0,LOW
23.76305555555556,86.41333333333334,2.3923,228.0,0.3257,0.5756,4.7,0.8483,1,0,0,0.070881,0,LOW
23.76305555555556,86.41361111111112,2.3974,228.0,0.329,0.5751,4.7,0.8766,1,0,0,0.06739,0,LOW
23.76305555555556,86.41388888888889,2.7898,228.0,0.3014,0.5683,4.7,0.9049,1,0,0,0.058646,0,LOW
23.76305555555556,86.41416666666667,2.7312,228.0,0.3071,0.5725,4.7,0.9332,1,0,0,0.054599,0,LOW
23.76305555555556,86.41444444444446,2.2168,228.0,0.3492,0.5727,4.7,0.9614,1,0,0,0.060316,0,LOW
23.76305555555556,86.41472222222224,3.2133,228.0,0.2745,0.5696,4.7,0.9897,1,0,0,0.042356,0,LOW
23.76305555555556,86.415,1.6404,228.0,0.4086,0.5732,4.7,1.018,1,0,0,0.067223,0,LOW
23.76305555555556,86.41527777777779,3.1293,228.0,0.2799,0.5689,4.7,1.0463,1,0,0,0.037566,0,LOW
23.76305555555556,86.41555555555557,1.7176,228.0,0.4025,0.5777,4.7,1.0746,1,0,0,0.055455,0,LOW
23.76305555555556,86.41583333333334,1.0551,228.0,0.5055,0.5883,4.7,1.1028,1,0,0,0.077387,0,LOW
23.76305555555556,86.41611111111112,2.0552,228.0,0.38,0.5765,4.7,1.1311,1,0,0,0.044341,0,LOW
23.76305555555556,86.4163888888889,4.1137,228.0,0.2481,0.5586,4.7,1.1594,1,0,0,0.027443,0,LOW
23.76305555555556,86.41666666666667,5.0592,228.0,0.209,0.548,4.7,1.1877,1,0,0,0.023968,0,LOW
23.76277777777778,86.41250000000001,2.2168,228.0,0.334,0.5765,4.7,0.7635,1,0,0,0.089245,0,LOW
23.76277777777778,86.41277777777779,2.4357,228.0,0.3165,0.5717,4.7,0.7918,1,0,0,0.079867,0,LOW
23.76277777777778,86.41305555555556,3.1293,228.0,0.2685,0.5696,4.7,0.8201,1,0,0,0.062667,0,LOW
23.76277777777778,86.41333333333334,1.7176,228.0,0.3909,0.5807,4.7,0.8483,1,0,0,0.090138,0,LOW
23.76277777777778,86.41361111111112,0.7922,228.0,0.5478,0.5851,4.7,0.8766,1,0,0,0.161139,0,LOW
23.76277777777778,86.41388888888889,2.566,228.0,0.3147,0.5751,4.7,0.9049,1,0,0,0.05922,0,LOW
23.76277777777778,86.41416666666667,2.2836,228.0,0.3392,0.5751,4.7,0.9332,1,0,0,0.061025,0,LOW
23.76277777777778,86.41444444444446,0.6853,228.0,0.58,0.5838,4.7,0.9614,1,0,0,0.153943,0,LOW
23.76277777777778,86.41472222222224,2.7394,228.0,0.3027,0.5685,4.7,0.9897,1,0,0,0.047391,0,LOW
23.76277777777778,86.415,3.1018,228.0,0.2776,0.5658,4.7,1.018,1,0,0,0.040563,0,LOW
23.76277777777778,86.41527777777779,3.432,228.0,0.2577,0.5634,4.7,1.0463,1,0,0,0.035475,0,LOW
23.76277777777778,86.41555555555557,1.8523,228.0,0.383,0.5783,4.7,1.0746,1,0,0,0.050586,0,LOW
23.76277777777778,86.41583333333334,1.1851,228.0,0.4766,0.5842,4.7,1.1028,1,0,0,0.069299,0,LOW
23.76277777777778,86.41611111111112,2.2216,228.0,0.3571,0.5774,4.7,1.1311,1,0,0,0.039736,0,LOW
23.76277777777778,86.4163888888889,3.063,228.0,0.2981,0.5689,4.7,1.1594,1,0,0,0.030679,0,LOW
23.76277777777778,86.41666666666667,3.5615,228.0,0.2695,0.5629,4.7,1.1877,1,0,0,0.026534,0,LOW
23.76277777777778,86.41694444444445,3.3522,228.0,0.2783,0.5658,4.7,1.2159,1,0,0,0.024933,0,LOW
23.762500000000003,86.41250000000001,2.3149,228.0,0.3275,0.5727,4.7,0.7635,1,0,0,0.088993,0,LOW
23.762500000000003,86.41277777777779,3.2615,228.0,0.26,0.5664,4.7,0.7918,1,0,0,0.066343,0,LOW
23.762500000000003,86.41305555555556,3.432,228.0,0.2509,0.564,4.7,0.8201,1,0,0,0.060695,0,LOW
23.762500000000003,86.41333333333334,1.6404,228.0,0.3997,0.5774,4.7,0.8483,1,0,0,0.09527,0,LOW
23.762500000000003,86.41361111111112,1.0101,228.0,0.4977,0.5807,4.7,0.8766,1,0,0,0.133124,0,LOW
23.762500000000003,86.41388888888889,2.3974,228.0,0.3261,0.5725,4.7,0.9049,1,0,0,0.062818,0,LOW
23.762500000000003,86.41416666666667,3.4227,228.0,0.2557,0.5666,4.7,0.9332,1,0,0,0.045993,0,LOW
23.762500000000003,86.41444444444446,1.789,228.0,0.3858,0.5765,4.7,0.9614,1,0,0,0.068543,0,LOW
23.762500000000003,86.41472222222224,0.3427,228.0,0.716,0.5774,4.7,0.9897,1,0,0,0.261655,0,LOW
23.762500000000003,86.415,2.0542,228.0,0.358,0.5765,4.7,1.018,1,0,0,0.052793,0,LOW
23.762500000000003,86.41527777777779,2.0542,228.0,0.3585,0.5748,4.7,1.0463,1,0,0,0.049759,0,LOW
23.762500000000003,86.41555555555557,1.6404,228.0,0.4053,0.5814,4.7,1.0746,1,0,0,0.054706,0,LOW
23.762500000000003,86.41583333333334,2.0988,228.0,0.3595,0.5751,4.7,1.1028,1,0,0,0.043399,0,LOW
23.762500000000003,86.41611111111112,2.7312,228.0,0.3114,0.5725,4.7,1.1311,1,0,0,0.033675,0,LOW
23.762500000000003,86.4163888888889,2.4508,228.0,0.3368,0.5727,4.7,1.1594,1,0,0,0.034857,0,LOW
23.762500000000003,86.41666666666667,2.8614,228.0,0.3065,0.5725,4.7,1.1877,1,0,0,0.028666,0,LOW
23.762500000000003,86.41694444444445,3.5615,228.0,0.2597,0.5666,4.7,1.2159,1,0,0,0.022903,0,LOW
23.762222222222228,86.41250000000001,1.3836,228.0,0.4326,0.5826,4.7,0.7635,1,0,0,0.129924,0,LOW
23.762222222222228,86.41277777777779,2.3974,228.0,0.3238,0.5748,4.7,0.7918,1,0,0,0.081118,0,LOW
23.762222222222228,86.41305555555556,1.7176,228.0,0.3912,0.5777,4.7,0.8201,1,0,0,0.098272,0,LOW
23.762222222222228,86.41333333333334,1.5842,228.0,0.4077,0.5793,4.7,0.8483,1,0,0,0.09758,0,LOW
23.762222222222228,86.41361111111112,2.2836,228.0,0.3351,0.5783,4.7,0.8766,1,0,0,0.067597,0,LOW
23.762222222222228,86.41388888888889,1.0551,228.0,0.4901,0.5807,4.7,0.9049,1,0,0,0.12066,0,LOW
23.762222222222228,86.41416666666667,2.7898,228.0,0.2962,0.5703,4.7,0.9332,1,0,0,0.052567,0,LOW
23.762222222222228,86.41444444444446,2.4508,228.0,0.3222,0.5727,4.7,0.9614,1,0,0,0.053602,0,LOW
23.762222222222228,86.41472222222224,2.2836,228.0,0.3361,0.5751,4.7,0.9897,1,0,0,0.052102,0,LOW
23.762222222222228,86.415,1.8989,228.0,0.3728,0.5803,4.7,1.018,1,0,0,0.054977,0,LOW
23.762222222222228,86.41527777777779,1.7129,228.0,0.3938,0.5807,4.7,1.0463,1,0,0,0.055971,0,LOW
23.762222222222228,86.41555555555557,2.2168,228.0,0.3438,0.5732,4.7,1.0746,1,0,0,0.043927,0,LOW
23.762222222222228,86.41583333333334,3.3923,228.0,0.2615,0.5648,4.7,1.1028,1,0,0,0.030911,0,LOW
23.762222222222228,86.41611111111112,3.6915,228.0,0.248,0.5618,4.7,1.1311,1,0,0,0.027947,0,LOW
23.762222222222228,86.4163888888889,2.9546,228.0,0.2952,0.5683,4.7,1.1594,1,0,0,0.030052,0,LOW
23.762222222222228,86.41666666666667,2.7394,228.0,0.3107,0.571,4.7,1.1877,1,0,0,0.029265,0,LOW
23.762222222222228,86.41694444444445,3.4772,228.0,0.2606,0.5646,4.7,1.2159,1,0,0,0.023125,0,LOW
23.762222222222228,86.41722222222224,2.8614,228.0,0.2965,0.5717,4.7,1.2442,1,0,0,0.023598,0,LOW
23.76194444444445,86.41250000000001,1.2836,228.0,0.4516,0.5851,4.7,0.7635,1,0,0,0.13903,0,LOW
23.76194444444445,86.41277777777779,2.0196,228.0,0.3624,0.5807,4.7,0.7918,1,0,0,0.092084,0,LOW
23.76194444444445,86.41305555555556,0.3427,228.0,0.7174,0.5883,4.7,0.8201,1,0,0,0.344294,0,LOW
23.76194444444445,86.41333333333334,1.7825,228.0,0.3877,0.5814,4.7,0.8483,1,0,0,0.088841,0,LOW
23.76194444444445,86.41361111111112,1.8989,228.0,0.3749,0.5774,4.7,0.8766,1,0,0,0.080347,0,LOW
23.76194444444445,86.41388888888889,1.3894,228.0,0.4373,0.5826,4.7,0.9049,1,0,0,0.095066,0,LOW
23.76194444444445,86.41416666666667,2.1125,228.0,0.3533,0.5774,4.7,0.9332,1,0,0,0.063771,0,LOW
23.76194444444445,86.41444444444446,2.6882,228.0,0.3044,0.5748,4.7,0.9614,1,0,0,0.049298,0,LOW
23.76194444444445,86.41472222222224,2.8614,228.0,0.291,0.5727,4.7,0.9897,1,0,0,0.043978,0,LOW
23.76194444444445,86.415,2.072,228.0,0.3547,0.5783,4.7,1.018,1,0,0,0.051444,0,LOW
23.76194444444445,86.41527777777779,1.8989,228.0,0.3719,0.5814,4.7,1.0463,1,0,0,0.05062,0,LOW
23.76194444444445,86.41555555555557,2.4508,228.0,0.3219,0.5727,4.7,1.0746,1,0,0,0.040122,0,LOW
23.76194444444445,86.41583333333334,2.7312,228.0,0.3025,0.5725,4.7,1.1028,1,0,0,0.034585,0,LOW
23.76194444444445,86.41611111111112,2.5252,228.0,0.3211,0.571,4.7,1.1311,1,0,0,0.035124,0,LOW
23.76194444444445,86.4163888888889,2.9546,228.0,0.292,0.5658,4.7,1.1594,1,0,0,0.029998,0,LOW
23.76194444444445,86.41666666666667,3.2615,228.0,0.2729,0.5664,4.7,1.1877,1,0,0,0.025789,0,LOW
23.76194444444445,86.41694444444445,3.0812,228.0,0.2833,0.5664,4.7,1.2159,1,0,0,0.024927,0,LOW
23.76194444444445,86.41722222222224,2.2216,228.0,0.3478,0.5756,4.7,1.2174,1,0,0,0.03064,0,LOW
23.76166666666667,86.41250000000001,2.3755,228.0,0.3353,0.5725,4.7,0.7635,1,0,0,0.093003,0,LOW
23.76166666666667,86.41277777777779,2.4508,228.0,0.3306,0.5748,4.7,0.7918,1,0,0,0.084246,0,LOW
23.76166666666667,86.41305555555556,1.3894,228.0,0.4441,0.5793,4.7,0.8201,1,0,0,0.122392,0,LOW
23.76166666666667,86.41333333333334,2.1095,228.0,0.3599,0.5756,4.7,0.8483,1,0,0,0.082146,0,LOW
23.76166666666667,86.41361111111112,2.6561,228.0,0.3127,0.571,4.7,0.8766,1,0,0,0.064912,0,LOW
23.76166666666667,86.41388888888889,2.5585,228.0,0.319,0.5727,4.7,0.9049,1,0,0,0.061333,0,LOW
23.76166666666667,86.41416666666667,2.1095,228.0,0.3561,0.5765,4.7,0.9332,1,0,0,0.064998,0,LOW
23.76166666666667,86.41444444444446,2.2216,228.0,0.3438,0.5765,4.7,0.9614,1,0,0,0.057432,0,LOW
23.76166666666667,86.41472222222224,2.2836,228.0,0.3362,0.5765,4.7,0.9897,1,0,0,0.051705,0,LOW
23.76166666666667,86.415,2.0196,228.0,0.3588,0.5807,4.7,1.018,1,0,0,0.051578,0,LOW
23.76166666666667,86.41527777777779,2.2836,228.0,0.3329,0.5765,4.7,1.0463,1,0,0,0.044024,0,LOW
23.76166666666667,86.41555555555557,2.566,228.0,0.3097,0.5756,4.7,1.0746,1,0,0,0.037382,0,LOW
23.76166666666667,86.41583333333334,1.515,228.0,0.417,0.5826,4.7,1.1028,1,0,0,0.053148,0,LOW
23.76166666666667,86.41611111111112,1.2836,228.0,0.4533,0.5826,4.7,1.1311,1,0,0,0.058406,0,LOW
23.76166666666667,86.4163888888889,2.3755,228.0,0.3335,0.5727,4.7,1.1594,1,0,0,0.034049,0,LOW
23.76166666666667,86.41666666666667,1.7176,228.0,0.4007,0.5777,4.7,1.1877,1,0,0,0.041219,0,LOW
23.76166666666667,86.41694444444445,1.0279,228.0,0.5044,0.5777,4.7,1.1889,1,0,0,0.065914,0,LOW
23.76166666666667,86.41722222222224,1.1112,228.0,0.4899,0.5842,4.7,1.1866,1,0,0,0.059749,0,LOW
23.76166666666667,86.4175,0.6853,228.0,0.5895,0.5883,4.7,1.1851,1,0,0,0.092983,0,LOW
23.76166666666667,86.41777777777779,1.1851,228.0,0.4855,0.5751,4.7,1.1842,1,0,0,0.062337,0,LOW
23.76138888888889,86.41250000000001,4.4882,228.0,0.2155,0.5554,4.7,0.7635,1,0,0,0.06696,0,LOW
23.76138888888889,86.41277777777779,3.8149,228.0,0.2496,0.5612,4.7,0.7918,1,0,0,0.067843,0,LOW
23.76138888888889,86.41305555555556,3.2391,228.0,0.2818,0.564,4.7,0.8201,1,0,0,0.069813,0,LOW
23.76138888888889,86.41333333333334,3.4791,228.0,0.2658,0.564,4.7,0.8483,1,0,0,0.061213,0,LOW
23.76138888888889,86.41361111111112,3.5513,228.0,0.2595,0.5634,4.7,0.8766,1,0,0,0.055737,0,LOW
23.76138888888889,86.41388888888889,2.8412,228.0,0.3017,0.5685,4.7,0.9049,1,0,0,0.058914,0,LOW
23.76138888888889,86.41416666666667,1.3894,228.0,0.4417,0.5793,4.7,0.9332,1,0,0,0.092388,0,LOW
23.76138888888889,86.41444444444446,1.7756,228.0,0.3894,0.5803,4.7,0.9614,1,0,0,0.068213,0,LOW
23.76138888888889,86.41472222222224,2.2216,228.0,0.3411,0.5777,4.7,0.9897,1,0,0,0.052377,0,LOW
23.76138888888889,86.415,2.2216,228.0,0.3379,0.5777,4.7,1.018,1,0,0,0.047958,0,LOW
23.76138888888889,86.41527777777779,2.3755,228.0,0.3221,0.5777,4.7,1.0463,1,0,0,0.041663,0,LOW
23.76138888888889,86.41555555555557,1.7825,228.0,0.3791,0.5783,4.7,1.0746,1,0,0,0.049302,0,LOW
23.76138888888889,86.41583333333334,1.4783,228.0,0.4185,0.5814,4.7,1.1028,1,0,0,0.05377,0,LOW
23.76138888888889,86.41611111111112,2.3923,228.0,0.3265,0.5748,4.7,1.1311,1,0,0,0.034927,0,LOW
23.76138888888889,86.4163888888889,3.469,228.0,0.2574,0.5648,4.7,1.1594,1,0,0,0.026294,0,LOW
23.76138888888889,86.41666666666667,2.3923,228.0,0.3367,0.5727,4.7,1.1611,1,0,0,0.034517,0,LOW
23.76138888888889,86.41694444444445,1.0279,228.0,0.5091,0.5793,4.7,1.1582,1,0,0,0.072171,0,LOW
23.76138888888889,86.41722222222224,1.1112,228.0,0.4961,0.5777,4.7,1.1559,1,0,0,0.069099,0,LOW
23.76138888888889,86.4175,2.1095,228.0,0.371,0.5689,4.7,1.1543,1,0,0,0.041911,0,LOW
23.76138888888889,86.41777777777779,4.1445,228.0,0.2399,0.5548,4.7,1.1534,1,0,0,0.027387,0,LOW
23.76138888888889,86.41805555555557,6.1415,228.0,0.1651,0.5359,4.7,1.1532,1,0,0,0.024535,0,LOW
23.76138888888889,86.41833333333334,6.3956,228.0,0.1589,0.5356,4.7,1.1537,1,0,0,0.024276,0,LOW
23.76138888888889,86.41861111111112,5.3009,228.0,0.1958,0.5443,4.7,1.1548,1,0,0,0.025424,0,LOW
23.76111111111112,86.41250000000001,5.4663,228.0,0.1814,0.5454,4.7,0.7635,1,0,0,0.064665,0,LOW
23.76111111111112,86.41277777777779,4.2132,228.0,0.2351,0.5554,4.7,0.7918,1,0,0,0.067347,0,LOW
23.76111111111112,86.41305555555556,3.7006,228.0,0.26,0.5614,4.7,0.8201,1,0,0,0.065929,0,LOW
23.76111111111112,86.41333333333334,3.7006,228.0,0.2574,0.5614,4.7,0.8483,1,0,0,0.060639,0,LOW
23.76111111111112,86.41361111111112,3.8353,228.0,0.2469,0.5598,4.7,0.8766,1,0,0,0.054638,0,LOW
23.76111111111112,86.41388888888889,4.1445,228.0,0.2277,0.5583,4.7,0.9049,1,0,0,0.047708,0,LOW
23.76111111111112,86.41416666666667,3.1018,228.0,0.2816,0.5646,4.7,0.9332,1,0,0,0.051751,0,LOW
23.76111111111112,86.41444444444446,3.1624,228.0,0.2733,0.5664,4.7,0.9614,1,0,0,0.045914,0,LOW
23.76111111111112,86.41472222222224,3.098,228.0,0.273,0.5689,4.7,0.9897,1,0,0,0.041801,0,LOW
23.76111111111112,86.415,2.3923,228.0,0.3209,0.5751,4.7,1.018,1,0,0,0.045259,0,LOW
23.76111111111112,86.41527777777779,1.441,228.0,0.4196,0.5807,4.7,1.0463,1,0,0,0.06239,0,LOW
23.76111111111112,86.41555555555557,0.6853,228.0,0.5677,0.5866,4.7,1.0746,1,0,0,0.110103,0,LOW
23.76111111111112,86.41583333333334,0.7393,228.0,0.5551,0.5883,4.7,1.1028,1,0,0,0.096336,0,LOW
23.76111111111112,86.41611111111112,1.441,228.0,0.4275,0.5793,4.7,1.1311,1,0,0,0.052893,0,LOW
23.76111111111112,86.4163888888889,2.4508,228.0,0.3291,0.5727,4.7,1.1343,1,0,0,0.035726,0,LOW
23.76111111111112,86.41666666666667,3.0071,228.0,0.2958,0.5676,4.7,1.1305,1,0,0,0.032765,0,LOW
23.76111111111112,86.41694444444445,3.1659,228.0,0.2909,0.5602,4.7,1.1275,1,0,0,0.034088,0,LOW
23.76111111111112,86.41722222222224,4.4395,228.0,0.2258,0.5514,4.7,1.1251,1,0,0,0.028643,0,LOW
23.76111111111112,86.4175,5.0407,228.0,0.2015,0.5502,4.7,1.1235,1,0,0,0.026833,0,LOW
23.76111111111112,86.41777777777779,4.5369,228.0,0.2239,0.5504,4.7,1.1226,1,0,0,0.028952,0,LOW
23.76111111111112,86.41805555555557,5.5664,228.0,0.184,0.5421,4.7,1.1223,1,0,0,0.026948,0,LOW
23.76111111111112,86.41833333333334,4.7691,228.0,0.2148,0.5477,4.7,1.1228,1,0,0,0.028594,0,LOW
23.76111111111112,86.41861111111112,3.2391,228.0,0.2904,0.563,4.7,1.1241,1,0,0,0.033939,0,LOW
23.76111111111112,86.4188888888889,2.0988,228.0,0.3745,0.5727,4.7,1.126,1,0,0,0.044817,0,LOW
23.76111111111112,86.41916666666667,2.3974,228.0,0.3456,0.5732,4.7,1.1286,1,0,0,0.039199,0,LOW
23.760833333333338,86.41250000000001,4.9799,228.0,0.2021,0.55,4.7,0.7635,1,0,0,0.06719,0,LOW
23.760833333333338,86.41277777777779,3.7672,228.0,0.2597,0.5591,4.7,0.7918,1,0,0,0.07195,0,LOW
23.760833333333338,86.41305555555556,3.4791,228.0,0.2741,0.564,4.7,0.8201,1,0,0,0.068482,0,LOW
23.760833333333338,86.41333333333334,3.4791,228.0,0.2708,0.564,4.7,0.8483,1,0,0,0.062779,0,LOW
23.760833333333338,86.41361111111112,3.2615,228.0,0.2797,0.5646,4.7,0.8766,1,0,0,0.059891,0,LOW
23.760833333333338,86.41388888888889,3.7672,228.0,0.2462,0.5597,4.7,0.9049,1,0,0,0.050429,0,LOW
23.760833333333338,86.41416666666667,3.3923,228.0,0.2622,0.564,4.7,0.9332,1,0,0,0.048164,0,LOW
23.760833333333338,86.41444444444446,2.9546,228.0,0.285,0.567,4.7,0.9614,1,0,0,0.047758,0,LOW
23.760833333333338,86.41472222222224,2.1095,228.0,0.3481,0.5756,4.7,0.9897,1,0,0,0.054446,0,LOW
23.760833333333338,86.415,1.0551,228.0,0.4832,0.5842,4.7,1.018,1,0,0,0.087317,0,LOW
23.760833333333338,86.41527777777779,0.3427,228.0,0.7062,0.5926,4.7,1.0463,1,0,0,0.208353,0,LOW
23.760833333333338,86.41555555555557,0.3427,228.0,0.7067,0.5926,4.7,1.0746,1,0,0,0.196591,0,LOW
23.760833333333338,86.41583333333334,1.3705,228.0,0.4332,0.5838,4.7,1.1028,1,0,0,0.056641,0,LOW
23.760833333333338,86.41611111111112,1.3836,228.0,0.4382,0.5851,4.7,1.1083,1,0,0,0.056929,0,LOW
23.760833333333338,86.4163888888889,1.1112,228.0,0.4914,0.5842,4.7,1.1038,1,0,0,0.073995,0,LOW
23.760833333333338,86.41666666666667,4.0606,228.0,0.2414,0.5583,4.7,1.0999,1,0,0,0.030834,0,LOW
23.760833333333338,86.41694444444445,6.1479,228.0,0.1641,0.5375,4.7,1.0968,1,0,0,0.028006,0,LOW
23.760833333333338,86.41722222222224,5.8448,228.0,0.1756,0.5432,4.7,1.0944,1,0,0,0.028197,0,LOW
23.760833333333338,86.4175,3.3923,228.0,0.283,0.5597,4.7,1.0927,1,0,0,0.036577,0,LOW
23.760833333333338,86.41777777777779,1.1851,228.0,0.4908,0.5732,4.7,1.0917,1,0,0,0.081387,0,LOW
23.760833333333338,86.41805555555557,3.8458,228.0,0.2533,0.5602,4.7,1.0915,1,0,0,0.032558,0,LOW
23.760833333333338,86.41833333333334,4.1386,228.0,0.2369,0.5576,4.7,1.092,1,0,0,0.031071,0,LOW
23.760833333333338,86.41861111111112,0.3427,228.0,0.7332,0.5793,4.7,1.0933,1,0,0,0.225652,0,LOW
23.760833333333338,86.4188888888889,1.0279,228.0,0.5126,0.5866,4.7,1.0952,1,0,0,0.082282,0,LOW
23.760833333333338,86.41916666666667,2.072,228.0,0.3727,0.5774,4.7,1.0979,1,0,0,0.046297,0,LOW
23.760833333333338,86.41944444444445,3.3522,228.0,0.2768,0.5666,4.7,1.1014,1,0,0,0.033129,0,LOW
23.760833333333338,86.41972222222223,2.6882,228.0,0.3198,0.5717,4.7,1.1055,1,0,0,0.037617,0,LOW
23.760833333333338,86.42000000000002,1.0551,228.0,0.5037,0.5826,4.7,1.1103,1,0,0,0.077773,0,LOW
23.76055555555556,86.41250000000001,4.8372,228.0,0.2071,0.5539,4.7,0.7635,1,0,0,0.0666,0,LOW
23.76055555555556,86.41277777777779,2.6882,228.0,0.3269,0.5717,4.7,0.7918,1,0,0,0.08578,0,LOW
23.76055555555556,86.41305555555556,1.0551,228.0,0.5128,0.5826,4.7,0.8201,1,0,0,0.161208,0,LOW
23.76055555555556,86.41333333333334,1.0279,228.0,0.5147,0.5814,4.7,0.8483,1,0,0,0.153257,0,LOW
23.76055555555556,86.41361111111112,1.7825,228.0,0.4001,0.5783,4.7,0.8766,1,0,0,0.08968,0,LOW
23.76055555555556,86.41388888888889,1.7825,228.0,0.3948,0.5803,4.7,0.9049,1,0,0,0.080619,0,LOW
23.76055555555556,86.41416666666667,1.0279,228.0,0.4994,0.5866,4.7,0.9332,1,0,0,0.114016,0,LOW
23.76055555555556,86.41444444444446,1.0551,228.0,0.4893,0.5866,4.7,0.9614,1,0,0,0.101773,0,LOW
23.76055555555556,86.41472222222224,1.0551,228.0,0.4857,0.5866,4.7,0.9897,1,0,0,0.093417,0,LOW
23.76055555555556,86.415,0.9264,228.0,0.5101,0.5889,4.7,1.018,1,0,0,0.096035,0,LOW
23.76055555555556,86.41527777777779,1.1851,228.0,0.4611,0.5838,4.7,1.0463,1,0,0,0.07394,0,LOW
23.76055555555556,86.41555555555557,1.789,228.0,0.3811,0.5807,4.7,1.0746,1,0,0,0.049141,0,LOW
23.76055555555556,86.41583333333334,2.0542,228.0,0.358,0.5793,4.7,1.0834,1,0,0,0.043983,0,LOW
23.76055555555556,86.41611111111112,1.1851,228.0,0.4753,0.5842,4.7,1.078,1,0,0,0.073216,0,LOW
23.76055555555556,86.4163888888889,0.7393,228.0,0.5789,0.5889,4.7,1.0733,1,0,0,0.115537,0,LOW
23.76055555555556,86.41666666666667,4.2917,228.0,0.236,0.5576,4.7,1.0693,1,0,0,0.033218,0,LOW
23.76055555555556,86.41694444444445,7.2883,228.0,0.1343,0.5312,4.7,1.0661,1,0,0,0.029659,0,LOW
23.76055555555556,86.41722222222224,5.3336,228.0,0.1963,0.5454,4.7,1.0636,1,0,0,0.032168,0,LOW
23.76055555555556,86.4175,0.9264,228.0,0.5414,0.5777,4.7,1.0619,1,0,0,0.107004,0,LOW
23.76055555555556,86.41777777777779,1.441,228.0,0.4468,0.5826,4.7,1.0609,1,0,0,0.068235,0,LOW
23.76055555555556,86.41805555555557,2.2836,228.0,0.3502,0.571,4.7,1.0607,1,0,0,0.047908,0,LOW
23.76055555555556,86.41833333333334,4.2653,228.0,0.2227,0.5597,4.7,1.0612,1,0,0,0.031186,0,LOW
23.76055555555556,86.41861111111112,2.0552,228.0,0.3686,0.5751,4.7,1.0625,1,0,0,0.050205,0,LOW
23.76055555555556,86.4188888888889,1.0279,228.0,0.5089,0.5842,4.7,1.0645,1,0,0,0.088271,0,LOW
23.76055555555556,86.41916666666667,1.8989,228.0,0.3901,0.5774,4.7,1.0673,1,0,0,0.053918,0,LOW
23.76055555555556,86.41944444444445,3.8458,228.0,0.2529,0.5629,4.7,1.0708,1,0,0,0.033727,0,LOW
23.76055555555556,86.41972222222223,3.0279,228.0,0.3027,0.5689,4.7,1.0751,1,0,0,0.038932,0,LOW
23.76055555555556,86.42000000000002,1.3705,228.0,0.4601,0.5793,4.7,1.08,1,0,0,0.070485,0,LOW
23.76027777777778,86.41250000000001,4.6294,228.0,0.2138,0.5554,4.7,0.7635,1,0,0,0.067152,0,LOW
23.76027777777778,86.41277777777779,2.7394,228.0,0.3223,0.5696,4.7,0.7918,1,0,0,0.085202,0,LOW
23.76027777777778,86.41305555555556,2.7772,228.0,0.3197,0.5683,4.7,0.8201,1,0,0,0.079296,0,LOW
23.76027777777778,86.41333333333334,3.3923,228.0,0.2773,0.5652,4.7,0.8483,1,0,0,0.063972,0,LOW
23.76027777777778,86.41361111111112,3.1624,228.0,0.2871,0.5666,4.7,0.8766,1,0,0,0.060967,0,LOW
23.76027777777778,86.41388888888889,1.789,228.0,0.3954,0.5783,4.7,0.9049,1,0,0,0.081822,0,LOW
23.76027777777778,86.41416666666667,0.3427,228.0,0.7195,0.5866,4.7,0.9332,1,0,0,0.284069,0,LOW
23.76027777777778,86.41444444444446,1.3705,228.0,0.4375,0.5838,4.7,0.9614,1,0,0,0.082256,0,LOW
23.76027777777778,86.41472222222224,2.1095,228.0,0.3487,0.5765,4.7,0.9897,1,0,0,0.054327,0,LOW
23.76027777777778,86.415,2.5585,228.0,0.3106,0.5732,4.7,1.018,1,0,0,0.044007,0,LOW
23.76027777777778,86.41527777777779,2.8226,228.0,0.2941,0.5703,4.7,1.0463,1,0,0,0.039088,0,LOW
23.76027777777778,86.41555555555557,2.9546,228.0,0.2898,0.5689,4.7,1.0595,1,0,0,0.037673,0,LOW
23.76027777777778,86.41583333333334,2.6561,228.0,0.3169,0.571,4.7,1.0532,1,0,0,0.042434,0,LOW
23.76027777777778,86.41611111111112,1.9198,228.0,0.3887,0.5756,4.7,1.0476,1,0,0,0.056951,0,LOW
23.76027777777778,86.4163888888889,1.0551,228.0,0.516,0.5826,4.7,1.0428,1,0,0,0.097391,0,LOW
23.76027777777778,86.41666666666667,3.2878,228.0,0.2951,0.5623,4.7,1.0387,1,0,0,0.043654,0,LOW
23.76027777777778,86.41694444444445,7.3742,228.0,0.135,0.5277,4.7,1.0354,1,0,0,0.033145,0,LOW
23.76027777777778,86.41722222222224,5.9022,228.0,0.1761,0.541,4.7,1.0329,1,0,0,0.033746,0,LOW
23.76027777777778,86.4175,0.6853,228.0,0.5986,0.5826,4.7,1.0311,1,0,0,0.143993,0,LOW
23.76027777777778,86.41777777777779,1.1112,228.0,0.4928,0.5842,4.7,1.0301,1,0,0,0.089269,0,LOW
23.76027777777778,86.41805555555557,1.1112,228.0,0.4863,0.5842,4.7,1.0298,1,0,0,0.086527,0,LOW
23.76027777777778,86.41833333333334,2.6882,228.0,0.3073,0.5676,4.7,1.0304,1,0,0,0.043791,0,LOW
23.76027777777778,86.41861111111112,2.7657,228.0,0.3033,0.5685,4.7,1.0317,1,0,0,0.042803,0,LOW
23.76027777777778,86.4188888888889,2.5585,228.0,0.3242,0.5717,4.7,1.0338,1,0,0,0.045734,0,LOW
23.76027777777778,86.41916666666667,2.7657,228.0,0.3166,0.5664,4.7,1.0367,1,0,0,0.045818,0,LOW
23.76027777777778,86.41944444444445,4.4882,228.0,0.2278,0.5554,4.7,1.0403,1,0,0,0.03533,0,LOW
23.76027777777778,86.41972222222223,4.7864,228.0,0.2205,0.5527,4.7,1.0447,1,0,0,0.035038,0,LOW
23.76027777777778,86.42000000000002,3.4227,228.0,0.2889,0.5602,4.7,1.0498,1,0,0,0.042079,0,LOW
23.760000000000005,86.41250000000001,3.0071,228.0,0.2983,0.564,4.7,0.7635,1,0,0,0.085512,0,LOW
23.760000000000005,86.41277777777779,3.2781,228.0,0.2861,0.563,4.7,0.7918,1,0,0,0.077178,0,LOW
23.760000000000005,86.41305555555556,4.4564,228.0,0.227,0.5541,4.7,0.8201,1,0,0,0.061904,0,LOW
23.760000000000005,86.41333333333334,4.192,228.0,0.2388,0.5567,4.7,0.8483,1,0,0,0.059027,0,LOW
23.760000000000005,86.41361111111112,2.5585,228.0,0.3345,0.5664,4.7,0.8766,1,0,0,0.07376,0,LOW
23.760000000000005,86.41388888888889,1.2836,228.0,0.4667,0.574,4.7,0.9049,1,0,0,0.113936,0,LOW
23.760000000000005,86.41416666666667,2.0552,228.0,0.3657,0.5774,4.7,0.9332,1,0,0,0.067563,0,LOW
23.760000000000005,86.41444444444446,2.3923,228.0,0.3296,0.5756,4.7,0.9614,1,0,0,0.054467,0,LOW
23.760000000000005,86.41472222222224,2.3923,228.0,0.3277,0.5756,4.7,0.9897,1,0,0,0.050214,0,LOW
23.760000000000005,86.415,1.9198,228.0,0.3746,0.5783,4.7,1.018,1,0,0,0.056228,0,LOW
23.760000000000005,86.41527777777779,1.9198,228.0,0.3811,0.5774,4.7,1.0367,1,0,0,0.055733,0,LOW
23.760000000000005,86.41555555555557,2.7657,228.0,0.3158,0.5676,4.7,1.0295,1,0,0,0.046148,0,LOW
23.760000000000005,86.41583333333334,3.1018,228.0,0.3,0.5683,4.7,1.0231,1,0,0,0.044283,0,LOW
23.760000000000005,86.41611111111112,3.098,228.0,0.3064,0.5666,4.7,1.0173,1,0,0,0.046897,0,LOW
23.760000000000005,86.4163888888889,2.0552,228.0,0.3935,0.5756,4.7,1.0124,1,0,0,0.064442,0,LOW
23.760000000000005,86.41666666666667,2.6882,228.0,0.3424,0.567,4.7,1.0082,1,0,0,0.055643,0,LOW
23.760000000000005,86.41694444444445,6.2928,228.0,0.1701,0.5392,4.7,1.0048,1,0,0,0.036723,0,LOW
23.760000000000005,86.41722222222224,5.2243,228.0,0.2004,0.5477,4.7,1.0021,1,0,0,0.037635,0,LOW
23.760000000000005,86.4175,2.4357,228.0,0.3422,0.5732,4.7,1.0003,1,0,0,0.053575,0,LOW
23.760000000000005,86.41777777777779,1.3894,228.0,0.4431,0.5807,4.7,0.9993,1,0,0,0.078539,0,LOW
23.760000000000005,86.41805555555557,1.0551,228.0,0.4904,0.5866,4.7,0.999,1,0,0,0.093458,0,LOW
23.760000000000005,86.41833333333334,1.7129,228.0,0.3911,0.5807,4.7,0.9996,1,0,0,0.062083,0,LOW
23.760000000000005,86.41861111111112,1.9198,228.0,0.3716,0.5756,4.7,1.0009,1,0,0,0.058727,0,LOW
23.760000000000005,86.4188888888889,2.5585,228.0,0.3223,0.5717,4.7,1.0031,1,0,0,0.048968,0,LOW
23.760000000000005,86.41916666666667,3.3923,228.0,0.2775,0.5607,4.7,1.006,1,0,0,0.044133,0,LOW
23.760000000000005,86.41944444444445,4.9407,228.0,0.2143,0.548,4.7,1.0098,1,0,0,0.038658,0,LOW
23.760000000000005,86.41972222222223,6.178,228.0,0.1786,0.537,4.7,1.0143,1,0,0,0.037582,0,LOW
23.760000000000005,86.42000000000002,6.24,228.0,0.1801,0.5349,4.7,1.0195,1,0,0,0.038037,0,LOW
23.759722222222223,86.41250000000001,1.1851,228.0,0.4829,0.574,4.7,0.7635,1,0,0,0.168687,0,LOW
23.759722222222223,86.41277777777779,3.5745,228.0,0.2694,0.5614,4.7,0.7918,1,0,0,0.073391,0,LOW
23.759722222222223,86.41305555555556,4.2817,228.0,0.2383,0.5567,4.7,0.8201,1,0,0,0.063652,0,LOW
23.759722222222223,86.41333333333334,3.5513,228.0,0.278,0.5612,4.7,0.8483,1,0,0,0.066544,0,LOW
23.759722222222223,86.41361111111112,3.2133,228.0,0.2966,0.5634,4.7,0.8766,1,0,0,0.065422,0,LOW
23.759722222222223,86.41388888888889,3.8458,228.0,0.2552,0.5586,4.7,0.9049,1,0,0,0.053485,0,LOW
23.759722222222223,86.41416666666667,3.4227,228.0,0.2707,0.5634,4.7,0.9332,1,0,0,0.05061,0,LOW
23.759722222222223,86.41444444444446,2.5252,228.0,0.325,0.5732,4.7,0.9614,1,0,0,0.054545,0,LOW
23.759722222222223,86.41472222222224,1.3836,228.0,0.444,0.5807,4.7,0.9897,1,0,0,0.080736,0,LOW
23.759722222222223,86.415,0.6853,228.0,0.5899,0.5889,4.7,1.0152,1,0,0,0.138749,0,LOW
23.759722222222223,86.41527777777779,1.7129,228.0,0.4168,0.5774,4.7,1.007,1,0,0,0.070685,0,LOW
23.759722222222223,86.41555555555557,3.7641,228.0,0.2698,0.5612,4.7,0.9996,1,0,0,0.044334,0,LOW
23.759722222222223,86.41583333333334,3.3923,228.0,0.299,0.5634,4.7,0.993,1,0,0,0.050138,0,LOW
23.759722222222223,86.41611111111112,4.1031,228.0,0.2661,0.5568,4.7,0.9871,1,0,0,0.047392,0,LOW
23.759722222222223,86.4163888888889,3.8921,228.0,0.2788,0.5586,4.7,0.982,1,0,0,0.049826,0,LOW
23.759722222222223,86.41666666666667,3.8149,228.0,0.2814,0.5602,4.7,0.9776,1,0,0,0.050264,0,LOW
23.759722222222223,86.41694444444445,3.9552,228.0,0.268,0.5526,4.7,0.9741,1,0,0,0.05008,0,LOW
23.759722222222223,86.41722222222224,3.2133,228.0,0.2989,0.5598,4.7,0.9714,1,0,0,0.053264,0,LOW
23.759722222222223,86.4175,3.0706,228.0,0.2945,0.5685,4.7,0.9695,1,0,0,0.049157,0,LOW
23.759722222222223,86.41777777777779,1.7129,228.0,0.3984,0.5765,4.7,0.9684,1,0,0,0.071312,0,LOW
23.759722222222223,86.41805555555557,0.7922,228.0,0.5438,0.5889,4.7,0.9682,1,0,0,0.125729,0,LOW
23.759722222222223,86.41833333333334,1.0101,228.0,0.4927,0.5866,4.7,0.9688,1,0,0,0.101286,0,LOW
23.759722222222223,86.41861111111112,0.0,228.0,0.9589,0.5902,4.7,0.9702,1,0,0,0.553366,1,MODERATE
23.759722222222223,86.4188888888889,1.441,228.0,0.4357,0.5777,4.7,0.9724,1,0,0,0.082606,0,LOW
23.759722222222223,86.41916666666667,2.6561,228.0,0.3274,0.5664,4.7,0.9754,1,0,0,0.056048,0,LOW
23.759722222222223,86.41944444444445,4.2817,228.0,0.2468,0.5554,4.7,0.9793,1,0,0,0.044797,0,LOW
23.759722222222223,86.41972222222223,5.7863,228.0,0.1984,0.541,4.7,0.9839,1,0,0,0.042546,0,LOW
23.759722222222223,86.42000000000002,8.1775,228.0,0.1339,0.5185,4.7,0.9893,1,0,0,0.041896,0,LOW
23.759444444444448,86.41250000000001,3.098,228.0,0.2899,0.5658,4.7,0.7635,1,0,0,0.081799,0,LOW
23.759444444444448,86.41277777777779,4.4395,228.0,0.2272,0.5557,4.7,0.7918,1,0,0,0.065807,0,LOW
23.759444444444448,86.41305555555556,3.5513,228.0,0.2799,0.5629,4.7,0.8201,1,0,0,0.07136,0,LOW
23.759444444444448,86.41333333333334,3.432,228.0,0.2916,0.5634,4.7,0.8483,1,0,0,0.069677,0,LOW
23.759444444444448,86.41361111111112,5.052,228.0,0.2144,0.55,4.7,0.8766,1,0,0,0.054161,0,LOW
23.759444444444448,86.41388888888889,6.039,228.0,0.1736,0.54,4.7,0.9049,1,0,0,0.047052,0,LOW
23.759444444444448,86.41416666666667,3.4772,228.0,0.2761,0.563,4.7,0.9332,1,0,0,0.052381,0,LOW
23.759444444444448,86.41444444444446,0.7393,228.0,0.5789,0.5826,4.7,0.9614,1,0,0,0.154745,0,LOW
23.759444444444448,86.41472222222224,0.3427,228.0,0.7326,0.5866,4.7,0.9897,1,0,0,0.268028,0,LOW
23.759444444444448,86.415,1.2836,228.0,0.4771,0.5814,4.7,0.9858,1,0,0,0.094773,0,LOW
23.759444444444448,86.41527777777779,3.8831,228.0,0.2689,0.5553,4.7,0.9774,1,0,0,0.048818,0,LOW
23.759444444444448,86.41555555555557,5.8056,228.0,0.2008,0.5413,4.7,0.9698,1,0,0,0.044647,0,LOW
23.759444444444448,86.41583333333334,5.0123,228.0,0.2391,0.5442,4.7,0.9629,1,0,0,0.050922,0,LOW
23.759444444444448,86.41611111111112,6.1855,228.0,0.2008,0.5313,4.7,0.9569,1,0,0,0.050481,0,LOW
23.759444444444448,86.4163888888889,7.4381,228.0,0.1631,0.5232,4.7,0.9516,1,0,0,0.049039,0,LOW
23.759444444444448,86.41666666666667,6.2339,228.0,0.1935,0.5306,4.7,0.9471,1,0,0,0.050259,0,LOW
23.759444444444448,86.41694444444445,2.7772,228.0,0.3457,0.5527,4.7,0.9435,1,0,0,0.072745,0,LOW
23.759444444444448,86.41722222222224,0.7922,228.0,0.5823,0.5826,4.7,0.9407,1,0,0,0.165246,0,LOW
23.759444444444448,86.4175,2.566,228.0,0.3314,0.5751,4.7,0.9387,1,0,0,0.059204,0,LOW
23.759444444444448,86.41777777777779,2.524,228.0,0.3205,0.5751,4.7,0.9376,1,0,0,0.055981,0,LOW
23.759444444444448,86.41805555555557,1.441,228.0,0.4233,0.5842,4.7,0.9374,1,0,0,0.081597,0,LOW
23.759444444444448,86.41833333333334,1.3705,228.0,0.4305,0.5851,4.7,0.9379,1,0,0,0.083551,0,LOW
23.759444444444448,86.41861111111112,0.7393,228.0,0.5581,0.5889,4.7,0.9394,1,0,0,0.143079,0,LOW
23.759444444444448,86.4188888888889,2.2836,228.0,0.3429,0.5783,4.7,0.9417,1,0,0,0.05975,0,LOW
23.759444444444448,86.41916666666667,2.2836,228.0,0.3577,0.5765,4.7,0.9448,1,0,0,0.064557,0,LOW
23.759444444444448,86.41944444444445,0.7393,228.0,0.5992,0.5803,4.7,0.9488,1,0,0,0.176429,0,LOW
23.759444444444448,86.41972222222223,4.4381,228.0,0.2538,0.5554,4.7,0.9536,1,0,0,0.050215,0,LOW
23.759444444444448,86.42000000000002,9.3328,228.0,0.1101,0.5102,4.7,0.9592,1,0,0,0.046248,0,LOW
23.75916666666667,86.41250000000001,3.8088,228.0,0.2489,0.5614,4.7,0.7635,1,0,0,0.072407,0,LOW
23.75916666666667,86.41277777777779,4.1051,228.0,0.2453,0.5583,4.7,0.7918,1,0,0,0.069108,0,LOW
23.75916666666667,86.41305555555556,2.5585,228.0,0.3503,0.5717,4.7,0.8201,1,0,0,0.088908,0,LOW
23.75916666666667,86.41333333333334,3.5477,228.0,0.2921,0.5629,4.7,0.8483,1,0,0,0.070707,0,LOW
23.75916666666667,86.41361111111112,6.3263,228.0,0.1778,0.5365,4.7,0.8766,1,0,0,0.053978,0,LOW
23.75916666666667,86.41388888888889,7.547,228.0,0.1379,0.5283,4.7,0.9049,1,0,0,0.047522,0,LOW
23.75916666666667,86.41416666666667,3.063,228.0,0.3111,0.5629,4.7,0.9332,1,0,0,0.06053,0,LOW
23.75916666666667,86.41444444444446,1.5842,228.0,0.4375,0.5826,4.7,0.9614,1,0,0,0.084233,0,LOW
23.75916666666667,86.41472222222224,1.0551,228.0,0.5213,0.5851,4.7,0.966,1,0,0,0.118325,0,LOW
23.75916666666667,86.415,2.566,228.0,0.3552,0.5732,4.7,0.9566,1,0,0,0.064547,0,LOW
23.75916666666667,86.41527777777779,5.615,228.0,0.2138,0.5438,4.7,0.9479,1,0,0,0.048952,0,LOW
23.75916666666667,86.41555555555557,6.9607,228.0,0.1841,0.5274,4.7,0.94,1,0,0,0.052749,0,LOW
23.75916666666667,86.41583333333334,6.3056,228.0,0.2121,0.5274,4.7,0.9329,1,0,0,0.05869,0,LOW
23.75916666666667,86.41611111111112,7.8417,228.0,0.1703,0.5175,4.7,0.9267,1,0,0,0.057892,0,LOW
23.75916666666667,86.4163888888889,8.7472,228.0,0.1452,0.5092,4.7,0.9212,1,0,0,0.058389,0,LOW
23.75916666666667,86.41666666666667,8.3777,228.0,0.146,0.5131,4.7,0.9166,1,0,0,0.056258,0,LOW
23.75916666666667,86.41694444444445,6.6267,228.0,0.1803,0.5286,4.7,0.9128,1,0,0,0.053546,0,LOW
23.75916666666667,86.41722222222224,4.0031,228.0,0.2645,0.5535,4.7,0.91,1,0,0,0.057764,0,LOW
23.75916666666667,86.4175,2.7657,228.0,0.3203,0.567,4.7,0.9079,1,0,0,0.064398,0,LOW
23.75916666666667,86.41777777777779,2.072,228.0,0.3625,0.574,4.7,0.9068,1,0,0,0.072487,0,LOW
23.75916666666667,86.41805555555557,1.5842,228.0,0.4062,0.5842,4.7,0.9065,1,0,0,0.081808,0,LOW
23.75916666666667,86.41833333333334,1.2836,228.0,0.4453,0.5842,4.7,0.9071,1,0,0,0.096642,0,LOW
23.75916666666667,86.41861111111112,0.3427,228.0,0.7131,0.5883,4.7,0.9086,1,0,0,0.288304,0,LOW
23.75916666666667,86.4188888888889,2.2216,228.0,0.349,0.5765,4.7,0.911,1,0,0,0.066891,0,LOW
23.75916666666667,86.41916666666667,2.7394,228.0,0.3207,0.571,4.7,0.9142,1,0,0,0.061938,0,LOW
23.75916666666667,86.41944444444445,2.3149,228.0,0.3692,0.5756,4.7,0.9183,1,0,0,0.073609,0,LOW
23.75916666666667,86.41972222222223,3.9855,228.0,0.2728,0.5557,4.7,0.9233,1,0,0,0.057445,0,LOW
23.75916666666667,86.42000000000002,9.0629,228.0,0.1132,0.5102,4.7,0.9291,1,0,0,0.049609,0,LOW
23.75888888888889,86.41250000000001,4.1137,228.0,0.2355,0.5607,4.7,0.7635,1,0,0,0.069672,0,LOW
23.75888888888889,86.41277777777779,2.8803,228.0,0.3203,0.5703,4.7,0.7918,1,0,0,0.084978,0,LOW
23.75888888888889,86.41305555555556,0.7922,228.0,0.5909,0.5783,4.7,0.8201,1,0,0,0.227067,0,LOW
23.75888888888889,86.41333333333334,4.4381,228.0,0.2551,0.5513,4.7,0.8483,1,0,0,0.067448,0,LOW
23.75888888888889,86.41361111111112,7.873,228.0,0.1427,0.5235,4.7,0.8766,1,0,0,0.05527,0,LOW
23.75888888888889,86.41388888888889,7.2711,228.0,0.1555,0.5295,4.7,0.9049,1,0,0,0.05048,0,LOW
23.75888888888889,86.41416666666667,1.2836,228.0,0.4971,0.5683,4.7,0.9332,1,0,0,0.126986,0,LOW
23.75888888888889,86.41444444444446,2.4508,228.0,0.3653,0.5748,4.7,0.9475,1,0,0,0.068192,0,LOW
23.75888888888889,86.41472222222224,1.1851,228.0,0.5168,0.5826,4.7,0.9371,1,0,0,0.126883,0,LOW
23.75888888888889,86.415,3.1659,228.0,0.3345,0.5676,4.7,0.9274,1,0,0,0.067817,0,LOW
23.75888888888889,86.41527777777779,6.6022,228.0,0.2037,0.5372,4.7,0.9185,1,0,0,0.05644,0,LOW
23.75888888888889,86.41555555555557,9.0285,228.0,0.1534,0.5081,4.7,0.9103,1,0,0,0.0644,0,LOW
23.75888888888889,86.41583333333334,7.8252,228.0,0.1889,0.5143,4.7,0.903,1,0,0,0.068637,0,LOW
23.75888888888889,86.41611111111112,6.471,228.0,0.2274,0.5343,4.7,0.8965,1,0,0,0.067634,0,LOW
23.75888888888889,86.4163888888889,5.7422,228.0,0.2465,0.5352,4.7,0.8909,1,0,0,0.070799,0,LOW
23.75888888888889,86.41666666666667,6.1831,228.0,0.2218,0.5309,4.7,0.8861,1,0,0,0.067232,0,LOW
23.75888888888889,86.41694444444445,5.6467,228.0,0.225,0.539,4.7,0.8822,1,0,0,0.063049,0,LOW
23.75888888888889,86.41722222222224,3.1624,228.0,0.3218,0.5612,4.7,0.8792,1,0,0,0.074377,0,LOW
23.75888888888889,86.4175,2.3149,228.0,0.3635,0.5717,4.7,0.8771,1,0,0,0.080971,0,LOW
23.75888888888889,86.41777777777779,0.7393,228.0,0.5743,0.5765,4.7,0.876,1,0,0,0.188915,0,LOW
23.75888888888889,86.41805555555557,1.3705,228.0,0.44,0.5803,4.7,0.8757,1,0,0,0.104493,0,LOW
23.75888888888889,86.41833333333334,2.3755,228.0,0.3265,0.5732,4.7,0.8763,1,0,0,0.067211,0,LOW
23.75888888888889,86.41861111111112,1.0279,228.0,0.4967,0.5826,4.7,0.8779,1,0,0,0.130945,0,LOW
23.75888888888889,86.4188888888889,2.2168,228.0,0.3505,0.5727,4.7,0.8803,1,0,0,0.0743,0,LOW
23.75888888888889,86.41916666666667,3.5513,228.0,0.2669,0.5614,4.7,0.8837,1,0,0,0.057511,0,LOW
23.75888888888889,86.41944444444445,4.3992,228.0,0.2357,0.5527,4.7,0.8879,1,0,0,0.054746,0,LOW
23.75888888888889,86.41972222222223,5.5185,228.0,0.2001,0.542,4.7,0.893,1,0,0,0.052589,0,LOW
23.758611111111115,86.41250000000001,3.3522,228.0,0.2808,0.5664,4.7,0.7635,1,0,0,0.079523,0,LOW
23.758611111111115,86.41277777777779,1.3705,228.0,0.4753,0.5748,4.7,0.7918,1,0,0,0.154425,0,LOW
23.758611111111115,86.41305555555556,3.4103,228.0,0.3072,0.5634,4.7,0.8201,1,0,0,0.080598,0,LOW
23.758611111111115,86.41333333333334,6.6487,228.0,0.1832,0.5341,4.7,0.8483,1,0,0,0.062015,0,LOW
23.758611111111115,86.41361111111112,8.6963,228.0,0.1329,0.516,4.7,0.8766,1,0,0,0.058749,0,LOW
23.758611111111115,86.41388888888889,4.7618,228.0,0.2532,0.542,4.7,0.9049,1,0,0,0.062822,0,LOW
23.758611111111115,86.41416666666667,1.1112,228.0,0.5422,0.5748,4.7,0.9306,1,0,0,0.150201,0,LOW
23.758611111111115,86.41444444444446,1.441,228.0,0.4925,0.5777,4.7,0.9191,1,0,0,0.123546,0,LOW
23.758611111111115,86.41472222222224,1.0279,228.0,0.5701,0.5783,4.7,0.9083,1,0,0,0.174796,0,LOW
23.758611111111115,86.415,3.0071,228.0,0.3714,0.5676,4.7,0.8983,1,0,0,0.086427,0,LOW
23.758611111111115,86.41527777777779,6.0565,228.0,0.2472,0.539,4.7,0.8891,1,0,0,0.071619,0,LOW
23.758611111111115,86.41555555555557,11.4978,228.0,0.1286,0.4865,4.7,0.8807,1,0,0,0.084426,0,LOW
23.758611111111115,86.41583333333334,10.3632,228.0,0.1545,0.4973,4.7,0.8732,1,0,0,0.084017,0,LOW
23.758611111111115,86.41611111111112,3.5745,228.0,0.3676,0.5586,4.7,0.8664,1,0,0,0.100762,0,LOW
23.758611111111115,86.4163888888889,4.6294,228.0,0.3096,0.5399,4.7,0.8606,1,0,0,0.092869,0,LOW
23.758611111111115,86.41666666666667,8.0177,228.0,0.1881,0.5129,4.7,0.8557,1,0,0,0.07867,0,LOW
23.758611111111115,86.41694444444445,6.8212,228.0,0.2042,0.5278,4.7,0.8516,1,0,0,0.071869,0,LOW
23.758611111111115,86.41722222222224,3.7348,228.0,0.3037,0.553,4.7,0.8485,1,0,0,0.080413,0,LOW
23.758611111111115,86.4175,1.9198,228.0,0.4137,0.5696,4.7,0.8464,1,0,0,0.109271,0,LOW
23.758611111111115,86.41777777777779,1.1112,228.0,0.5031,0.5826,4.7,0.8451,1,0,0,0.146367,0,LOW
23.758611111111115,86.41805555555557,0.5051,228.0,0.6478,0.5842,4.7,0.8449,1,0,0,0.260007,0,LOW
23.758611111111115,86.41833333333334,3.0279,228.0,0.2844,0.5727,4.7,0.8455,1,0,0,0.062079,0,LOW
23.758611111111115,86.41861111111112,2.072,228.0,0.3606,0.5765,4.7,0.8471,1,0,0,0.082009,0,LOW
23.758611111111115,86.4188888888889,2.4357,228.0,0.3322,0.5666,4.7,0.8497,1,0,0,0.077075,0,LOW
23.758611111111115,86.41916666666667,4.0031,228.0,0.2391,0.5581,4.7,0.8531,1,0,0,0.057049,0,LOW
23.758611111111115,86.41944444444445,4.6495,228.0,0.2165,0.5504,4.7,0.8575,1,0,0,0.055454,0,LOW
23.758611111111115,86.41972222222223,4.8627,228.0,0.2142,0.5488,4.7,0.8628,1,0,0,0.055548,0,LOW
23.758333333333336,86.41250000000001,1.5842,228.0,0.4367,0.5751,4.7,0.7635,1,0,0,0.139917,0,LOW
23.758333333333336,86.41277777777779,2.8412,228.0,0.3376,0.563,4.7,0.7918,1,0,0,0.096058,0,LOW
23.758333333333336,86.41305555555556,5.1131,228.0,0.2355,0.5489,4.7,0.8201,1,0,0,0.070203,0,LOW
23.758333333333336,86.41333333333334,7.3167,228.0,0.1744,0.5249,4.7,0.8483,1,0,0,0.066037,0,LOW
23.758333333333336,86.41361111111112,7.9327,228.0,0.1637,0.5222,4.7,0.8766,1,0,0,0.062246,0,LOW
23.758333333333336,86.41388888888889,2.7657,228.0,0.3777,0.5586,4.7,0.9049,1,0,0,0.090526,0,LOW
23.758333333333336,86.41416666666667,2.4357,228.0,0.4063,0.5648,4.7,0.9027,1,0,0,0.098491,0,LOW
23.758333333333336,86.41444444444446,4.2817,228.0,0.3012,0.5477,4.7,0.8908,1,0,0,0.07705,0,LOW
23.758333333333336,86.41472222222224,6.0318,228.0,0.2458,0.5375,4.7,0.8797,1,0,0,0.073276,0,LOW
23.758333333333336,86.415,5.8936,228.0,0.2668,0.5365,4.7,0.8694,1,0,0,0.082971,0,LOW
23.758333333333336,86.41527777777779,8.1686,228.0,0.2155,0.5076,4.7,0.8599,1,0,0,0.09292,0,LOW
23.758333333333336,86.41555555555557,14.6486,228.0,0.105,0.4507,4.7,0.8512,1,0,0,0.125803,0,LOW
23.758333333333336,86.41583333333334,12.4795,228.0,0.1411,0.4697,4.7,0.8434,1,0,0,0.116267,0,LOW
23.758333333333336,86.41611111111112,5.1069,228.0,0.3198,0.5343,4.7,0.8364,1,0,0,0.11069,0,LOW
23.758333333333336,86.4163888888889,8.7168,228.0,0.2055,0.5068,4.7,0.8304,1,0,0,0.099645,0,LOW
23.758333333333336,86.41666666666667,11.0597,228.0,0.146,0.4898,4.7,0.8252,1,0,0,0.099743,0,LOW
23.758333333333336,86.41694444444445,6.4064,228.0,0.2397,0.5252,4.7,0.8211,1,0,0,0.090658,0,LOW
23.758333333333336,86.41722222222224,3.7348,228.0,0.3251,0.5544,4.7,0.8178,1,0,0,0.095507,0,LOW
23.758333333333336,86.4175,3.8149,228.0,0.2953,0.5607,4.7,0.8156,1,0,0,0.080568,0,LOW
23.758333333333336,86.41777777777779,1.7176,228.0,0.432,0.5705,4.7,0.8143,1,0,0,0.125976,0,LOW
23.758333333333336,86.41805555555557,1.441,228.0,0.451,0.5774,4.7,0.814,1,0,0,0.130069,0,LOW
23.758333333333336,86.41833333333334,3.0071,228.0,0.2949,0.5664,4.7,0.8147,1,0,0,0.073136,0,LOW
23.758333333333336,86.41861111111112,3.0071,228.0,0.2912,0.5689,4.7,0.8164,1,0,0,0.07048,0,LOW
23.758333333333336,86.4188888888889,3.2133,228.0,0.2772,0.5696,4.7,0.819,1,0,0,0.066104,0,LOW
23.758333333333336,86.41916666666667,2.7312,228.0,0.3109,0.5705,4.7,0.8226,1,0,0,0.074223,0,LOW
23.758333333333336,86.41944444444445,2.0988,228.0,0.3663,0.5774,4.7,0.8272,1,0,0,0.088285,0,LOW
23.758333333333336,86.41972222222223,1.3705,228.0,0.4552,0.5777,4.7,0.8327,1,0,0,0.126131,0,LOW
23.75805555555556,86.41250000000001,1.3894,228.0,0.4693,0.5777,4.7,0.7635,1,0,0,0.157985,0,LOW
23.75805555555556,86.41277777777779,4.8277,228.0,0.2395,0.5472,4.7,0.7918,1,0,0,0.075806,0,LOW
23.75805555555556,86.41305555555556,7.4683,228.0,0.1685,0.5174,4.7,0.8201,1,0,0,0.07267,0,LOW
23.75805555555556,86.41333333333334,9.474,228.0,0.1325,0.5041,4.7,0.8483,1,0,0,0.071765,0,LOW
23.75805555555556,86.41361111111112,8.4775,228.0,0.1634,0.5109,4.7,0.8766,1,0,0,0.069317,0,LOW
23.75805555555556,86.41388888888889,5.564,228.0,0.2557,0.5346,4.7,0.888,1,0,0,0.073855,0,LOW
23.75805555555556,86.41416666666667,6.4771,228.0,0.2347,0.528,4.7,0.875,1,0,0,0.076734,0,LOW
23.75805555555556,86.41444444444446,8.6791,228.0,0.1887,0.5101,4.7,0.8628,1,0,0,0.08304,0,LOW
23.75805555555556,86.41472222222224,9.5142,228.0,0.1857,0.4992,4.7,0.8513,1,0,0,0.095546,0,LOW
23.75805555555556,86.415,10.2776,228.0,0.1853,0.49,4.7,0.8406,1,0,0,0.109241,0,LOW
23.75805555555556,86.41527777777779,13.5789,228.0,0.1401,0.4545,4.7,0.8308,1,0,0,0.140497,0,LOW
23.75805555555556,86.41555555555557,17.9285,228.0,0.0884,0.4211,4.7,0.8218,1,0,0,0.184962,0,LOW
23.75805555555556,86.41583333333334,13.4323,228.0,0.1504,0.4551,4.7,0.8136,1,0,0,0.151078,0,LOW
23.75805555555556,86.41611111111112,9.0797,228.0,0.2279,0.5003,4.7,0.8064,1,0,0,0.125099,0,LOW
23.75805555555556,86.4163888888889,13.2509,228.0,0.1446,0.4663,4.7,0.8002,1,0,0,0.141082,0,LOW
23.75805555555556,86.41666666666667,14.7946,228.0,0.1114,0.4489,4.7,0.7948,1,0,0,0.15061,0,LOW
23.75805555555556,86.41694444444445,10.1369,228.0,0.1728,0.4913,4.7,0.7905,1,0,0,0.113821,0,LOW
23.75805555555556,86.41722222222224,4.8621,228.0,0.2981,0.5315,4.7,0.7872,1,0,0,0.11173,0,LOW
23.75805555555556,86.4175,1.7176,228.0,0.4795,0.5623,4.7,0.7848,1,0,0,0.174805,0,LOW
23.75805555555556,86.41777777777779,3.063,228.0,0.3383,0.5634,4.7,0.7835,1,0,0,0.099828,0,LOW
23.75805555555556,86.41805555555557,3.2133,228.0,0.3088,0.5658,4.7,0.7832,1,0,0,0.086355,0,LOW
23.75805555555556,86.41833333333334,3.0812,228.0,0.3038,0.5689,4.7,0.7839,1,0,0,0.081787,0,LOW
23.75805555555556,86.41861111111112,3.2133,228.0,0.2867,0.5685,4.7,0.7856,1,0,0,0.075786,0,LOW
23.75805555555556,86.4188888888889,2.6882,228.0,0.3163,0.5705,4.7,0.7884,1,0,0,0.082648,0,LOW
23.75805555555556,86.41916666666667,1.7825,228.0,0.3943,0.5807,4.7,0.7921,1,0,0,0.105459,0,LOW
23.75805555555556,86.41944444444445,0.0,228.0,0.968,0.5926,4.7,0.7969,1,0,0,0.670654,1,HIGH
23.75805555555556,86.41972222222223,0.0,228.0,0.9689,0.5889,4.7,0.8026,1,0,0,0.673391,1,HIGH
23.757777777777783,86.41250000000001,3.5745,228.0,0.2849,0.5541,4.7,0.7635,1,0,0,0.088528,0,LOW
23.757777777777783,86.41277777777779,8.2045,228.0,0.1388,0.5146,4.7,0.7918,1,0,0,0.072442,0,LOW
23.757777777777783,86.41305555555556,9.8169,228.0,0.1205,0.5032,4.7,0.8201,1,0,0,0.074884,0,LOW
23.757777777777783,86.41333333333334,8.8101,228.0,0.1569,0.511,4.7,0.8483,1,0,0,0.073885,0,LOW
23.757777777777783,86.41361111111112,7.1708,228.0,0.2111,0.5173,4.7,0.875,1,0,0,0.076656,0,LOW
23.757777777777783,86.41388888888889,6.9118,228.0,0.2319,0.523,4.7,0.8609,1,0,0,0.083436,0,LOW
23.757777777777783,86.41416666666667,9.0797,228.0,0.1925,0.5041,4.7,0.8475,1,0,0,0.093742,0,LOW
23.757777777777783,86.41444444444446,11.021,228.0,0.1701,0.4842,4.7,0.8349,1,0,0,0.112541,0,LOW
23.757777777777783,86.41472222222224,12.083,228.0,0.1675,0.4705,4.7,0.823,1,0,0,0.133437,0,LOW
23.757777777777783,86.415,13.9012,228.0,0.1518,0.4525,4.7,0.812,1,0,0,0.160067,0,LOW
23.757777777777783,86.41527777777779,16.9461,228.0,0.119,0.4222,4.7,0.8017,1,0,0,0.20481,0,LOW
23.757777777777783,86.41555555555557,18.7626,228.0,0.1011,0.4027,4.7,0.7924,1,0,0,0.240376,0,LOW
23.757777777777783,86.41583333333334,15.2239,228.0,0.1452,0.4295,4.7,0.784,1,0,0,0.203869,0,LOW
23.757777777777783,86.41611111111112,13.9416,228.0,0.1608,0.448,4.7,0.7765,1,0,0,0.184933,0,LOW
23.757777777777783,86.4163888888889,16.9432,228.0,0.1152,0.4162,4.7,0.77,1,0,0,0.221727,0,LOW
23.757777777777783,86.41666666666667,17.8366,228.0,0.0958,0.4149,4.7,0.7645,1,0,0,0.220968,0,LOW
23.757777777777783,86.41694444444445,15.4537,228.0,0.1114,0.4404,4.7,0.76,1,0,0,0.178363,0,LOW
23.757777777777783,86.41722222222224,11.2565,228.0,0.1554,0.4774,4.7,0.7565,1,0,0,0.133237,0,LOW
23.757777777777783,86.4175,5.5836,228.0,0.2712,0.526,4.7,0.7541,1,0,0,0.115748,0,LOW
23.757777777777783,86.41777777777779,3.8088,228.0,0.3217,0.5567,4.7,0.7527,1,0,0,0.109053,0,LOW
23.757777777777783,86.41805555555557,3.9855,228.0,0.2904,0.5598,4.7,0.7524,1,0,0,0.093469,0,LOW
23.757777777777783,86.41833333333334,2.0552,228.0,0.4059,0.5765,4.7,0.7531,1,0,0,0.127649,0,LOW
23.757777777777783,86.41861111111112,2.072,228.0,0.3912,0.5777,4.7,0.7549,1,0,0,0.117968,0,LOW
23.757777777777783,86.4188888888889,1.7825,228.0,0.4102,0.5826,4.7,0.7578,1,0,0,0.122121,0,LOW
23.757777777777783,86.41916666666667,1.3705,228.0,0.4533,0.5838,4.7,0.7617,1,0,0,0.142599,0,LOW
23.757777777777783,86.41944444444445,1.1851,228.0,0.4755,0.5866,4.7,0.7666,1,0,0,0.151781,0,LOW
23.757777777777783,86.41972222222223,0.7922,228.0,0.5534,0.5851,4.7,0.7725,1,0,0,0.207228,0,LOW
23.757777777777783,86.42000000000002,2.072,228.0,0.364,0.5793,4.7,0.7794,1,0,0,0.096777,0,LOW
23.757500000000004,86.41250000000001,3.7641,228.0,0.2763,0.5583,4.7,0.7635,1,0,0,0.08413,0,LOW
23.757500000000004,86.41277777777779,8.0177,228.0,0.1468,0.5209,4.7,0.7918,1,0,0,0.071647,0,LOW
23.757500000000004,86.41305555555556,6.791,228.0,0.2009,0.5244,4.7,0.8201,1,0,0,0.077724,0,LOW
23.757500000000004,86.41333333333334,4.8372,228.0,0.2874,0.5392,4.7,0.8483,1,0,0,0.087583,0,LOW
23.757500000000004,86.41361111111112,5.5288,228.0,0.2787,0.5413,4.7,0.8486,1,0,0,0.087528,0,LOW
23.757500000000004,86.41388888888889,6.4831,228.0,0.2665,0.5278,4.7,0.8341,1,0,0,0.099269,0,LOW
23.757500000000004,86.41416666666667,9.5483,228.0,0.2089,0.4973,4.7,0.8203,1,0,0,0.116565,0,LOW
23.757500000000004,86.41444444444446,13.0117,228.0,0.1644,0.4602,4.7,0.8072,1,0,0,0.154265,0,LOW
23.757500000000004,86.41472222222224,14.8215,228.0,0.1522,0.4457,4.7,0.7949,1,0,0,0.184173,0,LOW
23.757500000000004,86.415,16.1296,228.0,0.144,0.4263,4.7,0.7835,1,0,0,0.219385,0,LOW
23.757500000000004,86.41527777777779,17.9745,228.0,0.1255,0.4134,4.7,0.7729,1,0,0,0.249491,0,LOW
23.757500000000004,86.41555555555557,19.1598,228.0,0.1122,0.3953,4.7,0.7632,1,0,0,0.282336,0,LOW
23.757500000000004,86.41583333333334,17.6344,228.0,0.1282,0.4125,4.7,0.7545,1,0,0,0.257007,0,LOW
23.757500000000004,86.41611111111112,16.7312,228.0,0.1369,0.4199,4.7,0.7467,1,0,0,0.246435,0,LOW
23.757500000000004,86.4163888888889,19.2332,228.0,0.1042,0.3967,4.7,0.7399,1,0,0,0.285763,0,LOW
23.757500000000004,86.41666666666667,19.3913,228.0,0.0965,0.3975,4.7,0.7342,1,0,0,0.282208,0,LOW
23.757500000000004,86.41694444444445,17.2341,228.0,0.1102,0.4154,4.7,0.7295,1,0,0,0.241529,0,LOW
23.757500000000004,86.41722222222224,13.8424,228.0,0.1379,0.4543,4.7,0.7258,1,0,0,0.17966,0,LOW
23.757500000000004,86.4175,7.3167,228.0,0.2448,0.5181,4.7,0.7233,1,0,0,0.130733,0,LOW
23.757500000000004,86.41777777777779,3.7672,228.0,0.3537,0.5583,4.7,0.7219,1,0,0,0.134779,0,LOW
23.757500000000004,86.41805555555557,4.1486,228.0,0.3123,0.5541,4.7,0.7215,1,0,0,0.116878,0,LOW
23.757500000000004,86.41833333333334,2.5252,228.0,0.3935,0.5732,4.7,0.7223,1,0,0,0.13641,0,LOW
23.757500000000004,86.41861111111112,1.789,228.0,0.4471,0.5777,4.7,0.7242,1,0,0,0.16066,0,LOW
23.757500000000004,86.4188888888889,0.5051,228.0,0.6855,0.5826,4.7,0.7272,1,0,0,0.373125,0,MODERATE
23.757500000000004,86.41916666666667,1.3894,228.0,0.4694,0.5842,4.7,0.7312,1,0,0,0.164301,0,LOW
23.757500000000004,86.41944444444445,1.789,228.0,0.4065,0.5814,4.7,0.7363,1,0,0,0.127075,0,LOW
23.757500000000004,86.41972222222223,2.1125,228.0,0.3653,0.5783,4.7,0.7425,1,0,0,0.107322,0,LOW
23.757500000000004,86.42000000000002,2.1125,228.0,0.3643,0.5774,4.7,0.7497,1,0,0,0.10551,0,LOW
23.757500000000004,86.42027777777778,2.2168,228.0,0.3606,0.5705,4.7,0.7578,1,0,0,0.106456,0,LOW
23.757222222222225,86.41250000000001,2.2216,228.0,0.3807,0.5658,4.7,0.7635,1,0,0,0.118672,0,LOW
23.757222222222225,86.41277777777779,7.2407,228.0,0.1686,0.5254,4.7,0.7918,1,0,0,0.07315,0,LOW
23.757222222222225,86.41305555555556,6.5146,228.0,0.2145,0.5327,4.7,0.8201,1,0,0,0.077594,0,LOW
23.757222222222225,86.41333333333334,5.8368,228.0,0.2606,0.541,4.7,0.8383,1,0,0,0.084274,0,LOW
23.757222222222225,86.41361111111112,7.2883,228.0,0.2406,0.5306,4.7,0.8226,1,0,0,0.094349,0,LOW
23.757222222222225,86.41388888888889,7.6573,228.0,0.2561,0.5241,4.7,0.8076,1,0,0,0.112432,0,LOW
23.757222222222225,86.41416666666667,11.2919,228.0,0.2006,0.4764,4.7,0.7933,1,0,0,0.1521,0,LOW
23.757222222222225,86.41444444444446,16.0486,228.0,0.1457,0.4231,4.7,0.7798,1,0,0,0.224867,0,LOW
23.757222222222225,86.41472222222224,19.7326,228.0,0.1126,0.377,4.7,0.767,1,0,0,0.314631,0,LOW
23.757222222222225,86.415,22.6959,228.0,0.086,0.3517,4.7,0.7552,1,0,0,0.382772,0,MODERATE
23.757222222222225,86.41527777777779,23.1779,228.0,0.0804,0.3465,4.7,0.7442,1,0,0,0.400157,0,MODERATE
23.757222222222225,86.41555555555557,21.739,228.0,0.0912,0.3631,4.7,0.7341,1,0,0,0.366661,0,MODERATE
23.757222222222225,86.41583333333334,18.3191,228.0,0.1251,0.4019,4.7,0.725,1,0,0,0.294231,0,LOW
23.757222222222225,86.41611111111112,15.8432,228.0,0.1541,0.4224,4.7,0.7169,1,0,0,0.261565,0,LOW
23.757222222222225,86.4163888888889,18.5007,228.0,0.1205,0.4038,4.7,0.7099,1,0,0,0.29831,0,LOW
23.757222222222225,86.41666666666667,19.4366,228.0,0.1074,0.3977,4.7,0.7039,1,0,0,0.3119,0,LOW
23.757222222222225,86.41694444444445,19.5143,228.0,0.0992,0.403,4.7,0.699,1,0,0,0.299801,0,LOW
23.757222222222225,86.41722222222224,16.9444,228.0,0.1157,0.4288,4.7,0.6952,1,0,0,0.244021,0,LOW
23.757222222222225,86.4175,9.1505,228.0,0.2243,0.4991,4.7,0.6925,1,0,0,0.161542,0,LOW
23.757222222222225,86.41777777777779,7.4883,228.0,0.2441,0.5193,4.7,0.691,1,0,0,0.141296,0,LOW
23.757222222222225,86.41805555555557,7.3525,228.0,0.2283,0.5222,4.7,0.6907,1,0,0,0.128031,0,LOW
23.757222222222225,86.41833333333334,5.7762,228.0,0.2601,0.5359,4.7,0.6915,1,0,0,0.122359,0,LOW
23.757222222222225,86.41861111111112,4.4564,228.0,0.2972,0.5514,4.7,0.6935,1,0,0,0.120722,0,LOW
23.757222222222225,86.4188888888889,3.1624,228.0,0.3507,0.5618,4.7,0.6966,1,0,0,0.13217,0,LOW
23.757222222222225,86.41916666666667,1.7129,228.0,0.4567,0.5732,4.7,0.7008,1,0,0,0.179751,0,LOW
23.757222222222225,86.41944444444445,0.5051,228.0,0.6832,0.5842,4.7,0.7061,1,0,0,0.381132,0,MODERATE
23.757222222222225,86.41972222222223,1.7756,228.0,0.4168,0.5807,4.7,0.7126,1,0,0,0.141222,0,LOW
23.757222222222225,86.42000000000002,2.1095,228.0,0.3741,0.5765,4.7,0.7201,1,0,0,0.119164,0,LOW
23.757222222222225,86.42027777777778,3.098,228.0,0.2981,0.5664,4.7,0.7286,1,0,0,0.092413,0,LOW
23.756944444444446,86.41250000000001,1.9198,228.0,0.4071,0.5725,4.7,0.7635,1,0,0,0.126717,0,LOW
23.756944444444446,86.41277777777779,6.1885,228.0,0.2007,0.539,4.7,0.7918,1,0,0,0.073012,0,LOW
23.756944444444446,86.41305555555556,7.0941,228.0,0.2031,0.5322,4.7,0.8201,1,0,0,0.077015,0,LOW
23.756944444444446,86.41333333333334,7.6573,228.0,0.2184,0.5211,4.7,0.8131,1,0,0,0.094031,0,LOW
23.756944444444446,86.41361111111112,8.2796,228.0,0.2338,0.5185,4.7,0.7969,1,0,0,0.112119,0,LOW
23.756944444444446,86.41388888888889,9.5524,228.0,0.2342,0.5016,4.7,0.7814,1,0,0,0.140469,0,LOW
23.756944444444446,86.41416666666667,17.4872,228.0,0.1328,0.4065,4.7,0.7666,1,0,0,0.260205,0,LOW
23.756944444444446,86.41444444444446,24.1582,228.0,0.077,0.3339,4.7,0.7526,1,0,0,0.429712,0,MODERATE
23.756944444444446,86.41472222222224,26.6429,228.0,0.0595,0.3081,4.7,0.7394,1,0,0,0.508026,1,MODERATE
23.756944444444446,86.415,26.9054,228.0,0.0542,0.3064,4.7,0.7271,1,0,0,0.517395,1,MODERATE
23.756944444444446,86.41527777777779,24.5346,228.0,0.0681,0.3281,4.7,0.7157,1,0,0,0.459062,0,MODERATE
23.756944444444446,86.41555555555557,21.2746,228.0,0.0924,0.3594,4.7,0.7052,1,0,0,0.38216,0,MODERATE
23.756944444444446,86.41583333333334,18.1607,228.0,0.1222,0.4007,4.7,0.6957,1,0,0,0.30605,0,LOW
23.756944444444446,86.41611111111112,16.5298,228.0,0.1418,0.4207,4.7,0.6873,1,0,0,0.277854,0,LOW
23.756944444444446,86.4163888888889,18.4622,228.0,0.1205,0.4092,4.7,0.6799,1,0,0,0.307492,0,LOW
23.756944444444446,86.41666666666667,19.8078,228.0,0.1067,0.3952,4.7,0.6736,1,0,0,0.339263,0,LOW
23.756944444444446,86.41694444444445,21.2866,228.0,0.0882,0.3813,4.7,0.6685,1,0,0,0.368446,0,MODERATE
23.756944444444446,86.41722222222224,20.1441,228.0,0.0916,0.3915,4.7,0.6646,1,0,0,0.338059,0,LOW
23.756944444444446,86.4175,15.445,228.0,0.1345,0.4281,4.7,0.6618,1,0,0,0.256181,0,LOW
23.756944444444446,86.41777777777779,14.8815,228.0,0.1261,0.4418,4.7,0.6602,1,0,0,0.224423,0,LOW
23.756944444444446,86.41805555555557,13.4344,228.0,0.1315,0.4547,4.7,0.6599,1,0,0,0.195447,0,LOW
23.756944444444446,86.41833333333334,11.7136,228.0,0.1459,0.471,4.7,0.6607,1,0,0,0.16952,0,LOW
23.756944444444446,86.41861111111112,10.8952,228.0,0.1481,0.4826,4.7,0.6628,1,0,0,0.151211,0,LOW
23.756944444444446,86.4188888888889,10.24,228.0,0.1472,0.4891,4.7,0.666,1,0,0,0.137607,0,LOW
23.756944444444446,86.41916666666667,8.0645,228.0,0.1786,0.5094,4.7,0.6704,1,0,0,0.120106,0,LOW
23.756944444444446,86.41944444444445,4.2132,228.0,0.2883,0.5432,4.7,0.676,1,0,0,0.123751,0,LOW
23.756944444444446,86.41972222222223,0.7393,228.0,0.6144,0.5751,4.7,0.6827,1,0,0,0.328173,0,LOW
23.756944444444446,86.42000000000002,0.9264,228.0,0.552,0.5866,4.7,0.6905,1,0,0,0.244537,0,LOW
23.756944444444446,86.42027777777778,2.4508,228.0,0.3501,0.5748,4.7,0.6994,1,0,0,0.115646,0,LOW
23.756944444444446,86.42055555555557,3.9552,228.0,0.2571,0.5618,4.7,0.7093,1,0,0,0.086969,0,LOW
23.75666666666667,86.41250000000001,0.7393,228.0,0.5945,0.5814,4.7,0.7635,1,0,0,0.253858,0,LOW
23.75666666666667,86.41277777777779,4.3158,228.0,0.2733,0.5526,4.7,0.7918,1,0,0,0.083454,0,LOW
23.75666666666667,86.41305555555556,7.6081,228.0,0.1948,0.5266,4.7,0.8056,1,0,0,0.082369,0,LOW
23.75666666666667,86.41333333333334,9.8921,228.0,0.1787,0.5032,4.7,0.7882,1,0,0,0.108237,0,LOW
23.75666666666667,86.41361111111112,10.0099,228.0,0.2127,0.4964,4.7,0.7715,1,0,0,0.138345,0,LOW
23.75666666666667,86.41388888888889,14.7208,228.0,0.165,0.4306,4.7,0.7555,1,0,0,0.226194,0,LOW
23.75666666666667,86.41416666666667,26.6583,228.0,0.0582,0.3097,4.7,0.7402,1,0,0,0.503612,1,MODERATE
23.75666666666667,86.41444444444446,31.3569,228.0,0.0298,0.2636,4.7,0.7257,1,0,0,0.643629,1,MODERATE
23.75666666666667,86.41472222222224,26.8916,228.0,0.0645,0.3157,4.7,0.712,1,0,0,0.526702,1,MODERATE
23.75666666666667,86.415,18.9239,228.0,0.1318,0.3877,4.7,0.6992,1,0,0,0.347484,0,LOW
23.75666666666667,86.41527777777779,13.9558,228.0,0.1818,0.4393,4.7,0.6873,1,0,0,0.25403,0,LOW
23.75666666666667,86.41555555555557,13.3567,228.0,0.1793,0.4525,4.7,0.6764,1,0,0,0.232402,0,LOW
23.75666666666667,86.41583333333334,12.292,228.0,0.1911,0.4649,4.7,0.6666,1,0,0,0.218626,0,LOW
23.75666666666667,86.41611111111112,13.3236,228.0,0.1757,0.4567,4.7,0.6577,1,0,0,0.232722,0,LOW
23.75666666666667,86.4163888888889,18.0048,228.0,0.1177,0.4164,4.7,0.65,1,0,0,0.303414,0,LOW
23.75666666666667,86.41666666666667,20.3451,228.0,0.0963,0.3915,4.7,0.6435,1,0,0,0.360567,0,MODERATE
23.75666666666667,86.41694444444445,20.9458,228.0,0.0912,0.3768,4.7,0.6381,1,0,0,0.390936,0,MODERATE
23.75666666666667,86.41722222222224,21.5878,228.0,0.0806,0.3711,4.7,0.634,1,0,0,0.4016,0,MODERATE
23.75666666666667,86.4175,19.4501,228.0,0.0943,0.3902,4.7,0.6311,1,0,0,0.349761,0,LOW
23.75666666666667,86.41777777777779,17.0848,228.0,0.1102,0.4147,4.7,0.6294,1,0,0,0.291996,0,LOW
23.75666666666667,86.41805555555557,15.4001,228.0,0.1201,0.4316,4.7,0.629,1,0,0,0.253251,0,LOW
23.75666666666667,86.41833333333334,15.4376,228.0,0.1094,0.4351,4.7,0.6299,1,0,0,0.238724,0,LOW
23.75666666666667,86.41861111111112,15.9159,228.0,0.094,0.4313,4.7,0.6321,1,0,0,0.234395,0,LOW
23.75666666666667,86.4188888888889,15.5089,228.0,0.0892,0.4362,4.7,0.6355,1,0,0,0.216866,0,LOW
23.75666666666667,86.41916666666667,13.1114,228.0,0.1092,0.4573,4.7,0.6401,1,0,0,0.178546,0,LOW
23.75666666666667,86.41944444444445,8.5396,228.0,0.1751,0.5068,4.7,0.646,1,0,0,0.131476,0,LOW
23.75666666666667,86.41972222222223,3.5477,228.0,0.325,0.5535,4.7,0.653,1,0,0,0.139503,0,LOW
23.75666666666667,86.42000000000002,0.7922,228.0,0.599,0.5889,4.7,0.6611,1,0,0,0.305307,0,LOW
23.75666666666667,86.42027777777778,2.0196,228.0,0.3945,0.5783,4.7,0.6704,1,0,0,0.144711,0,LOW
23.75666666666667,86.42055555555557,3.2878,228.0,0.2921,0.5666,4.7,0.6807,1,0,0,0.102132,0,LOW
23.756388888888893,86.41277777777779,2.4357,228.0,0.3875,0.5664,4.7,0.7918,1,0,0,0.116176,0,LOW
23.756388888888893,86.41305555555556,7.0684,228.0,0.2138,0.5286,4.7,0.7818,1,0,0,0.090809,0,LOW
23.756388888888893,86.41333333333334,11.555,228.0,0.1559,0.4863,4.7,0.7639,1,0,0,0.128011,0,LOW
23.756388888888893,86.41361111111112,13.4559,228.0,0.1645,0.4662,4.7,0.7466,1,0,0,0.17687,0,LOW
23.756388888888893,86.41388888888889,20.7845,228.0,0.1054,0.3885,4.7,0.73,1,0,0,0.332194,0,LOW
23.756388888888893,86.41416666666667,30.8162,228.0,0.0363,0.2722,4.7,0.7142,1,0,0,0.63577,1,MODERATE
23.756388888888893,86.41444444444446,30.3579,228.0,0.0464,0.2702,4.7,0.6992,1,0,0,0.651152,1,HIGH
23.756388888888893,86.41472222222224,18.7235,228.0,0.1478,0.3942,4.7,0.6849,1,0,0,0.362815,0,MODERATE
23.756388888888893,86.415,6.8212,228.0,0.3379,0.5096,4.7,0.6716,1,0,0,0.223453,0,LOW
23.756388888888893,86.41527777777779,5.19,228.0,0.3721,0.5244,4.7,0.6592,1,0,0,0.220832,0,LOW
23.756388888888893,86.41555555555557,8.6289,228.0,0.2537,0.5103,4.7,0.6479,1,0,0,0.184888,0,LOW
23.756388888888893,86.41583333333334,7.3707,228.0,0.2792,0.5127,4.7,0.6375,1,0,0,0.191198,0,LOW
23.756388888888893,86.41611111111112,9.3142,228.0,0.234,0.4982,4.7,0.6283,1,0,0,0.197269,0,LOW
23.756388888888893,86.4163888888889,14.031,228.0,0.1567,0.4573,4.7,0.6202,1,0,0,0.242754,0,LOW
23.756388888888893,86.41666666666667,16.6782,228.0,0.1275,0.4274,4.7,0.6134,1,0,0,0.296656,0,LOW
23.756388888888893,86.41694444444445,17.852,228.0,0.1171,0.4129,4.7,0.6077,1,0,0,0.328919,0,LOW
23.756388888888893,86.41722222222224,19.3815,228.0,0.0989,0.3945,4.7,0.6034,1,0,0,0.364984,0,MODERATE
23.756388888888893,86.4175,18.0406,228.0,0.1093,0.4096,4.7,0.6003,1,0,0,0.332107,0,LOW
23.756388888888893,86.41777777777779,15.1318,228.0,0.1387,0.4357,4.7,0.5986,1,0,0,0.279183,0,LOW
23.756388888888893,86.41805555555557,13.5222,228.0,0.154,0.4534,4.7,0.5982,1,0,0,0.247219,0,LOW
23.756388888888893,86.41833333333334,13.4344,228.0,0.1491,0.4573,4.7,0.5991,1,0,0,0.236148,0,LOW
23.756388888888893,86.41861111111112,13.4181,228.0,0.1448,0.4567,4.7,0.6014,1,0,0,0.23131,0,LOW
23.756388888888893,86.4188888888889,14.6963,228.0,0.1203,0.4454,4.7,0.605,1,0,0,0.238274,0,LOW
23.756388888888893,86.41916666666667,14.9634,228.0,0.1053,0.4473,4.7,0.6098,1,0,0,0.223683,0,LOW
23.756388888888893,86.41944444444445,11.2919,228.0,0.1432,0.4883,4.7,0.616,1,0,0,0.164196,0,LOW
23.756388888888893,86.41972222222223,6.3173,228.0,0.2319,0.5341,4.7,0.6233,1,0,0,0.132145,0,LOW
23.756388888888893,86.42000000000002,1.8989,228.0,0.4403,0.5732,4.7,0.6319,1,0,0,0.196817,0,LOW
23.756388888888893,86.42027777777778,2.0196,228.0,0.4011,0.5793,4.7,0.6415,1,0,0,0.158402,0,LOW
23.756388888888893,86.42055555555557,2.566,228.0,0.3394,0.574,4.7,0.6523,1,0,0,0.124411,0,LOW
23.756388888888893,86.42083333333335,1.1851,228.0,0.4935,0.5814,4.7,0.6641,1,0,0,0.211135,0,LOW
23.75611111111112,86.41277777777779,0.3427,228.0,0.7781,0.5793,4.7,0.7775,1,0,0,0.463027,0,MODERATE
23.75611111111112,86.41305555555556,5.2937,228.0,0.2729,0.5413,4.7,0.7584,1,0,0,0.103865,0,LOW
23.75611111111112,86.41333333333334,10.9857,228.0,0.1699,0.4943,4.7,0.74,1,0,0,0.132613,0,LOW
23.75611111111112,86.41361111111112,15.0907,228.0,0.1464,0.4564,4.7,0.7221,1,0,0,0.202975,0,LOW
23.75611111111112,86.41388888888889,22.9965,228.0,0.0899,0.3668,4.7,0.705,1,0,0,0.403777,0,MODERATE
23.75611111111112,86.41416666666667,31.7344,228.0,0.0356,0.26,4.7,0.6886,1,0,0,0.684882,1,HIGH
23.75611111111112,86.41444444444446,29.6544,228.0,0.057,0.2844,4.7,0.673,1,0,0,0.646282,1,MODERATE
23.75611111111112,86.41472222222224,16.7087,228.0,0.1741,0.4157,4.7,0.6582,1,0,0,0.341369,0,LOW
23.75611111111112,86.415,6.4831,228.0,0.3462,0.5155,4.7,0.6443,1,0,0,0.232597,0,LOW
23.75611111111112,86.41527777777779,7.5021,228.0,0.2915,0.5201,4.7,0.6314,1,0,0,0.198783,0,LOW
23.75611111111112,86.41555555555557,8.8164,228.0,0.2393,0.5103,4.7,0.6195,1,0,0,0.187085,0,LOW
23.75611111111112,86.41583333333334,6.6301,228.0,0.2882,0.5269,4.7,0.6087,1,0,0,0.18717,0,LOW
23.75611111111112,86.41611111111112,10.5364,228.0,0.195,0.4948,4.7,0.599,1,0,0,0.196477,0,LOW
23.75611111111112,86.4163888888889,11.8058,228.0,0.1775,0.4752,4.7,0.5906,1,0,0,0.222769,0,LOW
23.75611111111112,86.41666666666667,12.4393,228.0,0.1731,0.4649,4.7,0.5833,1,0,0,0.243149,0,LOW
23.75611111111112,86.41694444444445,15.0658,228.0,0.1377,0.4398,4.7,0.5774,1,0,0,0.283274,0,LOW
23.75611111111112,86.41722222222224,17.5447,228.0,0.1071,0.4176,4.7,0.5728,1,0,0,0.325341,0,LOW
23.75611111111112,86.4175,16.7168,228.0,0.1159,0.4217,4.7,0.5696,1,0,0,0.3164,0,LOW
23.75611111111112,86.41777777777779,14.3159,228.0,0.1447,0.4488,4.7,0.5678,1,0,0,0.271833,0,LOW
23.75611111111112,86.41805555555557,12.8198,228.0,0.1638,0.465,4.7,0.5674,1,0,0,0.247724,0,LOW
23.75611111111112,86.41833333333334,11.2714,228.0,0.1884,0.4796,4.7,0.5683,1,0,0,0.23063,0,LOW
23.75611111111112,86.41861111111112,10.6621,228.0,0.2001,0.4876,4.7,0.5707,1,0,0,0.222664,0,LOW
23.75611111111112,86.4188888888889,14.8134,228.0,0.1315,0.4484,4.7,0.5745,1,0,0,0.263324,0,LOW
23.75611111111112,86.41916666666667,17.9113,228.0,0.0844,0.4189,4.7,0.5796,1,0,0,0.300275,0,LOW
23.75611111111112,86.41944444444445,14.4155,228.0,0.1122,0.4465,4.7,0.5861,1,0,0,0.233898,0,LOW
23.75611111111112,86.41972222222223,8.8235,228.0,0.1832,0.5087,4.7,0.5938,1,0,0,0.155498,0,LOW
23.75611111111112,86.42000000000002,3.5314,228.0,0.3307,0.5597,4.7,0.6028,1,0,0,0.15521,0,LOW
23.75611111111112,86.42027777777778,1.5842,228.0,0.4565,0.5826,4.7,0.6129,1,0,0,0.205299,0,LOW
23.75611111111112,86.42055555555557,1.441,228.0,0.4532,0.5803,4.7,0.6241,1,0,0,0.19791,0,LOW
23.75611111111112,86.42083333333335,1.4783,228.0,0.4418,0.5842,4.7,0.6364,1,0,0,0.180283,0,LOW
23.75611111111112,86.42111111111112,2.072,228.0,0.379,0.574,4.7,0.6497,1,0,0,0.145059,0,LOW
23.75583333333334,86.41277777777779,3.8921,228.0,0.2896,0.5554,4.7,0.7553,1,0,0,0.09406,0,LOW
23.75583333333334,86.41305555555556,6.8212,228.0,0.2189,0.5315,4.7,0.7357,1,0,0,0.100422,0,LOW
23.75583333333334,86.41333333333334,9.8708,228.0,0.1893,0.5003,4.7,0.7166,1,0,0,0.136505,0,LOW
23.75583333333334,86.41361111111112,13.1669,228.0,0.1734,0.4672,4.7,0.6982,1,0,0,0.199128,0,LOW
23.75583333333334,86.41388888888889,20.9158,228.0,0.1107,0.3868,4.7,0.6804,1,0,0,0.37391,0,MODERATE
23.75583333333334,86.41416666666667,30.6579,228.0,0.0454,0.2774,4.7,0.6634,1,0,0,0.667285,1,HIGH
23.75583333333334,86.41444444444446,31.6647,228.0,0.0437,0.2598,4.7,0.6472,1,0,0,0.71619,1,HIGH
23.75583333333334,86.41472222222224,22.5684,228.0,0.1129,0.3574,4.7,0.6318,1,0,0,0.487589,0,MODERATE
23.75583333333334,86.415,10.0983,228.0,0.2607,0.4874,4.7,0.6173,1,0,0,0.250517,0,LOW
23.75583333333334,86.41527777777779,7.5963,228.0,0.2925,0.5151,4.7,0.6038,1,0,0,0.21825,0,LOW
23.75583333333334,86.41555555555557,8.8389,228.0,0.2398,0.5024,4.7,0.5914,1,0,0,0.207387,0,LOW
23.75583333333334,86.41583333333334,7.1471,228.0,0.2702,0.5137,4.7,0.5801,1,0,0,0.203752,0,LOW
23.75583333333334,86.41611111111112,12.8368,228.0,0.147,0.4711,4.7,0.5699,1,0,0,0.223734,0,LOW
23.75583333333334,86.4163888888889,12.8044,228.0,0.1485,0.4668,4.7,0.561,1,0,0,0.233524,0,LOW
23.75583333333334,86.41666666666667,10.6163,228.0,0.1894,0.4869,4.7,0.5534,1,0,0,0.22075,0,LOW
23.75583333333334,86.41694444444445,10.9209,228.0,0.1861,0.4806,4.7,0.5472,1,0,0,0.23195,0,LOW
23.75583333333334,86.41722222222224,13.807,228.0,0.1402,0.4574,4.7,0.5423,1,0,0,0.261429,0,LOW
23.75583333333334,86.4175,14.7895,228.0,0.1278,0.4464,4.7,0.5389,1,0,0,0.280214,0,LOW
23.75583333333334,86.41777777777779,13.2473,228.0,0.1519,0.4624,4.7,0.537,1,0,0,0.26102,0,LOW
23.75583333333334,86.41805555555557,12.2508,228.0,0.1694,0.4715,4.7,0.5365,1,0,0,0.252097,0,LOW
23.75583333333334,86.41833333333334,10.384,228.0,0.2061,0.4867,4.7,0.5376,1,0,0,0.240841,0,LOW
23.75583333333334,86.41861111111112,10.7978,228.0,0.2027,0.4847,4.7,0.5401,1,0,0,0.245104,0,LOW
23.75583333333334,86.4188888888889,15.6594,228.0,0.1287,0.4347,4.7,0.5441,1,0,0,0.308953,0,LOW
23.75583333333334,86.41916666666667,20.8737,228.0,0.0631,0.3857,4.7,0.5495,1,0,0,0.396696,0,MODERATE
23.75583333333334,86.41944444444445,19.2835,228.0,0.0641,0.397,4.7,0.5563,1,0,0,0.345391,0,LOW
23.75583333333334,86.41972222222223,11.9551,228.0,0.1348,0.4732,4.7,0.5644,1,0,0,0.200309,0,LOW
23.75583333333334,86.42000000000002,3.7936,228.0,0.3276,0.5557,4.7,0.5738,1,0,0,0.169914,0,LOW
23.75583333333334,86.42027777777778,0.4632,228.0,0.7087,0.5826,4.7,0.5845,1,0,0,0.495858,0,MODERATE
23.75583333333334,86.42055555555557,1.4783,228.0,0.4484,0.5842,4.7,0.5962,1,0,0,0.202366,0,LOW
23.75583333333334,86.42083333333335,0.7393,228.0,0.5752,0.5851,4.7,0.6091,1,0,0,0.311592,0,LOW
23.75583333333334,86.42111111111112,0.7393,228.0,0.5772,0.5851,4.7,0.623,1,0,0,0.305971,0,LOW
23.75583333333334,86.4213888888889,2.0552,228.0,0.3811,0.5777,4.7,0.6378,1,0,0,0.14741,0,LOW
23.75555555555556,86.41305555555556,5.4168,228.0,0.2586,0.5445,4.7,0.7135,1,0,0,0.107054,0,LOW
23.75555555555556,86.41333333333334,7.4591,228.0,0.2381,0.5236,4.7,0.6938,1,0,0,0.133152,0,LOW
23.75555555555556,86.41361111111112,10.7351,228.0,0.2074,0.4917,4.7,0.6748,1,0,0,0.181276,0,LOW
23.75555555555556,86.41388888888889,17.4884,228.0,0.1429,0.4192,4.7,0.6564,1,0,0,0.315519,0,LOW
23.75555555555556,86.41416666666667,26.8624,228.0,0.0733,0.3129,4.7,0.6387,1,0,0,0.590178,1,MODERATE
23.75555555555556,86.41444444444446,32.1151,228.0,0.0407,0.2612,4.7,0.6219,1,0,0,0.732513,1,HIGH
23.75555555555556,86.41472222222224,28.3284,228.0,0.0663,0.3056,4.7,0.6058,1,0,0,0.642626,1,MODERATE
23.75555555555556,86.415,16.5215,228.0,0.1687,0.4146,4.7,0.5907,1,0,0,0.373899,0,MODERATE
23.75555555555556,86.41527777777779,8.1775,228.0,0.2904,0.4806,4.7,0.5766,1,0,0,0.278533,0,LOW
23.75555555555556,86.41555555555557,8.792,228.0,0.2532,0.5061,4.7,0.5636,1,0,0,0.227722,0,LOW
23.75555555555556,86.41583333333334,4.192,228.0,0.3855,0.5346,4.7,0.5517,1,0,0,0.259043,0,LOW
23.75555555555556,86.41611111111112,10.8346,228.0,0.1831,0.4784,4.7,0.541,1,0,0,0.233104,0,LOW
23.75555555555556,86.4163888888889,10.7542,228.0,0.1782,0.4779,4.7,0.5316,1,0,0,0.23218,0,LOW
23.75555555555556,86.41666666666667,5.5581,228.0,0.3079,0.5277,4.7,0.5236,1,0,0,0.225654,0,LOW
23.75555555555556,86.41694444444445,2.8614,228.0,0.4402,0.55,4.7,0.517,1,0,0,0.294456,0,LOW
23.75555555555556,86.41722222222224,6.5765,228.0,0.2761,0.5189,4.7,0.5118,1,0,0,0.226119,0,LOW
23.75555555555556,86.4175,10.1672,228.0,0.1938,0.492,4.7,0.5082,1,0,0,0.23375,0,LOW
23.75555555555556,86.41777777777779,10.9949,228.0,0.185,0.4864,4.7,0.5062,1,0,0,0.245433,0,LOW
23.75555555555556,86.41805555555557,10.149,228.0,0.2084,0.4896,4.7,0.5057,1,0,0,0.251854,0,LOW
23.75555555555556,86.41833333333334,6.1415,228.0,0.317,0.5257,4.7,0.5068,1,0,0,0.254206,0,LOW
23.75555555555556,86.41861111111112,4.7691,228.0,0.3744,0.5268,4.7,0.5095,1,0,0,0.289042,0,LOW
23.75555555555556,86.4188888888889,11.8788,228.0,0.1935,0.4705,4.7,0.5137,1,0,0,0.284374,0,LOW
23.75555555555556,86.41916666666667,20.7784,228.0,0.0718,0.3898,4.7,0.5194,1,0,0,0.419324,0,MODERATE
23.75555555555556,86.41944444444445,22.9403,228.0,0.034,0.3744,4.7,0.5266,1,0,0,0.433834,0,MODERATE
23.75555555555556,86.41972222222223,14.1895,228.0,0.1073,0.459,4.7,0.5352,1,0,0,0.236222,0,LOW
23.75555555555556,86.42000000000002,1.441,228.0,0.5286,0.5583,4.7,0.5451,1,0,0,0.34368,0,LOW
23.75555555555556,86.42027777777778,2.1125,228.0,0.4112,0.5748,4.7,0.5563,1,0,0,0.205452,0,LOW
23.75555555555556,86.42055555555557,1.7176,228.0,0.4213,0.5807,4.7,0.5687,1,0,0,0.197528,0,LOW
23.75555555555556,86.42083333333335,1.7825,228.0,0.3984,0.5793,4.7,0.5821,1,0,0,0.175568,0,LOW
23.75555555555556,86.42111111111112,0.6853,228.0,0.5882,0.5889,4.7,0.5967,1,0,0,0.32791,0,LOW
23.75555555555556,86.4213888888889,1.5842,228.0,0.4273,0.5826,4.7,0.6121,1,0,0,0.181143,0,LOW
23.75555555555556,86.42166666666668,4.3411,228.0,0.2342,0.5583,4.7,0.6285,1,0,0,0.099404,0,LOW
23.75527777777778,86.41305555555556,4.7618,228.0,0.2749,0.5513,4.7,0.692,1,0,0,0.111587,0,LOW
23.75527777777778,86.41333333333334,6.6384,228.0,0.249,0.5337,4.7,0.6717,1,0,0,0.131362,0,LOW
23.75527777777778,86.41361111111112,10.1794,228.0,0.2048,0.5003,4.7,0.652,1,0,0,0.173364,0,LOW
23.75527777777778,86.41388888888889,15.7469,228.0,0.153,0.4408,4.7,0.6329,1,0,0,0.280657,0,LOW
23.75527777777778,86.41416666666667,23.3515,228.0,0.0967,0.3573,4.7,0.6146,1,0,0,0.494367,0,MODERATE
23.75527777777778,86.41444444444446,29.1571,228.0,0.0614,0.2813,4.7,0.5971,1,0,0,0.691059,1,HIGH
23.75527777777778,86.41472222222224,28.2029,228.0,0.0715,0.2932,4.7,0.5804,1,0,0,0.678764,1,HIGH
23.75527777777778,86.415,23.5185,228.0,0.1036,0.3577,4.7,0.5646,1,0,0,0.539941,1,MODERATE
23.75527777777778,86.41527777777779,17.835,228.0,0.1463,0.4099,4.7,0.5498,1,0,0,0.405103,0,MODERATE
23.75527777777778,86.41555555555557,11.9217,228.0,0.2097,0.4777,4.7,0.5361,1,0,0,0.281698,0,LOW
23.75527777777778,86.41583333333334,7.2512,228.0,0.291,0.4949,4.7,0.5236,1,0,0,0.273817,0,LOW
23.75527777777778,86.41611111111112,15.605,228.0,0.1167,0.4414,4.7,0.5123,1,0,0,0.30349,0,LOW
23.75527777777778,86.4163888888889,15.7316,228.0,0.1008,0.4424,4.7,0.5024,1,0,0,0.292117,0,LOW
23.75527777777778,86.41666666666667,11.2281,228.0,0.1607,0.4791,4.7,0.4939,1,0,0,0.239397,0,LOW
23.75527777777778,86.41694444444445,8.2799,228.0,0.219,0.5089,4.7,0.4868,1,0,0,0.220633,0,LOW
23.75527777777778,86.41722222222224,3.7348,228.0,0.3836,0.5286,4.7,0.4814,1,0,0,0.293975,0,LOW
23.75527777777778,86.4175,2.4508,228.0,0.4788,0.546,4.7,0.4776,1,0,0,0.360843,0,MODERATE
23.75527777777778,86.41777777777779,7.873,228.0,0.2575,0.5173,4.7,0.4754,1,0,0,0.247648,0,LOW
23.75527777777778,86.41805555555557,10.4888,228.0,0.2106,0.4936,4.7,0.4749,1,0,0,0.270936,0,LOW
23.75527777777778,86.41833333333334,8.2578,228.0,0.2677,0.4976,4.7,0.476,1,0,0,0.288395,0,LOW
23.75527777777778,86.41861111111112,11.4981,228.0,0.2056,0.4708,4.7,0.4789,1,0,0,0.310106,0,LOW
23.75527777777778,86.4188888888889,16.9391,228.0,0.1261,0.4265,4.7,0.4834,1,0,0,0.37857,0,MODERATE
23.75527777777778,86.41916666666667,20.9797,228.0,0.0738,0.3857,4.7,0.4895,1,0,0,0.45208,0,MODERATE
23.75527777777778,86.41944444444445,21.8701,228.0,0.0473,0.3766,4.7,0.4971,1,0,0,0.444703,0,MODERATE
23.75527777777778,86.41972222222223,13.4559,228.0,0.1212,0.4571,4.7,0.5062,1,0,0,0.254819,0,LOW
23.75527777777778,86.42000000000002,0.7393,228.0,0.6663,0.5685,4.7,0.5166,1,0,0,0.511777,1,MODERATE
23.75527777777778,86.42027777777778,2.8614,228.0,0.3565,0.5685,4.7,0.5284,1,0,0,0.187096,0,LOW
23.75527777777778,86.42055555555557,1.0101,228.0,0.5341,0.5826,4.7,0.5414,1,0,0,0.311216,0,LOW
23.75527777777778,86.42083333333335,2.2216,228.0,0.3592,0.5774,4.7,0.5556,1,0,0,0.162833,0,LOW
23.75527777777778,86.42111111111112,1.6404,228.0,0.4147,0.5807,4.7,0.5708,1,0,0,0.190055,0,LOW
23.75527777777778,86.4213888888889,2.0542,228.0,0.3724,0.5756,4.7,0.5869,1,0,0,0.160679,0,LOW
23.75527777777778,86.42166666666668,3.063,228.0,0.2988,0.5648,4.7,0.604,1,0,0,0.125505,0,LOW
23.75527777777778,86.42194444444445,5.052,228.0,0.2051,0.5468,4.7,0.6219,1,0,0,0.098807,0,LOW
23.75527777777778,86.42222222222223,5.1084,228.0,0.208,0.5454,4.7,0.6405,1,0,0,0.096995,0,LOW
23.755000000000003,86.41333333333334,5.5396,228.0,0.2694,0.5432,4.7,0.6502,1,0,0,0.132918,0,LOW
23.755000000000003,86.41361111111112,8.5832,228.0,0.2213,0.5119,4.7,0.6299,1,0,0,0.164678,0,LOW
23.755000000000003,86.41388888888889,14.5377,228.0,0.152,0.4547,4.7,0.6102,1,0,0,0.254198,0,LOW
23.755000000000003,86.41416666666667,21.5519,228.0,0.1002,0.3774,4.7,0.5911,1,0,0,0.445064,0,MODERATE
23.755000000000003,86.41444444444446,26.708,228.0,0.0738,0.3199,4.7,0.5728,1,0,0,0.619359,1,MODERATE
23.755000000000003,86.41472222222224,26.5847,228.0,0.0849,0.3156,4.7,0.5554,1,0,0,0.647682,1,MODERATE
23.755000000000003,86.415,26.3124,228.0,0.0861,0.3212,4.7,0.5389,1,0,0,0.645953,1,MODERATE
23.755000000000003,86.41527777777779,23.1838,228.0,0.1044,0.3466,4.7,0.5234,1,0,0,0.577808,1,MODERATE
23.755000000000003,86.41555555555557,18.2688,228.0,0.1397,0.4062,4.7,0.509,1,0,0,0.437698,0,MODERATE
23.755000000000003,86.41583333333334,16.2911,228.0,0.1439,0.4218,4.7,0.4958,1,0,0,0.386975,0,MODERATE
23.755000000000003,86.41611111111112,16.5992,228.0,0.1189,0.427,4.7,0.4839,1,0,0,0.361639,0,MODERATE
23.755000000000003,86.4163888888889,12.2255,228.0,0.1635,0.4644,4.7,0.4733,1,0,0,0.287209,0,LOW
23.755000000000003,86.41666666666667,7.4775,228.0,0.2498,0.5108,4.7,0.4643,1,0,0,0.246521,0,LOW
23.755000000000003,86.41694444444445,6.3536,228.0,0.2782,0.5278,4.7,0.4568,1,0,0,0.241157,0,LOW
23.755000000000003,86.41722222222224,7.5417,228.0,0.2504,0.5181,4.7,0.451,1,0,0,0.246398,0,LOW
23.755000000000003,86.4175,6.9866,228.0,0.2804,0.5143,4.7,0.4469,1,0,0,0.274863,0,LOW
23.755000000000003,86.41777777777779,14.1009,228.0,0.153,0.4372,4.7,0.4446,1,0,0,0.363797,0,MODERATE
23.755000000000003,86.41805555555557,18.8011,228.0,0.1045,0.3936,4.7,0.444,1,0,0,0.464351,0,MODERATE
23.755000000000003,86.41833333333334,19.8272,228.0,0.0996,0.3848,4.7,0.4453,1,0,0,0.492597,0,MODERATE
23.755000000000003,86.41861111111112,20.7905,228.0,0.0904,0.3823,4.7,0.4483,1,0,0,0.502918,1,MODERATE
23.755000000000003,86.4188888888889,19.7326,228.0,0.0978,0.3925,4.7,0.4531,1,0,0,0.471094,0,MODERATE
23.755000000000003,86.41916666666667,17.588,228.0,0.1119,0.41,4.7,0.4596,1,0,0,0.413207,0,MODERATE
23.755000000000003,86.41944444444445,16.6113,228.0,0.1048,0.4245,4.7,0.4677,1,0,0,0.357899,0,MODERATE
23.755000000000003,86.41972222222223,11.2762,228.0,0.1568,0.4864,4.7,0.4774,1,0,0,0.236179,0,LOW
23.755000000000003,86.42000000000002,1.1112,228.0,0.5877,0.5666,4.7,0.4885,1,0,0,0.43604,0,MODERATE
23.755000000000003,86.42027777777778,3.0071,228.0,0.3542,0.5689,4.7,0.5009,1,0,0,0.198165,0,LOW
23.755000000000003,86.42055555555557,0.6853,228.0,0.6227,0.5807,4.7,0.5146,1,0,0,0.434829,0,MODERATE
23.755000000000003,86.42083333333335,1.4783,228.0,0.4515,0.5777,4.7,0.5295,1,0,0,0.242913,0,LOW
23.755000000000003,86.42111111111112,2.5585,228.0,0.3326,0.5727,4.7,0.5454,1,0,0,0.155094,0,LOW
23.755000000000003,86.4213888888889,2.6561,228.0,0.322,0.5717,4.7,0.5623,1,0,0,0.14396,0,LOW
23.755000000000003,86.42166666666668,1.3836,228.0,0.4537,0.5748,4.7,0.5801,1,0,0,0.22264,0,LOW
23.755000000000003,86.42194444444445,2.5494,228.0,0.3358,0.5666,4.7,0.5986,1,0,0,0.143909,0,LOW
23.755000000000003,86.42222222222223,3.4873,228.0,0.2789,0.5586,4.7,0.618,1,0,0,0.118063,0,LOW
23.755000000000003,86.42250000000001,4.4271,228.0,0.2367,0.5527,4.7,0.638,1,0,0,0.102127,0,LOW
23.754722222222227,86.41333333333334,4.4381,228.0,0.2953,0.5557,4.7,0.6296,1,0,0,0.135483,0,LOW
23.754722222222227,86.41361111111112,5.68,228.0,0.2823,0.538,4.7,0.6085,1,0,0,0.161053,0,LOW
23.754722222222227,86.41388888888889,10.4184,228.0,0.1973,0.4865,4.7,0.5881,1,0,0,0.20981,0,LOW
23.754722222222227,86.41416666666667,17.1197,228.0,0.1287,0.4136,4.7,0.5683,1,0,0,0.351337,0,MODERATE
23.754722222222227,86.41444444444446,24.9682,228.0,0.0735,0.3296,4.7,0.5493,1,0,0,0.583583,1,MODERATE
23.754722222222227,86.41472222222224,28.9944,228.0,0.0565,0.2864,4.7,0.5311,1,0,0,0.712871,1,HIGH
23.754722222222227,86.415,30.8057,228.0,0.0495,0.2561,4.7,0.5138,1,0,0,0.779264,1,HIGH
23.754722222222227,86.41527777777779,28.5422,228.0,0.0658,0.2847,4.7,0.4975,1,0,0,0.735061,1,HIGH
23.754722222222227,86.41555555555557,23.4426,228.0,0.1008,0.3386,4.7,0.4823,1,0,0,0.616757,1,MODERATE
23.754722222222227,86.41583333333334,16.9846,228.0,0.1543,0.4062,4.7,0.4684,1,0,0,0.456428,0,MODERATE
23.754722222222227,86.41611111111112,8.3593,228.0,0.2804,0.4732,4.7,0.4557,1,0,0,0.349435,0,LOW
23.754722222222227,86.4163888888889,3.5615,228.0,0.4324,0.5286,4.7,0.4445,1,0,0,0.370552,0,MODERATE
23.754722222222227,86.41666666666667,6.1415,228.0,0.3091,0.5283,4.7,0.4349,1,0,0,0.28031,0,LOW
23.754722222222227,86.41694444444445,5.3177,228.0,0.3346,0.534,4.7,0.4269,1,0,0,0.290965,0,LOW
23.754722222222227,86.41722222222224,1.7176,228.0,0.5688,0.5286,4.7,0.4207,1,0,0,0.527111,1,MODERATE
23.754722222222227,86.4175,8.1686,228.0,0.2705,0.4854,4.7,0.4163,1,0,0,0.340443,0,LOW
23.754722222222227,86.41777777777779,19.6315,228.0,0.1029,0.3871,4.7,0.4138,1,0,0,0.510282,1,MODERATE
23.754722222222227,86.41805555555557,24.686,228.0,0.0611,0.3332,4.7,0.4132,1,0,0,0.642776,1,MODERATE
23.754722222222227,86.41833333333334,24.8821,228.0,0.0609,0.328,4.7,0.4146,1,0,0,0.65286,1,HIGH
23.754722222222227,86.41861111111112,22.819,228.0,0.0755,0.3531,4.7,0.4178,1,0,0,0.591076,1,MODERATE
23.754722222222227,86.4188888888889,18.7912,228.0,0.108,0.3935,4.7,0.423,1,0,0,0.482965,0,MODERATE
23.754722222222227,86.41916666666667,14.3278,228.0,0.1506,0.4426,4.7,0.4299,1,0,0,0.366743,0,MODERATE
23.754722222222227,86.41944444444445,10.9661,228.0,0.1854,0.4744,4.7,0.4386,1,0,0,0.295445,0,LOW
23.754722222222227,86.41972222222223,8.4294,228.0,0.2129,0.5092,4.7,0.4488,1,0,0,0.234641,0,LOW
23.754722222222227,86.42000000000002,3.0071,228.0,0.3909,0.5527,4.7,0.4606,1,0,0,0.270361,0,LOW
23.754722222222227,86.42027777777778,3.5745,228.0,0.3286,0.5557,4.7,0.4738,1,0,0,0.208684,0,LOW
23.754722222222227,86.42055555555557,4.1031,228.0,0.2785,0.5502,4.7,0.4882,1,0,0,0.173437,0,LOW
23.754722222222227,86.42083333333335,2.1125,228.0,0.3949,0.5652,4.7,0.5039,1,0,0,0.224206,0,LOW
23.754722222222227,86.42111111111112,1.1112,228.0,0.5112,0.5803,4.7,0.5206,1,0,0,0.301679,0,LOW
23.754722222222227,86.4213888888889,0.7393,228.0,0.5838,0.5866,4.7,0.5383,1,0,0,0.362021,0,MODERATE
23.754722222222227,86.42166666666668,1.0101,228.0,0.5163,0.5851,4.7,0.5568,1,0,0,0.279526,0,LOW
23.754722222222227,86.42194444444445,1.1851,228.0,0.484,0.5793,4.7,0.5761,1,0,0,0.245751,0,LOW
23.754722222222227,86.42222222222223,2.2168,228.0,0.3632,0.5765,4.7,0.5962,1,0,0,0.151998,0,LOW
23.754722222222227,86.42250000000001,2.5252,228.0,0.344,0.5703,4.7,0.6169,1,0,0,0.140303,0,LOW
23.754722222222227,86.42277777777778,4.1486,228.0,0.2505,0.5527,4.7,0.6382,1,0,0,0.106771,0,LOW
23.75444444444445,86.41388888888889,5.8368,228.0,0.286,0.5318,4.7,0.5669,1,0,0,0.187298,0,LOW
23.75444444444445,86.41416666666667,8.8068,228.0,0.2375,0.4881,4.7,0.5463,1,0,0,0.240958,0,LOW
23.75444444444445,86.41444444444446,16.9112,228.0,0.134,0.4068,4.7,0.5265,1,0,0,0.389548,0,MODERATE
23.75444444444445,86.41472222222224,24.6495,228.0,0.0765,0.3336,4.7,0.5075,1,0,0,0.601808,1,MODERATE
23.75444444444445,86.415,29.8145,228.0,0.0484,0.2657,4.7,0.4893,1,0,0,0.764205,1,HIGH
23.75444444444445,86.41527777777779,30.7678,228.0,0.048,0.2613,4.7,0.4722,1,0,0,0.790683,1,HIGH
23.75444444444445,86.41555555555557,26.8132,228.0,0.0792,0.3004,4.7,0.4562,1,0,0,0.722402,1,HIGH
23.75444444444445,86.41583333333334,19.0755,228.0,0.1459,0.3853,4.7,0.4414,1,0,0,0.5404,1,MODERATE
23.75444444444445,86.41611111111112,10.3099,228.0,0.2601,0.4655,4.7,0.428,1,0,0,0.391619,0,MODERATE
23.75444444444445,86.4163888888889,5.1265,228.0,0.3861,0.5181,4.7,0.416,1,0,0,0.376865,0,MODERATE
23.75444444444445,86.41666666666667,8.7472,228.0,0.2672,0.5036,4.7,0.4057,1,0,0,0.328985,0,LOW
23.75444444444445,86.41694444444445,9.3971,228.0,0.2501,0.5011,4.7,0.3971,1,0,0,0.32955,0,LOW
23.75444444444445,86.41722222222224,8.1853,228.0,0.2843,0.4789,4.7,0.3904,1,0,0,0.383108,0,MODERATE
23.75444444444445,86.4175,15.8863,228.0,0.1582,0.4197,4.7,0.3857,1,0,0,0.472219,0,MODERATE
23.75444444444445,86.41777777777779,23.3455,228.0,0.0834,0.3623,4.7,0.383,1,0,0,0.620766,1,MODERATE
23.75444444444445,86.41805555555557,25.0666,228.0,0.0695,0.3368,4.7,0.3824,1,0,0,0.673859,1,HIGH
23.75444444444445,86.41833333333334,22.1085,228.0,0.0924,0.3732,4.7,0.3838,1,0,0,0.590213,1,MODERATE
23.75444444444445,86.41861111111112,17.2548,228.0,0.1347,0.4135,4.7,0.3874,1,0,0,0.478611,0,MODERATE
23.75444444444445,86.4188888888889,15.0525,228.0,0.1483,0.4362,4.7,0.3929,1,0,0,0.411533,0,MODERATE
23.75444444444445,86.41916666666667,13.7714,228.0,0.1492,0.4537,4.7,0.4004,1,0,0,0.356276,0,MODERATE
23.75444444444445,86.41944444444445,11.3714,228.0,0.1687,0.4722,4.7,0.4096,1,0,0,0.303023,0,LOW
23.75444444444445,86.41972222222223,9.9195,228.0,0.1744,0.4889,4.7,0.4206,1,0,0,0.257264,0,LOW
23.75444444444445,86.42000000000002,9.3367,228.0,0.1639,0.4984,4.7,0.4332,1,0,0,0.221074,0,LOW
23.75444444444445,86.42027777777778,8.9626,228.0,0.1513,0.5049,4.7,0.4472,1,0,0,0.191996,0,LOW
23.75444444444445,86.42055555555557,9.4113,228.0,0.124,0.5017,4.7,0.4624,1,0,0,0.172771,0,LOW
23.75444444444445,86.42083333333335,7.5417,228.0,0.1544,0.5206,4.7,0.4789,1,0,0,0.151253,0,LOW
23.75444444444445,86.42111111111112,4.8075,228.0,0.2318,0.5431,4.7,0.4965,1,0,0,0.15054,0,LOW
23.75444444444445,86.4213888888889,2.2168,228.0,0.3744,0.5683,4.7,0.515,1,0,0,0.199181,0,LOW
23.75444444444445,86.42166666666668,1.0279,228.0,0.5176,0.5842,4.7,0.5343,1,0,0,0.294701,0,LOW
23.75444444444445,86.42194444444445,0.5051,228.0,0.6541,0.5883,4.7,0.5545,1,0,0,0.43487,0,MODERATE
23.75444444444445,86.42222222222223,0.4632,228.0,0.6724,0.5889,4.7,0.5753,1,0,0,0.443663,0,MODERATE
23.75444444444445,86.42250000000001,1.441,228.0,0.4515,0.5814,4.7,0.5967,1,0,0,0.20715,0,LOW
23.75444444444445,86.42277777777778,3.7899,228.0,0.2643,0.5614,4.7,0.6187,1,0,0,0.110816,0,LOW
23.75444444444445,86.42305555555556,5.1218,228.0,0.206,0.5496,4.7,0.6411,1,0,0,0.093795,0,LOW
23.75416666666667,86.415,21.5878,228.0,0.1021,0.3597,4.7,0.4656,1,0,0,0.558916,1,MODERATE
23.75416666666667,86.41527777777779,27.5139,228.0,0.064,0.3049,4.7,0.4476,1,0,0,0.717173,1,HIGH
23.75416666666667,86.41555555555557,29.8005,228.0,0.0538,0.2733,4.7,0.4307,1,0,0,0.788076,1,HIGH
23.75416666666667,86.41583333333334,28.2081,228.0,0.0679,0.2951,4.7,0.415,1,0,0,0.761152,1,HIGH
23.75416666666667,86.41611111111112,23.2308,228.0,0.1074,0.3375,4.7,0.4007,1,0,0,0.672082,1,HIGH
23.75416666666667,86.4163888888889,13.1231,228.0,0.2213,0.4403,4.7,0.3879,1,0,0,0.464181,0,MODERATE
23.75416666666667,86.41666666666667,4.1445,228.0,0.448,0.508,4.7,0.3768,1,0,0,0.478084,0,MODERATE
23.75416666666667,86.41694444444445,7.8688,228.0,0.3166,0.4832,4.7,0.3676,1,0,0,0.426668,0,MODERATE
23.75416666666667,86.41722222222224,20.1753,228.0,0.1234,0.3689,4.7,0.3603,1,0,0,0.611486,1,MODERATE
23.75416666666667,86.4175,27.1047,228.0,0.0607,0.3154,4.7,0.3552,1,0,0,0.742549,1,HIGH
23.75416666666667,86.41777777777779,26.9729,228.0,0.0622,0.3112,4.7,0.3522,1,0,0,0.748344,1,HIGH
23.75416666666667,86.41805555555557,25.2661,228.0,0.0714,0.3335,4.7,0.3515,1,0,0,0.701828,1,HIGH
23.75416666666667,86.41833333333334,19.5385,228.0,0.1158,0.3942,4.7,0.3531,1,0,0,0.554992,1,MODERATE
23.75416666666667,86.41861111111112,12.3217,228.0,0.1954,0.4656,4.7,0.357,1,0,0,0.395138,0,MODERATE
23.75416666666667,86.4188888888889,11.3743,228.0,0.1927,0.4813,4.7,0.363,1,0,0,0.346357,0,LOW
23.75416666666667,86.41916666666667,11.9619,228.0,0.1635,0.4729,4.7,0.371,1,0,0,0.329363,0,LOW
23.75416666666667,86.41944444444445,12.3528,228.0,0.1388,0.4703,4.7,0.381,1,0,0,0.305571,0,LOW
23.75416666666667,86.41972222222223,12.2163,228.0,0.1236,0.4715,4.7,0.3928,1,0,0,0.278185,0,LOW
23.75416666666667,86.42000000000002,10.4173,228.0,0.1397,0.4897,4.7,0.4062,1,0,0,0.236768,0,LOW
23.75416666666667,86.42027777777778,7.4381,228.0,0.1934,0.5119,4.7,0.4211,1,0,0,0.211509,0,LOW
23.75416666666667,86.42055555555557,8.4955,228.0,0.1537,0.5119,4.7,0.4373,1,0,0,0.185229,0,LOW
23.75416666666667,86.42083333333335,8.8553,228.0,0.1335,0.5108,4.7,0.4547,1,0,0,0.168176,0,LOW
23.75416666666667,86.42111111111112,8.1984,228.0,0.1368,0.5185,4.7,0.4731,1,0,0,0.15004,0,LOW
23.75416666666667,86.4213888888889,5.5185,228.0,0.2032,0.538,4.7,0.4925,1,0,0,0.144214,0,LOW
23.75416666666667,86.42166666666668,2.4357,228.0,0.3542,0.5652,4.7,0.5127,1,0,0,0.189078,0,LOW
23.75416666666667,86.42194444444445,0.4632,228.0,0.6766,0.5866,4.7,0.5337,1,0,0,0.480393,0,MODERATE
23.75416666666667,86.42222222222223,0.3427,228.0,0.7339,0.5902,4.7,0.5552,1,0,0,0.534971,1,MODERATE
23.75416666666667,86.42250000000001,1.8989,228.0,0.3948,0.5807,4.7,0.5774,1,0,0,0.17479,0,LOW
23.75416666666667,86.42277777777778,4.6294,228.0,0.2212,0.5557,4.7,0.6001,1,0,0,0.103673,0,LOW
23.75416666666667,86.42305555555556,5.1218,228.0,0.2023,0.5502,4.7,0.6232,1,0,0,0.095869,0,LOW
23.75388888888889,86.41583333333334,34.7862,228.0,0.0142,0.2012,4.7,0.3892,1,0,0,0.889618,1,VERY HIGH
23.75388888888889,86.41611111111112,36.9102,228.0,0.0034,0.167,4.7,0.3739,1,0,0,0.921591,1,VERY HIGH
23.75388888888889,86.4163888888889,32.6984,228.0,0.0345,0.214,4.7,0.3602,1,0,0,0.882249,1,VERY HIGH
23.75388888888889,86.41666666666667,27.4214,228.0,0.0745,0.2708,4.7,0.3482,1,0,0,0.810677,1,HIGH
23.75388888888889,86.41694444444445,26.802,228.0,0.0774,0.2956,4.7,0.3382,1,0,0,0.784201,1,HIGH
23.75388888888889,86.41722222222224,30.0853,228.0,0.0481,0.2675,4.7,0.3303,1,0,0,0.833563,1,HIGH
23.75388888888889,86.4175,29.8083,228.0,0.047,0.2738,4.7,0.3247,1,0,0,0.825969,1,HIGH
23.75388888888889,86.41777777777779,25.2089,228.0,0.0788,0.3239,4.7,0.3215,1,0,0,0.736942,1,HIGH
23.75388888888889,86.41805555555557,22.4251,228.0,0.0917,0.3628,4.7,0.3207,1,0,0,0.650448,1,HIGH
23.75388888888889,86.41833333333334,16.5958,228.0,0.1379,0.4194,4.7,0.3225,1,0,0,0.502864,1,MODERATE
23.75388888888889,86.41861111111112,11.7639,228.0,0.1876,0.4774,4.7,0.3266,1,0,0,0.375753,0,MODERATE
23.75388888888889,86.4188888888889,10.7186,228.0,0.1852,0.4896,4.7,0.3332,1,0,0,0.33096,0,LOW
23.75388888888889,86.41916666666667,9.5693,228.0,0.1899,0.498,4.7,0.342,1,0,0,0.298737,0,LOW
23.75388888888889,86.41944444444445,9.2385,228.0,0.1822,0.5022,4.7,0.3528,1,0,0,0.27326,0,LOW
23.75388888888889,86.41972222222223,8.5161,228.0,0.1864,0.5116,4.7,0.3655,1,0,0,0.247889,0,LOW
23.75388888888889,86.42000000000002,5.3177,228.0,0.2709,0.5333,4.7,0.3798,1,0,0,0.249046,0,LOW
23.75388888888889,86.42027777777778,3.8831,228.0,0.3248,0.5502,4.7,0.3957,1,0,0,0.252705,0,LOW
23.75388888888889,86.42055555555557,4.7429,228.0,0.2763,0.5492,4.7,0.4129,1,0,0,0.212368,0,LOW
23.75388888888889,86.42083333333335,4.8926,228.0,0.2612,0.5466,4.7,0.4313,1,0,0,0.195892,0,LOW
23.75388888888889,86.42111111111112,6.4831,228.0,0.1942,0.5333,4.7,0.4507,1,0,0,0.16727,0,LOW
23.75388888888889,86.4213888888889,6.8005,228.0,0.1722,0.5341,4.7,0.471,1,0,0,0.147392,0,LOW
23.75388888888889,86.42166666666668,5.1084,228.0,0.2166,0.5466,4.7,0.4921,1,0,0,0.142341,0,LOW
23.75388888888889,86.42194444444445,2.3923,228.0,0.3575,0.5683,4.7,0.5139,1,0,0,0.187811,0,LOW
23.75388888888889,86.42222222222223,0.6853,228.0,0.6016,0.5866,4.7,0.5363,1,0,0,0.384598,0,MODERATE
23.75388888888889,86.42250000000001,2.0196,228.0,0.3854,0.5783,4.7,0.5592,1,0,0,0.178162,0,LOW
23.75388888888889,86.42277777777778,4.2917,228.0,0.2367,0.5568,4.7,0.5826,1,0,0,0.112755,0,LOW
23.75388888888889,86.42305555555556,4.6294,228.0,0.2213,0.5554,4.7,0.6064,1,0,0,0.102339,0,LOW
23.75361111111112,86.41666666666667,37.2556,228.0,0.0,0.15,4.7,0.32,1,0,0,0.93845,1,VERY HIGH
23.75361111111112,86.41694444444445,34.3243,228.0,0.0195,0.1918,4.7,0.3091,1,0,0,0.912705,1,VERY HIGH
23.75361111111112,86.41722222222224,30.531,228.0,0.0437,0.2421,4.7,0.3005,1,0,0,0.865531,1,VERY HIGH
23.75361111111112,86.4175,27.1814,228.0,0.0628,0.2898,4.7,0.2943,1,0,0,0.801783,1,HIGH
23.75361111111112,86.41777777777779,22.6737,228.0,0.0907,0.3614,4.7,0.2907,1,0,0,0.673898,1,HIGH
23.75361111111112,86.41805555555557,18.7712,228.0,0.1131,0.401,4.7,0.2899,1,0,0,0.566281,1,MODERATE
23.75361111111112,86.41833333333334,13.7758,228.0,0.1554,0.453,4.7,0.2918,1,0,0,0.434488,0,MODERATE
23.75361111111112,86.41861111111112,9.809,228.0,0.2011,0.4985,4.7,0.2964,1,0,0,0.342182,0,LOW
23.75361111111112,86.4188888888889,7.8457,228.0,0.2249,0.5144,4.7,0.3036,1,0,0,0.307331,0,LOW
23.75361111111112,86.41916666666667,6.6301,228.0,0.2426,0.5291,4.7,0.3132,1,0,0,0.281148,0,LOW
23.75361111111112,86.41944444444445,6.5349,228.0,0.2347,0.5313,4.7,0.325,1,0,0,0.26219,0,LOW
23.75361111111112,86.41972222222223,6.0208,228.0,0.2443,0.5372,4.7,0.3387,1,0,0,0.249672,0,LOW
23.75361111111112,86.42000000000002,5.5185,228.0,0.2574,0.541,4.7,0.3542,1,0,0,0.242669,0,LOW
23.75361111111112,86.42027777777778,6.1885,228.0,0.2306,0.5372,4.7,0.3712,1,0,0,0.223328,0,LOW
23.75361111111112,86.42055555555557,4.5797,228.0,0.2868,0.55,4.7,0.3895,1,0,0,0.229566,0,LOW
23.75361111111112,86.42083333333335,3.2133,228.0,0.3519,0.5646,4.7,0.4089,1,0,0,0.245966,0,LOW
23.75361111111112,86.42111111111112,4.2192,228.0,0.2889,0.5548,4.7,0.4293,1,0,0,0.203187,0,LOW
23.75361111111112,86.4213888888889,5.5664,228.0,0.2224,0.5434,4.7,0.4506,1,0,0,0.168741,0,LOW
23.75361111111112,86.42166666666668,5.9033,228.0,0.1981,0.542,4.7,0.4726,1,0,0,0.148506,0,LOW
23.75361111111112,86.42194444444445,4.1486,228.0,0.2576,0.5583,4.7,0.4952,1,0,0,0.149484,0,LOW
23.75361111111112,86.42222222222223,2.0552,228.0,0.3909,0.5748,4.7,0.5184,1,0,0,0.20332,0,LOW
23.75361111111112,86.42250000000001,2.3755,228.0,0.3594,0.5751,4.7,0.5421,1,0,0,0.171834,0,LOW
23.75361111111112,86.42277777777778,4.2917,228.0,0.2408,0.5568,4.7,0.5662,1,0,0,0.119514,0,LOW
23.75361111111112,86.42305555555556,3.7899,228.0,0.2642,0.5586,4.7,0.5907,1,0,0,0.120153,0,LOW
23.753333333333337,86.41722222222224,21.778,228.0,0.1026,0.3491,4.7,0.2708,1,0,0,0.69873,1,HIGH
23.753333333333337,86.4175,21.0047,228.0,0.0991,0.3679,4.7,0.264,1,0,0,0.658762,1,HIGH
23.753333333333337,86.41777777777779,17.5437,228.0,0.1214,0.4101,4.7,0.26,1,0,0,0.556961,1,MODERATE
23.753333333333337,86.41805555555557,12.7899,228.0,0.1664,0.4599,4.7,0.2591,1,0,0,0.439072,0,MODERATE
23.753333333333337,86.41833333333334,8.8263,228.0,0.2185,0.5021,4.7,0.2612,1,0,0,0.360498,0,MODERATE
23.753333333333337,86.41861111111112,5.5836,228.0,0.2878,0.538,4.7,0.2664,1,0,0,0.328301,0,LOW
23.753333333333337,86.4188888888889,4.5369,228.0,0.3104,0.5509,4.7,0.2744,1,0,0,0.313104,0,LOW
23.753333333333337,86.41916666666667,4.308,228.0,0.308,0.5541,4.7,0.2849,1,0,0,0.296058,0,LOW
23.753333333333337,86.41944444444445,4.5685,228.0,0.2899,0.5521,4.7,0.2978,1,0,0,0.276244,0,LOW
23.753333333333337,86.41972222222223,5.365,228.0,0.2561,0.539,4.7,0.3128,1,0,0,0.262007,0,LOW
23.753333333333337,86.42000000000002,7.5368,228.0,0.1887,0.5206,4.7,0.3294,1,0,0,0.242063,0,LOW
23.753333333333337,86.42027777777778,10.146,228.0,0.1299,0.4973,4.7,0.3476,1,0,0,0.242847,0,LOW
23.753333333333337,86.42055555555557,8.8553,228.0,0.1576,0.5068,4.7,0.3671,1,0,0,0.229643,0,LOW
23.753333333333337,86.42083333333335,6.5592,228.0,0.2152,0.5286,4.7,0.3877,1,0,0,0.216144,0,LOW
23.753333333333337,86.42111111111112,5.4475,228.0,0.2458,0.541,4.7,0.4091,1,0,0,0.205334,0,LOW
23.753333333333337,86.4213888888889,5.2295,228.0,0.244,0.5464,4.7,0.4314,1,0,0,0.186236,0,LOW
23.753333333333337,86.42166666666668,5.746,228.0,0.2131,0.5434,4.7,0.4543,1,0,0,0.162604,0,LOW
23.753333333333337,86.42194444444445,4.9799,228.0,0.2307,0.5502,4.7,0.4778,1,0,0,0.152493,0,LOW
23.753333333333337,86.42222222222223,3.3304,228.0,0.3036,0.564,4.7,0.5018,1,0,0,0.165961,0,LOW
23.753333333333337,86.42250000000001,3.2878,228.0,0.3027,0.5646,4.7,0.5262,1,0,0,0.155527,0,LOW
23.753333333333337,86.42277777777778,4.3411,228.0,0.246,0.5598,4.7,0.551,1,0,0,0.125356,0,LOW
23.75305555555556,86.41694444444445,13.0591,228.0,0.1823,0.4627,4.7,0.2522,1,0,0,0.466349,0,MODERATE
23.75305555555556,86.41722222222224,11.5261,228.0,0.2021,0.4772,4.7,0.2415,1,0,0,0.444799,0,MODERATE
23.75305555555556,86.4175,12.1273,228.0,0.1801,0.4729,4.7,0.2338,1,0,0,0.440022,0,MODERATE
23.75305555555556,86.41777777777779,10.0443,228.0,0.2024,0.4954,4.7,0.2293,1,0,0,0.394609,0,MODERATE
23.75305555555556,86.41805555555557,6.5765,228.0,0.2685,0.5318,4.7,0.2282,1,0,0,0.355799,0,MODERATE
23.75305555555556,86.41833333333334,4.8277,228.0,0.3098,0.5488,4.7,0.2307,1,0,0,0.346583,0,LOW
23.75305555555556,86.41861111111112,4.1031,228.0,0.3233,0.5548,4.7,0.2365,1,0,0,0.337022,0,LOW
23.75305555555556,86.4188888888889,4.5369,228.0,0.2884,0.5539,4.7,0.2455,1,0,0,0.300388,0,LOW
23.75305555555556,86.41916666666667,4.6228,228.0,0.2757,0.55,4.7,0.2572,1,0,0,0.28626,0,LOW
23.75305555555556,86.41944444444445,5.0407,228.0,0.2557,0.5464,4.7,0.2714,1,0,0,0.268771,0,LOW
23.75305555555556,86.41972222222223,6.1962,228.0,0.2167,0.534,4.7,0.2877,1,0,0,0.253895,0,LOW
23.75305555555556,86.42000000000002,7.2512,228.0,0.1908,0.5204,4.7,0.3058,1,0,0,0.251506,0,LOW
23.75305555555556,86.42027777777778,10.1993,228.0,0.128,0.4942,4.7,0.3253,1,0,0,0.256523,0,LOW
23.75305555555556,86.42055555555557,10.5245,228.0,0.1259,0.4944,4.7,0.346,1,0,0,0.249037,0,LOW
23.75305555555556,86.42083333333335,9.1568,228.0,0.1542,0.5054,4.7,0.3678,1,0,0,0.232229,0,LOW
23.75305555555556,86.42111111111112,7.6504,228.0,0.1854,0.519,4.7,0.3903,1,0,0,0.213819,0,LOW
23.75305555555556,86.4213888888889,5.68,228.0,0.2356,0.5395,4.7,0.4136,1,0,0,0.199272,0,LOW
23.75305555555556,86.42166666666668,5.2243,228.0,0.2402,0.5492,4.7,0.4375,1,0,0,0.178125,0,LOW
23.75305555555556,86.42194444444445,4.9242,228.0,0.241,0.5521,4.7,0.4618,1,0,0,0.163349,0,LOW
23.75305555555556,86.42222222222223,4.1386,228.0,0.2685,0.5618,4.7,0.4866,1,0,0,0.157172,0,LOW
23.75305555555556,86.42250000000001,4.1386,228.0,0.2655,0.5607,4.7,0.5118,1,0,0,0.147282,0,LOW
23.75305555555556,86.42277777777778,3.7936,228.0,0.2823,0.5576,4.7,0.5372,1,0,0,0.148781,0,LOW
23.75305555555556,86.42305555555556,3.469,228.0,0.2991,0.5629,4.7,0.563,1,0,0,0.143889,0,LOW
23.75277777777778,86.41694444444445,10.832,228.0,0.1747,0.4883,4.7,0.2247,1,0,0,0.388668,0,MODERATE
23.75277777777778,86.41722222222224,8.5102,228.0,0.2201,0.5063,4.7,0.2126,1,0,0,0.380342,0,MODERATE
23.75277777777778,86.4175,7.1377,228.0,0.2468,0.5188,4.7,0.2038,1,0,0,0.373627,0,MODERATE
23.75277777777778,86.41777777777779,6.4613,228.0,0.2543,0.5337,4.7,0.1986,1,0,0,0.351425,0,MODERATE
23.75277777777778,86.41805555555557,4.1386,228.0,0.3293,0.5581,4.7,0.1974,1,0,0,0.364207,0,MODERATE
23.75277777777778,86.41833333333334,3.8458,228.0,0.3293,0.5612,4.7,0.2002,1,0,0,0.352269,0,MODERATE
23.75277777777778,86.41861111111112,4.7618,228.0,0.2731,0.5476,4.7,0.2069,1,0,0,0.317233,0,LOW
23.75277777777778,86.4188888888889,4.7762,228.0,0.262,0.5509,4.7,0.2171,1,0,0,0.294712,0,LOW
23.75277777777778,86.41916666666667,4.6228,228.0,0.2622,0.55,4.7,0.2303,1,0,0,0.286078,0,LOW
23.75277777777778,86.41944444444445,5.8479,228.0,0.2141,0.5375,4.7,0.2461,1,0,0,0.262576,0,LOW
23.75277777777778,86.41972222222223,6.3056,228.0,0.2037,0.537,4.7,0.264,1,0,0,0.250924,0,LOW
23.75277777777778,86.42000000000002,5.1805,228.0,0.2525,0.541,4.7,0.2835,1,0,0,0.267954,0,LOW
23.75277777777778,86.42027777777778,7.1588,228.0,0.1982,0.5263,4.7,0.3045,1,0,0,0.251313,0,LOW
23.75277777777778,86.42055555555557,8.1686,228.0,0.1801,0.5173,4.7,0.3265,1,0,0,0.248818,0,LOW
23.75277777777778,86.42083333333335,9.3142,228.0,0.1566,0.5088,4.7,0.3495,1,0,0,0.242082,0,LOW
23.75277777777778,86.42111111111112,10.0364,228.0,0.1374,0.5013,4.7,0.3732,1,0,0,0.231615,0,LOW
23.75277777777778,86.4213888888889,7.2711,228.0,0.1927,0.5271,4.7,0.3974,1,0,0,0.203519,0,LOW
23.75277777777778,86.42166666666668,5.3336,228.0,0.2422,0.5466,4.7,0.4222,1,0,0,0.189693,0,LOW
23.75277777777778,86.42194444444445,4.6294,228.0,0.2594,0.5554,4.7,0.4474,1,0,0,0.176267,0,LOW
23.75277777777778,86.42222222222223,3.8831,228.0,0.288,0.5583,4.7,0.473,1,0,0,0.176728,0,LOW
23.75277777777778,86.42250000000001,4.7691,228.0,0.2449,0.5502,4.7,0.4988,1,0,0,0.152772,0,LOW
23.75277777777778,86.42277777777778,5.19,228.0,0.2285,0.5476,4.7,0.5249,1,0,0,0.139608,0,LOW
23.75277777777778,86.42305555555556,5.19,228.0,0.2289,0.5472,4.7,0.5512,1,0,0,0.131914,0,LOW
23.75277777777778,86.42333333333335,6.1831,228.0,0.1918,0.5372,4.7,0.5777,1,0,0,0.118463,0,LOW
23.752500000000005,86.41666666666667,4.2132,228.0,0.3151,0.5517,4.7,0.2148,1,0,0,0.346561,0,LOW
23.752500000000005,86.41694444444445,5.7869,228.0,0.2561,0.5395,4.7,0.1982,1,0,0,0.332664,0,LOW
23.752500000000005,86.41722222222224,4.9407,228.0,0.2876,0.5477,4.7,0.1844,1,0,0,0.351265,0,MODERATE
23.752500000000005,86.4175,3.8149,228.0,0.3355,0.5544,4.7,0.1741,1,0,0,0.385372,0,MODERATE
23.752500000000005,86.41777777777779,4.2653,228.0,0.3071,0.5548,4.7,0.168,1,0,0,0.361948,0,MODERATE
23.752500000000005,86.41805555555557,3.0279,228.0,0.3687,0.5696,4.7,0.1666,1,0,0,0.394179,0,MODERATE
23.752500000000005,86.41833333333334,4.2917,228.0,0.2911,0.5562,4.7,0.1699,1,0,0,0.33973,0,LOW
23.752500000000005,86.41861111111112,6.3263,228.0,0.2047,0.54,4.7,0.1777,1,0,0,0.294297,0,LOW
23.752500000000005,86.4188888888889,4.4366,228.0,0.2677,0.5541,4.7,0.1895,1,0,0,0.306325,0,LOW
23.752500000000005,86.41916666666667,3.4103,228.0,0.3143,0.5646,4.7,0.2045,1,0,0,0.318645,0,LOW
23.752500000000005,86.41944444444445,4.8926,228.0,0.2408,0.5527,4.7,0.2221,1,0,0,0.268719,0,LOW
23.752500000000005,86.41972222222223,3.7641,228.0,0.2992,0.5598,4.7,0.2418,1,0,0,0.293034,0,LOW
23.752500000000005,86.42000000000002,2.7312,228.0,0.3757,0.5664,4.7,0.263,1,0,0,0.341769,0,LOW
23.752500000000005,86.42027777777778,5.2174,228.0,0.2611,0.5484,4.7,0.2855,1,0,0,0.267678,0,LOW
23.752500000000005,86.42055555555557,6.1479,228.0,0.2408,0.5359,4.7,0.3089,1,0,0,0.264903,0,LOW
23.752500000000005,86.42083333333335,8.6328,228.0,0.1778,0.5116,4.7,0.333,1,0,0,0.257435,0,LOW
23.752500000000005,86.42111111111112,10.7542,228.0,0.1297,0.4943,4.7,0.3578,1,0,0,0.250813,0,LOW
23.752500000000005,86.4213888888889,8.5236,228.0,0.1661,0.5165,4.7,0.3831,1,0,0,0.214883,0,LOW
23.752500000000005,86.42166666666668,5.0382,228.0,0.258,0.5509,4.7,0.4087,1,0,0,0.200536,0,LOW
23.752500000000005,86.42194444444445,3.1293,228.0,0.3417,0.5614,4.7,0.4347,1,0,0,0.225899,0,LOW
23.752500000000005,86.42222222222223,4.308,228.0,0.2716,0.5557,4.7,0.4609,1,0,0,0.176263,0,LOW
23.752500000000005,86.42250000000001,5.3532,228.0,0.2271,0.5434,4.7,0.4874,1,0,0,0.156306,0,LOW
23.752500000000005,86.42277777777778,5.7722,228.0,0.2137,0.5406,4.7,0.5141,1,0,0,0.144813,0,LOW
23.752500000000005,86.42305555555556,6.2329,228.0,0.2,0.5359,4.7,0.5409,1,0,0,0.135597,0,LOW
23.752500000000005,86.42333333333335,7.1326,228.0,0.1729,0.5261,4.7,0.5679,1,0,0,0.126521,0,LOW
23.752222222222223,86.41666666666667,1.2836,228.0,0.5187,0.5807,4.7,0.1919,1,0,0,0.522744,1,MODERATE
23.752222222222223,86.41694444444445,3.2878,228.0,0.3366,0.5666,4.7,0.1731,1,0,0,0.359159,0,MODERATE
23.752222222222223,86.41722222222224,2.1125,228.0,0.4288,0.5732,4.7,0.1571,1,0,0,0.454571,0,MODERATE
23.752222222222223,86.4175,2.7657,228.0,0.3769,0.5689,4.7,0.1449,1,0,0,0.414331,0,MODERATE
23.752222222222223,86.41777777777779,3.4227,228.0,0.335,0.564,4.7,0.1375,1,0,0,0.385825,0,MODERATE
23.752222222222223,86.41805555555557,3.1293,228.0,0.3524,0.5629,4.7,0.1358,1,0,0,0.404852,0,MODERATE
23.752222222222223,86.41833333333334,5.8634,228.0,0.2233,0.539,4.7,0.1398,1,0,0,0.330219,0,LOW
23.752222222222223,86.41861111111112,7.7324,228.0,0.161,0.5235,4.7,0.1493,1,0,0,0.30774,0,LOW
23.752222222222223,86.4188888888889,4.8926,228.0,0.2445,0.5489,4.7,0.1631,1,0,0,0.309963,0,LOW
23.752222222222223,86.41916666666667,2.7394,228.0,0.3529,0.5705,4.7,0.1803,1,0,0,0.358478,0,MODERATE
23.752222222222223,86.41944444444445,3.6502,228.0,0.2934,0.5614,4.7,0.2001,1,0,0,0.305694,0,LOW
23.752222222222223,86.41972222222223,2.566,228.0,0.3711,0.5705,4.7,0.2217,1,0,0,0.352172,0,MODERATE
23.752222222222223,86.42000000000002,1.7129,228.0,0.4679,0.5756,4.7,0.2447,1,0,0,0.436618,0,MODERATE
23.752222222222223,86.42027777777778,4.7618,228.0,0.2826,0.5513,4.7,0.2686,1,0,0,0.288463,0,LOW
23.752222222222223,86.42055555555557,7.3742,228.0,0.2104,0.5243,4.7,0.2934,1,0,0,0.275817,0,LOW
23.752222222222223,86.42083333333335,10.3069,228.0,0.1492,0.497,4.7,0.3187,1,0,0,0.280848,0,LOW
23.752222222222223,86.42111111111112,11.4907,228.0,0.1228,0.4872,4.7,0.3445,1,0,0,0.271227,0,LOW
23.752222222222223,86.4213888888889,8.8235,228.0,0.1639,0.5148,4.7,0.3707,1,0,0,0.224778,0,LOW
23.752222222222223,86.42166666666668,3.063,228.0,0.3609,0.5583,4.7,0.3972,1,0,0,0.266051,0,LOW
23.752222222222223,86.42194444444445,2.9546,228.0,0.3553,0.5554,4.7,0.4238,1,0,0,0.248347,0,LOW
23.752222222222223,86.42222222222223,5.7762,228.0,0.2145,0.5372,4.7,0.4507,1,0,0,0.17065,0,LOW
23.752222222222223,86.42250000000001,7.1981,228.0,0.1694,0.526,4.7,0.4778,1,0,0,0.153929,0,LOW
23.752222222222223,86.42277777777778,6.8106,228.0,0.1823,0.528,4.7,0.5049,1,0,0,0.147686,0,LOW
23.752222222222223,86.42305555555556,6.4756,228.0,0.1948,0.5321,4.7,0.5322,1,0,0,0.140312,0,LOW
23.752222222222223,86.42333333333335,6.5087,228.0,0.1956,0.5304,4.7,0.5596,1,0,0,0.13375,0,LOW
23.752222222222223,86.42361111111111,7.3525,228.0,0.172,0.5228,4.7,0.5871,1,0,0,0.124683,0,LOW
23.751944444444447,86.4163888888889,3.0812,228.0,0.3212,0.5683,4.7,0.1947,1,0,0,0.321261,0,LOW
23.751944444444447,86.41666666666667,2.4357,228.0,0.3763,0.5705,4.7,0.1715,1,0,0,0.387277,0,MODERATE
23.751944444444447,86.41694444444445,2.7898,228.0,0.3565,0.5696,4.7,0.1501,1,0,0,0.384129,0,MODERATE
23.751944444444447,86.41722222222224,1.0279,228.0,0.563,0.5676,4.7,0.1314,1,0,0,0.634058,1,MODERATE
23.751944444444447,86.4175,4.0899,228.0,0.293,0.5583,4.7,0.1165,1,0,0,0.367694,0,MODERATE
23.751944444444447,86.41777777777779,4.5369,228.0,0.2772,0.5509,4.7,0.1072,1,0,0,0.3733,0,MODERATE
23.751944444444447,86.41805555555557,5.8479,228.0,0.2283,0.5369,4.7,0.105,1,0,0,0.359906,0,MODERATE
23.751944444444447,86.41833333333334,8.8389,228.0,0.1425,0.5119,4.7,0.1102,1,0,0,0.345549,0,LOW
23.751944444444447,86.41861111111112,8.8389,228.0,0.1349,0.5124,4.7,0.1219,1,0,0,0.328736,0,LOW
23.751944444444447,86.4188888888889,4.6228,228.0,0.2546,0.5457,4.7,0.1385,1,0,0,0.335394,0,LOW
23.751944444444447,86.41916666666667,1.6404,228.0,0.4523,0.5705,4.7,0.1584,1,0,0,0.479164,0,MODERATE
23.751944444444447,86.41944444444445,3.063,228.0,0.3255,0.5683,4.7,0.1806,1,0,0,0.334309,0,LOW
23.751944444444447,86.41972222222223,3.1659,228.0,0.3292,0.567,4.7,0.2043,1,0,0,0.328455,0,LOW
23.751944444444447,86.42000000000002,1.6404,228.0,0.4814,0.5751,4.7,0.229,1,0,0,0.464191,0,MODERATE
23.751944444444447,86.42027777777778,4.9242,228.0,0.2847,0.5449,4.7,0.2545,1,0,0,0.309935,0,LOW
23.751944444444447,86.42055555555557,9.7783,228.0,0.1635,0.5017,4.7,0.2805,1,0,0,0.302377,0,LOW
23.751944444444447,86.42083333333335,12.7172,228.0,0.1156,0.4757,4.7,0.3069,1,0,0,0.32088,0,LOW
23.751944444444447,86.42111111111112,11.4223,228.0,0.1313,0.4908,4.7,0.3336,1,0,0,0.280571,0,LOW
23.751944444444447,86.4213888888889,6.1086,228.0,0.243,0.5331,4.7,0.3606,1,0,0,0.243614,0,LOW
23.751944444444447,86.42166666666668,2.3149,228.0,0.4197,0.5623,4.7,0.3877,1,0,0,0.318177,0,LOW
23.751944444444447,86.42194444444445,5.7869,228.0,0.2219,0.542,4.7,0.415,1,0,0,0.186258,0,LOW
23.751944444444447,86.42222222222223,5.8936,228.0,0.2105,0.5369,4.7,0.4424,1,0,0,0.172445,0,LOW
23.751944444444447,86.42250000000001,6.471,228.0,0.1895,0.5322,4.7,0.4699,1,0,0,0.157634,0,LOW
23.751944444444447,86.42277777777778,7.1708,228.0,0.1691,0.528,4.7,0.4975,1,0,0,0.14517,0,LOW
23.751944444444447,86.42305555555556,6.8212,228.0,0.1806,0.5283,4.7,0.5252,1,0,0,0.139777,0,LOW
23.751944444444447,86.42333333333335,5.2612,228.0,0.2354,0.5432,4.7,0.553,1,0,0,0.139058,0,LOW
23.751944444444447,86.42361111111111,5.6315,228.0,0.2257,0.5402,4.7,0.5808,1,0,0,0.130218,0,LOW
23.751944444444447,86.4238888888889,7.8112,228.0,0.1636,0.5211,4.7,0.6086,1,0,0,0.119073,0,LOW
23.75166666666667,86.4163888888889,4.308,228.0,0.2558,0.5517,4.7,0.1799,1,0,0,0.298978,0,LOW
23.75166666666667,86.41666666666667,4.5685,228.0,0.2528,0.5541,4.7,0.1546,1,0,0,0.311524,0,LOW
23.75166666666667,86.41694444444445,2.3692,228.0,0.3932,0.5572,4.7,0.1305,1,0,0,0.45459,0,MODERATE
23.75166666666667,86.41722222222224,4.7429,228.0,0.2629,0.5454,4.7,0.1084,1,0,0,0.366658,0,MODERATE
23.75166666666667,86.4175,6.4831,228.0,0.2079,0.5303,4.7,0.0898,1,0,0,0.366007,0,MODERATE
23.75166666666667,86.41777777777779,7.3459,228.0,0.1881,0.5212,4.7,0.0774,1,0,0,0.379392,0,MODERATE
23.75166666666667,86.41805555555557,9.3367,228.0,0.1404,0.5029,4.7,0.0742,1,0,0,0.388098,0,MODERATE
23.75166666666667,86.41833333333334,10.8212,228.0,0.1054,0.4914,4.7,0.0814,1,0,0,0.386131,0,MODERATE
23.75166666666667,86.41861111111112,8.5714,228.0,0.1422,0.5102,4.7,0.0967,1,0,0,0.350478,0,MODERATE
23.75166666666667,86.4188888888889,4.9105,228.0,0.2409,0.5413,4.7,0.1169,1,0,0,0.343444,0,LOW
23.75166666666667,86.41916666666667,3.432,228.0,0.3022,0.5598,4.7,0.1399,1,0,0,0.349492,0,LOW
23.75166666666667,86.41944444444445,2.8803,228.0,0.3375,0.5676,4.7,0.1646,1,0,0,0.355962,0,MODERATE
23.75166666666667,86.41972222222223,3.6502,228.0,0.3053,0.5652,4.7,0.1903,1,0,0,0.320063,0,LOW
23.75166666666667,86.42000000000002,1.0101,228.0,0.5882,0.5727,4.7,0.2166,1,0,0,0.604673,1,MODERATE
23.75166666666667,86.42027777777778,8.0177,228.0,0.1993,0.5115,4.7,0.2434,1,0,0,0.319292,0,LOW
23.75166666666667,86.42055555555557,14.3399,228.0,0.0975,0.4497,4.7,0.2705,1,0,0,0.389519,0,MODERATE
23.75166666666667,86.42083333333335,16.2113,228.0,0.0754,0.4371,4.7,0.2978,1,0,0,0.400946,0,MODERATE
23.75166666666667,86.42111111111112,11.1984,228.0,0.1427,0.4815,4.7,0.3252,1,0,0,0.30578,0,LOW
23.75166666666667,86.4213888888889,2.9546,228.0,0.3936,0.539,4.7,0.3528,1,0,0,0.351915,0,MODERATE
23.75166666666667,86.42166666666668,3.3304,228.0,0.3503,0.5554,4.7,0.3805,1,0,0,0.271657,0,LOW
23.75166666666667,86.42194444444445,4.6474,228.0,0.2681,0.5514,4.7,0.4083,1,0,0,0.203523,0,LOW
23.75166666666667,86.42222222222223,2.4508,228.0,0.3868,0.5666,4.7,0.4361,1,0,0,0.252888,0,LOW
23.75166666666667,86.42250000000001,1.7756,228.0,0.4462,0.5703,4.7,0.464,1,0,0,0.285135,0,LOW
23.75166666666667,86.42277777777778,4.9242,228.0,0.2391,0.5484,4.7,0.492,1,0,0,0.154258,0,LOW
23.75166666666667,86.42305555555556,5.2174,228.0,0.2264,0.5472,4.7,0.5199,1,0,0,0.140436,0,LOW
23.75166666666667,86.42333333333335,3.5745,228.0,0.3041,0.5629,4.7,0.548,1,0,0,0.153521,0,LOW
23.75166666666667,86.42361111111111,3.7348,228.0,0.3012,0.5602,4.7,0.576,1,0,0,0.145903,0,LOW
23.75166666666667,86.4238888888889,6.1247,228.0,0.2101,0.5322,4.7,0.604,1,0,0,0.124228,0,LOW
23.75166666666667,86.42416666666668,9.7148,228.0,0.1236,0.5041,4.7,0.6321,1,0,0,0.118178,0,LOW
23.751388888888894,86.41611111111112,4.5685,228.0,0.2423,0.546,4.7,0.1971,1,0,0,0.286362,0,LOW
23.751388888888894,86.4163888888889,6.2339,228.0,0.1903,0.5362,4.7,0.1696,1,0,0,0.285951,0,LOW
23.751388888888894,86.41666666666667,5.365,228.0,0.2312,0.539,4.7,0.1424,1,0,0,0.328548,0,LOW
23.751388888888894,86.41694444444445,4.8972,228.0,0.26,0.5406,4.7,0.1158,1,0,0,0.368415,0,MODERATE
23.751388888888894,86.41722222222224,7.3171,228.0,0.1889,0.5306,4.7,0.0902,1,0,0,0.358384,0,MODERATE
23.751388888888894,86.4175,7.7079,228.0,0.1859,0.5222,4.7,0.0667,1,0,0,0.38931,0,MODERATE
23.751388888888894,86.41777777777779,7.8688,228.0,0.1853,0.5173,4.7,0.0487,1,0,0,0.410651,0,MODERATE
23.751388888888894,86.41805555555557,9.474,228.0,0.1453,0.5016,4.7,0.0435,1,0,0,0.418954,0,MODERATE
23.751388888888894,86.41833333333334,9.1568,228.0,0.1434,0.5074,4.7,0.0549,1,0,0,0.393903,0,MODERATE
23.751388888888894,86.41861111111112,5.4648,228.0,0.2332,0.5341,4.7,0.0757,1,0,0,0.380576,0,MODERATE
23.751388888888894,86.4188888888889,4.1031,228.0,0.2748,0.553,4.7,0.1003,1,0,0,0.36283,0,MODERATE
23.751388888888894,86.41916666666667,4.1486,228.0,0.2624,0.5586,4.7,0.1264,1,0,0,0.325171,0,LOW
23.751388888888894,86.41944444444445,2.0542,228.0,0.407,0.5717,4.7,0.1532,1,0,0,0.429223,0,MODERATE
23.751388888888894,86.41972222222223,2.524,228.0,0.3868,0.5703,4.7,0.1806,1,0,0,0.397082,0,MODERATE
23.751388888888894,86.42000000000002,3.8831,228.0,0.331,0.5502,4.7,0.2081,1,0,0,0.365857,0,MODERATE
23.751388888888894,86.42027777777778,13.4126,228.0,0.1077,0.4543,4.7,0.2359,1,0,0,0.398747,0,MODERATE
23.751388888888894,86.42055555555557,19.5143,228.0,0.0442,0.4021,4.7,0.2637,1,0,0,0.505792,1,MODERATE
23.751388888888894,86.42083333333335,17.9638,228.0,0.0623,0.4186,4.7,0.2916,1,0,0,0.452699,0,MODERATE
23.751388888888894,86.42111111111112,10.9209,228.0,0.1533,0.4786,4.7,0.3196,1,0,0,0.319937,0,LOW
23.751388888888894,86.4213888888889,7.6654,228.0,0.2057,0.5151,4.7,0.3477,1,0,0,0.258518,0,LOW
23.751388888888894,86.42166666666668,6.9828,228.0,0.2051,0.5268,4.7,0.3758,1,0,0,0.220436,0,LOW
23.751388888888894,86.42194444444445,4.5558,228.0,0.2758,0.5484,4.7,0.4039,1,0,0,0.214054,0,LOW
23.751388888888894,86.42222222222223,2.9546,228.0,0.3519,0.5658,4.7,0.432,1,0,0,0.229399,0,LOW
23.751388888888894,86.42250000000001,3.8921,228.0,0.2887,0.5598,4.7,0.4601,1,0,0,0.181098,0,LOW
23.751388888888894,86.42277777777778,4.4882,228.0,0.2531,0.5544,4.7,0.4883,1,0,0,0.15564,0,LOW
23.751388888888894,86.42305555555556,2.566,228.0,0.3599,0.5629,4.7,0.5165,1,0,0,0.196233,0,LOW
23.751388888888894,86.42333333333335,1.6404,228.0,0.4487,0.5777,4.7,0.5446,1,0,0,0.23539,0,LOW
23.751388888888894,86.42361111111111,2.3692,228.0,0.3813,0.5751,4.7,0.5728,1,0,0,0.176936,0,LOW
23.751388888888894,86.4238888888889,4.2192,228.0,0.2773,0.553,4.7,0.601,1,0,0,0.132821,0,LOW
23.751388888888894,86.42416666666668,7.5542,228.0,0.1727,0.5252,4.7,0.6292,1,0,0,0.113574,0,LOW
23.751388888888894,86.42444444444445,8.4821,228.0,0.1583,0.5137,4.7,0.6575,1,0,0,0.113384,0,LOW
23.751111111111115,86.41611111111112,4.2817,228.0,0.2631,0.55,4.7,0.1927,1,0,0,0.30178,0,LOW
23.751111111111115,86.4163888888889,5.6315,228.0,0.2202,0.5421,4.7,0.1645,1,0,0,0.303855,0,LOW
23.751111111111115,86.41666666666667,6.1415,228.0,0.2153,0.5346,4.7,0.1363,1,0,0,0.33409,0,LOW
23.751111111111115,86.41694444444445,8.0177,228.0,0.1736,0.5196,4.7,0.1082,1,0,0,0.357922,0,MODERATE
23.751111111111115,86.41722222222224,8.2344,228.0,0.1786,0.5196,4.7,0.0801,1,0,0,0.386113,0,MODERATE
23.751111111111115,86.4175,9.1199,228.0,0.1648,0.5109,4.7,0.0524,1,0,0,0.417325,0,MODERATE
23.751111111111115,86.41777777777779,9.2883,228.0,0.1628,0.5045,4.7,0.0258,1,0,0,0.44534,0,MODERATE
23.751111111111115,86.41805555555557,8.0177,228.0,0.1875,0.5214,4.7,0.0136,1,0,0,0.433378,0,MODERATE
23.751111111111115,86.41833333333334,4.3158,228.0,0.3001,0.5496,4.7,0.0361,1,0,0,0.446185,0,MODERATE
23.751111111111115,86.41861111111112,0.5051,228.0,0.712,0.5756,4.7,0.0634,1,0,0,0.808311,1,HIGH
23.751111111111115,86.4188888888889,2.8614,228.0,0.3478,0.5696,4.7,0.0913,1,0,0,0.411991,0,MODERATE
23.751111111111115,86.41916666666667,2.566,228.0,0.3604,0.5705,4.7,0.1194,1,0,0,0.402748,0,MODERATE
23.751111111111115,86.41944444444445,1.1851,228.0,0.5226,0.5838,4.7,0.1476,1,0,0,0.550497,1,MODERATE
23.751111111111115,86.41972222222223,0.3427,228.0,0.7961,0.5774,4.7,0.1758,1,0,0,0.827323,1,HIGH
23.751111111111115,86.42000000000002,6.3173,228.0,0.246,0.5318,4.7,0.204,1,0,0,0.3379,0,LOW
23.751111111111115,86.42027777777778,16.6378,228.0,0.0748,0.4339,4.7,0.2322,1,0,0,0.456864,0,MODERATE
23.751111111111115,86.42055555555557,20.5962,228.0,0.0418,0.3929,4.7,0.2604,1,0,0,0.542257,1,MODERATE
23.751111111111115,86.42083333333335,14.2269,228.0,0.1168,0.4498,4.7,0.2887,1,0,0,0.40026,0,MODERATE
23.751111111111115,86.42111111111112,6.0826,228.0,0.2741,0.5246,4.7,0.317,1,0,0,0.310244,0,LOW
23.751111111111115,86.4213888888889,7.4745,228.0,0.2119,0.5228,4.7,0.3452,1,0,0,0.253963,0,LOW
23.751111111111115,86.42166666666668,9.0547,228.0,0.1548,0.5115,4.7,0.3735,1,0,0,0.221979,0,LOW
23.751111111111115,86.42194444444445,6.1247,228.0,0.2205,0.5356,4.7,0.4017,1,0,0,0.201352,0,LOW
23.751111111111115,86.42222222222223,4.6222,228.0,0.2668,0.5504,4.7,0.43,1,0,0,0.193821,0,LOW
23.751111111111115,86.42250000000001,5.1612,228.0,0.2348,0.5484,4.7,0.4583,1,0,0,0.166,0,LOW
23.751111111111115,86.42277777777778,3.6915,228.0,0.2913,0.5572,4.7,0.4865,1,0,0,0.172679,0,LOW
23.751111111111115,86.42305555555556,1.1851,228.0,0.5089,0.5751,4.7,0.5148,1,0,0,0.310499,0,LOW
23.751111111111115,86.42333333333335,1.1112,228.0,0.5171,0.5851,4.7,0.5431,1,0,0,0.289632,0,LOW
23.751111111111115,86.42361111111111,1.1851,228.0,0.5087,0.5842,4.7,0.5713,1,0,0,0.267813,0,LOW
23.751111111111115,86.4238888888889,3.5477,228.0,0.3026,0.5646,4.7,0.5996,1,0,0,0.13402,0,LOW
23.751111111111115,86.42416666666668,6.4064,228.0,0.2015,0.534,4.7,0.6279,1,0,0,0.114073,0,LOW
23.751111111111115,86.42444444444445,7.1377,228.0,0.1957,0.5241,4.7,0.6562,1,0,0,0.115858,0,LOW
23.750833333333336,86.41583333333334,3.5745,228.0,0.2956,0.5562,4.7,0.2213,1,0,0,0.301619,0,LOW
23.750833333333336,86.41611111111112,5.3532,228.0,0.2243,0.5454,4.7,0.1932,1,0,0,0.283335,0,LOW
23.750833333333336,86.4163888888889,5.0123,228.0,0.2499,0.5453,4.7,0.1651,1,0,0,0.322128,0,LOW
23.750833333333336,86.41666666666667,6.8212,228.0,0.2016,0.5286,4.7,0.137,1,0,0,0.338595,0,LOW
23.750833333333336,86.41694444444445,9.7784,228.0,0.1421,0.5048,4.7,0.109,1,0,0,0.374607,0,MODERATE
23.750833333333336,86.41722222222224,9.2708,228.0,0.1644,0.5074,4.7,0.0813,1,0,0,0.406503,0,MODERATE
23.750833333333336,86.4175,10.0266,228.0,0.1558,0.5028,4.7,0.0542,1,0,0,0.435705,0,MODERATE
23.750833333333336,86.41777777777779,11.4223,228.0,0.1308,0.4925,4.7,0.0292,1,0,0,0.464517,0,MODERATE
23.750833333333336,86.41805555555557,8.5026,228.0,0.1854,0.5109,4.7,0.0193,1,0,0,0.453155,0,MODERATE
23.750833333333336,86.41833333333334,4.6228,228.0,0.2955,0.5434,4.7,0.0386,1,0,0,0.454436,0,MODERATE
23.750833333333336,86.41861111111112,4.5685,228.0,0.2802,0.5514,4.7,0.0649,1,0,0,0.403874,0,MODERATE
23.750833333333336,86.4188888888889,3.2615,228.0,0.3306,0.5614,4.7,0.0924,1,0,0,0.409474,0,MODERATE
23.750833333333336,86.41916666666667,0.7393,228.0,0.6198,0.5765,4.7,0.1202,1,0,0,0.69118,1,HIGH
23.750833333333336,86.41944444444445,0.3427,228.0,0.7835,0.5902,4.7,0.1482,1,0,0,0.816641,1,HIGH
23.750833333333336,86.41972222222223,1.0101,228.0,0.5945,0.5838,4.7,0.1763,1,0,0,0.622017,1,MODERATE
23.750833333333336,86.42000000000002,6.7911,228.0,0.2452,0.5304,4.7,0.2044,1,0,0,0.347878,0,LOW
23.750833333333336,86.42027777777778,17.3798,228.0,0.0765,0.4216,4.7,0.2326,1,0,0,0.493786,0,MODERATE
23.750833333333336,86.42055555555557,20.5411,228.0,0.049,0.3926,4.7,0.2608,1,0,0,0.550877,1,MODERATE
23.750833333333336,86.42083333333335,12.2068,228.0,0.1506,0.4762,4.7,0.289,1,0,0,0.363375,0,MODERATE
23.750833333333336,86.42111111111112,2.8803,228.0,0.4227,0.5598,4.7,0.3173,1,0,0,0.379023,0,MODERATE
23.750833333333336,86.4213888888889,4.8277,228.0,0.2977,0.546,4.7,0.3455,1,0,0,0.271213,0,LOW
23.750833333333336,86.42166666666668,8.6499,228.0,0.1636,0.5151,4.7,0.3737,1,0,0,0.220192,0,LOW
23.750833333333336,86.42194444444445,7.6654,228.0,0.1776,0.516,4.7,0.402,1,0,0,0.204969,0,LOW
23.750833333333336,86.42222222222223,7.6352,228.0,0.1701,0.5206,4.7,0.4302,1,0,0,0.182106,0,LOW
23.750833333333336,86.42250000000001,6.9327,228.0,0.1796,0.5261,4.7,0.4585,1,0,0,0.165031,0,LOW
23.750833333333336,86.42277777777778,4.7317,228.0,0.2437,0.5427,4.7,0.4867,1,0,0,0.16189,0,LOW
23.750833333333336,86.42305555555556,3.3304,228.0,0.3009,0.5586,4.7,0.515,1,0,0,0.163687,0,LOW
23.750833333333336,86.42333333333335,1.7825,228.0,0.4175,0.5807,4.7,0.5432,1,0,0,0.206102,0,LOW
23.750833333333336,86.42361111111111,0.4632,228.0,0.6886,0.5902,4.7,0.5715,1,0,0,0.465822,0,MODERATE
23.750833333333336,86.4238888888889,2.0542,228.0,0.4044,0.5683,4.7,0.5998,1,0,0,0.186894,0,LOW
23.750833333333336,86.42416666666668,5.1404,228.0,0.2419,0.5432,4.7,0.628,1,0,0,0.119328,0,LOW
23.750833333333336,86.42444444444445,6.7966,228.0,0.2079,0.5312,4.7,0.6563,1,0,0,0.115057,0,LOW
23.75055555555556,86.41583333333334,6.4628,228.0,0.1813,0.5313,4.7,0.226,1,0,0,0.256516,0,LOW
23.75055555555556,86.41611111111112,6.8106,228.0,0.1779,0.5324,4.7,0.1985,1,0,0,0.271762,0,LOW
23.75055555555556,86.4163888888889,5.7762,228.0,0.2223,0.5369,4.7,0.1713,1,0,0,0.311892,0,LOW
23.75055555555556,86.41666666666667,7.1588,228.0,0.1931,0.5236,4.7,0.1444,1,0,0,0.337366,0,LOW
23.75055555555556,86.41694444444445,10.2193,228.0,0.1356,0.4991,4.7,0.1182,1,0,0,0.37783,0,MODERATE
23.75055555555556,86.41722222222224,9.9026,228.0,0.1552,0.5043,4.7,0.0933,1,0,0,0.404632,0,MODERATE
23.75055555555556,86.4175,9.987,228.0,0.1628,0.5005,4.7,0.0709,1,0,0,0.436653,0,MODERATE
23.75055555555556,86.41777777777779,11.6838,228.0,0.1345,0.478,4.7,0.0543,1,0,0,0.480688,0,MODERATE
23.75055555555556,86.41805555555557,11.1475,228.0,0.1411,0.4875,4.7,0.0497,1,0,0,0.466442,0,MODERATE
23.75055555555556,86.41833333333334,8.5062,228.0,0.1863,0.5088,4.7,0.0599,1,0,0,0.430889,0,MODERATE
23.75055555555556,86.41861111111112,5.365,228.0,0.2646,0.537,4.7,0.0794,1,0,0,0.41232,0,MODERATE
23.75055555555556,86.4188888888889,2.7657,228.0,0.3832,0.5607,4.7,0.1031,1,0,0,0.462554,0,MODERATE
23.75055555555556,86.41916666666667,1.5842,228.0,0.4893,0.5803,4.7,0.1286,1,0,0,0.532502,1,MODERATE
23.75055555555556,86.41944444444445,0.5051,228.0,0.7283,0.5926,4.7,0.1551,1,0,0,0.764469,1,HIGH
23.75055555555556,86.41972222222223,1.0101,228.0,0.6147,0.5803,4.7,0.1821,1,0,0,0.64862,1,MODERATE
23.75055555555556,86.42000000000002,6.538,228.0,0.2686,0.5244,4.7,0.2095,1,0,0,0.377319,0,MODERATE
23.75055555555556,86.42027777777778,18.3054,228.0,0.0757,0.4142,4.7,0.2371,1,0,0,0.521132,1,MODERATE
23.75055555555556,86.42055555555557,21.2685,228.0,0.0461,0.3849,4.7,0.2648,1,0,0,0.571593,1,MODERATE
23.75055555555556,86.42083333333335,12.3546,228.0,0.1478,0.4752,4.7,0.2926,1,0,0,0.362051,0,MODERATE
23.75055555555556,86.42111111111112,3.8831,228.0,0.3589,0.5586,4.7,0.3205,1,0,0,0.320478,0,LOW
23.75055555555556,86.4213888888889,3.8353,228.0,0.3387,0.5492,4.7,0.3485,1,0,0,0.292897,0,LOW
23.75055555555556,86.42166666666668,8.1563,228.0,0.1719,0.5069,4.7,0.3765,1,0,0,0.228012,0,LOW
23.75055555555556,86.42194444444445,10.5468,228.0,0.112,0.4919,4.7,0.4046,1,0,0,0.211198,0,LOW
23.75055555555556,86.42222222222223,9.8639,228.0,0.1199,0.4943,4.7,0.4326,1,0,0,0.194057,0,LOW
23.75055555555556,86.42250000000001,7.3525,228.0,0.1707,0.5166,4.7,0.4607,1,0,0,0.170769,0,LOW
23.75055555555556,86.42277777777778,6.4064,228.0,0.1855,0.5288,4.7,0.4889,1,0,0,0.150222,0,LOW
23.75055555555556,86.42305555555556,5.1218,228.0,0.2159,0.55,4.7,0.517,1,0,0,0.1317,0,LOW
23.75055555555556,86.42333333333335,1.7756,228.0,0.4175,0.5777,4.7,0.5452,1,0,0,0.208162,0,LOW
23.75055555555556,86.42361111111111,1.3894,228.0,0.4663,0.5838,4.7,0.5733,1,0,0,0.228065,0,LOW
23.75055555555556,86.4238888888889,1.0551,228.0,0.5347,0.5803,4.7,0.6015,1,0,0,0.282197,0,LOW
23.75055555555556,86.42416666666668,1.2836,228.0,0.5191,0.5696,4.7,0.6297,1,0,0,0.267531,0,LOW
23.75055555555556,86.42444444444445,5.5581,228.0,0.2522,0.541,4.7,0.6579,1,0,0,0.122021,0,LOW
23.750277777777782,86.41555555555557,6.8212,228.0,0.1723,0.5322,4.7,0.2614,1,0,0,0.23476,0,LOW
23.750277777777782,86.41583333333334,7.5842,228.0,0.1489,0.5261,4.7,0.2347,1,0,0,0.243662,0,LOW
23.750277777777782,86.41611111111112,5.19,228.0,0.2289,0.5454,4.7,0.2083,1,0,0,0.277348,0,LOW
23.750277777777782,86.4163888888889,3.8353,228.0,0.2989,0.5557,4.7,0.1826,1,0,0,0.3334,0,LOW
23.750277777777782,86.41666666666667,6.5146,228.0,0.2063,0.5331,4.7,0.1576,1,0,0,0.320055,0,LOW
23.750277777777782,86.41694444444445,9.7234,228.0,0.1412,0.5067,4.7,0.1341,1,0,0,0.354155,0,MODERATE
23.750277777777782,86.41722222222224,8.8105,228.0,0.1765,0.5081,4.7,0.1127,1,0,0,0.391435,0,MODERATE
23.750277777777782,86.4175,9.8052,228.0,0.1671,0.5003,4.7,0.095,1,0,0,0.423004,0,MODERATE
23.750277777777782,86.41777777777779,11.7986,228.0,0.1368,0.4779,4.7,0.0833,1,0,0,0.467108,0,MODERATE
23.750277777777782,86.41805555555557,11.6298,228.0,0.1416,0.4796,4.7,0.0804,1,0,0,0.469224,0,MODERATE
23.750277777777782,86.41833333333334,10.2961,228.0,0.1622,0.4952,4.7,0.0871,1,0,0,0.439839,0,MODERATE
23.750277777777782,86.41861111111112,7.1588,228.0,0.2273,0.5151,4.7,0.1015,1,0,0,0.419704,0,MODERATE
23.750277777777782,86.4188888888889,4.2653,228.0,0.3226,0.5517,4.7,0.1209,1,0,0,0.416146,0,MODERATE
23.750277777777782,86.41916666666667,2.072,228.0,0.4649,0.5783,4.7,0.1433,1,0,0,0.503529,1,MODERATE
23.750277777777782,86.41944444444445,0.3427,228.0,0.8343,0.5889,4.7,0.1675,1,0,0,0.84862,1,HIGH
23.750277777777782,86.41972222222223,3.5477,228.0,0.3869,0.5421,4.7,0.1928,1,0,0,0.453312,0,MODERATE
23.750277777777782,86.42000000000002,10.7766,228.0,0.1836,0.4805,4.7,0.2188,1,0,0,0.414356,0,MODERATE
23.750277777777782,86.42027777777778,20.7564,228.0,0.0575,0.3867,4.7,0.2453,1,0,0,0.585735,1,MODERATE
23.750277777777782,86.42055555555557,21.6887,228.0,0.0443,0.382,4.7,0.2722,1,0,0,0.577658,1,MODERATE
23.750277777777782,86.42083333333335,11.2919,228.0,0.1637,0.4829,4.7,0.2994,1,0,0,0.345591,0,LOW
23.750277777777782,86.42111111111112,3.7641,228.0,0.3593,0.5568,4.7,0.3267,1,0,0,0.317519,0,LOW
23.750277777777782,86.4213888888889,2.8412,228.0,0.392,0.5646,4.7,0.3542,1,0,0,0.312064,0,LOW
23.750277777777782,86.42166666666668,4.6495,228.0,0.2796,0.5389,4.7,0.3818,1,0,0,0.239656,0,LOW
23.750277777777782,86.42194444444445,6.0318,228.0,0.2221,0.5309,4.7,0.4095,1,0,0,0.202754,0,LOW
23.750277777777782,86.42222222222223,5.1265,228.0,0.2512,0.5269,4.7,0.4372,1,0,0,0.207481,0,LOW
23.750277777777782,86.42250000000001,5.7937,228.0,0.2195,0.5359,4.7,0.4651,1,0,0,0.170368,0,LOW
23.750277777777782,86.42277777777778,7.051,228.0,0.1681,0.534,4.7,0.4929,1,0,0,0.140223,0,LOW
23.750277777777782,86.42305555555556,4.8372,228.0,0.2301,0.5514,4.7,0.5209,1,0,0,0.135495,0,LOW
23.750277777777782,86.42333333333335,1.789,228.0,0.4189,0.5774,4.7,0.5488,1,0,0,0.208316,0,LOW
23.750277777777782,86.42361111111111,1.6404,228.0,0.4358,0.5807,4.7,0.5768,1,0,0,0.205538,0,LOW
23.750277777777782,86.4238888888889,1.789,228.0,0.4319,0.5765,4.7,0.6048,1,0,0,0.196384,0,LOW
23.750277777777782,86.42416666666668,3.432,228.0,0.3264,0.5598,4.7,0.6329,1,0,0,0.140995,0,LOW
23.750000000000004,86.41555555555557,6.5087,228.0,0.1799,0.5312,4.7,0.2725,1,0,0,0.233037,0,LOW
23.750000000000004,86.41583333333334,5.6467,228.0,0.2021,0.5409,4.7,0.2469,1,0,0,0.242733,0,LOW
23.750000000000004,86.41611111111112,2.1125,228.0,0.399,0.5717,4.7,0.222,1,0,0,0.375962,0,MODERATE
23.750000000000004,86.4163888888889,2.2836,228.0,0.3908,0.571,4.7,0.198,1,0,0,0.385165,0,MODERATE
23.750000000000004,86.41666666666667,5.5581,228.0,0.226,0.5449,4.7,0.1753,1,0,0,0.299389,0,LOW
23.750000000000004,86.41694444444445,7.0941,228.0,0.1936,0.5249,4.7,0.1545,1,0,0,0.328951,0,LOW
23.750000000000004,86.41722222222224,7.2722,228.0,0.2057,0.5168,4.7,0.1363,1,0,0,0.369616,0,MODERATE
23.750000000000004,86.4175,10.3718,228.0,0.1489,0.4875,4.7,0.1221,1,0,0,0.412681,0,MODERATE
23.750000000000004,86.41777777777779,13.546,228.0,0.1059,0.4603,4.7,0.1133,1,0,0,0.470411,0,MODERATE
23.750000000000004,86.41805555555557,14.1298,228.0,0.1045,0.4501,4.7,0.1111,1,0,0,0.498309,0,MODERATE
23.750000000000004,86.41833333333334,14.6906,228.0,0.099,0.447,4.7,0.1161,1,0,0,0.504484,1,MODERATE
23.750000000000004,86.41861111111112,14.3821,228.0,0.1021,0.4493,4.7,0.1272,1,0,0,0.491029,0,MODERATE
23.750000000000004,86.4188888888889,9.5069,228.0,0.1851,0.49,4.7,0.1432,1,0,0,0.424437,0,MODERATE
23.750000000000004,86.41916666666667,5.0407,228.0,0.3147,0.5359,4.7,0.1626,1,0,0,0.418728,0,MODERATE
23.750000000000004,86.41944444444445,6.1855,228.0,0.282,0.5211,4.7,0.1842,1,0,0,0.408192,0,MODERATE
23.750000000000004,86.41972222222223,11.8219,228.0,0.1645,0.4684,4.7,0.2075,1,0,0,0.436935,0,MODERATE
23.750000000000004,86.42000000000002,18.7826,228.0,0.0803,0.4027,4.7,0.2319,1,0,0,0.55858,1,MODERATE
23.750000000000004,86.42027777777778,24.0903,228.0,0.0293,0.3486,4.7,0.2571,1,0,0,0.665176,1,HIGH
23.750000000000004,86.42055555555557,20.5873,228.0,0.0542,0.3799,4.7,0.2828,1,0,0,0.563583,1,MODERATE
23.750000000000004,86.42083333333335,9.5117,228.0,0.193,0.4868,4.7,0.3091,1,0,0,0.335191,0,LOW
23.750000000000004,86.42111111111112,4.0031,228.0,0.3394,0.5513,4.7,0.3356,1,0,0,0.301209,0,LOW
23.750000000000004,86.4213888888889,2.4357,228.0,0.4158,0.5705,4.7,0.3624,1,0,0,0.319587,0,LOW
23.750000000000004,86.42166666666668,0.5051,228.0,0.7185,0.5685,4.7,0.3894,1,0,0,0.656452,1,HIGH
23.750000000000004,86.42194444444445,4.4882,228.0,0.2784,0.546,4.7,0.4166,1,0,0,0.212214,0,LOW
23.750000000000004,86.42222222222223,7.9839,228.0,0.1605,0.5222,4.7,0.4439,1,0,0,0.172207,0,LOW
23.750000000000004,86.42250000000001,7.6504,228.0,0.1636,0.5257,4.7,0.4714,1,0,0,0.157462,0,LOW
23.750000000000004,86.42277777777778,4.8972,228.0,0.2436,0.5413,4.7,0.4989,1,0,0,0.160518,0,LOW
23.750000000000004,86.42305555555556,3.1659,228.0,0.3195,0.5648,4.7,0.5265,1,0,0,0.166032,0,LOW
23.750000000000004,86.42333333333335,1.7756,228.0,0.427,0.574,4.7,0.5542,1,0,0,0.216511,0,LOW
23.750000000000004,86.42361111111111,1.7756,228.0,0.4279,0.5732,4.7,0.5819,1,0,0,0.205823,0,LOW
23.750000000000004,86.4238888888889,1.6404,228.0,0.4576,0.5765,4.7,0.6097,1,0,0,0.214739,0,LOW
23.750000000000004,86.42416666666668,3.8458,228.0,0.3121,0.5572,4.7,0.6375,1,0,0,0.136522,0,LOW
23.749722222222225,86.41527777777779,4.5685,228.0,0.2557,0.5502,4.7,0.3113,1,0,0,0.23655,0,LOW
23.749722222222225,86.41555555555557,3.5745,228.0,0.2919,0.5583,4.7,0.2864,1,0,0,0.259945,0,LOW
23.749722222222225,86.41583333333334,2.5494,228.0,0.3499,0.5664,4.7,0.2622,1,0,0,0.308322,0,LOW
23.749722222222225,86.41611111111112,0.7393,228.0,0.5948,0.5826,4.7,0.2389,1,0,0,0.578483,1,MODERATE
23.749722222222225,86.4163888888889,3.3304,228.0,0.2996,0.5683,4.7,0.2168,1,0,0,0.288697,0,LOW
23.749722222222225,86.41666666666667,3.7899,228.0,0.2863,0.5576,4.7,0.1963,1,0,0,0.30727,0,LOW
23.749722222222225,86.41694444444445,3.8149,228.0,0.3015,0.541,4.7,0.1779,1,0,0,0.359503,0,MODERATE
23.749722222222225,86.41722222222224,7.1471,228.0,0.1928,0.5224,4.7,0.1624,1,0,0,0.327758,0,LOW
23.749722222222225,86.4175,9.4399,228.0,0.1533,0.4972,4.7,0.1507,1,0,0,0.366789,0,MODERATE
23.749722222222225,86.41777777777779,11.9573,228.0,0.1201,0.471,4.7,0.1436,1,0,0,0.41911,0,MODERATE
23.749722222222225,86.41805555555557,13.7753,228.0,0.1033,0.4557,4.7,0.1419,1,0,0,0.459924,0,MODERATE
23.749722222222225,86.41833333333334,15.7441,228.0,0.0846,0.4326,4.7,0.1458,1,0,0,0.510261,1,MODERATE
23.749722222222225,86.41861111111112,18.4658,228.0,0.0568,0.4106,4.7,0.1549,1,0,0,0.559295,1,MODERATE
23.749722222222225,86.4188888888889,16.8264,228.0,0.081,0.4245,4.7,0.1682,1,0,0,0.526351,1,MODERATE
23.749722222222225,86.41916666666667,14.2032,228.0,0.1216,0.443,4.7,0.185,1,0,0,0.484539,0,MODERATE
23.749722222222225,86.41944444444445,15.4275,228.0,0.1118,0.4315,4.7,0.2043,1,0,0,0.502679,1,MODERATE
23.749722222222225,86.41972222222223,18.2024,228.0,0.0856,0.4125,4.7,0.2255,1,0,0,0.5425,1,MODERATE
23.749722222222225,86.42000000000002,21.4845,228.0,0.0552,0.3727,4.7,0.2481,1,0,0,0.616755,1,MODERATE
23.749722222222225,86.42027777777778,23.2308,228.0,0.0346,0.3605,4.7,0.2718,1,0,0,0.629016,1,MODERATE
23.749722222222225,86.42055555555557,16.2811,228.0,0.0965,0.4204,4.7,0.2963,1,0,0,0.456367,0,MODERATE
23.749722222222225,86.42083333333335,7.8891,228.0,0.2206,0.5067,4.7,0.3214,1,0,0,0.303198,0,LOW
23.749722222222225,86.42111111111112,5.4581,228.0,0.2676,0.5392,4.7,0.347,1,0,0,0.257673,0,LOW
23.749722222222225,86.4213888888889,3.5513,228.0,0.3338,0.5598,4.7,0.373,1,0,0,0.256729,0,LOW
23.749722222222225,86.42166666666668,3.7899,228.0,0.3122,0.541,4.7,0.3993,1,0,0,0.247292,0,LOW
23.749722222222225,86.42194444444445,8.0621,228.0,0.1591,0.5174,4.7,0.4259,1,0,0,0.183439,0,LOW
23.749722222222225,86.42222222222223,7.8688,228.0,0.1635,0.5211,4.7,0.4526,1,0,0,0.170748,0,LOW
23.749722222222225,86.42250000000001,4.2192,228.0,0.285,0.5454,4.7,0.4796,1,0,0,0.187875,0,LOW
23.749722222222225,86.42277777777778,1.7825,228.0,0.45,0.5732,4.7,0.5066,1,0,0,0.263151,0,LOW
23.749722222222225,86.42305555555556,2.3755,228.0,0.384,0.5705,4.7,0.5338,1,0,0,0.199454,0,LOW
23.749722222222225,86.42333333333335,3.2878,228.0,0.3137,0.567,4.7,0.5612,1,0,0,0.149202,0,LOW
23.749722222222225,86.42361111111111,3.3304,228.0,0.3139,0.5676,4.7,0.5886,1,0,0,0.140282,0,LOW
23.749722222222225,86.4238888888889,1.6404,228.0,0.4699,0.5748,4.7,0.616,1,0,0,0.225011,0,LOW
23.749722222222225,86.42416666666668,5.1218,228.0,0.2663,0.5468,4.7,0.6436,1,0,0,0.126437,0,LOW
23.74944444444445,86.41527777777779,3.0706,228.0,0.3245,0.5648,4.7,0.3265,1,0,0,0.257038,0,LOW
23.74944444444445,86.41555555555557,1.3894,228.0,0.469,0.5842,4.7,0.3029,1,0,0,0.380992,0,MODERATE
23.74944444444445,86.41583333333334,0.0,228.0,0.9839,0.5842,4.7,0.2801,1,0,0,0.90275,1,VERY HIGH
23.74944444444445,86.41611111111112,1.3836,228.0,0.4552,0.5851,4.7,0.2584,1,0,0,0.390096,0,MODERATE
23.74944444444445,86.4163888888889,2.3755,228.0,0.3517,0.5727,4.7,0.2381,1,0,0,0.312638,0,LOW
23.74944444444445,86.41666666666667,1.7756,228.0,0.4208,0.5732,4.7,0.2196,1,0,0,0.396198,0,MODERATE
23.74944444444445,86.41694444444445,3.1624,228.0,0.3196,0.5623,4.7,0.2034,1,0,0,0.323916,0,LOW
23.74944444444445,86.41722222222224,4.8627,228.0,0.2491,0.5496,4.7,0.19,1,0,0,0.298546,0,LOW
23.74944444444445,86.4175,4.8587,228.0,0.2653,0.5453,4.7,0.18,1,0,0,0.328682,0,LOW
23.74944444444445,86.41777777777779,6.1962,228.0,0.2326,0.5313,4.7,0.1741,1,0,0,0.337955,0,LOW
23.74944444444445,86.41805555555557,7.7487,228.0,0.2033,0.518,4.7,0.1728,1,0,0,0.35198,0,MODERATE
23.74944444444445,86.41833333333334,10.4944,228.0,0.1561,0.4872,4.7,0.176,1,0,0,0.390421,0,MODERATE
23.74944444444445,86.41861111111112,14.7087,228.0,0.0986,0.4422,4.7,0.1835,1,0,0,0.466796,0,MODERATE
23.74944444444445,86.4188888888889,17.2605,228.0,0.0747,0.4115,4.7,0.1949,1,0,0,0.529459,1,MODERATE
23.74944444444445,86.41916666666667,19.3889,228.0,0.0579,0.3918,4.7,0.2096,1,0,0,0.572964,1,MODERATE
23.74944444444445,86.41944444444445,19.6898,228.0,0.0614,0.3895,4.7,0.2268,1,0,0,0.576181,1,MODERATE
23.74944444444445,86.41972222222223,17.5439,228.0,0.0911,0.4099,4.7,0.2461,1,0,0,0.52598,1,MODERATE
23.74944444444445,86.42000000000002,17.588,228.0,0.0907,0.4144,4.7,0.267,1,0,0,0.505541,1,MODERATE
23.74944444444445,86.42027777777778,18.0195,228.0,0.0775,0.4162,4.7,0.2891,1,0,0,0.479604,0,MODERATE
23.74944444444445,86.42055555555557,9.3849,228.0,0.1949,0.4913,4.7,0.3122,1,0,0,0.327053,0,LOW
23.74944444444445,86.42083333333335,3.9972,228.0,0.3422,0.5554,4.7,0.3362,1,0,0,0.298629,0,LOW
23.74944444444445,86.42111111111112,3.7672,228.0,0.3302,0.5583,4.7,0.3607,1,0,0,0.264706,0,LOW
23.74944444444445,86.4213888888889,3.4227,228.0,0.3345,0.5648,4.7,0.3858,1,0,0,0.24317,0,LOW
23.74944444444445,86.42166666666668,7.3742,228.0,0.1759,0.5288,4.7,0.4113,1,0,0,0.183387,0,LOW
23.74944444444445,86.42194444444445,9.017,228.0,0.1364,0.5131,4.7,0.4371,1,0,0,0.177093,0,LOW
23.74944444444445,86.42222222222223,3.8458,228.0,0.3088,0.5438,4.7,0.4632,1,0,0,0.21175,0,LOW
23.74944444444445,86.42250000000001,3.4791,228.0,0.3265,0.5502,4.7,0.4896,1,0,0,0.204119,0,LOW
23.74944444444445,86.42277777777778,4.7317,228.0,0.2598,0.5466,4.7,0.5161,1,0,0,0.159758,0,LOW
23.74944444444445,86.42305555555556,4.6474,228.0,0.2579,0.5466,4.7,0.5428,1,0,0,0.148193,0,LOW
23.74944444444445,86.42333333333335,3.9552,228.0,0.2876,0.5572,4.7,0.5697,1,0,0,0.143569,0,LOW
23.74944444444445,86.42361111111111,3.4103,228.0,0.3219,0.5567,4.7,0.5967,1,0,0,0.152202,0,LOW
23.74944444444445,86.4238888888889,4.2817,228.0,0.291,0.5504,4.7,0.6239,1,0,0,0.136795,0,LOW
23.74916666666667,86.41527777777779,2.3755,228.0,0.3638,0.5727,4.7,0.3438,1,0,0,0.267994,0,LOW
23.74916666666667,86.41555555555557,1.0279,228.0,0.5183,0.5883,4.7,0.3215,1,0,0,0.419201,0,MODERATE
23.74916666666667,86.41583333333334,1.515,228.0,0.4308,0.5842,4.7,0.3001,1,0,0,0.337891,0,LOW
23.74916666666667,86.41611111111112,1.441,228.0,0.4373,0.5842,4.7,0.28,1,0,0,0.356531,0,MODERATE
23.74916666666667,86.4163888888889,1.1112,228.0,0.4924,0.5851,4.7,0.2614,1,0,0,0.430902,0,MODERATE
23.74916666666667,86.41666666666667,1.0551,228.0,0.5105,0.5783,4.7,0.2446,1,0,0,0.475315,0,MODERATE
23.74916666666667,86.41694444444445,3.8088,228.0,0.2639,0.5614,4.7,0.2301,1,0,0,0.260081,0,LOW
23.74916666666667,86.41722222222224,3.7641,228.0,0.2777,0.5623,4.7,0.2184,1,0,0,0.279003,0,LOW
23.74916666666667,86.4175,2.0988,228.0,0.4073,0.5748,4.7,0.2098,1,0,0,0.389424,0,MODERATE
23.74916666666667,86.41777777777779,2.4357,228.0,0.3923,0.5727,4.7,0.2048,1,0,0,0.383421,0,MODERATE
23.74916666666667,86.41805555555557,3.7641,228.0,0.3217,0.5618,4.7,0.2036,1,0,0,0.338528,0,LOW
23.74916666666667,86.41833333333334,5.8448,228.0,0.2507,0.5349,4.7,0.2063,1,0,0,0.328822,0,LOW
23.74916666666667,86.41861111111112,8.246,228.0,0.1975,0.5036,4.7,0.2128,1,0,0,0.350556,0,MODERATE
23.74916666666667,86.4188888888889,11.7136,228.0,0.1395,0.4675,4.7,0.2227,1,0,0,0.39349,0,MODERATE
23.74916666666667,86.41916666666667,15.49,228.0,0.0916,0.4341,4.7,0.2356,1,0,0,0.45209,0,MODERATE
23.74916666666667,86.41944444444445,15.8652,228.0,0.0931,0.4317,4.7,0.2511,1,0,0,0.455556,0,MODERATE
23.74916666666667,86.41972222222223,12.904,228.0,0.1388,0.4551,4.7,0.2686,1,0,0,0.406253,0,MODERATE
23.74916666666667,86.42000000000002,11.7994,228.0,0.1545,0.4692,4.7,0.2879,1,0,0,0.370755,0,MODERATE
23.74916666666667,86.42027777777778,13.3638,228.0,0.1186,0.4622,4.7,0.3085,1,0,0,0.354644,0,MODERATE
23.74916666666667,86.42055555555557,6.7769,228.0,0.2391,0.5249,4.7,0.3303,1,0,0,0.275941,0,LOW
23.74916666666667,86.42083333333335,3.098,228.0,0.3742,0.5664,4.7,0.353,1,0,0,0.29484,0,LOW
23.74916666666667,86.42111111111112,3.7641,228.0,0.3165,0.5618,4.7,0.3765,1,0,0,0.23877,0,LOW
23.74916666666667,86.4213888888889,3.8831,228.0,0.3011,0.5583,4.7,0.4005,1,0,0,0.218475,0,LOW
23.74916666666667,86.42166666666668,7.7079,228.0,0.163,0.5212,4.7,0.4251,1,0,0,0.178849,0,LOW
23.74916666666667,86.42194444444445,9.3413,228.0,0.1276,0.5076,4.7,0.4502,1,0,0,0.17414,0,LOW
23.74916666666667,86.42222222222223,6.6301,228.0,0.1992,0.5228,4.7,0.4756,1,0,0,0.17261,0,LOW
23.74916666666667,86.42250000000001,8.5062,228.0,0.148,0.5108,4.7,0.5013,1,0,0,0.157737,0,LOW
23.74916666666667,86.42277777777778,8.8019,228.0,0.1381,0.5071,4.7,0.5272,1,0,0,0.148146,0,LOW
23.74916666666667,86.42305555555556,9.473,228.0,0.12,0.501,4.7,0.5534,1,0,0,0.139322,0,LOW
23.74916666666667,86.42333333333335,6.949,228.0,0.1825,0.5241,4.7,0.5798,1,0,0,0.128338,0,LOW
23.74916666666667,86.42361111111111,6.6909,228.0,0.1966,0.5263,4.7,0.6064,1,0,0,0.124912,0,LOW
23.74916666666667,86.4238888888889,7.5214,228.0,0.1885,0.5241,4.7,0.6331,1,0,0,0.121732,0,LOW
23.74888888888889,86.41583333333334,1.7825,228.0,0.3959,0.5826,4.7,0.3218,1,0,0,0.292026,0,LOW
23.74888888888889,86.41611111111112,1.441,228.0,0.4353,0.5838,4.7,0.3031,1,0,0,0.340643,0,LOW
23.74888888888889,86.4163888888889,1.3894,228.0,0.4434,0.5783,4.7,0.286,1,0,0,0.367781,0,MODERATE
23.74888888888889,86.41666666666667,3.4103,228.0,0.2672,0.5634,4.7,0.2708,1,0,0,0.234466,0,LOW
23.74888888888889,86.41694444444445,4.4459,228.0,0.2188,0.5576,4.7,0.2578,1,0,0,0.216906,0,LOW
23.74888888888889,86.41722222222224,2.7312,228.0,0.3222,0.5685,4.7,0.2473,1,0,0,0.286066,0,LOW
23.74888888888889,86.4175,1.1851,228.0,0.4968,0.5838,4.7,0.2398,1,0,0,0.454525,0,MODERATE
23.74888888888889,86.41777777777779,1.3836,228.0,0.4767,0.5842,4.7,0.2354,1,0,0,0.434338,0,MODERATE
23.74888888888889,86.41805555555557,2.7394,228.0,0.3548,0.5703,4.7,0.2344,1,0,0,0.328508,0,LOW
23.74888888888889,86.41833333333334,4.1051,228.0,0.2911,0.5581,4.7,0.2368,1,0,0,0.295055,0,LOW
23.74888888888889,86.41861111111112,4.1278,228.0,0.3076,0.5514,4.7,0.2425,1,0,0,0.319933,0,LOW
23.74888888888889,86.4188888888889,6.0826,228.0,0.2449,0.5312,4.7,0.2512,1,0,0,0.305503,0,LOW
23.74888888888889,86.41916666666667,8.3071,228.0,0.193,0.5105,4.7,0.2627,1,0,0,0.307624,0,LOW
23.74888888888889,86.41944444444445,8.0876,228.0,0.2048,0.5109,4.7,0.2766,1,0,0,0.308683,0,LOW
23.74888888888889,86.41972222222223,7.7001,228.0,0.2165,0.5196,4.7,0.2927,1,0,0,0.294546,0,LOW
23.74888888888889,86.42000000000002,7.1437,228.0,0.2284,0.518,4.7,0.3104,1,0,0,0.290097,0,LOW
23.74888888888889,86.42027777777778,10.4912,228.0,0.141,0.4958,4.7,0.3297,1,0,0,0.270828,0,LOW
23.74888888888889,86.42055555555557,6.4613,228.0,0.2239,0.5312,4.7,0.3501,1,0,0,0.237661,0,LOW
23.74888888888889,86.42083333333335,2.9546,228.0,0.3632,0.5658,4.7,0.3716,1,0,0,0.270989,0,LOW
23.74888888888889,86.42111111111112,4.4296,228.0,0.2688,0.5562,4.7,0.394,1,0,0,0.202474,0,LOW
23.74888888888889,86.4213888888889,4.8277,228.0,0.2472,0.5514,4.7,0.417,1,0,0,0.184736,0,LOW
23.74888888888889,86.42166666666668,6.6487,228.0,0.1858,0.5309,4.7,0.4407,1,0,0,0.16875,0,LOW
23.74888888888889,86.42194444444445,8.1445,228.0,0.15,0.5129,4.7,0.4649,1,0,0,0.166383,0,LOW
23.74888888888889,86.42222222222223,8.0568,228.0,0.1555,0.5151,4.7,0.4896,1,0,0,0.158564,0,LOW
23.74888888888889,86.42250000000001,8.0785,228.0,0.1553,0.5136,4.7,0.5146,1,0,0,0.151145,0,LOW
23.74888888888889,86.42277777777778,7.5963,228.0,0.1662,0.513,4.7,0.5399,1,0,0,0.145224,0,LOW
23.74888888888889,86.42305555555556,9.5415,228.0,0.1188,0.5009,4.7,0.5655,1,0,0,0.135503,0,LOW
23.74888888888889,86.42333333333335,7.4343,228.0,0.1718,0.5241,4.7,0.5913,1,0,0,0.123249,0,LOW
23.74888888888889,86.42361111111111,6.4577,228.0,0.2094,0.5309,4.7,0.6174,1,0,0,0.123935,0,LOW
23.74888888888889,86.4238888888889,5.9054,228.0,0.2446,0.537,4.7,0.6437,1,0,0,0.127668,0,LOW
23.74861111111112,86.4163888888889,3.1018,228.0,0.286,0.5689,4.7,0.3118,1,0,0,0.222342,0,LOW
23.74861111111112,86.41666666666667,3.4103,228.0,0.2654,0.564,4.7,0.2979,1,0,0,0.219428,0,LOW
23.74861111111112,86.41694444444445,2.2216,228.0,0.3503,0.571,4.7,0.2861,1,0,0,0.283665,0,LOW
23.74861111111112,86.41722222222224,0.6853,228.0,0.5855,0.5838,4.7,0.2767,1,0,0,0.538297,1,MODERATE
23.74861111111112,86.4175,0.7393,228.0,0.5727,0.5883,4.7,0.27,1,0,0,0.519839,1,MODERATE
23.74861111111112,86.41777777777779,0.3427,228.0,0.7324,0.5883,4.7,0.2661,1,0,0,0.714128,1,HIGH
23.74861111111112,86.41805555555557,1.2836,228.0,0.479,0.5793,4.7,0.2652,1,0,0,0.423158,0,MODERATE
23.74861111111112,86.41833333333334,2.2216,228.0,0.3839,0.5732,4.7,0.2673,1,0,0,0.329872,0,LOW
23.74861111111112,86.41861111111112,1.4783,228.0,0.4816,0.5807,4.7,0.2724,1,0,0,0.423896,0,MODERATE
23.74861111111112,86.4188888888889,4.1137,228.0,0.2915,0.5517,4.7,0.2802,1,0,0,0.279992,0,LOW
23.74861111111112,86.41916666666667,5.9977,228.0,0.2265,0.541,4.7,0.2905,1,0,0,0.251062,0,LOW
23.74861111111112,86.41944444444445,3.2615,228.0,0.3548,0.5618,4.7,0.3032,1,0,0,0.309806,0,LOW
23.74861111111112,86.41972222222223,3.8149,228.0,0.3254,0.5591,4.7,0.3179,1,0,0,0.282106,0,LOW
23.74861111111112,86.42000000000002,3.4103,228.0,0.3462,0.5527,4.7,0.3343,1,0,0,0.297041,0,LOW
23.74861111111112,86.42027777777778,8.3548,228.0,0.1595,0.5166,4.7,0.3523,1,0,0,0.220235,0,LOW
23.74861111111112,86.42055555555557,5.7937,228.0,0.2222,0.5406,4.7,0.3715,1,0,0,0.20627,0,LOW
23.74861111111112,86.42083333333335,0.4632,228.0,0.7148,0.5807,4.7,0.3918,1,0,0,0.632374,1,MODERATE
23.74861111111112,86.42111111111112,2.8803,228.0,0.3406,0.571,4.7,0.4131,1,0,0,0.220875,0,LOW
23.74861111111112,86.4213888888889,4.3158,228.0,0.2582,0.5568,4.7,0.4351,1,0,0,0.174904,0,LOW
23.74861111111112,86.42166666666668,4.7864,228.0,0.242,0.5466,4.7,0.4579,1,0,0,0.168572,0,LOW
23.74861111111112,86.42194444444445,5.5836,228.0,0.2171,0.5402,4.7,0.4812,1,0,0,0.156618,0,LOW
23.74861111111112,86.42222222222223,4.5685,228.0,0.2614,0.5423,4.7,0.505,1,0,0,0.166668,0,LOW
23.74861111111112,86.42250000000001,1.1851,228.0,0.5324,0.5513,4.7,0.5293,1,0,0,0.362774,0,MODERATE
23.74861111111112,86.42277777777778,4.6294,228.0,0.2593,0.5457,4.7,0.554,1,0,0,0.145889,0,LOW
23.74861111111112,86.42305555555556,5.5581,228.0,0.2236,0.539,4.7,0.579,1,0,0,0.129599,0,LOW
23.74861111111112,86.42333333333335,3.4227,228.0,0.327,0.5618,4.7,0.6042,1,0,0,0.149271,0,LOW
23.74861111111112,86.42361111111111,2.8226,228.0,0.379,0.5664,4.7,0.6298,1,0,0,0.166736,0,LOW
23.74833333333334,86.41722222222224,2.0988,228.0,0.3572,0.5765,4.7,0.3064,1,0,0,0.271327,0,LOW
23.74833333333334,86.4175,2.5585,228.0,0.3153,0.5732,4.7,0.3003,1,0,0,0.242849,0,LOW
23.74833333333334,86.41777777777779,2.5585,228.0,0.3166,0.5732,4.7,0.2969,1,0,0,0.245818,0,LOW
23.74833333333334,86.41805555555557,1.9198,228.0,0.3797,0.5777,4.7,0.2961,1,0,0,0.296895,0,LOW
23.74833333333334,86.41833333333334,1.7129,228.0,0.4126,0.5807,4.7,0.2979,1,0,0,0.32604,0,LOW
23.74833333333334,86.41861111111112,0.7393,228.0,0.5935,0.5889,4.7,0.3025,1,0,0,0.525218,1,MODERATE
23.74833333333334,86.4188888888889,4.2917,228.0,0.2544,0.5548,4.7,0.3095,1,0,0,0.226848,0,LOW
23.74833333333334,86.41916666666667,5.7937,228.0,0.2037,0.5427,4.7,0.3189,1,0,0,0.210868,0,LOW
23.74833333333334,86.41944444444445,1.441,228.0,0.4881,0.5732,4.7,0.3305,1,0,0,0.405179,0,MODERATE
23.74833333333334,86.41972222222223,1.8989,228.0,0.4359,0.5793,4.7,0.344,1,0,0,0.332033,0,LOW
23.74833333333334,86.42000000000002,1.5842,228.0,0.4728,0.571,4.7,0.3593,1,0,0,0.373493,0,MODERATE
23.74833333333334,86.42027777777778,7.0956,228.0,0.1696,0.5306,4.7,0.376,1,0,0,0.187174,0,LOW
23.74833333333334,86.42055555555557,5.5288,228.0,0.2132,0.5427,4.7,0.3941,1,0,0,0.183586,0,LOW
23.74833333333334,86.42083333333335,1.789,228.0,0.4304,0.5803,4.7,0.4133,1,0,0,0.283066,0,LOW
23.74833333333334,86.42111111111112,1.7756,228.0,0.4258,0.5777,4.7,0.4335,1,0,0,0.27029,0,LOW
23.74833333333334,86.4213888888889,3.0279,228.0,0.319,0.5689,4.7,0.4546,1,0,0,0.188166,0,LOW
23.74833333333334,86.42166666666668,2.3755,228.0,0.3725,0.5727,4.7,0.4764,1,0,0,0.212159,0,LOW
23.74833333333334,86.42194444444445,2.566,228.0,0.3632,0.5683,4.7,0.4989,1,0,0,0.201249,0,LOW
23.74833333333334,86.42222222222223,4.8972,228.0,0.2377,0.5406,4.7,0.5219,1,0,0,0.148902,0,LOW
23.74833333333334,86.42250000000001,6.1415,228.0,0.1935,0.5375,4.7,0.5454,1,0,0,0.128181,0,LOW
23.74833333333334,86.42277777777778,5.19,228.0,0.2283,0.542,4.7,0.5694,1,0,0,0.129664,0,LOW
23.74833333333334,86.42305555555556,2.8803,228.0,0.3511,0.5572,4.7,0.5937,1,0,0,0.16782,0,LOW
23.74833333333334,86.42333333333335,1.7825,228.0,0.4588,0.5826,4.7,0.6184,1,0,0,0.207737,0,LOW
23.74833333333334,86.42361111111111,1.1851,228.0,0.559,0.5793,4.7,0.6433,1,0,0,0.28969,0,LOW
23.74805555555556,86.41777777777779,1.789,228.0,0.3837,0.5793,4.7,0.3276,1,0,0,0.279718,0,LOW
23.74805555555556,86.41805555555557,1.0551,228.0,0.4904,0.5842,4.7,0.3269,1,0,0,0.386247,0,MODERATE
23.74805555555556,86.41833333333334,1.1112,228.0,0.4856,0.5866,4.7,0.3286,1,0,0,0.376735,0,MODERATE
23.74805555555556,86.41861111111112,0.7393,228.0,0.5761,0.5889,4.7,0.3327,1,0,0,0.481666,0,MODERATE
23.74805555555556,86.4188888888889,4.1137,228.0,0.2427,0.5541,4.7,0.3391,1,0,0,0.201116,0,LOW
23.74805555555556,86.41916666666667,5.746,228.0,0.1837,0.5431,4.7,0.3477,1,0,0,0.180807,0,LOW
23.74805555555556,86.41944444444445,3.1624,228.0,0.309,0.564,4.7,0.3584,1,0,0,0.228434,0,LOW
23.74805555555556,86.41972222222223,1.4783,228.0,0.4652,0.5774,4.7,0.3709,1,0,0,0.345755,0,LOW
23.74805555555556,86.42000000000002,1.7825,228.0,0.431,0.574,4.7,0.3851,1,0,0,0.307347,0,LOW
23.74805555555556,86.42027777777778,6.0565,228.0,0.1868,0.54,4.7,0.4007,1,0,0,0.169427,0,LOW
23.74805555555556,86.42055555555557,5.1218,228.0,0.2174,0.5477,4.7,0.4177,1,0,0,0.168167,0,LOW
23.74805555555556,86.42083333333335,1.3705,228.0,0.4757,0.5842,4.7,0.4359,1,0,0,0.308755,0,LOW
23.74805555555556,86.42111111111112,1.3705,228.0,0.4713,0.5842,4.7,0.4551,1,0,0,0.292991,0,LOW
23.74805555555556,86.4213888888889,2.6882,228.0,0.3367,0.5717,4.7,0.4752,1,0,0,0.187199,0,LOW
23.74805555555556,86.42166666666668,2.2216,228.0,0.3792,0.5765,4.7,0.4961,1,0,0,0.203396,0,LOW
23.74805555555556,86.42194444444445,3.4772,228.0,0.2949,0.5646,4.7,0.5177,1,0,0,0.155145,0,LOW
23.74805555555556,86.42222222222223,7.2711,228.0,0.1502,0.5297,4.7,0.54,1,0,0,0.120254,0,LOW
23.74805555555556,86.42250000000001,5.2174,228.0,0.2189,0.5434,4.7,0.5627,1,0,0,0.125328,0,LOW
23.74805555555556,86.42277777777778,0.9264,228.0,0.5685,0.5727,4.7,0.586,1,0,0,0.337486,0,LOW
23.74805555555556,86.42305555555556,0.6853,228.0,0.6391,0.5826,4.7,0.6097,1,0,0,0.391876,0,MODERATE
23.74805555555556,86.42333333333335,1.7176,228.0,0.474,0.5777,4.7,0.6337,1,0,0,0.218736,0,LOW
23.74805555555556,86.42361111111111,3.7672,228.0,0.3403,0.5535,4.7,0.6581,1,0,0,0.15038,0,LOW
23.74777777777778,86.41833333333334,1.1112,228.0,0.4812,0.5866,4.7,0.3593,1,0,0,0.352269,0,MODERATE
23.74777777777778,86.41861111111112,0.6853,228.0,0.5829,0.5889,4.7,0.363,1,0,0,0.46946,0,MODERATE
23.74777777777778,86.4188888888889,2.2836,228.0,0.3492,0.571,4.7,0.3689,1,0,0,0.240864,0,LOW
23.74777777777778,86.41916666666667,4.1137,228.0,0.2379,0.5581,4.7,0.3769,1,0,0,0.177887,0,LOW
23.74777777777778,86.41944444444445,3.1293,228.0,0.2981,0.5685,4.7,0.3867,1,0,0,0.200686,0,LOW
23.74777777777778,86.41972222222223,1.7825,228.0,0.416,0.574,4.7,0.3983,1,0,0,0.283215,0,LOW
23.74777777777778,86.42000000000002,2.5494,228.0,0.3497,0.574,4.7,0.4116,1,0,0,0.221887,0,LOW
23.74777777777778,86.42027777777778,5.1218,228.0,0.2134,0.5484,4.7,0.4263,1,0,0,0.161449,0,LOW
23.74777777777778,86.42055555555557,5.3336,228.0,0.2051,0.5454,4.7,0.4423,1,0,0,0.154717,0,LOW
23.74777777777778,86.42083333333335,1.7129,228.0,0.4293,0.5777,4.7,0.4595,1,0,0,0.25939,0,LOW
23.74777777777778,86.42111111111112,1.7756,228.0,0.4189,0.5777,4.7,0.4777,1,0,0,0.240799,0,LOW
23.74777777777778,86.4213888888889,3.0279,228.0,0.3121,0.5696,4.7,0.4969,1,0,0,0.165707,0,LOW
23.74777777777778,86.42166666666668,2.3755,228.0,0.3638,0.5751,4.7,0.517,1,0,0,0.185128,0,LOW
23.74777777777778,86.42194444444445,3.063,228.0,0.3168,0.5676,4.7,0.5377,1,0,0,0.156486,0,LOW
23.74777777777778,86.42222222222223,6.822,228.0,0.1587,0.5331,4.7,0.5592,1,0,0,0.113513,0,LOW
23.74777777777778,86.42250000000001,4.4366,228.0,0.248,0.5488,4.7,0.5812,1,0,0,0.126035,0,LOW
23.74777777777778,86.42277777777778,2.5252,228.0,0.3685,0.5748,4.7,0.6037,1,0,0,0.157984,0,LOW
23.74777777777778,86.42305555555556,2.5585,228.0,0.383,0.5685,4.7,0.6267,1,0,0,0.165905,0,LOW
23.74777777777778,86.42333333333335,3.7348,228.0,0.3326,0.5562,4.7,0.6502,1,0,0,0.145363,0,LOW
23.7475,86.4188888888889,1.7129,228.0,0.4023,0.5814,4.7,0.3989,1,0,0,0.258159,0,LOW
23.7475,86.41916666666667,2.2836,228.0,0.3493,0.574,4.7,0.4062,1,0,0,0.220034,0,LOW
23.7475,86.41944444444445,3.063,228.0,0.2954,0.5703,4.7,0.4154,1,0,0,0.183922,0,LOW
23.7475,86.41972222222223,3.5314,228.0,0.273,0.5666,4.7,0.4262,1,0,0,0.171348,0,LOW
23.7475,86.42000000000002,2.8614,228.0,0.3221,0.5725,4.7,0.4386,1,0,0,0.191676,0,LOW
23.7475,86.42027777777778,4.6294,228.0,0.2314,0.5513,4.7,0.4524,1,0,0,0.156998,0,LOW
23.7475,86.42055555555557,6.1944,228.0,0.1751,0.5385,4.7,0.4676,1,0,0,0.140624,0,LOW
23.7475,86.42083333333335,3.0706,228.0,0.3147,0.5652,4.7,0.4839,1,0,0,0.176993,0,LOW
23.7475,86.42111111111112,3.4227,228.0,0.2908,0.5652,4.7,0.5012,1,0,0,0.156929,0,LOW
23.7475,86.4213888888889,4.2653,228.0,0.2465,0.5568,4.7,0.5196,1,0,0,0.136552,0,LOW
23.7475,86.42166666666668,3.063,228.0,0.3146,0.5685,4.7,0.5388,1,0,0,0.153821,0,LOW
23.7475,86.42194444444445,3.063,228.0,0.3166,0.564,4.7,0.5587,1,0,0,0.151926,0,LOW
23.7475,86.42222222222223,5.2937,228.0,0.2082,0.5457,4.7,0.5794,1,0,0,0.113782,0,LOW
23.7475,86.42250000000001,3.0071,228.0,0.3253,0.5623,4.7,0.6007,1,0,0,0.1444,0,LOW
23.7475,86.42277777777778,2.1095,228.0,0.4081,0.5774,4.7,0.6225,1,0,0,0.173323,0,LOW
23.7475,86.42305555555556,2.5252,228.0,0.3954,0.5696,4.7,0.6448,1,0,0,0.167127,0,LOW
23.7475,86.42333333333335,5.4738,228.0,0.2707,0.5333,4.7,0.6676,1,0,0,0.134753,0,LOW
23.747222222222227,86.41972222222223,3.5314,228.0,0.2687,0.5666,4.7,0.4545,1,0,0,0.157784,0,LOW
23.747222222222227,86.42000000000002,2.8614,228.0,0.3188,0.5725,4.7,0.4661,1,0,0,0.177944,0,LOW
23.747222222222227,86.42027777777778,4.6294,228.0,0.2301,0.5539,4.7,0.4792,1,0,0,0.144885,0,LOW
23.747222222222227,86.42055555555557,6.822,228.0,0.1567,0.5341,4.7,0.4935,1,0,0,0.130461,0,LOW
23.747222222222227,86.42083333333335,3.2878,228.0,0.3041,0.5586,4.7,0.509,1,0,0,0.167774,0,LOW
23.747222222222227,86.42111111111112,2.7394,228.0,0.3397,0.567,4.7,0.5255,1,0,0,0.174646,0,LOW
23.747222222222227,86.4213888888889,5.2295,228.0,0.2097,0.55,4.7,0.543,1,0,0,0.121375,0,LOW
23.747222222222227,86.42166666666668,4.9799,228.0,0.2199,0.5488,4.7,0.5614,1,0,0,0.12048,0,LOW
23.747222222222227,86.42194444444445,4.6294,228.0,0.2345,0.553,4.7,0.5806,1,0,0,0.117455,0,LOW
23.747222222222227,86.42222222222223,4.2917,228.0,0.2495,0.5548,4.7,0.6005,1,0,0,0.116147,0,LOW
23.747222222222227,86.42250000000001,1.7129,228.0,0.4375,0.5717,4.7,0.621,1,0,0,0.197949,0,LOW
23.747222222222227,86.42277777777778,2.4357,228.0,0.3819,0.5727,4.7,0.6422,1,0,0,0.15463,0,LOW
23.747222222222227,86.42305555555556,3.432,228.0,0.3408,0.5629,4.7,0.6639,1,0,0,0.138077,0,LOW
23.747222222222227,86.42333333333335,8.3171,228.0,0.1962,0.5074,4.7,0.686,1,0,0,0.129646,0,LOW
23.74694444444445,86.42027777777778,4.7618,228.0,0.2217,0.5504,4.7,0.5064,1,0,0,0.134689,0,LOW
23.74694444444445,86.42055555555557,7.2407,228.0,0.1441,0.5304,4.7,0.5199,1,0,0,0.121729,0,LOW
23.74694444444445,86.42083333333335,5.2174,228.0,0.213,0.5477,4.7,0.5346,1,0,0,0.127176,0,LOW
23.74694444444445,86.42111111111112,0.7922,228.0,0.5904,0.5685,4.7,0.5504,1,0,0,0.390005,0,MODERATE
23.74694444444445,86.4213888888889,4.1486,228.0,0.2587,0.5554,4.7,0.5672,1,0,0,0.129309,0,LOW
23.74694444444445,86.42166666666668,6.3173,228.0,0.1734,0.5378,4.7,0.5848,1,0,0,0.107437,0,LOW
23.74694444444445,86.42194444444445,6.0088,228.0,0.1815,0.5413,4.7,0.6032,1,0,0,0.102388,0,LOW
23.74694444444445,86.42222222222223,3.9855,228.0,0.2621,0.5598,4.7,0.6224,1,0,0,0.111317,0,LOW
23.74694444444445,86.42250000000001,2.7772,228.0,0.3381,0.5689,4.7,0.6423,1,0,0,0.13217,0,LOW
23.74694444444445,86.42277777777778,3.8921,228.0,0.2863,0.5607,4.7,0.6627,1,0,0,0.112221,0,LOW
23.74694444444445,86.42305555555556,4.4755,228.0,0.2875,0.5548,4.7,0.6838,1,0,0,0.115961,0,LOW
23.74666666666667,86.42083333333335,5.8368,228.0,0.189,0.5449,4.7,0.5609,1,0,0,0.113576,0,LOW
23.74666666666667,86.42111111111112,3.4772,228.0,0.2944,0.564,4.7,0.5759,1,0,0,0.13597,0,LOW
23.74666666666667,86.4213888888889,2.0196,228.0,0.4025,0.571,4.7,0.5919,1,0,0,0.185565,0,LOW
23.74666666666667,86.42166666666668,6.5541,228.0,0.1643,0.538,4.7,0.6088,1,0,0,0.098768,0,LOW
23.74666666666667,86.42194444444445,5.8301,228.0,0.1842,0.5431,4.7,0.6266,1,0,0,0.095742,0,LOW
23.74666666666667,86.42222222222223,2.7898,228.0,0.3287,0.5683,4.7,0.6451,1,0,0,0.126174,0,LOW
23.74666666666667,86.42250000000001,2.6561,228.0,0.3409,0.5717,4.7,0.6642,1,0,0,0.124224,0,LOW
23.74666666666667,86.42277777777778,2.7657,228.0,0.3475,0.5703,4.7,0.684,1,0,0,0.124311,0,LOW
23.74666666666667,86.42305555555556,1.1112,228.0,0.5579,0.5685,4.7,0.7044,1,0,0,0.267802,0,LOW
23.74638888888889,86.42166666666668,5.2937,228.0,0.2025,0.5464,4.7,0.6335,1,0,0,0.096903,0,LOW
23.74638888888889,86.42194444444445,5.2243,228.0,0.2002,0.548,4.7,0.6505,1,0,0,0.090648,0,LOW
23.74638888888889,86.42222222222223,2.3923,228.0,0.3523,0.5725,4.7,0.6684,1,0,0,0.126682,0,LOW
23.74638888888889,86.42250000000001,1.4783,228.0,0.4496,0.5826,4.7,0.6869,1,0,0,0.168348,0,LOW
23.74638888888889,86.42277777777778,0.0,228.0,1.0,0.5826,4.7,0.7061,1,0,0,0.766289,1,HIGH
23.74638888888889,86.42305555555556,2.7312,228.0,0.3633,0.5652,4.7,0.7258,1,0,0,0.124521,0,LOW
