latitude,longitude,elevation,slope,aspect,curvature,roughness,twi
23.765000000000004,86.41555555555557,227.0,4.445918083190918,227.47731018066406,-0.0022765498142689466,2.0061633586883545,10.033957481384277
23.765000000000004,86.41583333333334,225.0,9.870806694030762,249.60581970214844,-0.007967923767864704,4.1365580558776855,9.290756225585938
23.764722222222225,86.41472222222224,229.0,1.0550845861434937,151.39987182617188,-5.551115123125783e-17,0.6285393834114075,11.217652320861816
23.764722222222225,86.415,230.0,0.739273190498352,199.97520446777344,-0.005691374186426401,0.6666666865348816,11.618260383605957
23.764722222222225,86.41527777777779,229.0,1.584174633026123,253.00230407714844,-0.0022765498142689466,0.8164965510368347,10.92773723602295
23.764722222222225,86.41555555555557,228.0,2.3755056858062744,253.00230407714844,-0.0011382749071344733,1.154700517654419,10.61087703704834
23.764722222222225,86.41583333333334,227.0,8.716785430908203,257.823486328125,-0.011382748372852802,3.8297083377838135,9.383199691772461
23.764722222222225,86.41611111111112,219.0,13.107316017150879,254.90518188476562,0.003414824604988098,5.291502475738525,9.007365226745605
23.764444444444447,86.41388888888889,228.0,2.7311923503875732,319.6980285644531,0.0022765498142689466,1.257078766822815,10.206001281738281
23.764444444444447,86.41416666666667,228.0,1.789013385772705,25.048185348510742,0.0011382749071344733,0.7856742143630981,10.631196022033691
23.764444444444447,86.41444444444446,229.0,1.3704655170440674,47.4773063659668,-0.0022765498142689466,0.6849349141120911,10.902931213378906
23.764444444444447,86.41472222222224,229.0,0.9263691902160645,0.0,0.0,0.7856742143630981,11.312174797058105
23.764444444444447,86.415,229.0,2.4357128143310547,328.79248046875,-0.0022765498142689466,1.165343165397644,10.384273529052734
23.764444444444447,86.41527777777779,228.0,2.5252227783203125,336.4342956542969,5.551115123125783e-17,1.154700517654419,10.414575576782227
23.764444444444447,86.41555555555557,228.0,1.7128982543945312,312.522705078125,-0.003414824604988098,0.9428090453147888,10.889713287353516
23.764444444444447,86.41583333333334,226.0,5.902219295501709,258.72528076171875,1.1102230246251565e-16,2.87174391746521,9.734138488769531
23.764444444444447,86.41611111111112,222.0,11.109883308410645,246.97552490234375,-0.0022765498142689466,4.760952472686768,9.14795207977295
23.76416666666667,86.41277777777779,228.0,3.8149051666259766,31.927413940429688,5.551115123125783e-17,1.632993221282959,9.807085990905762
23.76416666666667,86.41305555555556,229.0,3.835294246673584,15.248879432678223,-0.0011382749071344733,1.6996731758117676,9.823352813720703
23.76416666666667,86.41333333333334,229.0,3.551293134689331,347.6971130371094,-0.0011382749071344733,1.5475987195968628,9.920692443847656
23.76416666666667,86.41361111111112,228.0,3.7671732902526855,322.9500732421875,0.0011382749071344733,1.6996731758117676,9.876089096069336
23.76416666666667,86.41388888888889,227.0,3.162396192550659,331.3998718261719,-1.1102230246251565e-16,1.4740554094314575,10.059028625488281
23.76416666666667,86.41416666666667,227.0,2.95463490486145,19.97521209716797,-5.551115123125783e-17,1.3333333730697632,10.129924774169922
23.76416666666667,86.41444444444446,228.0,3.0980255603790283,34.757442474365234,-0.0011382749071344733,1.3425606489181519,10.0862398147583
23.76416666666667,86.41472222222224,229.0,2.3692140579223633,347.6971130371094,-0.005691374186426401,1.2272623777389526,10.367003440856934
23.76416666666667,86.415,227.0,3.750088930130005,317.7385559082031,0.0022765498142689466,1.6178021430969238,9.93532943725586
23.76416666666667,86.41527777777779,226.0,3.2781004905700684,351.1457824707031,0.0022765498142689466,1.4907119274139404,10.121124267578125
23.76416666666667,86.41555555555557,227.0,2.558522939682007,5.661292552947998,-0.0022765498142689466,1.3146843910217285,10.441448211669922
23.76416666666667,86.41583333333334,227.0,2.8613502979278564,284.0420227050781,-0.005691374186426401,1.7069212198257446,10.408061981201172
23.76416666666667,86.41611111111112,225.0,7.094127655029297,253.00230407714844,-0.007967923767864704,3.2317864894866943,9.557458877563477
23.763888888888893,86.41250000000001,226.0,1.185113549232483,12.302896499633789,0.0011382749071344733,0.6849349141120911,10.940085411071777
23.763888888888893,86.41277777777779,226.0,2.1094541549682617,28.600126266479492,0.003414824604988098,1.0304020643234253,10.380093574523926
23.763888888888893,86.41305555555556,227.0,2.5252227783203125,23.56569480895996,0.0,1.1331154108047485,10.225842475891113
23.763888888888893,86.41333333333334,227.0,2.0988173484802246,353.0917053222656,0.0022765498142689466,1.054092526435852,10.43758773803711
23.763888888888893,86.41361111111112,227.0,2.7393646240234375,312.522705078125,-0.0022765498142689466,1.2272623777389526,10.192103385925293
23.763888888888893,86.41388888888889,225.0,3.0706160068511963,318.90008544921875,0.004553099628537893,1.448711633682251,10.090985298156738
23.763888888888893,86.41416666666667,225.0,3.2781004905700684,8.854219436645508,0.0011382749071344733,1.498970866203308,10.032082557678223
23.763888888888893,86.41444444444446,226.0,4.307967185974121,24.180326461791992,5.551115123125783e-17,1.9116278886795044,9.762242317199707
23.763888888888893,86.41472222222224,227.0,3.9392850399017334,356.3298645019531,-0.003414824604988098,1.7284832000732422,9.859153747558594
23.763888888888893,86.415,226.0,4.439479827880859,321.3521728515625,-0.0022765498142689466,2.0061633586883545,9.755602836608887
23.763888888888893,86.41527777777779,224.0,3.835294246673584,344.7511291503906,0.003414824604988098,1.8121674060821533,9.93490982055664
23.763888888888893,86.41555555555557,225.0,4.456379413604736,9.76911449432373,-0.0022765498142689466,1.949992060661316,9.836427688598633
23.763888888888893,86.41583333333334,225.0,4.281691074371338,346.3786315917969,-0.0022765498142689466,1.8856180906295776,9.942097663879395
23.763888888888893,86.41611111111112,224.0,3.883143663406372,302.41094970703125,-0.0022765498142689466,2.042752981185913,10.101486206054688
23.763888888888893,86.4163888888889,222.0,6.39265775680542,259.6067810058594,-0.004553099628537893,2.935521125793457,9.636209487915039
23.763611111111114,86.41250000000001,226.0,0.0,90.0,0.0,0.0,13.395137786865234
23.763611111111114,86.41277777777779,226.0,0.34267765283584595,47.4773063659668,0.0,0.31426969170570374,12.178977012634277
23.763611111111114,86.41305555555556,226.0,1.0550845861434937,28.600126266479492,0.0022765498142689466,0.6285393834114075,11.08169937133789
23.763611111111114,86.41333333333334,227.0,1.6403926610946655,351.1457824707031,-0.004553099628537893,0.7856742143630981,10.670463562011719
23.763611111111114,86.41361111111112,226.0,2.7393646240234375,312.522705078125,0.0,1.257078766822815,10.182790756225586
23.763611111111114,86.41388888888889,225.0,3.129276990890503,306.26556396484375,-0.003414824604988098,1.3333333730697632,10.066805839538574
23.763611111111114,86.41416666666667,223.0,2.3692140579223633,347.6971130371094,0.005691374186426401,1.2472190856933594,10.354691505432129
23.763611111111114,86.41444444444446,224.0,3.3923332691192627,17.304662704467773,-0.0011382749071344733,1.5234787464141846,9.999046325683594
23.763611111111114,86.41472222222224,224.0,3.4790728092193604,4.157864093780518,0.0022765498142689466,1.5634719133377075,9.976417541503906
23.763611111111114,86.415,224.0,3.0980255603790283,325.2425537109375,-0.0011382749071344733,1.4907119274139404,10.099173545837402
23.763611111111114,86.41527777777779,222.0,2.7311923503875732,319.6980285644531,0.005691374186426401,1.4907119274139404,10.242314338684082
23.763611111111114,86.41555555555557,222.0,3.018739700317383,355.20526123046875,0.0022765498142689466,1.4740554094314575,10.175741195678711
23.763611111111114,86.41583333333334,222.0,3.4790728092193604,355.8421325683594,0.0022765498142689466,1.5713484287261963,10.084269523620605
23.763611111111114,86.41611111111112,222.0,2.6561105251312256,343.4378967285156,0.0011382749071344733,1.3146843910217285,10.4110107421875
23.763611111111114,86.4163888888889,222.0,4.265336513519287,288.97796630859375,-0.004553099628537893,2.108185052871704,9.977724075317383
23.763333333333335,86.41250000000001,226.0,0.34267765283584595,132.52268981933594,0.0011382749071344733,0.4714045226573944,12.158369064331055
23.763333333333335,86.41277777777779,226.0,0.5051064491271973,270.0,0.0,0.4714045226573944,11.78321361541748
23.763333333333335,86.41305555555556,226.0,1.3836336135864258,326.8046875,-0.0022765498142689466,0.8164966106414795,10.800000190734863
23.763333333333335,86.41333333333334,225.0,2.5252227783203125,336.4342956542969,0.0022765498142689466,1.1331154108047485,10.226099967956543
23.763333333333335,86.41361111111112,225.0,3.432037830352783,323.98431396484375,-0.003414824604988098,1.498970866203308,9.943347930908203
23.763333333333335,86.41388888888889,223.0,3.41029953956604,318.2613220214844,0.003414824604988098,1.498970866203308,9.966927528381348
23.763333333333335,86.41416666666667,223.0,2.8411924839019775,333.63446044921875,-0.003414824604988098,1.4229165315628052,10.158945083618164
23.763333333333335,86.41444444444446,222.0,2.822591543197632,10.300520896911621,0.0022765498142689466,1.257078766822815,10.168207168579102
23.763333333333335,86.41472222222224,223.0,2.392256498336792,39.27735900878906,-0.0011382749071344733,1.2862040996551514,10.333305358886719
23.763333333333335,86.415,223.0,0.6853308081626892,312.522705078125,0.0022765498142689466,0.8164966106414795,11.584200859069824
23.763333333333335,86.41527777777779,223.0,2.283597707748413,275.818115234375,-0.004553099628537893,1.0657403469085693,10.386860847473145
23.763333333333335,86.41555555555557,221.0,1.4410357475280762,298.8211669921875,0.003414824604988098,0.6666666865348816,10.867921829223633
23.763333333333335,86.41583333333334,221.0,1.185113549232483,347.6971130371094,0.0011382749071344733,0.6285393834114075,11.101349830627441
23.763333333333335,86.41611111111112,221.0,1.919797658920288,344.7511291503906,5.551115123125783e-17,0.9428090453147888,10.6671781539917
23.763333333333335,86.4163888888889,221.0,4.555778503417969,303.9212646484375,-0.005691374186426401,2.0,9.841974258422852
23.763333333333335,86.41666666666667,217.0,6.929070949554443,289.42852783203125,0.0022765498142689466,2.793290138244629,9.433382987976074
23.76305555555556,86.41250000000001,227.0,1.0279349088668823,47.4773063659668,-0.006829649209976196,0.6285393834114075,11.06824016571045
23.76305555555556,86.41277777777779,226.0,1.4410357475280762,298.8211669921875,0.0,0.8164966106414795,10.739914894104004
23.76305555555556,86.41305555555556,225.0,2.450753927230835,304.5199890136719,1.1102230246251565e-16,1.054092526435852,10.22668170928955
23.76305555555556,86.41333333333334,224.0,2.392256498336792,320.72265625,-1.1102230246251565e-16,1.0304020643234253,10.271688461303711
23.76305555555556,86.41361111111112,223.0,2.397372007369995,312.522705078125,0.0022765498142689466,1.054092526435852,10.288228988647461
23.76305555555556,86.41388888888889,222.0,2.789794921875,305.49908447265625,0.0011382749071344733,1.3425606489181519,10.150044441223145
23.76305555555556,86.41416666666667,221.0,2.7311923503875732,319.6980285644531,0.0011382749071344733,1.165343165397644,10.178560256958008
23.76305555555556,86.41444444444446,220.0,2.2168357372283936,19.97521209716797,0.005691374186426401,1.154700517654419,10.389023780822754
23.76305555555556,86.41472222222224,222.0,3.2132604122161865,59.73286056518555,-5.551115123125783e-17,1.2862040996551514,10.015460968017578
23.76305555555556,86.415,224.0,1.6403926610946655,351.1457824707031,-0.007967923767864704,1.1331154108047485,10.686607360839844
23.76305555555556,86.41527777777779,222.0,3.129276990890503,306.26556396484375,-5.551115123125783e-17,1.3146843910217285,10.042282104492188
23.76305555555556,86.41555555555557,221.0,1.717559576034546,323.98431396484375,5.551115123125783e-17,0.9428090453147888,10.655685424804688
23.76305555555556,86.41583333333334,221.0,1.0550845861434937,331.3998718261719,-0.0022765498142689466,0.4969039857387543,11.171281814575195
23.76305555555556,86.41611111111112,220.0,2.055208444595337,312.522705078125,0.0011382749071344733,0.9938079714775085,10.543458938598633
23.76305555555556,86.4163888888889,219.0,4.113659858703613,293.1690673828125,-0.0011382749071344733,1.7497795820236206,9.883082389831543
23.76305555555556,86.41666666666667,216.0,5.059201240539551,275.2397155761719,0.003414824604988098,2.199887752532959,9.687655448913574
23.76277777777778,86.41250000000001,225.0,2.2168357372283936,19.97521209716797,0.0022765498142689466,0.9938079714775085,10.312926292419434
23.76277777777778,86.41277777777779,226.0,2.4357128143310547,328.79248046875,-0.005691374186426401,1.196703314781189,10.225459098815918
23.76277777777778,86.41305555555556,224.0,3.129276990890503,306.26556396484375,0.0011382749071344733,1.2862040996551514,9.98543643951416
23.76277777777778,86.41333333333334,223.0,1.717559576034546,323.98431396484375,0.0011382749071344733,0.8164966106414795,10.597956657409668
23.76277777777778,86.41361111111112,223.0,0.7922387719154358,286.9976806640625,-0.0011382749071344733,0.6285393834114075,11.383257865905762
23.76277777777778,86.41388888888889,222.0,2.566009759902954,259.6067810058594,0.0,1.054092526435852,10.21663761138916
23.76277777777778,86.41416666666667,220.0,2.283597707748413,264.181884765625,0.004553099628537893,1.054092526435852,10.33888053894043
23.76277777777778,86.41444444444446,220.0,0.6853308081626892,47.4773063659668,0.0011382749071344733,0.6849349141120911,11.544262886047363
23.76277777777778,86.41472222222224,221.0,2.7393646240234375,47.4773063659668,5.551115123125783e-17,1.3333333730697632,10.156579971313477
23.76277777777778,86.415,222.0,3.1017966270446777,345.8753356933594,-0.003414824604988098,1.448711633682251,10.030631065368652
23.76277777777778,86.41527777777779,220.0,3.432037830352783,323.98431396484375,0.003414824604988098,1.5475987195968628,9.93106460571289
23.76277777777778,86.41555555555557,220.0,1.8522542715072632,0.0,-1.1102230246251565e-16,0.916245698928833,10.558548927307129
23.76277777777778,86.41583333333334,220.0,1.185113549232483,347.6971130371094,0.0011382749071344733,0.6666666865348816,11.026983261108398
23.76277777777778,86.41611111111112,220.0,2.2216413021087646,294.63287353515625,-0.003414824604988098,0.9558139443397522,10.428483009338379
23.76277777777778,86.4163888888889,218.0,3.0629920959472656,278.6900329589844,0.0022765498142689466,1.3146843910217285,10.13341999053955
23.76277777777778,86.41666666666667,217.0,3.5614569187164307,262.5362548828125,-0.0022765498142689466,1.5713484287261963,9.990361213684082
23.76277777777778,86.41694444444445,215.0,3.352165460586548,258.05084228515625,-5.551115123125783e-17,1.448711633682251,10.034339904785156
23.762500000000003,86.41250000000001,224.0,2.31486439704895,0.0,-1.1102230246251565e-16,1.154700517654419,10.280592918395996
23.762500000000003,86.41277777777779,224.0,3.2615230083465576,337.2467956542969,-0.0011382749071344733,1.4229165315628052,9.942732810974121
23.762500000000003,86.41305555555556,223.0,3.432037830352783,323.98431396484375,-0.0011382749071344733,1.5234787464141846,9.897403717041016
23.762500000000003,86.41333333333334,222.0,1.6403926610946655,8.854219436645508,0.0022765498142689466,0.9558139443397522,10.641830444335938
23.762500000000003,86.41361111111112,223.0,1.0101343393325806,90.0,-0.0011382749071344733,0.8164966106414795,11.13254451751709
23.762500000000003,86.41388888888889,223.0,2.397372007369995,227.47731018066406,-0.0022765498142689466,1.165343165397644,10.273755073547363
23.762500000000003,86.41416666666667,221.0,3.4227399826049805,227.47731018066406,0.0022765498142689466,1.4142135381698608,9.921468734741211
23.762500000000003,86.41444444444446,220.0,1.789013385772705,205.04818725585938,0.003414824604988098,0.9938079714775085,10.572528839111328
23.762500000000003,86.41472222222224,220.0,0.34267765283584595,312.522705078125,0.0022765498142689466,0.9558139443397522,12.224757194519043
23.762500000000003,86.415,220.0,2.0541701316833496,322.08544921875,-1.1102230246251565e-16,0.9938079714775085,10.433015823364258
23.762500000000003,86.41527777777779,219.0,2.0541701316833496,322.08544921875,0.0022765498142689466,1.0657403469085693,10.435688018798828
23.762500000000003,86.41555555555557,219.0,1.6403926610946655,8.854219436645508,0.0011382749071344733,0.7856742143630981,10.669917106628418
23.762500000000003,86.41583333333334,220.0,2.0988173484802246,353.0917053222656,-0.004553099628537893,1.054092526435852,10.440826416015625
23.762500000000003,86.41611111111112,219.0,2.7311923503875732,319.6980285644531,-0.0011382749071344733,1.165343165397644,10.199884414672852
23.762500000000003,86.4163888888889,218.0,2.450753927230835,304.5199890136719,-0.0011382749071344733,1.154700517654419,10.326908111572266
23.762500000000003,86.41666666666667,217.0,2.8613502979278564,284.0420227050781,-0.0022765498142689466,1.165343165397644,10.175427436828613
23.762500000000003,86.41694444444445,215.0,3.5614569187164307,277.4637451171875,-2.7755575615628914e-17,1.4142135381698608,9.941043853759766
23.762222222222228,86.41250000000001,223.0,1.3836336135864258,326.8046875,5.551115123125783e-17,0.7370277047157288,10.806382179260254
23.762222222222228,86.41277777777779,222.0,2.397372007369995,312.522705078125,0.0022765498142689466,1.0657403469085693,10.262252807617188
23.762222222222228,86.41305555555556,221.0,1.717559576034546,323.98431396484375,0.003414824604988098,0.9428090453147888,10.599332809448242
23.762222222222228,86.41333333333334,221.0,1.584174633026123,73.00230407714844,0.004553099628537893,0.8748897910118103,10.681979179382324
23.762222222222228,86.41361111111112,223.0,2.283597707748413,95.81810760498047,-0.0011382749071344733,0.916245698928833,10.318381309509277
23.762222222222228,86.41388888888889,224.0,1.0550845861434937,208.60012817382812,-0.003414824604988098,0.8164965510368347,11.094344139099121
23.762222222222228,86.41416666666667,223.0,2.789794921875,234.50091552734375,-0.0022765498142689466,1.257078766822815,10.124045372009277
23.762222222222228,86.41444444444446,222.0,2.450753927230835,235.47999572753906,-0.0022765498142689466,1.154700517654419,10.254228591918945
23.762222222222228,86.41472222222224,221.0,2.283597707748413,264.181884765625,-0.003414824604988098,1.054092526435852,10.32351303100586
23.762222222222228,86.415,219.0,1.898866057395935,291.45611572265625,0.003414824604988098,0.8314794301986694,10.507085800170898
23.762222222222228,86.41527777777779,219.0,1.7128982543945312,312.522705078125,-0.0022765498142689466,0.8164965510368347,10.612371444702148
23.762222222222228,86.41555555555557,218.0,2.2168357372283936,340.0247802734375,0.0011382749071344733,1.1331154108047485,10.362199783325195
23.762222222222228,86.41583333333334,218.0,3.3923332691192627,342.6953430175781,-0.0011382749071344733,1.4907119274139404,9.950390815734863
23.762222222222228,86.41611111111112,217.0,3.6914548873901367,340.0247802734375,0.0011382749071344733,1.6178021430969238,9.88297176361084
23.762222222222228,86.4163888888889,217.0,2.95463490486145,340.0247802734375,-0.0022765498142689466,1.3425606489181519,10.119123458862305
23.762222222222228,86.41666666666667,216.0,2.7393646240234375,312.522705078125,0.0,1.2272623777389526,10.196301460266113
23.762222222222228,86.41694444444445,215.0,3.4772493839263916,289.42852783203125,-0.0022765498142689466,1.498970866203308,9.945792198181152
23.762222222222228,86.41722222222224,213.0,2.8613502979278564,284.0420227050781,0.0,1.196703314781189,10.125250816345215
23.76194444444445,86.41250000000001,223.0,1.2836486101150513,259.6067810058594,-0.0011382749071344733,0.6285393834114075,10.901713371276855
23.76194444444445,86.41277777777779,222.0,2.019641160964966,270.0,0.0,0.8164966106414795,10.455303192138672
23.76194444444445,86.41305555555556,221.0,0.34267765283584595,227.47731018066406,0.0022765498142689466,0.4969039857387543,12.231700897216797
23.76194444444445,86.41333333333334,222.0,1.7824501991271973,97.46372985839844,-0.0011382749071344733,0.7856742143630981,10.581840515136719
23.76194444444445,86.41361111111112,223.0,1.898866057395935,68.54389190673828,-0.0011382749071344733,0.9558139443397522,10.517801284790039
23.76194444444445,86.41388888888889,224.0,1.3894023895263672,0.0,-0.004553099628537893,0.7370277047157288,10.830008506774902
23.76194444444445,86.41416666666667,223.0,2.112485885620117,303.2265319824219,-0.0011382749071344733,0.9558139443397522,10.409574508666992
23.76194444444445,86.41444444444446,222.0,2.6881842613220215,290.1442565917969,-0.0022765498142689466,1.0657403469085693,10.16517162322998
23.76194444444445,86.41472222222224,220.0,2.8613502979278564,284.0420227050781,0.0022765498142689466,1.154700517654419,10.097929954528809
23.76194444444445,86.415,219.0,2.0719950199127197,282.9127502441406,2.7755575615628914e-17,0.916245698928833,10.416747093200684
23.76194444444445,86.41527777777779,218.0,1.898866057395935,291.45611572265625,0.0011382749071344733,0.7856742143630981,10.503006935119629
23.76194444444445,86.41555555555557,217.0,2.450753927230835,304.5199890136719,0.0011382749071344733,1.154700517654419,10.252509117126465
23.76194444444445,86.41583333333334,216.0,2.7311923503875732,319.6980285644531,0.0011382749071344733,1.165343165397644,10.155352592468262
23.76194444444445,86.41611111111112,215.0,2.5252227783203125,336.4342956542969,0.003414824604988098,1.2272623777389526,10.248510360717773
23.76194444444445,86.4163888888889,215.0,2.95463490486145,340.0247802734375,0.0011382749071344733,1.448711633682251,10.103028297424316
23.76194444444445,86.41666666666667,215.0,3.2615230083465576,337.2467956542969,-0.003414824604988098,1.4229165315628052,10.00747013092041
23.76194444444445,86.41694444444445,214.0,3.0811619758605957,312.522705078125,-0.0011382749071344733,1.4229165315628052,10.059598922729492
23.76194444444445,86.41722222222224,212.0,2.2216413021087646,294.63287353515625,0.003414824604988098,1.0304020643234253,10.382024765014648
23.76166666666667,86.41250000000001,223.0,2.3755056858062744,286.9976806640625,-0.0011382749071344733,1.165343165397644,10.319558143615723
23.76166666666667,86.41277777777779,222.0,2.450753927230835,304.5199890136719,-0.0022765498142689466,1.0657403469085693,10.296089172363281
23.76166666666667,86.41305555555556,221.0,1.3894023895263672,0.0,0.0011382749071344733,0.8748897910118103,10.864259719848633
23.76166666666667,86.41333333333334,222.0,2.1094541549682617,28.600126266479492,-0.003414824604988098,1.0304020643234253,10.442537307739258
23.76166666666667,86.41361111111112,222.0,2.6561105251312256,16.562110900878906,-0.0011382749071344733,1.2272623777389526,10.2066011428833
23.76166666666667,86.41388888888889,222.0,2.558522939682007,5.661292552947998,0.0011382749071344733,1.154700517654419,10.237969398498535
23.76166666666667,86.41416666666667,222.0,2.1094541549682617,331.3998718261719,-0.0011382749071344733,0.9938079714775085,10.42356014251709
23.76166666666667,86.41444444444446,221.0,2.2216413021087646,294.63287353515625,0.0011382749071344733,0.9938079714775085,10.362308502197266
23.76166666666667,86.41472222222224,220.0,2.283597707748413,275.818115234375,-1.1102230246251565e-16,0.9938079714775085,10.32418155670166
23.76166666666667,86.415,219.0,2.019641160964966,270.0,2.7755575615628914e-17,0.8164966106414795,10.437063217163086
23.76166666666667,86.41527777777779,218.0,2.283597707748413,275.818115234375,-2.7755575615628914e-17,0.9938079714775085,10.30769157409668
23.76166666666667,86.41555555555557,217.0,2.566009759902954,280.3932189941406,-0.0022765498142689466,1.0304020643234253,10.19166088104248
23.76166666666667,86.41583333333334,215.0,1.515005350112915,270.0,0.004553099628537893,0.7370277047157288,10.7284574508667
23.76166666666667,86.41611111111112,215.0,1.2836486101150513,259.6067810058594,-2.7755575615628914e-17,0.7370277047157288,10.910079956054688
23.76166666666667,86.4163888888889,214.0,2.3755056858062744,286.9976806640625,5.551115123125783e-17,1.154700517654419,10.310663223266602
23.76166666666667,86.41666666666667,212.0,1.717559576034546,323.98431396484375,0.007967923767864704,0.9428090453147888,10.646672248840332
23.76166666666667,86.41694444444445,213.0,1.0279349088668823,312.522705078125,-0.0011382749071344733,0.9428090453147888,11.165675163269043
23.76166666666667,86.41722222222224,212.0,1.1112383604049683,245.36712646484375,0.0022765498142689466,0.6666666865348816,11.09333610534668
23.76166666666667,86.4175,212.0,0.6853308081626892,132.52268981933594,0.0022765498142689466,0.4969039857387543,11.591670989990234
23.76166666666667,86.41777777777779,213.0,1.185113549232483,347.6971130371094,-0.003414824604988098,1.054092526435852,11.07117748260498
23.76138888888889,86.41250000000001,222.0,4.488232612609863,308.1691589355469,-0.0011382749071344733,1.8856180906295776,9.719843864440918
23.76138888888889,86.41277777777779,220.0,3.8149051666259766,328.0726013183594,0.0022765498142689466,1.6405359506607056,9.890641212463379
23.76138888888889,86.41305555555556,220.0,3.239119529724121,0.0,-0.0011382749071344733,1.5234787464141846,10.051928520202637
23.76138888888889,86.41333333333334,220.0,3.4790728092193604,4.157864093780518,-8.326672684688674e-17,1.5234787464141846,9.971830368041992
23.76138888888889,86.41361111111112,220.0,3.551293134689331,12.302896499633789,0.0011382749071344733,1.5475987195968628,9.940399169921875
23.76138888888889,86.41388888888889,221.0,2.8411924839019775,26.36554718017578,-0.0022765498142689466,1.3333333730697632,10.151226997375488
23.76138888888889,86.41416666666667,221.0,1.3894023895263672,0.0,0.0011382749071344733,0.8748897910118103,10.85231876373291
23.76138888888889,86.41444444444446,221.0,1.7755566835403442,301.44049072265625,-0.0022765498142689466,0.8314794301986694,10.590348243713379
23.76138888888889,86.41472222222224,220.0,2.2216413021087646,294.63287353515625,-0.0011382749071344733,0.9428090453147888,10.348688125610352
23.76138888888889,86.415,219.0,2.2216413021087646,294.63287353515625,-0.0011382749071344733,0.9428090453147888,10.332450866699219
23.76138888888889,86.41527777777779,218.0,2.3755056858062744,286.9976806640625,-0.0022765498142689466,0.9428090453147888,10.253790855407715
23.76138888888889,86.41555555555557,216.0,1.7824501991271973,262.5362548828125,0.004553099628537893,0.916245698928833,10.538823127746582
23.76138888888889,86.41583333333334,216.0,1.4783002138137817,199.97520446777344,2.7755575615628914e-17,0.7856742143630981,10.735921859741211
23.76138888888889,86.41611111111112,216.0,2.392256498336792,219.27735900878906,-0.0022765498142689466,1.0657403469085693,10.275472640991211
23.76138888888889,86.4163888888889,214.0,3.4689884185791016,233.11830139160156,0.003414824604988098,1.4907119274139404,9.93000316619873
23.76138888888889,86.41666666666667,213.0,2.392256498336792,219.27735900878906,0.0022765498142689466,1.154700517654419,10.326781272888184
23.76138888888889,86.41694444444445,213.0,1.0279349088668823,227.47731018066406,0.0,0.8748897910118103,11.189483642578125
23.76138888888889,86.41722222222224,213.0,1.1112383604049683,294.63287353515625,-0.0022765498142689466,0.9428090453147888,11.124359130859375
23.76138888888889,86.4175,213.0,2.1094541549682617,331.3998718261719,-0.005691374186426401,1.3146843910217285,10.4981689453125
23.76138888888889,86.41777777777779,212.0,4.144464492797852,326.8046875,-0.003414824604988098,1.9116278886795044,9.842364311218262
23.76138888888889,86.41805555555557,210.0,6.141522407531738,322.08544921875,-0.0011382749071344733,2.7125678062438965,9.467608451843262
23.76138888888889,86.41833333333334,208.0,6.395598888397217,334.36859130859375,-2.7755575615628914e-17,2.7261877059936523,9.436871528625488
23.76138888888889,86.41861111111112,207.0,5.300853729248047,343.4378967285156,5.551115123125783e-17,2.357022523880005,9.621247291564941
23.761111111111116,86.41250000000001,220.0,5.4662628173828125,312.522705078125,-5.551115123125783e-17,2.309401035308838,9.549424171447754
23.761111111111116,86.41277777777779,218.0,4.213204860687256,331.3998718261719,0.0022765498142689466,1.8856180906295776,9.818414688110352
23.761111111111116,86.41305555555556,218.0,3.7006449699401855,0.0,0.0,1.632993221282959,9.942680358886719
23.761111111111116,86.41333333333334,218.0,3.7006449699401855,0.0,0.0,1.632993221282959,9.929533958435059
23.761111111111116,86.41361111111112,218.0,3.835294246673584,15.248879432678223,0.0011382749071344733,1.6996731758117676,9.877442359924316
23.761111111111116,86.41388888888889,219.0,4.144464492797852,33.19530487060547,0.0011382749071344733,1.7638342380523682,9.781094551086426
23.761111111111116,86.41416666666667,221.0,3.1017966270446777,14.12466049194336,-0.006829649209976196,1.498970866203308,10.050816535949707
23.761111111111116,86.41444444444446,220.0,3.162396192550659,331.3998718261719,-0.0011382749071344733,1.4229165315628052,10.009307861328125
23.761111111111116,86.41472222222224,219.0,3.0980255603790283,325.2425537109375,-0.0011382749071344733,1.3146843910217285,10.008038520812988
23.761111111111116,86.415,218.0,2.392256498336792,320.72265625,0.0,1.054092526435852,10.247509956359863
23.761111111111116,86.41527777777779,217.0,1.4410357475280762,298.8211669921875,0.0022765498142689466,0.8164965510368347,10.741423606872559
23.761111111111116,86.41555555555557,217.0,0.6853308081626892,227.47731018066406,-0.0011382749071344733,0.5665577054023743,11.482548713684082
23.761111111111116,86.41583333333334,217.0,0.739273190498352,199.97520446777344,-0.0011382749071344733,0.4969039857387543,11.419803619384766
23.761111111111116,86.41611111111112,217.0,1.4410357475280762,241.17881774902344,-0.003414824604988098,0.8748897910118103,10.78100299835205
23.761111111111116,86.4163888888889,216.0,2.450753927230835,235.47999572753906,-0.0022765498142689466,1.154700517654419,10.288496971130371
23.761111111111116,86.41666666666667,215.0,3.0070974826812744,247.37139892578125,-0.003414824604988098,1.3698698282241821,10.121747016906738
23.761111111111116,86.41694444444445,213.0,3.165930986404419,286.9976806640625,0.0,1.6850833892822266,10.097234725952148
23.761111111111116,86.41722222222224,212.0,4.439479827880859,321.3521728515625,-0.003414824604988098,2.054804563522339,9.771595001220703
23.761111111111116,86.4175,210.0,5.04067325592041,336.4342956542969,0.0011382749071344733,2.108185052871704,9.650150299072266
23.761111111111116,86.41777777777779,209.0,4.536911487579346,330.00250244140625,0.0011382749071344733,2.096440315246582,9.762138366699219
23.761111111111116,86.41805555555557,207.0,5.5664238929748535,305.49908447265625,0.0022765498142689466,2.4494898319244385,9.562384605407715
23.761111111111116,86.41833333333334,204.0,4.769110679626465,316.6182861328125,0.007967923767864704,2.211083173751831,9.716818809509277
23.761111111111116,86.41861111111112,204.0,3.239119529724121,0.0,0.003414824604988098,1.5634719133377075,10.094761848449707
23.761111111111116,86.4188888888889,205.0,2.0988173484802246,353.0917053222656,-0.0022765498142689466,1.154700517654419,10.5155668258667
23.761111111111116,86.41916666666667,204.0,2.397372007369995,312.522705078125,0.0011382749071344733,1.1331154108047485,10.371110916137695
23.760833333333338,86.41250000000001,218.0,4.979940414428711,300.6845397949219,0.0011382749071344733,2.1140329837799072,9.653125762939453
23.760833333333338,86.41277777777779,216.0,3.7671732902526855,322.9500732421875,0.003414824604988098,1.7284832000732422,9.941215515136719
23.760833333333338,86.41305555555556,216.0,3.4790728092193604,355.8421325683594,-2.7755575615628914e-17,1.5234787464141846,10.013494491577148
23.760833333333338,86.41333333333334,216.0,3.4790728092193604,4.157864093780518,-2.7755575615628914e-17,1.5234787464141846,9.9970703125
23.760833333333338,86.41361111111112,216.0,3.2615230083465576,22.753196716308594,0.0022765498142689466,1.498970866203308,10.041254997253418
23.760833333333338,86.41388888888889,217.0,3.7671732902526855,37.04991149902344,0.0011382749071344733,1.7069212198257446,9.873651504516602
23.760833333333338,86.41416666666667,218.0,3.3923332691192627,17.304662704467773,0.0011382749071344733,1.5234787464141846,9.953997611999512
23.760833333333338,86.41444444444446,218.0,2.95463490486145,340.0247802734375,0.0,1.3966450691223145,10.068011283874512
23.760833333333338,86.41472222222224,217.0,2.1094541549682617,331.3998718261719,0.003414824604988098,1.0304020643234253,10.3836030960083
23.760833333333338,86.415,217.0,1.0550845861434937,331.3998718261719,0.0011382749071344733,0.6666666865348816,11.059924125671387
23.760833333333338,86.41527777777779,217.0,0.34267765283584595,312.522705078125,0.0,0.31426969170570374,12.175637245178223
23.760833333333338,86.41555555555557,217.0,0.34267765283584595,312.522705078125,0.0,0.31426969170570374,12.178131103515625
23.760833333333338,86.41583333333334,217.0,1.3704655170440674,312.522705078125,-0.0022765498142689466,0.6849349141120911,10.809551239013672
23.760833333333338,86.41611111111112,216.0,1.3836336135864258,326.8046875,0.0011382749071344733,0.6285393834114075,10.834650993347168
23.760833333333338,86.4163888888889,216.0,1.1112383604049683,294.63287353515625,-0.0011382749071344733,0.6666666865348816,11.100900650024414
23.760833333333338,86.41666666666667,215.0,4.06060791015625,276.5394287109375,-0.0022765498142689466,1.7638342380523682,9.849609375
23.760833333333338,86.41694444444445,212.0,6.147861480712891,289.7405090332031,0.0,2.6434171199798584,9.462617874145508
23.760833333333338,86.41722222222224,209.0,5.844771862030029,309.1856994628906,0.0022765498142689466,2.403700828552246,9.520594596862793
23.760833333333338,86.4175,207.0,3.3923332691192627,342.6953430175781,0.005691374186426401,1.7069212198257446,10.057677268981934
23.760833333333338,86.41777777777779,208.0,1.185113549232483,347.6971130371094,-0.0011382749071344733,1.1331154108047485,11.097583770751953
23.760833333333338,86.41805555555557,207.0,3.845804214477539,259.6067810058594,-0.0011382749071344733,1.6850833892822266,9.90936279296875
23.760833333333338,86.41833333333334,204.0,4.138584613800049,257.0872497558594,0.004553099628537893,1.7916128635406494,9.827112197875977
23.760833333333338,86.41861111111112,203.0,0.34267765283584595,312.522705078125,0.003414824604988098,0.8748897910118103,12.311071395874023
23.760833333333338,86.4188888888889,204.0,1.0279349088668823,47.4773063659668,0.0,0.5665577054023743,11.206995010375977
23.760833333333338,86.41916666666667,204.0,2.0719950199127197,282.9127502441406,-0.0022765498142689466,0.9558139443397522,10.506709098815918
23.760833333333338,86.41944444444445,202.0,3.352165460586548,281.94915771484375,0.0022765498142689466,1.4142135381698608,10.026949882507324
23.760833333333338,86.41972222222223,201.0,2.6881842613220215,290.1442565917969,-0.0011382749071344733,1.196703314781189,10.242277145385742
23.760833333333338,86.42000000000002,200.0,1.0550845861434937,331.3998718261719,0.0011382749071344733,0.7370277047157288,11.162489891052246
23.76055555555556,86.41250000000001,217.0,4.837155342102051,278.2391052246094,0.0022765498142689466,1.949992060661316,9.678030014038086
23.76055555555556,86.41277777777779,215.0,2.6881842613220215,290.1442565917969,0.0022765498142689466,1.196703314781189,10.277782440185547
23.76055555555556,86.41305555555556,214.0,1.0550845861434937,331.3998718261719,0.004553099628537893,0.7370277047157288,11.207952499389648
23.76055555555556,86.41333333333334,214.0,1.0279349088668823,47.4773063659668,0.004553099628537893,0.7856742143630981,11.217480659484863
23.76055555555556,86.41361111111112,215.0,1.7824501991271973,82.53627014160156,0.0022765498142689466,0.916245698928833,10.644074440002441
23.76055555555556,86.41388888888889,216.0,1.7824501991271973,82.53627014160156,0.0022765498142689466,0.8314794301986694,10.617608070373535
23.76055555555556,86.41416666666667,217.0,1.0279349088668823,47.4773063659668,0.0,0.5665577054023743,11.14079761505127
23.76055555555556,86.41444444444446,217.0,1.0550845861434937,331.3998718261719,0.0011382749071344733,0.5665577054023743,11.090216636657715
23.76055555555556,86.41472222222224,217.0,1.0550845861434937,331.3998718261719,-0.0011382749071344733,0.5665577054023743,11.072509765625
23.76055555555556,86.415,217.0,0.9263691902160645,0.0,-0.0011382749071344733,0.4714045226573944,11.194136619567871
23.76055555555556,86.41527777777779,217.0,1.185113549232483,347.6971130371094,-0.0011382749071344733,0.6849349141120911,10.949235916137695
23.76055555555556,86.41555555555557,217.0,1.789013385772705,334.9518127441406,-0.003414824604988098,0.8164966106414795,10.548810958862305
23.76055555555556,86.41583333333334,216.0,2.0541701316833496,322.08544921875,0.0,0.8748897910118103,10.43346118927002
23.76055555555556,86.41611111111112,215.0,1.185113549232483,347.6971130371094,0.003414824604988098,0.6666666865348816,11.020078659057617
23.76055555555556,86.4163888888889,216.0,0.739273190498352,340.0247802734375,-0.003414824604988098,0.4714045226573944,11.538784980773926
23.76055555555556,86.41666666666667,215.0,4.291714191436768,273.0877990722656,-0.003414824604988098,1.7916128635406494,9.822469711303711
23.76055555555556,86.41694444444445,211.0,7.288326740264893,271.8112487792969,0.0022765498142689466,2.9101779460906982,9.3137845993042
23.76055555555556,86.41722222222224,207.0,5.333616256713867,277.4637451171875,0.006829649209976196,2.309401035308838,9.624066352844238
23.76055555555556,86.4175,206.0,0.9263691902160645,0.0,0.004553099628537893,0.9428090453147888,11.350868225097656
23.76055555555556,86.41777777777779,208.0,1.4410357475280762,61.17882537841797,-0.003414824604988098,0.7370277047157288,10.877570152282715
23.76055555555556,86.41805555555557,208.0,2.283597707748413,264.181884765625,-0.004553099628537893,1.2272623777389526,10.394052505493164
23.76055555555556,86.41833333333334,206.0,4.265336513519287,251.02203369140625,-0.003414824604988098,1.7069212198257446,9.756253242492676
23.76055555555556,86.41861111111112,203.0,2.055208444595337,227.47731018066406,0.006829649209976196,1.054092526435852,10.486018180847168
23.76055555555556,86.4188888888889,204.0,1.0279349088668823,132.52268981933594,-0.0011382749071344733,0.6666666865348816,11.188517570495605
23.76055555555556,86.41916666666667,204.0,1.898866057395935,248.5438995361328,-0.0011382749071344733,0.9558139443397522,10.593842506408691
23.76055555555556,86.41944444444445,202.0,3.845804214477539,259.6067810058594,0.0011382749071344733,1.5713484287261963,9.907191276550293
23.76055555555556,86.41972222222223,200.0,3.027895212173462,270.0,0.003414824604988098,1.3146843910217285,10.156414031982422
23.76055555555556,86.42000000000002,199.0,1.3704655170440674,312.522705078125,0.0022765498142689466,0.8748897910118103,10.94405746459961
23.76027777777778,86.41250000000001,217.0,4.629415988922119,258.4813537597656,0.0022765498142689466,1.8856180906295776,9.711771965026855
23.76027777777778,86.41277777777779,215.0,2.7393646240234375,227.47731018066406,0.004553099628537893,1.2862040996551514,10.254514694213867
23.76027777777778,86.41305555555556,215.0,2.777172803878784,180.0,0.0011382749071344733,1.3425606489181519,10.241724014282227
23.76027777777778,86.41333333333334,215.0,3.3923332691192627,162.69534301757812,0.003414824604988098,1.4740554094314575,10.029393196105957
23.76027777777778,86.41361111111112,216.0,3.162396192550659,151.39987182617188,0.0011382749071344733,1.4142135381698608,10.078203201293945
23.76027777777778,86.41388888888889,217.0,1.789013385772705,154.95181274414062,-0.0011382749071344733,0.916245698928833,10.620131492614746
23.76027777777778,86.41416666666667,217.0,0.34267765283584595,227.47731018066406,0.0,0.5665577054023743,12.242544174194336
23.76027777777778,86.41444444444446,217.0,1.3704655170440674,312.522705078125,-0.0022765498142689466,0.6849349141120911,10.83096694946289
23.76027777777778,86.41472222222224,216.0,2.1094541549682617,331.3998718261719,0.0011382749071344733,0.9938079714775085,10.386526107788086
23.76027777777778,86.415,216.0,2.558522939682007,354.3387145996094,-0.0011382749071344733,1.1331154108047485,10.195992469787598
23.76027777777778,86.41527777777779,216.0,2.822591543197632,349.6994934082031,-0.0022765498142689466,1.257078766822815,10.113600730895996
23.76027777777778,86.41555555555557,215.0,2.95463490486145,340.0247802734375,0.0022765498142689466,1.3146843910217285,10.09185791015625
23.76027777777778,86.41583333333334,215.0,2.6561105251312256,343.4378967285156,-0.0011382749071344733,1.2272623777389526,10.22747802734375
23.76027777777778,86.41611111111112,215.0,1.919797658920288,15.248879432678223,-0.0022765498142689466,1.0304020643234253,10.586776733398438
23.76027777777778,86.4163888888889,215.0,1.0550845861434937,28.600126266479492,0.0011382749071344733,0.7370277047157288,11.223922729492188
23.76027777777778,86.41666666666667,215.0,3.2878224849700928,265.9648742675781,-0.003414824604988098,1.5947444438934326,10.118632316589355
23.76027777777778,86.41694444444445,212.0,7.374231338500977,261.01513671875,-0.0011382749071344733,3.059088945388794,9.317328453063965
23.76027777777778,86.41722222222224,208.0,5.902219295501709,258.72528076171875,0.0011382749071344733,2.4944381713867188,9.522835731506348
23.76027777777778,86.4175,206.0,0.6853308081626892,227.47731018066406,0.004553099628537893,0.7370277047157288,11.637303352355957
23.76027777777778,86.41777777777779,207.0,1.1112383604049683,65.36711883544922,0.0,0.6666666865348816,11.107789039611816
23.76027777777778,86.41805555555557,207.0,1.1112383604049683,294.63287353515625,2.7755575615628914e-17,0.6666666865348816,11.075469017028809
23.76027777777778,86.41833333333334,206.0,2.6881842613220215,249.85574340820312,0.0011382749071344733,1.3698698282241821,10.179618835449219
23.76027777777778,86.41861111111112,205.0,2.765655279159546,213.1953125,-0.0011382749071344733,1.3333333730697632,10.15929889678955
23.76027777777778,86.4188888888889,204.0,2.558522939682007,174.33871459960938,0.005691374186426401,1.196703314781189,10.26382827758789
23.76027777777778,86.41916666666667,205.0,2.765655279159546,213.1953125,-0.003414824604988098,1.4229165315628052,10.225802421569824
23.76027777777778,86.41944444444445,203.0,4.488232612609863,231.83082580566406,0.0011382749071344733,1.8856180906295776,9.781601905822754
23.76027777777778,86.41972222222223,201.0,4.786378860473633,227.47731018066406,0.0022765498142689466,2.0,9.745049476623535
23.76027777777778,86.42000000000002,199.0,3.4227399826049805,227.47731018066406,0.005691374186426401,1.6850833892822266,10.087394714355469
23.760000000000005,86.41250000000001,218.0,3.0070974826812744,247.37139892578125,2.7755575615628914e-17,1.5234787464141846,10.13428020477295
23.760000000000005,86.41277777777779,217.0,3.2781004905700684,188.85421752929688,0.0011382749071344733,1.5634719133377075,10.073503494262695
23.760000000000005,86.41305555555556,217.0,4.456379413604736,170.2308807373047,0.0022765498142689466,1.9436506032943726,9.777606010437012
23.760000000000005,86.41333333333334,218.0,4.192017078399658,173.09170532226562,-0.0022765498142689466,1.832491397857666,9.836909294128418
23.760000000000005,86.41361111111112,218.0,2.558522939682007,185.66128540039062,-0.0011382749071344733,1.4229165315628052,10.315699577331543
23.760000000000005,86.41388888888889,218.0,1.2836486101150513,259.6067810058594,-0.003414824604988098,1.0999438762664795,10.977370262145996
23.760000000000005,86.41416666666667,217.0,2.055208444595337,312.522705078125,-0.0022765498142689466,0.9558139443397522,10.471803665161133
23.760000000000005,86.41444444444446,216.0,2.392256498336792,320.72265625,0.0,1.0304020643234253,10.291215896606445
23.760000000000005,86.41472222222224,215.0,2.392256498336792,320.72265625,-5.551115123125783e-17,1.0304020643234253,10.281556129455566
23.760000000000005,86.415,214.0,1.919797658920288,344.7511291503906,0.003414824604988098,0.916245698928833,10.516301155090332
23.760000000000005,86.41527777777779,214.0,1.919797658920288,344.7511291503906,0.0022765498142689466,0.9558139443397522,10.548893928527832
23.760000000000005,86.41555555555557,214.0,2.765655279159546,326.8046875,-0.0011382749071344733,1.3698698282241821,10.22203540802002
23.760000000000005,86.41583333333334,213.0,3.1017966270446777,345.8753356933594,0.0011382749071344733,1.3425606489181519,10.142897605895996
23.760000000000005,86.41611111111112,213.0,3.0980255603790283,34.757442474365234,0.003414824604988098,1.4142135381698608,10.174859046936035
23.760000000000005,86.4163888888889,215.0,2.055208444595337,47.4773063659668,-0.003414824604988098,1.0304020643234253,10.61083698272705
23.760000000000005,86.41666666666667,215.0,2.6881842613220215,290.1442565917969,-0.003414824604988098,1.3966450691223145,10.355389595031738
23.760000000000005,86.41694444444445,213.0,6.292815208435059,272.1007995605469,-0.006829649209976196,2.5724081993103027,9.492928504943848
23.760000000000005,86.41722222222224,208.0,5.224344253540039,254.61746215820312,0.006829649209976196,2.211083173751831,9.64437484741211
23.760000000000005,86.4175,207.0,2.4357128143310547,211.20750427246094,0.0022765498142689466,1.1331154108047485,10.354065895080566
23.760000000000005,86.41777777777779,207.0,1.3894023895263672,180.0,0.0011382749071344733,0.8164966106414795,10.859234809875488
23.760000000000005,86.41805555555557,207.0,1.0550845861434937,208.60012817382812,0.0011382749071344733,0.5665577054023743,11.095661163330078
23.760000000000005,86.41833333333334,207.0,1.7128982543945312,227.47731018066406,-0.0022765498142689466,0.8164966106414795,10.599081993103027
23.760000000000005,86.41861111111112,206.0,1.919797658920288,195.24888610839844,0.0022765498142689466,1.0304020643234253,10.50114631652832
23.760000000000005,86.4188888888889,207.0,2.558522939682007,174.33871459960938,-0.005691374186426401,1.196703314781189,10.254746437072754
23.760000000000005,86.41916666666667,206.0,3.3923332691192627,197.30465698242188,0.0011382749071344733,1.6629588603973389,10.030409812927246
23.760000000000005,86.41944444444445,205.0,4.940727233886719,207.31747436523438,0.0011382749071344733,2.199887752532959,9.714166641235352
23.760000000000005,86.41972222222223,204.0,6.178041458129883,214.7574462890625,-0.0011382749071344733,2.6666667461395264,9.535550117492676
23.760000000000005,86.42000000000002,202.0,6.239995956420898,233.73443603515625,-0.0022765498142689466,2.7532248497009277,9.543017387390137
23.759722222222226,86.41250000000001,218.0,1.185113549232483,192.3029022216797,0.003414824604988098,1.0999438762664795,11.058465957641602
23.759722222222226,86.41277777777779,219.0,3.574545383453369,154.95181274414062,5.551115123125783e-17,1.632993221282959,9.989688873291016
23.759722222222226,86.41305555555556,220.0,4.281691074371338,166.37863159179688,-0.0022765498142689466,1.832491397857666,9.834333419799805
23.759722222222226,86.41333333333334,220.0,3.551293134689331,192.3029022216797,-0.0011382749071344733,1.6405359506607056,10.032944679260254
23.759722222222226,86.41361111111112,219.0,3.2132604122161865,239.7328643798828,-0.0011382749071344733,1.5475987195968628,10.125702857971191
23.759722222222226,86.41388888888889,217.0,3.845804214477539,280.3932189941406,0.0011382749071344733,1.7497795820236206,9.918525695800781
23.759722222222226,86.41416666666667,215.0,3.4227399826049805,312.522705078125,0.003414824604988098,1.5475987195968628,9.996428489685059
23.759722222222226,86.41444444444446,215.0,2.5252227783203125,336.4342956542969,-0.0022765498142689466,1.1331154108047485,10.268250465393066
23.759722222222226,86.41472222222224,214.0,1.3836336135864258,326.8046875,0.0022765498142689466,0.8164966106414795,10.86380672454834
23.759722222222226,86.415,214.0,0.6853308081626892,312.522705078125,0.0,0.4714045226573944,11.59388542175293
23.759722222222226,86.41527777777779,214.0,1.7128982543945312,312.522705078125,-0.0022765498142689466,0.9558139443397522,10.72758674621582
23.759722222222226,86.41555555555557,213.0,3.7640745639801025,312.522705078125,-0.0022765498142689466,1.6405359506607056,9.992020606994629
23.759722222222226,86.41583333333334,211.0,3.3923332691192627,342.6953430175781,0.003414824604988098,1.5475987195968628,10.137995719909668
23.759722222222226,86.41611111111112,212.0,4.1030731201171875,37.91454315185547,0.0,1.8257418870925903,9.973498344421387
23.759722222222226,86.4163888888889,214.0,3.892144203186035,26.970293045043945,-0.004553099628537893,1.7497795820236206,10.037077903747559
23.759722222222226,86.41666666666667,214.0,3.8149051666259766,328.0726013183594,-0.005691374186426401,1.6850833892822266,10.049627304077148
23.759722222222226,86.41694444444445,211.0,3.9551517963409424,286.9976806640625,0.004553099628537893,2.0061633586883545,9.982978820800781
23.759722222222226,86.41722222222224,210.0,3.2132604122161865,239.7328643798828,-0.0011382749071344733,1.6996731758117676,10.137541770935059
23.759722222222226,86.4175,209.0,3.0706160068511963,221.09991455078125,-0.0011382749071344733,1.3333333730697632,10.115340232849121
23.759722222222226,86.41777777777779,208.0,1.7128982543945312,227.47731018066406,0.0,0.9938079714775085,10.6353759765625
23.759722222222226,86.41805555555557,208.0,0.7922387719154358,253.00230407714844,-0.003414824604988098,0.4714045226573944,11.363113403320312
23.759722222222226,86.41833333333334,207.0,1.0101343393325806,270.0,0.0011382749071344733,0.5665577054023743,11.107320785522461
23.759722222222226,86.41861111111112,207.0,0.0,90.0,-0.0022765498142689466,0.4157397150993347,13.440251350402832
23.759722222222226,86.4188888888889,207.0,1.4410357475280762,118.82117462158203,0.0011382749071344733,0.9428090453147888,10.821812629699707
23.759722222222226,86.41916666666667,208.0,2.6561105251312256,163.43789672851562,-0.0022765498142689466,1.4229165315628052,10.28011703491211
23.759722222222226,86.41944444444445,208.0,4.281691074371338,193.62136840820312,-0.0022765498142689466,1.8856180906295776,9.876776695251465
23.759722222222226,86.41972222222223,207.0,5.786287307739258,224.10630798339844,-0.003414824604988098,2.4944381713867188,9.63426399230957
23.759722222222226,86.42000000000002,204.0,8.177470207214355,251.97467041015625,-0.003414824604988098,3.4462361335754395,9.31176471710205
23.759444444444448,86.41250000000001,219.0,3.0980255603790283,145.2425537109375,0.003414824604988098,1.448711633682251,10.092583656311035
23.759444444444448,86.41277777777779,221.0,4.439479827880859,141.35218811035156,-0.0011382749071344733,1.8724777698516846,9.778818130493164
23.759444444444448,86.41305555555556,222.0,3.551293134689331,167.6970977783203,-0.0011382749071344733,1.5713484287261963,10.042153358459473
23.759444444444448,86.41333333333334,222.0,3.432037830352783,216.01568603515625,-0.003414824604988098,1.5475987195968628,10.100906372070312
23.759444444444448,86.41361111111112,220.0,5.051990032196045,251.33172607421875,-0.0011382749071344733,2.1140329837799072,9.714550971984863
23.759444444444448,86.41388888888889,217.0,6.038971900939941,270.0,0.0,2.538591146469116,9.510354995727539
23.759444444444448,86.41416666666667,214.0,3.4772493839263916,289.42852783203125,0.0022765498142689466,1.5634719133377075,10.023370742797852
23.759444444444448,86.41444444444446,213.0,0.739273190498352,19.97521209716797,0.005691374186426401,0.7370277047157288,11.53891372680664
23.759444444444448,86.41472222222224,214.0,0.34267765283584595,132.52268981933594,0.0,0.5665577054023743,12.308080673217773
23.759444444444448,86.415,214.0,1.2836486101150513,280.3932189941406,-0.0011382749071344733,0.7856742143630981,11.029426574707031
23.759444444444448,86.41527777777779,213.0,3.883143663406372,302.41094970703125,-0.0011382749071344733,1.8921540975570679,9.987308502197266
23.759444444444448,86.41555555555557,211.0,5.805638313293457,312.522705078125,-0.0011382749071344733,2.4845199584960938,9.646764755249023
23.759444444444448,86.41583333333334,209.0,5.012292861938477,345.4457092285156,0.0022765498142689466,2.3622546195983887,9.83840560913086
23.759444444444448,86.41611111111112,210.0,6.18551778793335,14.12466049194336,-0.0022765498142689466,2.905932664871216,9.646641731262207
23.759444444444448,86.4163888888889,211.0,7.438065052032471,7.761875629425049,-0.004553099628537893,3.2470309734344482,9.45760726928711
23.759444444444448,86.41666666666667,211.0,6.2339186668396,2.3127310276031494,-0.0022765498142689466,2.935521125793457,9.609936714172363
23.759444444444448,86.41694444444445,211.0,2.777172803878784,0.0,-0.0022765498142689466,2.0,10.371499061584473
23.759444444444448,86.41722222222224,211.0,0.7922387719154358,286.9976806640625,-0.003414824604988098,0.7370277047157288,11.555740356445312
23.759444444444448,86.4175,210.0,2.566009759902954,259.6067810058594,-0.0022765498142689466,1.054092526435852,10.300298690795898
23.759444444444448,86.41777777777779,208.0,2.523963689804077,270.0,0.0011382749071344733,1.054092526435852,10.245752334594727
23.759444444444448,86.41805555555557,207.0,1.4410357475280762,298.8211669921875,0.0022765498142689466,0.6666666865348816,10.759773254394531
23.759444444444448,86.41833333333334,207.0,1.3704655170440674,312.522705078125,-0.0022765498142689466,0.6285393834114075,10.796152114868164
23.759444444444448,86.41861111111112,206.0,0.739273190498352,19.97521209716797,0.003414824604988098,0.4714045226573944,11.434367179870605
23.759444444444448,86.4188888888889,207.0,2.283597707748413,84.18189239501953,0.0011382749071344733,0.916245698928833,10.357850074768066
23.759444444444448,86.41916666666667,209.0,2.283597707748413,95.81810760498047,-0.003414824604988098,0.9938079714775085,10.431593894958496
23.759444444444448,86.41944444444445,210.0,0.739273190498352,199.97520446777344,-0.005691374186426401,0.8314794301986694,11.640189170837402
23.759444444444448,86.41972222222223,209.0,4.438055515289307,254.90518188476562,-0.006829649209976196,1.8856180906295776,9.911877632141113
23.759444444444448,86.42000000000002,205.0,9.332769393920898,262.9355163574219,-0.0022765498142689466,3.8005847930908203,9.19283390045166
23.75916666666667,86.41250000000001,221.0,3.808784008026123,127.38766479492188,5.551115123125783e-17,1.632993221282959,9.887145042419434
23.75916666666667,86.41277777777779,223.0,4.105141639709473,132.52268981933594,-0.0022765498142689466,1.7638342380523682,9.869047164916992
23.75916666666667,86.41305555555556,224.0,2.558522939682007,174.33871459960938,-0.003414824604988098,1.196703314781189,10.394618034362793
23.75916666666667,86.41333333333334,223.0,3.5477097034454346,238.5594940185547,-0.0011382749071344733,1.5713484287261963,10.103199005126953
23.75916666666667,86.41361111111112,221.0,6.326276779174805,263.72003173828125,-0.003414824604988098,2.6851212978363037,9.531230926513672
23.75916666666667,86.41388888888889,217.0,7.546988010406494,273.4985656738281,-0.0011382749071344733,3.034777879714966,9.33155345916748
23.75916666666667,86.41416666666667,213.0,3.0629920959472656,278.6900329589844,0.006829649209976196,1.5713484287261963,10.198697090148926
23.75916666666667,86.41444444444446,214.0,1.584174633026123,106.99769592285156,-0.0011382749071344733,0.7370277047157288,10.830877304077148
23.75916666666667,86.41472222222224,215.0,1.0550845861434937,151.39987182617188,-0.003414824604988098,0.6285393834114075,11.250484466552734
23.75916666666667,86.415,214.0,2.566009759902954,259.6067810058594,5.551115123125783e-17,1.1331154108047485,10.419135093688965
23.75916666666667,86.41527777777779,212.0,5.614977836608887,279.46630859375,-0.0011382749071344733,2.3778815269470215,9.7117338180542
23.75916666666667,86.41555555555557,208.0,6.96072244644165,295.4951171875,0.005691374186426401,3.0711722373962402,9.562980651855469
23.75916666666667,86.41583333333334,206.0,6.305641174316406,331.3998718261719,0.0022765498142689466,3.0711722373962402,9.70308780670166
23.75916666666667,86.41611111111112,206.0,7.841675758361816,356.3298645019531,-0.0022765498142689466,3.488959550857544,9.493852615356445
23.75916666666667,86.4163888888889,205.0,8.747159957885742,3.2846953868865967,0.004553099628537893,3.8425815105438232,9.368143081665039
23.75916666666667,86.41666666666667,206.0,8.377677917480469,21.04979705810547,0.003414824604988098,3.675074577331543,9.372105598449707
23.75916666666667,86.41694444444445,209.0,6.62669038772583,29.55451011657715,-0.004553099628537893,3.0184617042541504,9.544031143188477
23.75916666666667,86.41722222222224,210.0,4.0031232833862305,10.892328262329102,-0.003414824604988098,1.9688938856124878,9.965438842773438
23.75916666666667,86.4175,210.0,2.765655279159546,326.8046875,-0.005691374186426401,1.3966450691223145,10.244660377502441
23.75916666666667,86.41777777777779,208.0,2.0719950199127197,282.9127502441406,0.0011382749071344733,1.0999438762664795,10.455499649047852
23.75916666666667,86.41805555555557,207.0,1.584174633026123,253.00230407714844,0.0011382749071344733,0.6666666865348816,10.674407005310059
23.75916666666667,86.41833333333334,206.0,1.2836486101150513,259.6067810058594,0.003414824604988098,0.6666666865348816,10.870135307312012
23.75916666666667,86.41861111111112,206.0,0.34267765283584595,47.4773063659668,0.0011382749071344733,0.4969039857387543,12.21012020111084
23.75916666666667,86.4188888888889,207.0,2.2216413021087646,65.36711883544922,-0.0011382749071344733,0.9938079714775085,10.388189315795898
23.75916666666667,86.41916666666667,208.0,2.7393646240234375,47.4773063659668,-2.7755575615628914e-17,1.2272623777389526,10.24630069732666
23.75916666666667,86.41944444444445,209.0,2.31486439704895,0.0,-0.003414824604988098,1.0304020643234253,10.489283561706543
23.75916666666667,86.41972222222223,208.0,3.9854736328125,297.65606689453125,-0.0011382749071344733,1.8724777698516846,10.006730079650879
23.75916666666667,86.42000000000002,206.0,9.062881469726562,275.818115234375,-0.009106199257075787,3.8005847930908203,9.207992553710938
23.758888888888894,86.41250000000001,222.0,4.113659858703613,113.16905212402344,-1.1102230246251565e-16,1.6629588603973389,9.820265769958496
23.758888888888894,86.41277777777779,224.0,2.8802506923675537,118.82117462158203,-0.0011382749071344733,1.257078766822815,10.2447509765625
23.758888888888894,86.41305555555556,225.0,0.7922387719154358,253.00230407714844,-0.004553099628537893,0.916245698928833,11.59869384765625
23.758888888888894,86.41333333333334,224.0,4.438055515289307,285.0948181152344,-0.005691374186426401,2.0608041286468506,9.918241500854492
23.758888888888894,86.41361111111112,221.0,7.872964859008789,286.9976806640625,-0.005691374186426401,3.2356042861938477,9.355545997619629
23.758888888888894,86.41388888888889,216.0,7.271103858947754,284.68243408203125,0.0011382749071344733,2.981423854827881,9.419838905334473
23.758888888888894,86.41416666666667,213.0,1.2836486101150513,259.6067810058594,0.005691374186426401,1.3425606489181519,11.12922477722168
23.758888888888894,86.41444444444446,214.0,2.450753927230835,124.52000427246094,0.0022765498142689466,1.0657403469085693,10.46976089477539
23.758888888888894,86.41472222222224,215.0,1.185113549232483,167.6970977783203,-2.7755575615628914e-17,0.7370277047157288,11.227768898010254
23.758888888888894,86.415,215.0,3.165930986404419,253.00230407714844,-0.004553099628537893,1.3698698282241821,10.315840721130371
23.758888888888894,86.41527777777779,212.0,6.602209091186523,261.9693603515625,2.7755575615628914e-17,2.657391309738159,9.66101360321045
23.758888888888894,86.41555555555557,208.0,9.028467178344727,272.91656494140625,-2.7755575615628914e-17,3.887301206588745,9.409360885620117
23.758888888888894,86.41583333333334,203.0,7.825211524963379,300.00250244140625,0.004553099628537893,3.6243348121643066,9.586886405944824
23.758888888888894,86.41611111111112,201.0,6.470980644226074,344.2140197753906,0.004553099628537893,2.779999017715454,9.779792785644531
23.758888888888894,86.4163888888889,201.0,5.742246150970459,15.248879432678223,0.003414824604988098,2.7397396564483643,9.875465393066406
23.758888888888894,86.41666666666667,202.0,6.18314790725708,50.630184173583984,0.006829649209976196,2.922877073287964,9.751713752746582
23.758888888888894,86.41694444444445,205.0,5.646697521209717,57.89328384399414,0.004553099628537893,2.58198881149292,9.767467498779297
23.758888888888894,86.41722222222224,207.0,3.162396192550659,28.600126266479492,0.0011382749071344733,1.6405359506607056,10.25186824798584
23.758888888888894,86.4175,207.0,2.31486439704895,0.0,0.004553099628537893,1.196703314781189,10.460835456848145
23.758888888888894,86.41777777777779,208.0,0.739273190498352,19.97521209716797,-0.0022765498142689466,0.9938079714775085,11.51551628112793
23.758888888888894,86.41805555555557,208.0,1.3704655170440674,227.47731018066406,-0.0011382749071344733,0.8314794301986694,10.843685150146484
23.758888888888894,86.41833333333334,207.0,2.3755056858062744,253.00230407714844,-0.0011382749071344733,1.1331154108047485,10.27552318572998
23.758888888888894,86.41861111111112,206.0,1.0279349088668823,312.522705078125,-2.7755575615628914e-17,0.7370277047157288,11.127347946166992
23.758888888888894,86.4188888888889,206.0,2.2168357372283936,19.97521209716797,0.0011382749071344733,1.154700517654419,10.395814895629883
23.758888888888894,86.41916666666667,207.0,3.551293134689331,12.302896499633789,-0.003414824604988098,1.632993221282959,9.977065086364746
23.758888888888894,86.41944444444445,207.0,4.3992133140563965,356.7153015136719,-0.0011382749071344733,2.0,9.82111644744873
23.758888888888894,86.41972222222223,207.0,5.518482208251953,326.8046875,-0.006829649209976196,2.4545247554779053,9.642854690551758
23.758611111111115,86.41250000000001,223.0,3.352165460586548,101.94915771484375,-0.0011382749071344733,1.4229165315628052,10.046728134155273
23.758611111111115,86.41277777777779,225.0,1.3704655170440674,47.4773063659668,-0.006829649209976196,1.0657403469085693,11.020106315612793
23.758611111111115,86.41305555555556,224.0,3.41029953956604,318.2613220214844,-0.0022765498142689466,1.5475987195968628,10.178839683532715
23.758611111111115,86.41333333333334,222.0,6.648736000061035,303.701416015625,-0.0022765498142689466,2.7888667583465576,9.558340072631836
23.758611111111115,86.41361111111112,218.0,8.696274757385254,296.697998046875,0.0011382749071344733,3.55208158493042,9.306903839111328
23.758611111111115,86.41388888888889,214.0,4.761790752410889,295.8966979980469,0.005691374186426401,2.4545247554779053,9.908768653869629
23.758611111111115,86.41416666666667,214.0,1.1112383604049683,114.63288116455078,0.0022765498142689466,1.0657403469085693,11.354830741882324
23.758611111111115,86.41444444444446,216.0,1.4410357475280762,118.82117462158203,-0.005691374186426401,0.9428090453147888,11.106378555297852
23.758611111111115,86.41472222222224,216.0,1.0279349088668823,312.522705078125,-0.004553099628537893,0.916245698928833,11.49480152130127
23.758611111111115,86.415,215.0,3.0070974826812744,292.62860107421875,-0.003414824604988098,1.3698698282241821,10.50042724609375
23.758611111111115,86.41527777777779,213.0,6.056450366973877,274.3701477050781,-0.004553099628537893,2.58198881149292,9.878901481628418
23.758611111111115,86.41555555555557,209.0,11.497764587402344,274.5593566894531,-0.006829649209976196,4.802262783050537,9.285346031188965
23.758611111111115,86.41583333333334,201.0,10.363232612609863,285.3825378417969,0.005691374186426401,4.346135139465332,9.414629936218262
23.758611111111115,86.41611111111112,198.0,3.574545383453369,334.9518127441406,0.006829649209976196,1.7497795820236206,10.481218338012695
23.758611111111115,86.4163888888889,199.0,4.629415988922119,78.48136138916016,0.004553099628537893,2.543449640274048,10.19083023071289
23.758611111111115,86.41666666666667,202.0,8.017727851867676,110.14424896240234,0.005691374186426401,3.685138702392578,9.582785606384277
23.758611111111115,86.41694444444445,206.0,6.821223735809326,132.52268981933594,0.0011382749071344733,3.0550503730773926,9.663747787475586
23.758611111111115,86.41722222222224,207.0,3.7347676753997803,172.23812866210938,0.003414824604988098,1.987615942955017,10.161696434020996
23.758611111111115,86.4175,207.0,1.919797658920288,195.24888610839844,0.0022765498142689466,1.2862040996551514,10.712051391601562
23.758611111111115,86.41777777777779,207.0,1.1112383604049683,114.63288116455078,0.004553099628537893,0.7370277047157288,11.159488677978516
23.758611111111115,86.41805555555557,209.0,0.5051064491271973,270.0,-0.006829649209976196,0.6666666865348816,11.88357925415039
23.758611111111115,86.41833333333334,207.0,3.027895212173462,270.0,5.551115123125783e-17,1.154700517654419,10.064826965332031
23.758611111111115,86.41861111111112,205.0,2.0719950199127197,282.9127502441406,0.004553099628537893,0.9938079714775085,10.446196556091309
23.758611111111115,86.4188888888889,205.0,2.4357128143310547,328.79248046875,-0.0011382749071344733,1.4142135381698608,10.304327964782715
23.758611111111115,86.41916666666667,204.0,4.0031232833862305,349.107666015625,0.0022765498142689466,1.7708196640014648,9.838180541992188
23.758611111111115,86.41944444444445,204.0,4.649475574493408,353.7768249511719,2.7755575615628914e-17,2.096440315246582,9.725129127502441
23.758611111111115,86.41972222222223,203.0,4.862653732299805,328.79248046875,0.0022765498142689466,2.165954351425171,9.713652610778809
23.758333333333336,86.41250000000001,223.0,1.584174633026123,73.00230407714844,-0.0011382749071344733,1.054092526435852,10.827239036560059
23.758333333333336,86.41277777777779,223.0,2.8411924839019775,333.63446044921875,0.0,1.5634719133377075,10.331181526184082
23.758333333333336,86.41305555555556,222.0,5.1130900382995605,320.1763916015625,-0.0022765498142689466,2.1602468490600586,9.820186614990234
23.758333333333336,86.41333333333334,220.0,7.316715240478516,304.5199890136719,-0.0022765498142689466,3.1778554916381836,9.514163970947266
23.758333333333336,86.41361111111112,216.0,7.932748794555664,297.65606689453125,-5.551115123125783e-17,3.2923405170440674,9.460705757141113
23.758333333333336,86.41388888888889,213.0,2.765655279159546,326.8046875,0.005691374186426401,1.7497795820236206,10.531821250915527
23.758333333333336,86.41416666666667,215.0,2.4357128143310547,31.20750617980957,-0.005691374186426401,1.4907119274139404,10.674960136413574
23.758333333333336,86.41444444444446,215.0,4.281691074371338,346.3786315917969,-0.004553099628537893,2.211083173751831,10.149005889892578
23.758333333333336,86.41472222222224,214.0,6.031810283660889,343.0213317871094,-0.003414824604988098,2.6434171199798584,9.871805191040039
23.758333333333336,86.415,213.0,5.893638610839844,340.0247802734375,-0.0022765498142689466,2.6851212978363037,9.976739883422852
23.758333333333336,86.41527777777779,212.0,8.168563842773438,312.522705078125,-0.006829649209976196,3.9094693660736084,9.72020149230957
23.758333333333336,86.41555555555557,208.0,14.648605346679688,296.6469421386719,-0.012521023862063885,6.314787864685059,9.167150497436523
23.758333333333336,86.41583333333334,199.0,12.479498863220215,303.2265319824219,0.003414824604988098,5.513171672821045,9.347614288330078
23.758333333333336,86.41611111111112,197.0,5.106882572174072,5.661292552947998,2.7755575615628914e-17,2.779999017715454,10.242195129394531
23.758333333333336,86.4163888888889,199.0,8.716785430908203,77.82347106933594,0.003414824604988098,3.9440531730651855,9.670066833496094
23.758333333333336,86.41666666666667,206.0,11.05974292755127,97.12804412841797,-0.009106199257075787,4.661372661590576,9.372064590454102
23.758333333333336,86.41694444444445,211.0,6.406434535980225,120.26713562011719,-0.012521023862063885,3.1661794185638428,9.841017723083496
23.758333333333336,86.41722222222224,211.0,3.7347676753997803,187.76187133789062,-0.006829649209976196,1.9309052228927612,10.268488883972168
23.758333333333336,86.4175,209.0,3.8149051666259766,211.9274139404297,0.0011382749071344733,1.6629588603973389,10.119214057922363
23.758333333333336,86.41777777777779,208.0,1.717559576034546,216.01568603515625,0.0011382749071344733,1.2472190856933594,10.803749084472656
23.758333333333336,86.41805555555557,208.0,1.4410357475280762,298.8211669921875,-0.0011382749071344733,0.9558139443397522,10.89840030670166
23.758333333333336,86.41833333333334,207.0,3.0070974826812744,292.62860107421875,-0.0011382749071344733,1.4229165315628052,10.117452621459961
23.758333333333336,86.41861111111112,206.0,3.0070974826812744,292.62860107421875,-0.004553099628537893,1.3146843910217285,10.098824501037598
23.758333333333336,86.4188888888889,204.0,3.2132604122161865,300.26715087890625,2.7755575615628914e-17,1.2862040996551514,10.02877426147461
23.758333333333336,86.41916666666667,202.0,2.7311923503875732,319.6980285644531,0.004553099628537893,1.2472190856933594,10.197542190551758
23.758333333333336,86.41944444444445,202.0,2.0988173484802246,353.0917053222656,0.0011382749071344733,0.9558139443397522,10.474746704101562
23.758333333333336,86.41972222222223,202.0,1.3704655170440674,312.522705078125,-2.7755575615628914e-17,0.9428090453147888,10.9194974899292
23.758055555555558,86.41250000000001,223.0,1.3894023895263672,0.0,-0.003414824604988098,0.9428090453147888,10.990092277526855
23.758055555555558,86.41277777777779,222.0,4.827740669250488,308.4771728515625,-0.003414824604988098,2.2333056926727295,9.840147018432617
23.758055555555558,86.41305555555556,219.0,7.468320369720459,317.7385559082031,0.0022765498142689466,3.4960293769836426,9.484626770019531
23.758055555555558,86.41333333333334,218.0,9.474014282226562,318.6719970703125,-0.010244473814964294,4.055174827575684,9.304465293884277
23.758055555555558,86.41361111111112,213.0,8.477484703063965,319.4108581542969,0.003414824604988098,3.7712361812591553,9.459270477294922
23.758055555555558,86.41388888888889,212.0,5.564045429229736,354.80780029296875,-0.0011382749071344733,2.766644239425659,9.921271324157715
23.758055555555558,86.41416666666667,213.0,6.477058410644531,355.5462951660156,-0.006829649209976196,3.046957492828369,9.815933227539062
23.758055555555558,86.41444444444446,211.0,8.679099082946777,337.9510192871094,-0.0011382749071344733,3.8038318157196045,9.585724830627441
23.758055555555558,86.41472222222224,209.0,9.51416015625,344.7511291503906,0.0022765498142689466,4.262961387634277,9.570714950561523
23.758055555555558,86.415,209.0,10.277639389038086,348.7858581542969,-0.004553099628537893,4.653420448303223,9.569062232971191
23.758055555555558,86.41527777777779,208.0,13.578948020935059,326.8046875,-0.011382748372852802,6.154392242431641,9.342778205871582
23.758055555555558,86.41555555555557,201.0,17.928539276123047,311.4674377441406,-0.0022765498142689466,7.5686163902282715,9.084095001220703
23.758055555555558,86.41583333333334,193.0,13.432263374328613,321.1319274902344,0.009106199257075787,6.13027286529541,9.394143104553223
23.758055555555558,86.41611111111112,192.0,9.079699516296387,16.01126480102539,0.007967923767864704,4.216370105743408,9.782245635986328
23.758055555555558,86.4163888888889,197.0,13.25089168548584,51.83082962036133,-0.003414824604988098,5.656854152679443,9.365095138549805
23.758055555555558,86.41666666666667,204.0,14.794568061828613,56.56388473510742,-0.006829649209976196,6.390579700469971,9.199258804321289
23.758055555555558,86.41694444444445,210.0,10.136931419372559,43.65550231933594,-0.013659298419952393,4.597369194030762,9.50653076171875
23.758055555555558,86.41722222222224,211.0,4.862107753753662,18.114593505859375,-0.006829649209976196,2.897423267364502,10.133308410644531
23.758055555555558,86.4175,211.0,1.717559576034546,323.98431396484375,-0.007967923767864704,1.5947444438934326,11.041351318359375
23.758055555555558,86.41777777777779,209.0,3.0629920959472656,278.6900329589844,-0.0011382749071344733,1.5475987195968628,10.334515571594238
23.758055555555558,86.41805555555557,207.0,3.2132604122161865,300.26715087890625,8.326672684688674e-17,1.448711633682251,10.18695068359375
23.758055555555558,86.41833333333334,206.0,3.0811619758605957,312.522705078125,-0.0011382749071344733,1.3146843910217285,10.162004470825195
23.758055555555558,86.41861111111112,204.0,3.2132604122161865,300.26715087890625,0.003414824604988098,1.3333333730697632,10.076364517211914
23.758055555555558,86.4188888888889,203.0,2.6881842613220215,290.1442565917969,0.0011382749071344733,1.2472190856933594,10.224656105041504
23.758055555555558,86.41916666666667,202.0,1.7824501991271973,277.4637451171875,-2.7755575615628914e-17,0.8164966106414795,10.614770889282227
23.758055555555558,86.41944444444445,201.0,0.0,90.0,0.004553099628537893,0.31426969170570374,13.485757827758789
23.758055555555558,86.41972222222223,202.0,0.0,90.0,-0.0011382749071344733,0.4714045226573944,13.490213394165039
23.757777777777783,86.41250000000001,222.0,3.574545383453369,334.9518127441406,-0.004553099628537893,1.9436506032943726,10.067296028137207
23.757777777777783,86.41277777777779,220.0,8.204474449157715,310.1541748046875,-0.004553099628537893,3.6141014099121094,9.336026191711426
23.757777777777783,86.41305555555556,216.0,9.816850662231445,314.4961242675781,-0.003414824604988098,4.0945611000061035,9.244494438171387
23.757777777777783,86.41333333333334,211.0,8.810100555419922,319.14569091796875,0.010244473814964294,3.764683246612549,9.426824569702148
23.757777777777783,86.41361111111112,209.0,7.170790672302246,323.44305419921875,0.004553099628537893,3.499559164047241,9.698026657104492
23.757777777777783,86.41388888888889,208.0,6.911808490753174,345.253662109375,0.0022765498142689466,3.2584173679351807,9.802373886108398
23.757777777777783,86.41416666666667,208.0,9.079699516296387,343.9887390136719,-0.0022765498142689466,4.055174827575684,9.60491943359375
23.757777777777783,86.41444444444446,206.0,11.020987510681152,335.9588623046875,-0.0011382749071344733,4.898979663848877,9.493000030517578
23.757777777777783,86.41472222222224,204.0,12.083033561706543,340.7640075683594,-0.0022765498142689466,5.4794793128967285,9.479936599731445
23.757777777777783,86.415,202.0,13.901200294494629,344.5049743652344,-0.0011382749071344733,6.238075256347656,9.401126861572266
23.757777777777783,86.41527777777779,200.0,16.946060180664062,329.5802307128906,-0.006829649209976196,7.519521713256836,9.236958503723145
23.757777777777783,86.41555555555557,193.0,18.76262092590332,318.5639343261719,0.0022765498142689466,8.345916748046875,9.1473388671875
23.757777777777783,86.41583333333334,188.0,15.223883628845215,333.0296936035156,0.0011382749071344733,7.211102485656738,9.368034362792969
23.757777777777783,86.41611111111112,188.0,13.941566467285156,12.302896499633789,-0.006829649209976196,6.429100513458252,9.446582794189453
23.757777777777783,86.4163888888889,190.0,16.943212509155273,38.47515869140625,0.005691374186426401,7.77460241317749,9.218281745910645
23.757777777777783,86.41666666666667,197.0,17.83658790588379,42.164634704589844,-0.003414824604988098,7.831560134887695,9.121177673339844
23.757777777777783,86.41694444444445,202.0,15.453715324401855,35.030372619628906,0.0,6.751314640045166,9.19933795928955
23.757777777777783,86.41722222222224,206.0,11.256526947021484,33.62005615234375,-0.003414824604988098,5.187829971313477,9.419536590576172
23.757777777777783,86.4175,208.0,5.583623886108398,29.73429298400879,0.0011382749071344733,3.130889415740967,9.999074935913086
23.757777777777783,86.41777777777779,209.0,3.808784008026123,307.3876647949219,-0.007967923767864704,1.832491397857666,10.251683235168457
23.757777777777783,86.41805555555557,205.0,3.9854736328125,297.65606689453125,0.006829649209976196,1.6996731758117676,10.09471321105957
23.757777777777783,86.41833333333334,205.0,2.055208444595337,312.522705078125,-0.0011382749071344733,0.9938079714775085,10.67297649383545
23.757777777777783,86.41861111111112,204.0,2.0719950199127197,282.9127502441406,-2.7755575615628914e-17,0.9428090453147888,10.599126815795898
23.757777777777783,86.4188888888889,203.0,1.7824501991271973,262.5362548828125,2.7755575615628914e-17,0.7370277047157288,10.694610595703125
23.757777777777783,86.41916666666667,202.0,1.3704655170440674,227.47731018066406,0.0022765498142689466,0.6849349141120911,10.910283088684082
23.757777777777783,86.41944444444445,202.0,1.185113549232483,192.3029022216797,2.7755575615628914e-17,0.5665577054023743,11.021227836608887
23.757777777777783,86.41972222222223,202.0,0.7922387719154358,253.00230407714844,-0.0011382749071344733,0.6285393834114075,11.411209106445312
23.757777777777783,86.42000000000002,201.0,2.0719950199127197,282.9127502441406,0.0011382749071344733,0.8748897910118103,10.46338939666748
23.757500000000004,86.41250000000001,220.0,3.7640745639801025,312.522705078125,-0.003414824604988098,1.7638342380523682,10.024109840393066
23.757500000000004,86.41277777777779,216.0,8.017727851867676,290.1442565917969,0.004553099628537893,3.3481154441833496,9.37606143951416
23.757500000000004,86.41305555555556,211.0,6.790986061096191,285.7575988769531,0.012521023862063885,3.197221040725708,9.646790504455566
23.757500000000004,86.41333333333334,210.0,4.837155342102051,278.2391052246094,0.0022765498142689466,2.5724081993103027,10.079952239990234
23.757500000000004,86.41361111111112,208.0,5.528800010681152,286.9976806640625,-0.0011382749071344733,2.4845199584960938,10.036582946777344
23.757500000000004,86.41388888888889,205.0,6.483141899108887,312.522705078125,0.003414824604988098,3.0550503730773926,9.975410461425781
23.757500000000004,86.41416666666667,203.0,9.54832649230957,324.7939758300781,0.0,4.346135139465332,9.686982154846191
23.757500000000004,86.41444444444446,200.0,13.011707305908203,329.0002136230469,-8.326672684688674e-17,5.915036201477051,9.464455604553223
23.757500000000004,86.41472222222224,197.0,14.821456909179688,336.4342956542969,-0.0022765498142689466,6.528191566467285,9.403053283691406
23.757500000000004,86.415,194.0,16.129579544067383,339.47760009765625,-2.7755575615628914e-17,7.348469257354736,9.362034797668457
23.757500000000004,86.41527777777779,191.0,17.974454879760742,330.71636962890625,-0.004553099628537893,7.894364356994629,9.2694730758667
23.757500000000004,86.41555555555557,185.0,19.159774780273438,323.3963623046875,0.0,8.659541130065918,9.203169822692871
23.757500000000004,86.41583333333334,179.0,17.634416580200195,334.5404968261719,0.003414824604988098,7.931807994842529,9.283074378967285
23.757500000000004,86.41611111111112,176.0,16.731178283691406,10.98939037322998,0.01707412302494049,7.617393970489502,9.326927185058594
23.757500000000004,86.4163888888889,183.0,19.23318099975586,34.64930725097656,-0.004553099628537893,8.602325439453125,9.162920951843262
23.757500000000004,86.41666666666667,189.0,19.391298294067383,39.69393539428711,-0.0022765498142689466,8.564929962158203,9.124744415283203
23.757500000000004,86.41694444444445,195.0,17.234098434448242,45.2756233215332,-0.0011382749071344733,7.809459209442139,9.193325996398926
23.757500000000004,86.41722222222224,200.0,13.842416763305664,57.2227897644043,0.006829649209976196,6.164413928985596,9.33186149597168
23.757500000000004,86.4175,207.0,7.316715240478516,55.47999954223633,-0.009106199257075787,3.464101552963257,9.866843223571777
23.757500000000004,86.41777777777779,207.0,3.7671732902526855,322.9500732421875,-0.0022765498142689466,1.7638342380523682,10.411877632141113
23.757500000000004,86.41805555555557,205.0,4.148559093475342,307.8105163574219,-0.0011382749071344733,1.9436506032943726,10.204705238342285
23.757500000000004,86.41833333333334,204.0,2.5252227783203125,336.4342956542969,0.0,1.1331154108047485,10.611042976379395
23.757500000000004,86.41861111111112,204.0,1.789013385772705,334.9518127441406,-0.003414824604988098,0.9428090453147888,10.87896728515625
23.757500000000004,86.4188888888889,203.0,0.5051064491271973,270.0,0.0011382749071344733,0.7370277047157288,12.072338104248047
23.757500000000004,86.41916666666667,203.0,1.3894023895263672,180.0,-2.7755575615628914e-17,0.6666666865348816,10.990693092346191
23.757500000000004,86.41944444444445,203.0,1.789013385772705,205.04818725585938,-0.0011382749071344733,0.7856742143630981,10.676077842712402
23.757500000000004,86.41972222222223,202.0,2.112485885620117,236.7734832763672,0.0011382749071344733,0.916245698928833,10.469799041748047
23.757500000000004,86.42000000000002,201.0,2.112485885620117,236.7734832763672,0.0011382749071344733,0.9558139443397522,10.464533805847168
23.757500000000004,86.42027777777778,200.0,2.2168357372283936,160.02479553222656,0.005691374186426401,1.2472190856933594,10.446313858032227
23.757222222222225,86.41250000000001,219.0,2.2216413021087646,245.36712646484375,0.0011382749071344733,1.448711633682251,10.546863555908203
23.757222222222225,86.41277777777779,217.0,7.240716934204102,249.51345825195312,-0.0011382749071344733,3.1544599533081055,9.485471725463867
23.757222222222225,86.41305555555556,213.0,6.514632701873779,242.60055541992188,0.003414824604988098,2.8458330631256104,9.715004920959473
23.757222222222225,86.41333333333334,212.0,5.836845874786377,251.55767822265625,-0.006829649209976196,2.4944381713867188,9.945859909057617
23.757222222222225,86.41361111111112,207.0,7.288326740264893,268.1887512207031,0.004553099628537893,2.935521125793457,9.845869064331055
23.757222222222225,86.41388888888889,204.0,7.65726375579834,280.3932189941406,-0.0011382749071344733,3.2126293182373047,9.923338890075684
23.757222222222225,86.41416666666667,199.0,11.291871070861816,295.16009521484375,0.004553099628537893,5.230489730834961,9.645368576049805
23.757222222222225,86.41444444444446,194.0,16.048551559448242,311.3357849121094,-0.0011382749071344733,7.4833149909973145,9.370960235595703
23.757222222222225,86.41472222222224,188.0,19.732574462890625,328.92633056640625,0.003414824604988098,9.433326721191406,9.204920768737793
23.757222222222225,86.415,186.0,22.695905685424805,339.64642333984375,-0.014797573909163475,10.503379821777344,9.071791648864746
23.757222222222225,86.41527777777779,181.0,23.17786979675293,340.7640075683594,-0.005691374186426401,10.72322940826416,9.043927192687988
23.757222222222225,86.41555555555557,177.0,21.73897361755371,334.4599609375,-0.010244473814964294,10.023428916931152,9.098275184631348
23.757222222222225,86.41583333333334,170.0,18.319074630737305,338.1126403808594,0.005691374186426401,8.379870414733887,9.267518997192383
23.757222222222225,86.41611111111112,169.0,15.843245506286621,14.390217781066895,0.003414824604988098,7.512951850891113,9.413052558898926
23.757222222222225,86.4163888888889,173.0,18.500659942626953,38.254817962646484,0.005691374186426401,8.299933433532715,9.244807243347168
23.757222222222225,86.41666666666667,179.0,19.4366397857666,47.4773063659668,0.009106199257075787,8.55627727508545,9.179341316223145
23.757222222222225,86.41694444444445,188.0,19.51429557800293,59.117088317871094,0.003414824604988098,8.332592964172363,9.138129234313965
23.757222222222225,86.41722222222224,198.0,16.944353103637695,65.71263885498047,-0.005691374186426401,7.241853713989258,9.220768928527832
23.757222222222225,86.4175,205.0,9.150527000427246,45.35735321044922,-0.011382748372852802,4.268749713897705,9.763938903808594
23.757222222222225,86.41777777777779,205.0,7.488266468048096,342.4332580566406,-0.006829649209976196,3.4138424396514893,9.863252639770508
23.757222222222225,86.41805555555557,203.0,7.35251522064209,340.0247802734375,-0.003414824604988098,3.2923405170440674,9.784050941467285
23.757222222222225,86.41833333333334,202.0,5.776169300079346,357.5024719238281,-0.0011382749071344733,2.7125678062438965,9.943140983581543
23.757222222222225,86.41861111111112,202.0,4.456379413604736,9.76911449432373,-2.7755575615628914e-17,2.054804563522339,10.128747940063477
23.757222222222225,86.4188888888889,203.0,3.162396192550659,28.600126266479492,-0.003414824604988098,1.6178021430969238,10.396856307983398
23.757222222222225,86.41916666666667,204.0,1.7128982543945312,47.4773063659668,-0.004553099628537893,1.1331154108047485,10.927131652832031
23.757222222222225,86.41944444444445,204.0,0.5051064491271973,270.0,-0.003414824604988098,0.6666666865348816,12.060730934143066
23.757222222222225,86.41972222222223,203.0,1.7755566835403442,238.5594940185547,-0.0011382749071344733,0.8164965510368347,10.72767448425293
23.757222222222225,86.42000000000002,202.0,2.1094541549682617,208.60012817382812,0.0011382749071344733,0.9938079714775085,10.513919830322266
23.757222222222225,86.42027777777778,202.0,3.0980255603790283,145.2425537109375,0.0011382749071344733,1.4229165315628052,10.133551597595215
23.756944444444446,86.41250000000001,221.0,1.919797658920288,195.24888610839844,-0.006829649209976196,1.165343165397644,10.678949356079102
23.756944444444446,86.41277777777779,219.0,6.188504219055176,243.42510986328125,-0.003414824604988098,2.58198881149292,9.645936965942383
23.756944444444446,86.41305555555556,215.0,7.094052314758301,247.05908203125,0.0011382749071344733,2.8674416542053223,9.657976150512695
23.756944444444446,86.41333333333334,212.0,7.65726375579834,259.6067810058594,2.7755575615628914e-17,3.3370349407196045,9.734747886657715
23.756944444444446,86.41361111111112,208.0,8.279573440551758,268.4081726074219,-0.0022765498142689466,3.4462361335754395,9.811691284179688
23.756944444444446,86.41388888888889,204.0,9.552383422851562,275.5138244628906,-0.0011382749071344733,4.163331985473633,9.813800811767578
23.756944444444446,86.41416666666667,199.0,17.487228393554688,287.93511962890625,-0.011382748372852802,8.184598922729492,9.306015014648438
23.756944444444446,86.41444444444446,188.0,24.15823745727539,303.3499450683594,-0.003414824604988098,11.259016036987305,9.026970863342285
23.756944444444446,86.41472222222224,178.0,26.642852783203125,321.40460205078125,-0.005691374186426401,12.34783935546875,8.9396333694458
23.756944444444446,86.415,168.0,26.905351638793945,337.52923583984375,0.013659298419952393,12.418623924255371,8.913033485412598
23.756944444444446,86.41527777777779,165.0,24.53459930419922,349.4272766113281,0.004553099628537893,11.50308609008789,8.982542037963867
23.756944444444446,86.41555555555557,163.0,21.274639129638672,344.9075622558594,0.005691374186426401,10.176224708557129,9.104212760925293
23.756944444444446,86.41583333333334,160.0,18.16071891784668,346.7943420410156,0.003414824604988098,8.429811477661133,9.253119468688965
23.756944444444446,86.41611111111112,160.0,16.529821395874023,19.97521209716797,0.007967923767864704,7.586537837982178,9.35115909576416
23.756944444444446,86.4163888888889,166.0,18.462154388427734,44.408084869384766,0.0011382749071344733,8.07067584991455,9.24446964263916
23.756944444444446,86.41666666666667,174.0,19.807769775390625,55.08262252807617,-0.0011382749071344733,8.663817405700684,9.175621032714844
23.756944444444446,86.41694444444445,183.0,21.286598205566406,58.05229949951172,2.7755575615628914e-17,9.250959396362305,9.082996368408203
23.756944444444446,86.41722222222224,194.0,20.144142150878906,50.27051544189453,-0.013659298419952393,8.819170951843262,9.100008964538574
23.756944444444446,86.4175,200.0,15.44503116607666,20.547964096069336,-0.014797573909163475,7.272474765777588,9.314751625061035
23.756944444444446,86.41777777777779,199.0,14.881519317626953,351.4140930175781,-0.006829649209976196,6.690697193145752,9.272466659545898
23.756944444444446,86.41805555555557,197.0,13.434388160705566,356.826416015625,2.7755575615628914e-17,6.146362781524658,9.299753189086914
23.756944444444446,86.41833333333334,198.0,11.713576316833496,6.102085590362549,-0.004553099628537893,5.459163665771484,9.371753692626953
23.756944444444446,86.41861111111112,199.0,10.895163536071777,9.224645614624023,-0.006829649209976196,4.966554641723633,9.383002281188965
23.756944444444446,86.4188888888889,200.0,10.239961624145508,19.97521209716797,-0.004553099628537893,4.690415859222412,9.378141403198242
23.756944444444446,86.41916666666667,202.0,8.064456939697266,27.817598342895508,-0.005691374186426401,3.83293080329895,9.535552024841309
23.756944444444446,86.41944444444445,203.0,4.213204860687256,28.600126266479492,-0.003414824604988098,2.403700828552246,10.084586143493652
23.756944444444446,86.41972222222223,203.0,0.739273190498352,19.97521209716797,0.0,1.054092526435852,11.716511726379395
23.756944444444446,86.42000000000002,203.0,0.9263691902160645,180.0,-0.0011382749071344733,0.5665577054023743,11.404279708862305
23.756944444444446,86.42027777777778,203.0,2.450753927230835,124.52000427246094,0.0022765498142689466,1.0657403469085693,10.393609046936035
23.756944444444446,86.42055555555557,205.0,3.9551517963409424,106.99769592285156,-0.0011382749071344733,1.6178021430969238,9.928155899047852
23.75666666666667,86.41250000000001,221.0,0.739273190498352,160.02479553222656,-0.0022765498142689466,0.7856742143630981,11.616792678833008
23.75666666666667,86.41277777777779,220.0,4.315837860107422,241.17881774902344,-0.0022765498142689466,2.0061633586883545,10.009089469909668
23.75666666666667,86.41305555555556,217.0,7.608089447021484,243.00216674804688,5.551115123125783e-17,3.107140302658081,9.616292953491211
23.75666666666667,86.41333333333334,213.0,9.892141342163086,253.84909057617188,-0.0011382749071344733,4.0945611000061035,9.535886764526367
23.75666666666667,86.41361111111112,207.0,10.009904861450195,267.3746643066406,0.006829649209976196,4.382907390594482,9.70595645904541
23.75666666666667,86.41388888888889,204.0,14.720795631408691,286.9976806640625,-0.010244473814964294,7.16472864151001,9.467196464538574
23.75666666666667,86.41416666666667,195.0,26.658273696899414,295.2619323730469,-0.015935847535729408,12.278657913208008,8.93289566040039
23.75666666666667,86.41444444444446,178.0,31.356922149658203,302.9539794921875,-2.7755575615628914e-17,14.229165077209473,8.79089641571045
23.75666666666667,86.41472222222224,163.0,26.89157485961914,314.54266357421875,0.014797573909163475,12.027745246887207,8.964548110961914
23.75666666666667,86.415,155.0,18.923887252807617,330.7530822753906,0.014797573909163475,8.982836723327637,9.301156997680664
23.75666666666667,86.41527777777779,152.0,13.95583724975586,352.86749267578125,0.02048894762992859,6.79869270324707,9.551636695861816
23.75666666666667,86.41555555555557,155.0,13.356724739074707,346.0340270996094,-0.007967923767864704,6.238075256347656,9.538909912109375
23.75666666666667,86.41583333333334,150.0,12.292015075683594,349.5093994140625,0.015935847535729408,5.715476036071777,9.598093032836914
23.75666666666667,86.41611111111112,152.0,13.323592185974121,31.410202026367188,0.009106199257075787,6.063450336456299,9.521145820617676
23.75666666666667,86.4163888888889,158.0,18.004758834838867,50.630184173583984,0.006829649209976196,7.766658782958984,9.230433464050293
23.75666666666667,86.41666666666667,167.0,20.345062255859375,53.93588638305664,0.0011382749071344733,8.819170951843262,9.123469352722168
23.75666666666667,86.41694444444445,176.0,20.945804595947266,47.4773063659668,-0.003414824604988098,9.44117546081543,9.098183631896973
23.75666666666667,86.41722222222224,183.0,21.587820053100586,36.187774658203125,5.551115123125783e-17,9.683892250061035,9.044805526733398
23.75666666666667,86.4175,189.0,19.450061798095703,15.938902854919434,-0.007967923767864704,8.87498950958252,9.11364459991455
23.75666666666667,86.41777777777779,188.0,17.084753036499023,358.3562927246094,0.004553099628537893,7.837862968444824,9.193290710449219
23.75666666666667,86.41805555555557,188.0,15.400118827819824,3.6701292991638184,0.004553099628537893,7.12498664855957,9.242902755737305
23.75666666666667,86.41833333333334,190.0,15.437631607055664,5.495818614959717,-0.003414824604988098,6.977919101715088,9.18887996673584
23.75666666666667,86.41861111111112,190.0,15.915864944458008,7.103681564331055,0.0022765498142689466,7.135375499725342,9.112101554870605
23.75666666666667,86.4188888888889,192.0,15.508875846862793,23.398845672607422,0.0011382749071344733,6.928203105926514,9.088091850280762
23.75666666666667,86.41916666666667,196.0,13.111393928527832,38.6478157043457,0.0011382749071344733,6.036923408508301,9.187891006469727
23.75666666666667,86.41944444444445,200.0,8.539615631103516,49.75151824951172,-0.0011382749071344733,3.9440531730651855,9.517870903015137
23.75666666666667,86.41972222222223,203.0,3.5477097034454346,58.55949401855469,-0.004553099628537893,1.9688938856124878,10.268305778503418
23.75666666666667,86.42000000000002,203.0,0.7922387719154358,73.00230407714844,0.0011382749071344733,0.4714045226573944,11.639066696166992
23.75666666666667,86.42027777777778,204.0,2.019641160964966,90.0,-0.0022765498142689466,0.916245698928833,10.615917205810547
23.75666666666667,86.42055555555557,205.0,3.2878224849700928,85.9648666381836,0.0011382749071344733,1.4142135381698608,10.103647232055664
23.756388888888893,86.41277777777779,221.0,2.4357128143310547,211.20750427246094,-0.0011382749071344733,1.4229165315628052,10.580741882324219
23.756388888888893,86.41305555555556,220.0,7.068422317504883,238.5594940185547,-0.005691374186426401,3.0225489139556885,9.711400032043457
23.756388888888893,86.41333333333334,215.0,11.554997444152832,251.55767822265625,-0.0011382749071344733,4.809968948364258,9.421926498413086
23.756388888888893,86.41361111111112,209.0,13.455880165100098,264.181884765625,-0.003414824604988098,5.659036159515381,9.465002059936523
23.756388888888893,86.41388888888889,201.0,20.784494400024414,279.1927185058594,-0.006829649209976196,8.94565200805664,9.169022560119629
23.756388888888893,86.41416666666667,185.0,30.816242218017578,284.5214538574219,0.007967923767864704,13.865313529968262,8.823253631591797
23.756388888888893,86.41444444444446,166.0,30.357908248901367,288.5105285644531,0.02048894762992859,13.953184127807617,8.873872756958008
23.756388888888893,86.41472222222224,154.0,18.723493576049805,296.18597412109375,0.018212398514151573,8.706460952758789,9.381221771240234
23.756388888888893,86.415,150.0,6.821223735809326,312.522705078125,0.012521023862063885,3.823255777359009,10.332484245300293
23.756388888888893,86.41527777777779,151.0,5.189964771270752,327.7354431152344,-0.004553099628537893,3.197221040725708,10.50380802154541
23.756388888888893,86.41555555555557,148.0,8.628910064697266,328.4761657714844,0.005691374186426401,3.7940824031829834,9.911487579345703
23.756388888888893,86.41583333333334,147.0,7.370669364929199,0.0,-2.7755575615628914e-17,3.6951754093170166,10.038887023925781
23.756388888888893,86.41611111111112,148.0,9.314249992370605,53.73443603515625,0.007967923767864704,4.306182861328125,9.812664985656738
23.756388888888893,86.4163888888889,153.0,14.030981063842773,64.10331726074219,0.007967923767864704,6.036923408508301,9.42593765258789
23.756388888888893,86.41666666666667,161.0,16.67815399169922,55.47999954223633,0.0011382749071344733,7.302967548370361,9.279765129089355
23.756388888888893,86.41694444444445,168.0,17.85200309753418,40.03616714477539,-0.0022765498142689466,7.916228294372559,9.227437019348145
23.756388888888893,86.41722222222224,173.0,19.38153839111328,31.753324508666992,0.0011382749071344733,8.692270278930664,9.13644790649414
23.756388888888893,86.4175,178.0,18.04062271118164,21.432926177978516,-0.0011382749071344733,8.055363655090332,9.188726425170898
23.756388888888893,86.41777777777779,180.0,15.131752014160156,9.381563186645508,-0.0011382749071344733,6.951329708099365,9.335756301879883
23.756388888888893,86.41805555555557,181.0,13.522239685058594,7.371658802032471,-0.0011382749071344733,6.2003583908081055,9.412371635437012
23.756388888888893,86.41833333333334,181.0,13.434388160705566,3.17358136177063,0.003414824604988098,6.036923408508301,9.387594223022461
23.756388888888893,86.41861111111112,181.0,13.418069839477539,10.647720336914062,0.005691374186426401,6.063450336456299,9.366497039794922
23.756388888888893,86.4188888888889,183.0,14.696272850036621,40.95478057861328,0.012521023862063885,6.5395283699035645,9.243753433227539
23.756388888888893,86.41916666666667,191.0,14.96337604522705,59.05241394042969,5.551115123125783e-17,6.459752082824707,9.168434143066406
23.756388888888893,86.41944444444445,197.0,11.291871070861816,64.83991241455078,0.0,4.724509239196777,9.358115196228027
23.756388888888893,86.41972222222223,202.0,6.317302227020264,66.31803131103516,-0.005691374186426401,2.7888667583465576,9.802249908447266
23.756388888888893,86.42000000000002,203.0,1.898866057395935,68.54389190673828,-0.0011382749071344733,1.1331154108047485,10.845149993896484
23.756388888888893,86.42027777777778,203.0,2.019641160964966,90.0,0.004553099628537893,0.8748897910118103,10.648665428161621
23.756388888888893,86.42055555555557,205.0,2.566009759902954,79.60678100585938,-0.0011382749071344733,1.0999438762664795,10.339953422546387
23.756388888888893,86.42083333333335,206.0,1.185113549232483,347.6971130371094,-0.0022765498142689466,0.7856742143630981,11.111116409301758
23.756111111111114,86.41277777777779,222.0,0.34267765283584595,312.522705078125,-0.003414824604988098,0.8748897910118103,12.535801887512207
23.756111111111114,86.41305555555556,222.0,5.293695449829102,272.50048828125,-0.011382748372852802,2.4845199584960938,10.007322311401367
23.756111111111114,86.41333333333334,217.0,10.985650062561035,267.613037109375,-0.005691374186426401,4.4721360206604,9.491850852966309
23.756111111111114,86.41361111111112,210.0,15.0906982421875,265.70123291015625,-0.004553099628537893,6.073622226715088,9.374507904052734
23.756111111111114,86.41388888888889,200.0,22.996458053588867,265.6298522949219,-0.0011382749071344733,9.865765571594238,9.091660499572754
23.756111111111114,86.41416666666667,185.0,31.734407424926758,266.2522277832031,-0.0022765498142689466,14.384490966796875,8.820019721984863
23.756111111111114,86.41444444444446,165.0,29.65439796447754,267.1511535644531,0.013659298419952393,13.349989891052246,8.927013397216797
23.756111111111114,86.41472222222224,153.0,16.708694458007812,273.0877990722656,0.013659298419952393,7.795218467712402,9.512890815734863
23.756111111111114,86.415,151.0,6.483141899108887,312.522705078125,-0.007967923767864704,3.5728745460510254,10.37397575378418
23.756111111111114,86.41527777777779,150.0,7.502054214477539,322.9500732421875,-0.011382748372852802,3.381138563156128,10.100470542907715
23.756111111111114,86.41555555555557,144.0,8.816438674926758,314.724365234375,0.006829649209976196,3.7940824031829834,9.8392333984375
23.756111111111114,86.41583333333334,142.0,6.630087852478027,13.152094841003418,0.010244473814964294,3.0912060737609863,10.083701133728027
23.756111111111114,86.41611111111112,147.0,10.53635311126709,58.55949401855469,-0.004553099628537893,4.449996471405029,9.617664337158203
23.756111111111114,86.4163888888889,152.0,11.805778503417969,62.34391784667969,-0.0022765498142689466,5.279824256896973,9.529762268066406
23.756111111111114,86.41666666666667,157.0,12.439290046691895,44.38035583496094,-0.004553099628537893,5.715476036071777,9.5076904296875
23.756111111111114,86.41694444444445,160.0,15.065841674804688,29.423921585083008,0.0022765498142689466,6.778688430786133,9.330930709838867
23.756111111111114,86.41722222222224,164.0,17.54469871520996,31.055673599243164,0.0011382749071344733,7.717224597930908,9.177776336669922
23.756111111111114,86.4175,169.0,16.716798782348633,28.969289779663086,8.326672684688674e-17,7.5424723625183105,9.221550941467285
23.756111111111114,86.41777777777779,172.0,14.315892219543457,18.114593505859375,-5.551115123125783e-17,6.394442081451416,9.366015434265137
23.756111111111114,86.41805555555557,174.0,12.819803237915039,12.302896499633789,-0.0011382749071344733,5.711154460906982,9.461318969726562
23.756111111111114,86.41833333333334,175.0,11.271364212036133,6.349155902862549,-0.0011382749071344733,5.094174861907959,9.5845308303833
23.756111111111114,86.41861111111112,175.0,10.662115097045898,19.134653091430664,0.005691374186426401,4.755763053894043,9.643122673034668
23.756111111111114,86.4188888888889,179.0,14.813443183898926,50.06003189086914,0.003414824604988098,6.411794662475586,9.29992389678955
23.756111111111114,86.41916666666667,188.0,17.91133689880371,62.434593200683594,-0.007967923767864704,7.6610283851623535,9.063888549804688
23.756111111111114,86.41944444444445,195.0,14.415461540222168,67.82506561279297,-0.003414824604988098,6.4940619468688965,9.202905654907227
23.756111111111114,86.41972222222223,200.0,8.823485374450684,74.90518951416016,-0.0011382749071344733,3.8618104457855225,9.55862045288086
23.756111111111114,86.42000000000002,203.0,3.531358242034912,90.0,-0.0011382749071344733,1.7069212198257446,10.296460151672363
23.756111111111114,86.42027777777778,204.0,1.584174633026123,106.99769592285156,-0.0011382749071344733,0.7370277047157288,10.926126480102539
23.756111111111114,86.42055555555557,205.0,1.4410357475280762,61.17882537841797,-0.0022765498142689466,0.8314794301986694,10.909783363342285
23.756111111111114,86.42083333333335,205.0,1.4783002138137817,340.0247802734375,-0.0011382749071344733,0.6666666865348816,10.852516174316406
23.756111111111114,86.42111111111112,204.0,2.0719950199127197,282.9127502441406,0.0011382749071344733,1.0999438762664795,10.538254737854004
23.75583333333334,86.41277777777779,221.0,3.892144203186035,333.0296936035156,-0.004553099628537893,1.8856180906295776,10.090893745422363
23.75583333333334,86.41305555555556,219.0,6.821223735809326,312.522705078125,-0.0011382749071344733,2.897423267364502,9.7369966506958
23.75583333333334,86.41333333333334,216.0,9.870806694030762,290.3941955566406,-0.005691374186426401,4.216370105743408,9.588842391967773
23.75583333333334,86.41361111111112,210.0,13.166901588439941,272.97149658203125,-0.0022765498142689466,5.617433071136475,9.509387016296387
23.75583333333334,86.41388888888889,203.0,20.91580581665039,262.70794677734375,-0.012521023862063885,9.018499374389648,9.195809364318848
23.75583333333334,86.41416666666667,188.0,30.657882690429688,258.9918518066406,-0.004553099628537893,13.646326065063477,8.868803024291992
23.75583333333334,86.41444444444446,168.0,31.664661407470703,258.2769470214844,0.012521023862063885,14.391355514526367,8.860390663146973
23.75583333333334,86.41472222222224,154.0,22.568357467651367,265.5372314453125,0.004553099628537893,10.263202667236328,9.206808090209961
23.75583333333334,86.415,144.0,10.098284721374512,296.9978332519531,0.019350672140717506,4.76354455947876,9.94636058807373
23.75583333333334,86.41527777777779,144.0,7.596282005310059,328.0726013183594,0.0022765498142689466,3.5935471057891846,10.105356216430664
23.75583333333334,86.41555555555557,142.0,8.838932991027832,312.522705078125,-0.0022765498142689466,4.130584716796875,9.841729164123535
23.75583333333334,86.41583333333334,139.0,7.147124767303467,2.014578104019165,0.004553099628537893,3.6514837741851807,9.993674278259277
23.75583333333334,86.41611111111112,142.0,12.836780548095703,48.9757080078125,0.004553099628537893,5.452375411987305,9.377235412597656
23.75583333333334,86.4163888888889,149.0,12.804397583007812,47.4773063659668,-0.009106199257075787,5.632796287536621,9.384832382202148
23.75583333333334,86.41666666666667,151.0,10.616278648376465,32.744285583496094,0.0022765498142689466,4.784233570098877,9.589559555053711
23.75583333333334,86.41694444444445,153.0,10.920897483825684,25.725828170776367,0.004553099628537893,5.050363540649414,9.573158264160156
23.75583333333334,86.41722222222224,155.0,13.806991577148438,36.29276657104492,0.011382748372852802,6.032832145690918,9.343146324157715
23.75583333333334,86.4175,162.0,14.789507865905762,35.75775909423828,-0.003414824604988098,6.497862815856934,9.281005859375
23.75583333333334,86.41777777777779,165.0,13.247349739074707,21.99216079711914,-0.0011382749071344733,5.8203558921813965,9.401784896850586
23.75583333333334,86.41805555555557,167.0,12.2507963180542,21.432926177978516,0.0011382749071344733,5.436501979827881,9.48918628692627
23.75583333333334,86.41833333333334,169.0,10.38403606414795,13.919032096862793,0.0011382749071344733,4.794544219970703,9.673160552978516
23.75583333333334,86.41861111111112,170.0,10.797800064086914,17.48527717590332,0.0011382749071344733,4.876246452331543,9.655786514282227
23.75583333333334,86.4188888888889,173.0,15.65944766998291,45.040809631347656,0.003414824604988098,6.993824481964111,9.285747528076172
23.75583333333334,86.41916666666667,180.0,20.873685836791992,62.88190460205078,0.010244473814964294,9.067646980285645,8.957505226135254
23.75583333333334,86.41944444444445,192.0,19.283451080322266,75.95796966552734,-0.005691374186426401,8.589399337768555,8.962650299072266
23.75583333333334,86.41972222222223,199.0,11.955141067504883,92.1882553100586,0.003414824604988098,5.363341331481934,9.316353797912598
23.75583333333334,86.42000000000002,204.0,3.793570041656494,111.45610809326172,-0.005691374186426401,1.8724777698516846,10.281024932861328
23.75583333333334,86.42027777777778,204.0,0.46321484446525574,0.0,-0.0011382749071344733,0.7370277047157288,12.188145637512207
23.75583333333334,86.42055555555557,204.0,1.4783002138137817,19.97521209716797,-2.7755575615628914e-17,0.6666666865348816,10.885470390319824
23.75583333333334,86.42083333333335,204.0,0.739273190498352,19.97521209716797,0.0011382749071344733,0.6285393834114075,11.520182609558105
23.75583333333334,86.42111111111112,204.0,0.739273190498352,199.97520446777344,0.0011382749071344733,0.6285393834114075,11.53007698059082
23.75583333333334,86.4213888888889,204.0,2.055208444595337,227.47731018066406,-0.0011382749071344733,0.9428090453147888,10.548758506774902
23.75555555555556,86.41305555555556,216.0,5.4168381690979,297.96514892578125,0.0022765498142689466,2.3465235233306885,9.936004638671875
23.75555555555556,86.41333333333334,213.0,7.459103107452393,282.481689453125,0.003414824604988098,3.2317864894866943,9.833019256591797
23.75555555555556,86.41361111111112,209.0,10.73513126373291,271.2217712402344,-5.551115123125783e-17,4.581228256225586,9.679737091064453
23.75555555555556,86.41388888888889,203.0,17.488361358642578,263.3692932128906,-0.004553099628537893,7.646511554718018,9.35678482055664
23.75555555555556,86.41416666666667,192.0,26.862428665161133,257.0872497558594,-0.006829649209976196,12.147244453430176,9.008426666259766
23.75555555555556,86.41444444444446,176.0,32.11505126953125,252.7670440673828,-0.009106199257075787,14.332902908325195,8.845490455627441
23.75555555555556,86.41472222222224,155.0,28.328351974487305,247.51560974121094,0.023903772234916687,12.455352783203125,8.973347663879395
23.75555555555556,86.415,144.0,16.521480560302734,237.89328002929688,0.023903772234916687,7.842586994171143,9.486028671264648
23.75555555555556,86.41527777777779,142.0,8.177470207214355,251.97467041015625,0.005691374186426401,5.050363540649414,10.09484577178955
23.75555555555556,86.41555555555557,139.0,8.792013168334961,289.8630676269531,-0.0011382749071344733,3.9721250534057617,9.908729553222656
23.75555555555556,86.41583333333334,134.0,4.192017078399658,353.0917053222656,0.014797573909163475,2.766644239425659,10.570752143859863
23.75555555555556,86.41611111111112,137.0,10.83456802368164,75.31758117675781,0.011382748372852802,5.1448163986206055,9.557759284973145
23.75555555555556,86.4163888888889,143.0,10.754180908203125,86.33914947509766,0.010244473814964294,5.166368007659912,9.53317928314209
23.75555555555556,86.41666666666667,147.0,5.5580902099609375,94.76567840576172,0.010244473814964294,3.059088945388794,10.182653427124023
23.75555555555556,86.41694444444445,150.0,2.8613502979278564,75.95796966552734,0.003414824604988098,2.1140329837799072,10.844450950622559
23.75555555555556,86.41722222222224,151.0,6.576496124267578,53.41047286987305,0.010244473814964294,3.4318766593933105,10.023195266723633
23.75555555555556,86.4175,156.0,10.16717529296875,37.91454315185547,-0.0011382749071344733,4.570436477661133,9.611553192138672
23.75555555555556,86.41777777777779,158.0,10.994918823242188,31.454578399658203,0.003414824604988098,4.807401657104492,9.567557334899902
23.75555555555556,86.41805555555557,161.0,10.149043083190918,45.569793701171875,0.006829649209976196,4.6693115234375,9.684588432312012
23.75555555555556,86.41833333333334,165.0,6.141522407531738,37.91454315185547,-0.0022765498142689466,3.1426968574523926,10.227931022644043
23.75555555555556,86.41861111111112,164.0,4.769110679626465,43.3817253112793,0.012521023862063885,3.0951974391937256,10.515340805053711
23.75555555555556,86.4188888888889,166.0,11.87877368927002,80.04000091552734,0.022765496745705605,5.4772257804870605,9.609759330749512
23.75555555555556,86.41916666666667,176.0,20.778379440307617,87.55758666992188,0.011382748372852802,8.891666412353516,9.001052856445312
23.75555555555556,86.41944444444445,189.0,22.940277099609375,91.09452819824219,0.007967923767864704,9.542627334594727,8.811925888061523
23.75555555555556,86.41972222222223,203.0,14.189523696899414,96.4256591796875,-0.019350672140717506,5.962847709655762,9.1786470413208
23.75555555555556,86.42000000000002,205.0,1.4410357475280762,118.82117462158203,-0.005691374186426401,1.7638342380523682,11.287127494812012
23.75555555555556,86.42027777777778,203.0,2.112485885620117,303.2265319824219,0.0022765498142689466,1.0657403469085693,10.699198722839355
23.75555555555556,86.42055555555557,203.0,1.717559576034546,36.01567840576172,0.0011382749071344733,0.8164966106414795,10.749824523925781
23.75555555555556,86.42083333333335,204.0,1.7824501991271973,82.53627014160156,2.7755575615628914e-17,0.8748897910118103,10.635631561279297
23.75555555555556,86.42111111111112,205.0,0.6853308081626892,132.52268981933594,-0.0022765498142689466,0.4714045226573944,11.585046768188477
23.75555555555556,86.4213888888889,205.0,1.584174633026123,253.00230407714844,-0.004553099628537893,0.7370277047157288,10.780263900756836
23.75555555555556,86.42166666666668,203.0,4.34105110168457,260.8072814941406,0.0,1.7638342380523682,9.813867568969727
23.75527777777778,86.41305555555556,216.0,4.761790752410889,244.1033172607422,0.0022765498142689466,2.0608041286468506,10.01724910736084
23.75527777777778,86.41333333333334,214.0,6.638401031494141,245.36712646484375,-0.0011382749071344733,2.806518077850342,9.887876510620117
23.75527777777778,86.41361111111112,210.0,10.179411888122559,248.88690185546875,-5.551115123125783e-17,4.216370105743408,9.666576385498047
23.75527777777778,86.41388888888889,204.0,15.74686336517334,252.47860717773438,2.7755575615628914e-17,6.73300313949585,9.407158851623535
23.75527777777778,86.41416666666667,195.0,23.351511001586914,253.68637084960938,-0.004553099628537893,10.268013000488281,9.125685691833496
23.75527777777778,86.41444444444446,181.0,29.15713119506836,250.089599609375,0.0011382749071344733,13.483414649963379,8.948993682861328
23.75527777777778,86.41472222222224,167.0,28.202911376953125,239.6650390625,-0.003414824604988098,12.978614807128906,8.9994535446167
23.75527777777778,86.415,156.0,23.518524169921875,232.18946838378906,-0.003414824604988098,10.24996280670166,9.159835815429688
23.75527777777778,86.41527777777779,146.0,17.835025787353516,238.15003967285156,0.0011382749071344733,8.041558265686035,9.37376594543457
23.75527777777778,86.41555555555557,137.0,11.921685218811035,238.87147521972656,0.018212398514151573,5.173532009124756,9.691162109375
23.75527777777778,86.41583333333334,134.0,7.251226425170898,170.0249786376953,0.01707412302494049,4.447221279144287,10.097798347473145
23.75527777777778,86.41611111111112,139.0,15.604987144470215,126.39928436279297,0.012521023862063885,6.7072834968566895,9.225415229797363
23.75527777777778,86.4163888888889,148.0,15.731627464294434,131.3105926513672,-0.0022765498142689466,6.66851806640625,9.146306037902832
23.75527777777778,86.41666666666667,153.0,11.228118896484375,153.6344451904297,-0.007967923767864704,5.115939617156982,9.445764541625977
23.75527777777778,86.41694444444445,152.0,8.279925346374512,180.0,0.007967923767864704,3.852207899093628,9.73768424987793
23.75527777777778,86.41722222222224,152.0,3.7347676753997803,187.76187133789062,0.003414824604988098,3.0225489139556885,10.561264991760254
23.75527777777778,86.4175,152.0,2.450753927230835,55.47999954223633,0.005691374186426401,2.282515287399292,11.0376558303833
23.75527777777778,86.41777777777779,153.0,7.872964859008789,73.00230407714844,0.014797573909163475,3.499559164047241,9.930098533630371
23.75527777777778,86.41805555555557,160.0,10.488751411437988,90.0,-0.0011382749071344733,4.499657154083252,9.695483207702637
23.75527777777778,86.41833333333334,164.0,8.257845878601074,118.26189422607422,0.003414824604988098,4.331908702850342,9.981204986572266
23.75527777777778,86.41861111111112,166.0,11.498139381408691,142.6451873779297,0.011382748372852802,5.465943813323975,9.6705904006958
23.75527777777778,86.4188888888889,171.0,16.939104080200195,133.64369201660156,0.009106199257075787,7.34006404876709,9.272741317749023
23.75527777777778,86.41916666666667,179.0,20.979747772216797,116.28023529052734,0.011382748372852802,9.067646980285645,9.010878562927246
23.75527777777778,86.41944444444445,192.0,21.870101928710938,102.20970153808594,-0.004553099628537893,9.451631546020508,8.878453254699707
23.75527777777778,86.41972222222223,202.0,13.455880165100098,95.81810760498047,-0.005691374186426401,6.045097827911377,9.248047828674316
23.75527777777778,86.42000000000002,205.0,0.739273190498352,160.02479553222656,-0.005691374186426401,1.3333333730697632,11.97606086730957
23.75527777777778,86.42027777777778,202.0,2.8613502979278564,255.95797729492188,0.006829649209976196,1.3333333730697632,10.425827980041504
23.75527777777778,86.42055555555557,202.0,1.0101343393325806,90.0,0.004553099628537893,0.7370277047157288,11.314300537109375
23.75527777777778,86.42083333333335,204.0,2.2216413021087646,65.36711883544922,-0.0022765498142689466,0.9558139443397522,10.439309120178223
23.75527777777778,86.42111111111112,205.0,1.6403926610946655,8.854219436645508,-0.004553099628537893,0.8164966106414795,10.716825485229492
23.75527777777778,86.4213888888889,204.0,2.0541701316833496,322.08544921875,0.0011382749071344733,1.0304020643234253,10.505086898803711
23.75527777777778,86.42166666666668,204.0,3.0629920959472656,278.6900329589844,-0.006829649209976196,1.4907119274139404,10.136761665344238
23.75527777777778,86.42194444444445,201.0,5.051990032196045,251.33172607421875,0.0011382749071344733,2.249828577041626,9.6682710647583
23.75527777777778,86.42222222222223,199.0,5.10844087600708,223.65550231933594,-0.0022765498142689466,2.309401035308838,9.682520866394043
23.755000000000003,86.41333333333334,216.0,5.539562702178955,245.36712646484375,-0.003414824604988098,2.403700828552246,9.989713668823242
23.755000000000003,86.41361111111112,213.0,8.583248138427734,241.17881774902344,-0.004553099628537893,3.725123167037964,9.74889087677002
23.755000000000003,86.41388888888889,208.0,14.537715911865234,242.11788940429688,-0.004553099628537893,6.146362781524658,9.402207374572754
23.755000000000003,86.41416666666667,199.0,21.55189323425293,243.23439025878906,-0.0011382749071344733,9.416297912597656,9.143170356750488
23.755000000000003,86.41444444444446,187.0,26.70799446105957,241.17881774902344,0.0022765498142689466,11.85092544555664,9.010974884033203
23.755000000000003,86.41472222222224,173.0,26.58470344543457,235.00332641601562,0.012521023862063885,12.031850814819336,9.066694259643555
23.755000000000003,86.415,164.0,26.31239891052246,235.09408569335938,-0.0022765498142689466,11.794537544250488,9.072453498840332
23.755000000000003,86.41527777777779,150.0,23.183801651000977,231.4663848876953,0.01707412302494049,10.718623161315918,9.164155960083008
23.755000000000003,86.41555555555557,145.0,18.268781661987305,209.60775756835938,0.004553099628537893,8.198163032531738,9.340742111206055
23.755000000000003,86.41583333333334,141.0,16.291109085083008,174.8077850341797,0.018212398514151573,7.53919792175293,9.361729621887207
23.755000000000003,86.41611111111112,148.0,16.5992431640625,139.41085815429688,-0.003414824604988098,7.319852828979492,9.23682689666748
23.755000000000003,86.4163888888889,155.0,12.225543975830078,129.36981201171875,-0.012521023862063885,5.7348833084106445,9.45970630645752
23.755000000000003,86.41666666666667,158.0,7.477535724639893,140.3502655029297,-0.006829649209976196,3.774508476257324,9.891651153564453
23.755000000000003,86.41694444444445,160.0,6.3535919189453125,191.41641235351562,-0.015935847535729408,3.0550503730773926,10.03408145904541
23.755000000000003,86.41722222222224,156.0,7.54171895980835,214.4724884033203,-0.0022765498142689466,3.464101552963257,9.89454460144043
23.755000000000003,86.4175,152.0,6.986595153808594,171.7276153564453,0.015935847535729408,3.6243348121643066,10.044626235961914
23.755000000000003,86.41777777777779,155.0,14.100872993469238,132.52268981933594,0.010244473814964294,6.887096405029297,9.40706729888916
23.755000000000003,86.41805555555557,161.0,18.801054000854492,133.52554321289062,0.015935847535729408,8.731947898864746,9.164528846740723
23.755000000000003,86.41833333333334,168.0,19.82724380493164,144.92864990234375,0.011382748372852802,9.104333877563477,9.140027046203613
23.755000000000003,86.41861111111112,175.0,20.79045867919922,150.81582641601562,0.003414824604988098,9.210836410522461,9.09423828125
23.755000000000003,86.4188888888889,181.0,19.732574462890625,148.9263153076172,0.0,8.778480529785156,9.131044387817383
23.755000000000003,86.41916666666667,187.0,17.588043212890625,132.52268981933594,-0.0011382749071344733,8.038487434387207,9.201834678649902
23.755000000000003,86.41944444444445,194.0,16.611312866210938,108.97796630859375,0.003414824604988098,7.4236860275268555,9.16610050201416
23.755000000000003,86.41972222222223,203.0,11.276161193847656,95.81810760498047,-0.009106199257075787,4.807401657104492,9.426222801208496
23.755000000000003,86.42000000000002,206.0,1.1112383604049683,114.63288116455078,-0.007967923767864704,1.4142135381698608,11.582550048828125
23.755000000000003,86.42027777777778,204.0,3.0070974826812744,247.37139892578125,-0.0011382749071344733,1.3146843910217285,10.414423942565918
23.755000000000003,86.42055555555557,203.0,0.6853308081626892,227.47731018066406,0.0,0.8164965510368347,11.75766658782959
23.755000000000003,86.42083333333335,203.0,1.4783002138137817,19.97521209716797,2.7755575615628914e-17,0.9428090453147888,10.901008605957031
23.755000000000003,86.42111111111112,203.0,2.558522939682007,354.3387145996094,0.0011382749071344733,1.154700517654419,10.306151390075684
23.755000000000003,86.4213888888889,203.0,2.6561105251312256,343.4378967285156,-0.0022765498142689466,1.196703314781189,10.253061294555664
23.755000000000003,86.42166666666668,202.0,1.3836336135864258,326.8046875,0.003414824604988098,1.0657403469085693,10.912059783935547
23.755000000000003,86.42194444444445,202.0,2.5493571758270264,243.00216674804688,-0.0022765498142689466,1.4142135381698608,10.32192611694336
23.755000000000003,86.42222222222223,200.0,3.4873099327087402,210.41978454589844,0.004553099628537893,1.7497795820236206,10.03722095489502
23.755000000000003,86.42250000000001,201.0,4.427053928375244,199.97520446777344,-0.006829649209976196,2.0,9.826292037963867
23.754722222222227,86.41333333333334,216.0,4.438055515289307,254.90518188476562,0.0011382749071344733,1.8724777698516846,10.119383811950684
23.754722222222227,86.41361111111112,214.0,5.680004119873047,248.5438995361328,5.551115123125783e-17,2.624669313430786,10.054265022277832
23.754722222222227,86.41388888888889,212.0,10.418377876281738,242.50331115722656,-0.010244473814964294,4.802262783050537,9.628824234008789
23.754722222222227,86.41416666666667,205.0,17.11971664428711,231.915283203125,-0.0022765498142689466,7.884975433349609,9.285726547241211
23.754722222222227,86.41444444444446,197.0,24.968172073364258,226.0107421875,-0.003414824604988098,11.440668106079102,9.009486198425293
23.754722222222227,86.41472222222224,185.0,28.994430541992188,223.16090393066406,0.005691374186426401,13.26742935180664,8.924602508544922
23.754722222222227,86.415,175.0,30.805700302124023,224.6132354736328,-0.0022765498142689466,14.548344612121582,8.889404296875
23.754722222222227,86.41527777777779,160.0,28.542200088500977,218.0192108154297,0.02162722311913967,13.339813232421875,8.971001625061035
23.754722222222227,86.41555555555557,156.0,23.442596435546875,203.9927978515625,0.004553099628537893,11.059882164001465,9.146100997924805
23.754722222222227,86.41583333333334,153.0,16.984603881835938,191.6565704345703,5.551115123125783e-17,8.198163032531738,9.413726806640625
23.754722222222227,86.41611111111112,154.0,8.359265327453613,164.3365478515625,-0.003414824604988098,5.363341331481934,10.044974327087402
23.754722222222227,86.4163888888889,155.0,3.5614569187164307,82.53627014160156,-0.0011382749071344733,3.0225489139556885,10.80566692352295
23.754722222222227,86.41666666666667,158.0,6.141522407531738,37.91454315185547,-0.006829649209976196,3.034777879714966,10.18834400177002
23.754722222222227,86.41694444444445,160.0,5.317748546600342,357.2856140136719,-0.013659298419952393,2.793290138244629,10.316004753112793
23.754722222222227,86.41722222222224,158.0,1.717559576034546,323.98431396484375,-0.003414824604988098,3.0225489139556885,11.488072395324707
23.754722222222227,86.4175,159.0,8.168563842773438,132.52268981933594,-0.005691374186426401,4.848316669464111,9.995133399963379
23.754722222222227,86.41777777777779,163.0,19.63150405883789,127.73160552978516,0.006829649209976196,9.006170272827148,9.156515121459961
23.754722222222227,86.41805555555557,175.0,24.685998916625977,134.00833129882812,-0.014797573909163475,11.288582801818848,8.947226524353027
23.754722222222227,86.41833333333334,182.0,24.882099151611328,145.893310546875,-0.004553099628537893,11.508451461791992,8.946220397949219
23.754722222222227,86.41861111111112,188.0,22.8189640045166,155.88409423828125,-0.004553099628537893,10.446807861328125,9.019444465637207
23.754722222222227,86.4188888888889,191.0,18.791194915771484,161.88540649414062,-0.0011382749071344733,8.736187934875488,9.182243347167969
23.754722222222227,86.41916666666667,193.0,14.327783584594727,154.43991088867188,0.005691374186426401,6.657401084899902,9.395254135131836
23.754722222222227,86.41944444444445,197.0,10.966055870056152,127.22937774658203,0.0022765498142689466,5.3124589920043945,9.569358825683594
23.754722222222227,86.41972222222223,202.0,8.429353713989258,101.00814819335938,-5.551115123125783e-17,3.8425815105438232,9.707050323486328
23.754722222222227,86.42000000000002,205.0,3.0070974826812744,112.62859344482422,-0.0022765498142689466,2.0,10.597983360290527
23.754722222222227,86.42027777777778,204.0,3.574545383453369,205.04818725585938,0.005691374186426401,1.8724777698516846,10.28600788116455
23.754722222222227,86.42055555555557,203.0,4.1030731201171875,217.91455078125,0.004553099628537893,2.108185052871704,10.035475730895996
23.754722222222227,86.42083333333335,202.0,2.112485885620117,236.7734832763672,0.004553099628537893,1.4740554094314575,10.617948532104492
23.754722222222227,86.42111111111112,202.0,1.1112383604049683,294.63287353515625,-2.7755575615628914e-17,0.8314794301986694,11.199771881103516
23.754722222222227,86.4213888888889,201.0,0.739273190498352,340.0247802734375,0.005691374186426401,0.5665577054023743,11.563000679016113
23.754722222222227,86.42166666666668,202.0,1.0101343393325806,90.0,2.7755575615628914e-17,0.6285393834114075,11.225234985351562
23.754722222222227,86.42194444444445,203.0,1.185113549232483,192.3029022216797,-0.003414824604988098,0.8748897910118103,11.063802719116211
23.754722222222227,86.42222222222223,202.0,2.2168357372283936,199.97520446777344,2.7755575615628914e-17,0.9938079714775085,10.459026336669922
23.754722222222227,86.42250000000001,202.0,2.5252227783203125,203.56568908691406,-0.0011382749071344733,1.257078766822815,10.363245010375977
23.754722222222227,86.42277777777778,201.0,4.148559093475342,232.18946838378906,-0.0011382749071344733,2.0,9.895150184631348
23.75444444444445,86.41388888888889,212.0,5.836845874786377,251.55767822265625,0.0011382749071344733,2.8846123218536377,10.07282543182373
23.75444444444445,86.41416666666667,210.0,8.80681324005127,223.06578063964844,-0.003414824604988098,4.73234224319458,9.830013275146484
23.75444444444445,86.41444444444446,208.0,16.91122055053711,220.7243194580078,-0.015935847535729408,8.171011924743652,9.312084197998047
23.75444444444445,86.41472222222224,200.0,24.64950942993164,221.51466369628906,-0.012521023862063885,11.268879890441895,9.02424144744873
23.75444444444445,86.415,189.0,29.814496994018555,219.10678100585938,-0.0011382749071344733,14.140389442443848,8.883728981018066
23.75444444444445,86.41527777777779,178.0,30.76781463623047,214.7574462890625,0.0011382749071344733,14.330318450927734,8.881680488586426
23.75444444444445,86.41555555555557,170.0,26.813217163085938,214.53350830078125,-0.003414824604988098,12.675436019897461,9.037779808044434
23.75444444444445,86.41583333333334,161.0,19.075511932373047,220.54953002929688,0.006829649209976196,9.081252098083496,9.371994018554688
23.75444444444445,86.41611111111112,157.0,10.30988883972168,240.7326202392578,-0.0022765498142689466,5.691666126251221,9.94340705871582
23.75444444444445,86.4163888888889,152.0,5.126501560211182,312.522705078125,0.007967923767864704,3.464101552963257,10.573827743530273
23.75444444444445,86.41666666666667,153.0,8.747159957885742,3.2846953868865967,-0.0022765498142689466,4.076430320739746,9.97894287109375
23.75444444444445,86.41694444444445,152.0,9.397086143493652,12.302896499633789,0.006829649209976196,4.184037685394287,9.893294334411621
23.75444444444445,86.41722222222224,154.0,8.185340881347656,66.83094787597656,0.006829649209976196,5.12317419052124,10.064257621765137
23.75444444444445,86.4175,158.0,15.886260986328125,111.6725082397461,0.018212398514151573,7.627111911773682,9.433483123779297
23.75444444444445,86.41777777777779,169.0,23.345497131347656,119.76152038574219,0.005691374186426401,10.055401802062988,9.058995246887207
23.75444444444445,86.41805555555557,181.0,25.066638946533203,122.98981475830078,0.0022765498142689466,11.135528564453125,8.989420890808105
23.75444444444445,86.41833333333334,193.0,22.10846519470215,133.36314392089844,-0.009106199257075787,9.592949867248535,9.104000091552734
23.75444444444445,86.41861111111112,200.0,17.254777908325195,153.89938354492188,-0.014797573909163475,7.889671325683594,9.315630912780762
23.75444444444445,86.4188888888889,201.0,15.052531242370605,167.6970977783203,-0.004553099628537893,6.929985046386719,9.383673667907715
23.75444444444445,86.41916666666667,202.0,13.771389961242676,171.7276153564453,-0.004553099628537893,6.190394878387451,9.388166427612305
23.75444444444445,86.41944444444445,201.0,11.371402740478516,164.75111389160156,0.007967923767864704,5.404616355895996,9.485885620117188
23.75444444444445,86.41972222222223,203.0,9.91945743560791,146.32127380371094,0.007967923767864704,4.700932502746582,9.514640808105469
23.75444444444445,86.42000000000002,206.0,9.336723327636719,149.37643432617188,0.006829649209976196,4.297573089599609,9.462054252624512
23.75444444444445,86.42027777777778,209.0,8.962591171264648,181.60157775878906,-0.004553099628537893,4.021546840667725,9.399003982543945
23.75444444444445,86.42055555555557,207.0,9.411270141601562,208.60012817382812,8.326672684688674e-17,4.157397270202637,9.262228012084961
23.75444444444445,86.42083333333335,204.0,7.54171895980835,214.4724884033203,0.004553099628537893,3.359159231185913,9.414375305175781
23.75444444444445,86.42111111111112,202.0,4.807541847229004,215.2060089111328,0.006829649209976196,2.4088315963745117,9.801872253417969
23.75444444444445,86.4213888888889,202.0,2.2168357372283936,199.97520446777344,2.7755575615628914e-17,1.3425606489181519,10.515076637268066
23.75444444444445,86.42166666666668,202.0,1.0279349088668823,132.52268981933594,0.0022765498142689466,0.6666666865348816,11.231988906860352
23.75444444444445,86.42194444444445,203.0,0.5051064491271973,90.0,-0.0022765498142689466,0.4969039857387543,11.914937973022461
23.75444444444445,86.42222222222223,203.0,0.46321484446525574,180.0,-0.0011382749071344733,0.4714045226573944,12.006547927856445
23.75444444444445,86.42250000000001,203.0,1.4410357475280762,241.17881774902344,-0.0022765498142689466,0.7856742143630981,10.901050567626953
23.75444444444445,86.42277777777778,202.0,3.7899327278137207,273.4985656738281,-0.004553099628537893,1.632993221282959,9.964313507080078
23.75444444444445,86.42305555555556,199.0,5.121767520904541,280.3932189941406,0.0011382749071344733,2.1314806938171387,9.672592163085938
23.75416666666667,86.415,202.0,21.587820053100586,216.18777465820312,-0.010244473814964294,10.166515350341797,9.152339935302734
23.75416666666667,86.41527777777779,194.0,27.513874053955078,216.93084716796875,-0.009106199257075787,12.485053062438965,8.961929321289062
23.75416666666667,86.41555555555557,182.0,29.800466537475586,219.70407104492188,0.003414824604988098,13.819828033447266,8.910831451416016
23.75416666666667,86.41583333333334,170.0,28.208072662353516,223.65550231933594,0.011382748372852802,12.896549224853516,8.981547355651855
23.75416666666667,86.41611111111112,159.0,23.230772018432617,232.2550506591797,0.014797573909163475,11.103330612182617,9.179067611694336
23.75416666666667,86.4163888888889,150.0,13.123085021972656,236.298583984375,0.02162722311913967,6.756798267364502,9.749247550964355
23.75416666666667,86.41666666666667,148.0,4.144464492797852,213.1953125,0.013659298419952393,3.8904757499694824,10.883464813232422
23.75416666666667,86.41694444444445,147.0,7.868791103363037,130.05169677734375,0.026180323213338852,4.939135551452637,10.225898742675781
23.75416666666667,86.41722222222224,154.0,20.175296783447266,124.13047790527344,0.018212398514151573,9.776515007019043,9.25932502746582
23.75416666666667,86.4175,166.0,27.104692459106445,129.18569946289062,0.010244473814964294,12.038005828857422,8.94558048248291
23.75416666666667,86.41777777777779,179.0,26.972909927368164,131.8518524169922,-0.0022765498142689466,12.218181610107422,8.953004837036133
23.75416666666667,86.41805555555557,189.0,25.26612091064453,127.45265197753906,0.004553099628537893,11.27216625213623,8.99889087677002
23.75416666666667,86.41833333333334,201.0,19.53848648071289,129.6353759765625,-0.011382748372852802,8.705042839050293,9.22107219696045
23.75416666666667,86.41861111111112,205.0,12.321699142456055,148.35296630859375,-0.0022765498142689466,5.685154914855957,9.619550704956055
23.75416666666667,86.4188888888889,207.0,11.37434196472168,160.81143188476562,5.551115123125783e-17,5.020943641662598,9.60592269897461
23.75416666666667,86.41916666666667,209.0,11.961926460266113,172.82872009277344,-0.003414824604988098,5.374838352203369,9.459696769714355
23.75416666666667,86.41944444444445,209.0,12.352787017822266,175.38204956054688,-0.0011382749071344733,5.486234188079834,9.336183547973633
23.75416666666667,86.41972222222223,210.0,12.216322898864746,162.218017578125,0.0011382749071344733,5.436501979827881,9.26022720336914
23.75416666666667,86.42000000000002,213.0,10.417329788208008,157.4416961669922,-0.004553099628537893,4.666666507720947,9.340951919555664
23.75416666666667,86.42027777777778,215.0,7.438065052032471,187.76187133789062,-0.011382748372852802,3.725123167037964,9.609407424926758
23.75416666666667,86.42055555555557,212.0,8.495500564575195,218.29566955566406,-0.003414824604988098,3.725123167037964,9.410881996154785
23.75416666666667,86.42083333333335,209.0,8.855290412902832,216.4527587890625,-0.0022765498142689466,3.774508476257324,9.309666633605957
23.75416666666667,86.42111111111112,206.0,8.198390007019043,215.54302978515625,5.551115123125783e-17,3.4462361335754395,9.32611083984375
23.75416666666667,86.4213888888889,203.0,5.518482208251953,213.1953125,0.006829649209976196,2.624669313430786,9.658661842346191
23.75416666666667,86.42166666666668,203.0,2.4357128143310547,211.20750427246094,-0.0011382749071344733,1.4740554094314575,10.413987159729004
23.75416666666667,86.42194444444445,202.0,0.46321484446525574,180.0,0.004553099628537893,0.5665577054023743,12.02747631072998
23.75416666666667,86.42222222222223,203.0,0.34267765283584595,47.4773063659668,-0.0011382749071344733,0.4157397150993347,12.314538955688477
23.75416666666667,86.42250000000001,203.0,1.898866057395935,291.45611572265625,-0.003414824604988098,0.8164966106414795,10.6176118850708
23.75416666666667,86.42277777777778,201.0,4.629415988922119,281.5186462402344,-5.551115123125783e-17,1.8724777698516846,9.748510360717773
23.75416666666667,86.42305555555556,198.0,5.121767520904541,280.3932189941406,0.0022765498142689466,2.108185052871704,9.653972625732422
23.75388888888889,86.41583333333334,188.0,34.78622055053711,213.0736083984375,-0.005691374186426401,16.870603561401367,8.712910652160645
23.75388888888889,86.41611111111112,172.0,36.910247802734375,215.10903930664062,0.019350672140717506,18.31682777404785,8.658568382263184
23.75388888888889,86.4163888888889,160.0,32.698402404785156,207.3910675048828,0.02504204772412777,16.328418731689453,8.814306259155273
23.75388888888889,86.41666666666667,154.0,27.42141342163086,188.30450439453125,0.030733421444892883,13.928388595581055,9.014586448669434
23.75388888888889,86.41694444444445,157.0,26.80200958251953,163.78639221191406,0.018212398514151573,12.87643051147461,9.029059410095215
23.75388888888889,86.41722222222224,165.0,30.08531951904297,141.3975830078125,0.01707412302494049,14.06686019897461,8.882428169250488
23.75388888888889,86.4175,182.0,29.808311462402344,134.3107452392578,-0.018212398514151573,13.798371315002441,8.877020835876465
23.75388888888889,86.41777777777779,190.0,25.208864212036133,136.8782196044922,5.551115123125783e-17,11.678829193115234,9.036036491394043
23.75388888888889,86.41805555555557,199.0,22.425146102905273,132.52268981933594,-0.003414824604988098,10.03327751159668,9.100744247436523
23.75388888888889,86.41833333333334,207.0,16.595800399780273,135.9613037109375,-0.005691374186426401,7.641665935516357,9.331596374511719
23.75388888888889,86.41861111111112,210.0,11.763867378234863,150.8674774169922,0.0011382749071344733,5.185449600219727,9.580390930175781
23.75388888888889,86.4188888888889,213.0,10.718584060668945,156.6789093017578,-0.0022765498142689466,4.6693115234375,9.568602561950684
23.75388888888889,86.41916666666667,215.0,9.56929874420166,169.4538116455078,-0.004553099628537893,4.314774990081787,9.592185020446777
23.75388888888889,86.41944444444445,215.0,9.238511085510254,173.77682495117188,-0.0011382749071344733,4.1365580558776855,9.553232192993164
23.75388888888889,86.41972222222223,216.0,8.51608657836914,166.37863159179688,-0.0022765498142689466,3.7416574954986572,9.574444770812988
23.75388888888889,86.42000000000002,217.0,5.317748546600342,177.28561401367188,-0.004553099628537893,2.819683790206909,9.997382164001465
23.75388888888889,86.42027777777778,216.0,3.883143663406372,237.5890350341797,-0.0022765498142689466,2.108185052871704,10.26728630065918
23.75388888888889,86.42055555555557,214.0,4.74287223815918,253.00230407714844,-0.003414824604988098,2.1487865447998047,10.024177551269531
23.75388888888889,86.42083333333335,212.0,4.892572402954102,235.47999572753906,-0.003414824604988098,2.2607767581939697,9.948650360107422
23.75388888888889,86.42111111111112,210.0,6.483141899108887,227.47731018066406,-0.004553099628537893,2.819683790206909,9.61329460144043
23.75388888888889,86.4213888888889,207.0,6.8004584312438965,224.6132354736328,-0.0022765498142689466,2.7888667583465576,9.503226280212402
23.75388888888889,86.42166666666668,204.0,5.10844087600708,223.65550231933594,0.004553099628537893,2.2607767581939697,9.725398063659668
23.75388888888889,86.42194444444445,203.0,2.392256498336792,219.27735900878906,0.0011382749071344733,1.3425606489181519,10.430609703063965
23.75388888888889,86.42222222222223,203.0,0.6853308081626892,227.47731018066406,-0.0011382749071344733,0.5665577054023743,11.652043342590332
23.75388888888889,86.42250000000001,202.0,2.019641160964966,270.0,0.0022765498142689466,0.916245698928833,10.570313453674316
23.75388888888889,86.42277777777778,201.0,4.291714191436768,266.9122009277344,-0.0022765498142689466,1.8257418870925903,9.826068878173828
23.75388888888889,86.42305555555556,198.0,4.629415988922119,258.4813537597656,0.0022765498142689466,1.8856180906295776,9.74927806854248
23.753611111111116,86.41666666666667,178.0,37.25556564331055,188.66673278808594,0.009106199257075787,19.03667640686035,8.641626358032227
23.753611111111116,86.41694444444445,178.0,34.324310302734375,174.0709991455078,0.005691374186426401,17.269826889038086,8.739068031311035
23.753611111111116,86.41722222222224,182.0,30.530988693237305,155.72775268554688,0.005691374186426401,15.142125129699707,8.86052417755127
23.753611111111116,86.4175,191.0,27.18141746520996,141.1985321044922,0.004553099628537893,13.124287605285645,8.956130981445312
23.753611111111116,86.41777777777779,200.0,22.673725128173828,140.72264099121094,-0.0011382749071344733,10.093391418457031,9.095401763916016
23.753611111111116,86.41805555555557,207.0,18.771150588989258,139.57208251953125,-0.0011382749071344733,8.419553756713867,9.207743644714355
23.753611111111116,86.41833333333334,213.0,13.775814056396484,142.31765747070312,-0.004553099628537893,6.218252658843994,9.419357299804688
23.753611111111116,86.41861111111112,216.0,9.809049606323242,152.68252563476562,-0.003414824604988098,4.294699668884277,9.647995948791504
23.753611111111116,86.4188888888889,218.0,7.845661640167236,155.42623901367188,-0.004553099628537893,3.620926856994629,9.76729679107666
23.753611111111116,86.41916666666667,219.0,6.630087852478027,166.847900390625,-0.0022765498142689466,2.997941732406616,9.855749130249023
23.753611111111116,86.41944444444445,219.0,6.534879207611084,171.14578247070312,5.551115123125783e-17,2.905932664871216,9.815919876098633
23.753611111111116,86.41972222222223,220.0,6.020812034606934,175.2052459716797,-0.003414824604988098,2.657391309738159,9.864411354064941
23.753611111111116,86.42000000000002,219.0,5.518482208251953,213.1953125,-0.0011382749071344733,2.4944381713867188,9.92957878112793
23.753611111111116,86.42027777777778,216.0,6.188504219055176,243.42510986328125,0.003414824604988098,2.657391309738159,9.795562744140625
23.753611111111116,86.42055555555557,213.0,4.579650402069092,249.3128204345703,0.005691374186426401,2.1140329837799072,10.07705020904541
23.753611111111116,86.42083333333335,212.0,3.2132604122161865,239.7328643798828,0.0022765498142689466,1.498970866203308,10.40273380279541
23.753611111111116,86.42111111111112,211.0,4.219244003295898,236.7734832763672,-0.0011382749071344733,1.9116278886795044,10.087614059448242
23.753611111111116,86.4213888888889,209.0,5.5664238929748535,234.50091552734375,-8.326672684688674e-17,2.393406629562378,9.75441837310791
23.753611111111116,86.42166666666668,207.0,5.903284072875977,234.0956573486328,-0.003414824604988098,2.4545247554779053,9.633151054382324
23.753611111111116,86.42194444444445,204.0,4.148559093475342,232.18946838378906,0.003414824604988098,1.7638342380523682,9.930876731872559
23.753611111111116,86.42222222222223,203.0,2.055208444595337,227.47731018066406,0.0022765498142689466,1.0657403469085693,10.597667694091797
23.753611111111116,86.42250000000001,203.0,2.3755056858062744,253.00230407714844,-0.003414824604988098,1.054092526435852,10.44010066986084
23.753611111111116,86.42277777777778,201.0,4.291714191436768,266.9122009277344,-2.7755575615628914e-17,1.8257418870925903,9.846938133239746
23.753611111111116,86.42305555555556,199.0,3.7899327278137207,266.5014343261719,-0.0011382749071344733,1.7497795820236206,9.964020729064941
23.753333333333337,86.41722222222224,199.0,21.778026580810547,163.98873901367188,-0.004553099628537893,10.614455223083496,9.154851913452148
23.753333333333337,86.4175,204.0,21.004735946655273,144.1616668701172,-0.005691374186426401,9.820612907409668,9.13745403289795
23.753333333333337,86.41777777777779,211.0,17.54366111755371,140.10421752929688,-0.011382748372852802,8.033879280090332,9.249032974243164
23.753333333333337,86.41805555555557,215.0,12.78988265991211,141.58389282226562,-0.006829649209976196,5.92546272277832,9.474550247192383
23.753333333333337,86.41833333333334,218.0,8.826284408569336,141.35218811035156,-0.004553099628537893,4.139541149139404,9.735310554504395
23.753333333333337,86.41861111111112,220.0,5.583623886108398,150.2657012939453,-0.005691374186426401,2.624669313430786,10.081901550292969
23.753333333333337,86.4188888888889,220.0,4.536911487579346,150.0024871826172,0.0022765498142689466,2.0786986351013184,10.195045471191406
23.753333333333337,86.41916666666667,222.0,4.307967185974121,155.81967163085938,-0.004553099628537893,1.9436506032943726,10.183122634887695
23.753333333333337,86.41944444444445,222.0,4.5685319900512695,163.98873901367188,-1.1102230246251565e-16,2.024540901184082,10.092218399047852
23.753333333333337,86.41972222222223,223.0,5.364965438842773,171.905029296875,-0.003414824604988098,2.58198881149292,9.923019409179688
23.753333333333337,86.42000000000002,222.0,7.536803722381592,203.56568908691406,-5.551115123125783e-17,3.359159231185913,9.585921287536621
23.753333333333337,86.42027777777778,219.0,10.146014213562012,219.8236083984375,0.0022765498142689466,4.346135139465332,9.291706085205078
23.753333333333337,86.42055555555557,215.0,8.855290412902832,216.4527587890625,0.007967923767864704,3.9440531730651855,9.430154800415039
23.753333333333337,86.42083333333335,214.0,6.559160232543945,212.46005249023438,0.0011382749071344733,3.0225489139556885,9.718595504760742
23.753333333333337,86.42111111111112,212.0,5.447513580322266,223.89501953125,0.003414824604988098,2.4944381713867188,9.871942520141602
23.753333333333337,86.4213888888889,211.0,5.229490756988525,234.958740234375,-0.003414824604988098,2.266230821609497,9.862569808959961
23.753333333333337,86.42166666666668,208.0,5.746016979217529,241.17881774902344,0.0022765498142689466,2.393406629562378,9.708078384399414
23.753333333333337,86.42194444444445,206.0,4.979940414428711,239.31546020507812,-0.0011382749071344733,2.108185052871704,9.796067237854004
23.753333333333337,86.42222222222223,204.0,3.3303771018981934,245.36712646484375,0.0011382749071344733,1.5234787464141846,10.161051750183105
23.753333333333337,86.42250000000001,203.0,3.2878224849700928,274.0351257324219,-0.0022765498142689466,1.498970866203308,10.156634330749512
23.753333333333337,86.42277777777778,201.0,4.34105110168457,279.1927185058594,-0.0022765498142689466,1.6996731758117676,9.872604370117188
23.75305555555556,86.41694444444445,206.0,13.059134483337402,196.56210327148438,0.006829649209976196,5.807615280151367,9.553800582885742
23.75305555555556,86.41722222222224,206.0,11.52606201171875,166.24488830566406,0.003414824604988098,5.194964408874512,9.653190612792969
23.75305555555556,86.4175,210.0,12.127273559570312,134.1116943359375,-0.0022765498142689466,5.374838352203369,9.542916297912598
23.75305555555556,86.41777777777779,215.0,10.044280052185059,124.78935241699219,-0.004553099628537893,4.424957275390625,9.654351234436035
23.75305555555556,86.41805555555557,218.0,6.576496124267578,126.58952331542969,-0.003414824604988098,2.8846123218536377,9.985203742980957
23.75305555555556,86.41833333333334,220.0,4.827740669250488,128.47715759277344,-0.0022765498142689466,2.165954351425171,10.192151069641113
23.75305555555556,86.41861111111112,221.0,4.1030731201171875,142.08544921875,0.0011382749071344733,1.9116278886795044,10.25968074798584
23.75305555555556,86.4188888888889,222.0,4.536911487579346,150.0024871826172,0.0011382749071344733,1.949992060661316,10.084671974182129
23.75305555555556,86.41916666666667,223.0,4.622771263122559,154.14329528808594,0.0022765498142689466,2.1140329837799072,10.021550178527832
23.75305555555556,86.41944444444445,224.0,5.04067325592041,156.43431091308594,0.0011382749071344733,2.266230821609497,9.921292304992676
23.75305555555556,86.41972222222223,225.0,6.19621467590332,158.56707763671875,0.003414824604988098,2.793290138244629,9.726203918457031
23.75305555555556,86.42000000000002,227.0,7.251226425170898,189.9750213623047,-0.006829649209976196,3.366501569747925,9.596396446228027
23.75305555555556,86.42027777777778,225.0,10.199329376220703,216.01568603515625,-0.005691374186426401,4.474895477294922,9.282075881958008
23.75305555555556,86.42055555555557,221.0,10.524521827697754,216.38221740722656,-0.0011382749071344733,4.466611385345459,9.271472930908203
23.75305555555556,86.42083333333335,218.0,9.156779289245605,218.97413635253906,0.0,4.0,9.413354873657227
23.75305555555556,86.42111111111112,215.0,7.650447845458984,235.1248321533203,-0.0011382749071344733,3.4246745109558105,9.569300651550293
23.75305555555556,86.4213888888889,212.0,5.680004119873047,248.5438995361328,5.551115123125783e-17,2.557969808578491,9.820494651794434
23.75305555555556,86.42166666666668,210.0,5.224344253540039,254.61746215820312,-0.003414824604988098,2.1487865447998047,9.843894958496094
23.75305555555556,86.42194444444445,207.0,4.924236297607422,256.4321594238281,5.551115123125783e-17,2.024540901184082,9.847689628601074
23.75305555555556,86.42222222222223,205.0,4.138584613800049,257.0872497558594,-0.0022765498142689466,1.6178021430969238,9.985401153564453
23.75305555555556,86.42250000000001,202.0,4.138584613800049,257.0872497558594,0.004553099628537893,1.6629588603973389,9.970170021057129
23.75305555555556,86.42277777777778,200.0,3.793570041656494,248.5438995361328,0.004553099628537893,1.7916128635406494,10.054367065429688
23.75305555555556,86.42305555555556,199.0,3.4689884185791016,233.11830139160156,0.0011382749071344733,1.5713484287261963,10.138504028320312
23.75277777777778,86.41694444444445,214.0,10.831960678100586,201.6295166015625,-0.004553099628537893,4.724509239196777,9.51606559753418
23.75277777777778,86.41722222222224,212.0,8.510241508483887,181.68809509277344,0.0011382749071344733,3.9659039974212646,9.7432861328125
23.75277777777778,86.4175,213.0,7.137692928314209,135.25003051757812,0.0022765498142689466,3.435472249984741,9.876562118530273
23.75277777777778,86.41777777777779,217.0,6.461338520050049,110.91227722167969,-0.004553099628537893,2.806518077850342,9.914023399353027
23.75277777777778,86.41805555555557,219.0,4.138584613800049,102.91276550292969,-0.0011382749071344733,1.7708196640014648,10.289412498474121
23.75277777777778,86.41833333333334,221.0,3.845804214477539,100.39321899414062,-0.0022765498142689466,1.6405359506607056,10.289469718933105
23.75277777777778,86.41861111111112,223.0,4.761790752410889,115.89668273925781,-0.0022765498142689466,2.2166597843170166,10.008308410644531
23.75277777777778,86.4188888888889,225.0,4.776201248168945,140.72264099121094,-0.0022765498142689466,2.0786986351013184,9.952580451965332
23.75277777777778,86.41916666666667,226.0,4.622771263122559,154.14329528808594,-0.0022765498142689466,2.1140329837799072,9.953880310058594
23.75277777777778,86.41944444444445,227.0,5.847918510437012,145.97927856445312,-1.1102230246251565e-16,2.6434171199798584,9.712982177734375
23.75277777777778,86.41972222222223,229.0,6.305641174316406,151.39987182617188,-0.0022765498142689466,2.6666667461395264,9.660938262939453
23.75277777777778,86.42000000000002,230.0,5.180491924285889,191.2141571044922,-0.004553099628537893,2.4944381713867188,9.905043601989746
23.75277777777778,86.42027777777778,228.0,7.158829689025879,227.47731018066406,-0.0022765498142689466,3.119037628173828,9.633378982543945
23.75277777777778,86.42055555555557,225.0,8.168563842773438,227.47731018066406,-0.0022765498142689466,3.499559164047241,9.543071746826172
23.75277777777778,86.42083333333335,222.0,9.314249992370605,233.73443603515625,-0.003414824604988098,3.858612298965454,9.425268173217773
23.75277777777778,86.42111111111112,217.0,10.036428451538086,247.1517791748047,0.0,4.175176620483398,9.32927417755127
23.75277777777778,86.4213888888889,212.0,7.271103858947754,255.3175811767578,0.005691374186426401,3.0832083225250244,9.6060209274292
23.75277777777778,86.42166666666668,210.0,5.333616256713867,262.5362548828125,-0.0011382749071344733,2.2607767581939697,9.85392951965332
23.75277777777778,86.42194444444445,207.0,4.629415988922119,258.4813537597656,0.0022765498142689466,1.8856180906295776,9.939682960510254
23.75277777777778,86.42222222222223,205.0,3.883143663406372,237.5890350341797,0.003414824604988098,1.7638342380523682,10.082877159118652
23.75277777777778,86.42250000000001,204.0,4.769110679626465,223.38172912597656,-0.0011382749071344733,2.108185052871704,9.867216110229492
23.75277777777778,86.42277777777778,202.0,5.189964771270752,212.26454162597656,0.0022765498142689466,2.2166597843170166,9.785360336303711
23.75277777777778,86.42305555555556,201.0,5.189964771270752,212.26454162597656,-5.551115123125783e-17,2.2333056926727295,9.787165641784668
23.75277777777778,86.42333333333335,199.0,6.18314790725708,230.63018798828125,0.0011382749071344733,2.657391309738159,9.601454734802246
23.752500000000005,86.41666666666667,220.0,4.213204860687256,208.60012817382812,-0.006829649209976196,2.042752981185913,10.218589782714844
23.752500000000005,86.41694444444445,218.0,5.786923408508301,220.7243194580078,-0.003414824604988098,2.557969808578491,9.923134803771973
23.752500000000005,86.41722222222224,216.0,4.940727233886719,207.31747436523438,-0.0022765498142689466,2.211083173751831,10.080757141113281
23.752500000000005,86.4175,215.0,3.8149051666259766,148.0725860595703,0.003414824604988098,1.9309052228927612,10.320770263671875
23.752500000000005,86.41777777777779,217.0,4.265336513519287,108.97796630859375,0.0011382749071344733,1.9116278886795044,10.178643226623535
23.752500000000005,86.41805555555557,219.0,3.027895212173462,90.0,-0.0011382749071344733,1.2862040996551514,10.486868858337402
23.752500000000005,86.41833333333334,220.0,4.291714191436768,86.91218566894531,0.003414824604988098,1.8525924682617188,10.098294258117676
23.752500000000005,86.41861111111112,223.0,6.326276779174805,96.27996826171875,0.0022765498142689466,2.538591146469116,9.665993690490723
23.752500000000005,86.4188888888889,227.0,4.436622142791748,114.63288116455078,-0.006829649209976196,1.9436506032943726,9.981302261352539
23.752500000000005,86.41916666666667,227.0,3.41029953956604,138.26132202148438,0.003414824604988098,1.498970866203308,10.214516639709473
23.752500000000005,86.41944444444445,229.0,4.892572402954102,124.52000427246094,-5.551115123125783e-17,2.0,9.846604347229004
23.752500000000005,86.41972222222223,232.0,3.7640745639801025,132.52268981933594,-0.006829649209976196,1.6996731758117676,10.138917922973633
23.752500000000005,86.42000000000002,232.0,2.7311923503875732,220.30197143554688,-0.004553099628537893,1.4229165315628052,10.521775245666504
23.752500000000005,86.42027777777778,230.0,5.217365741729736,246.52001953125,-0.003414824604988098,2.1829869747161865,9.948307037353516
23.752500000000005,86.42055555555557,227.0,6.147861480712891,250.25949096679688,-1.6653345369377348e-16,2.7125678062438965,9.84664535522461
23.752500000000005,86.42083333333335,225.0,8.632827758789062,260.8072814941406,-0.010244473814964294,3.7416574954986572,9.531644821166992
23.752500000000005,86.42111111111112,219.0,10.754180908203125,266.3391418457031,-0.0022765498142689466,4.4721360206604,9.290793418884277
23.752500000000005,86.4213888888889,214.0,8.523591995239258,270.0,-0.003414824604988098,3.5311663150787354,9.4728422164917
23.752500000000005,86.42166666666668,210.0,5.038169860839844,270.0,0.0011382749071344733,2.0786986351013184,9.932884216308594
23.752500000000005,86.42194444444445,208.0,3.129276990890503,233.73443603515625,0.0011382749071344733,1.632993221282959,10.351713180541992
23.752500000000005,86.42222222222223,207.0,4.307967185974121,204.18032836914062,0.0011382749071344733,1.8724777698516846,10.000602722167969
23.752500000000005,86.42250000000001,206.0,5.353154182434082,205.04818725585938,0.0011382749071344733,2.393406629562378,9.778227806091309
23.752500000000005,86.42277777777778,205.0,5.772159099578857,203.107666015625,2.7755575615628914e-17,2.51415753364563,9.71109390258789
23.752500000000005,86.42305555555556,204.0,6.232912540435791,211.64703369140625,-0.0011382749071344733,2.7125678062438965,9.642284393310547
23.752500000000005,86.42333333333335,202.0,7.132636070251465,222.0124969482422,-0.0022765498142689466,3.126943826675415,9.507140159606934
23.752222222222226,86.41666666666667,220.0,1.2836486101150513,280.3932189941406,-0.0011382749071344733,0.8164965510368347,11.237189292907715
23.752222222222226,86.41694444444445,219.0,3.2878224849700928,265.9648742675781,-0.003414824604988098,1.4142135381698608,10.32632827758789
23.752222222222226,86.41722222222224,217.0,2.112485885620117,236.7734832763672,0.0011382749071344733,1.1331154108047485,10.787430763244629
23.752222222222226,86.4175,217.0,2.765655279159546,146.8046875,0.0,1.3146843910217285,10.527580261230469
23.752222222222226,86.41777777777779,218.0,3.4227399826049805,132.52268981933594,0.0011382749071344733,1.5234787464141846,10.318345069885254
23.752222222222226,86.41805555555557,219.0,3.129276990890503,126.26556396484375,0.0011382749071344733,1.5713484287261963,10.405202865600586
23.752222222222226,86.41833333333334,220.0,5.863388538360596,115.65798950195312,0.006829649209976196,2.58198881149292,9.759060859680176
23.752222222222226,86.41861111111112,224.0,7.732356071472168,114.63288116455078,0.0011382749071344733,3.2356042861938477,9.447541236877441
23.752222222222226,86.4188888888889,227.0,4.892572402954102,124.52000427246094,0.0022765498142689466,2.1602468490600586,9.864982604980469
23.752222222222226,86.41916666666667,229.0,2.7393646240234375,132.52268981933594,-0.003414824604988098,1.2472190856933594,10.407730102539062
23.752222222222226,86.41944444444445,230.0,3.6502485275268555,104.68241882324219,5.551115123125783e-17,1.632993221282959,10.109760284423828
23.752222222222226,86.41972222222223,232.0,2.566009759902954,100.39321899414062,-0.0022765498142689466,1.2472190856933594,10.498878479003906
23.752222222222226,86.42000000000002,232.0,1.7128982543945312,227.47731018066406,-0.0011382749071344733,1.0304020643234253,10.983110427856445
23.752222222222226,86.42027777777778,230.0,4.761790752410889,244.1033172607422,0.003414824604988098,2.0608041286468506,10.056013107299805
23.752222222222226,86.42055555555557,228.0,7.374231338500977,261.01513671875,-0.003414824604988098,3.201080083847046,9.694591522216797
23.752222222222226,86.42083333333335,223.0,10.30687141418457,276.3812561035156,0.0022765498142689466,4.357482433319092,9.388093948364258
23.752222222222226,86.42111111111112,218.0,11.490679740905762,282.6351318359375,-0.0022765498142689466,4.771313667297363,9.255929946899414
23.752222222222226,86.4213888888889,212.0,8.823485374450684,285.0948181152344,0.004553099628537893,3.6038389205932617,9.461846351623535
23.752222222222226,86.42166666666668,209.0,3.0629920959472656,278.6900329589844,0.004553099628537893,1.7638342380523682,10.447514533996582
23.752222222222226,86.42194444444445,209.0,2.95463490486145,160.02479553222656,0.0022765498142689466,1.8856180906295776,10.41964054107666
23.752222222222226,86.42222222222223,210.0,5.776169300079346,177.50247192382812,-0.0011382749071344733,2.657391309738159,9.715015411376953
23.752222222222226,86.42250000000001,209.0,7.198066234588623,196.21360778808594,0.0022765498142689466,3.130889415740967,9.489128112792969
23.752222222222226,86.42277777777778,208.0,6.810611724853516,203.953369140625,0.0011382749071344733,3.046957492828369,9.554181098937988
23.752222222222226,86.42305555555556,207.0,6.475607395172119,218.41610717773438,-0.003414824604988098,2.87174391746521,9.616242408752441
23.752222222222226,86.42333333333335,204.0,6.50866174697876,215.41880798339844,0.003414824604988098,2.943920373916626,9.620373725891113
23.752222222222226,86.42361111111111,203.0,7.35251522064209,199.97520446777344,-2.7755575615628914e-17,3.265986442565918,9.502616882324219
23.751944444444447,86.4163888888889,219.0,3.0811619758605957,47.4773063659668,-0.0011382749071344733,1.3425606489181519,10.249021530151367
23.751944444444447,86.41666666666667,220.0,2.4357128143310547,328.79248046875,-0.005691374186426401,1.2472190856933594,10.524876594543457
23.751944444444447,86.41694444444445,218.0,2.789794921875,305.49908447265625,2.7755575615628914e-17,1.2862040996551514,10.425700187683105
23.751944444444447,86.41722222222224,217.0,1.0279349088668823,132.52268981933594,0.003414824604988098,1.3698698282241821,11.458962440490723
23.751944444444447,86.4175,218.0,4.089873790740967,137.3028564453125,0.003414824604988098,1.7638342380523682,10.107961654663086
23.751944444444447,86.41777777777779,220.0,4.536911487579346,150.0024871826172,-0.0022765498142689466,2.0786986351013184,10.028834342956543
23.751944444444447,86.41805555555557,220.0,5.847918510437012,145.97927856445312,0.006829649209976196,2.671292304992676,9.784244537353516
23.751944444444447,86.41833333333334,223.0,8.838932991027832,132.52268981933594,0.0022765498142689466,3.725123167037964,9.354536056518555
23.751944444444447,86.41861111111112,227.0,8.838932991027832,132.52268981933594,-1.1102230246251565e-16,3.7051849365234375,9.316596984863281
23.751944444444447,86.4188888888889,230.0,4.622771263122559,154.14329528808594,-0.005691374186426401,2.298684597015381,9.915660858154297
23.751944444444447,86.41916666666667,229.0,1.6403926610946655,171.14578247070312,0.003414824604988098,1.2472190856933594,10.905338287353516
23.751944444444447,86.41944444444445,230.0,3.0629920959472656,98.69002532958984,0.0011382749071344733,1.3425606489181519,10.270720481872559
23.751944444444447,86.41972222222223,232.0,3.165930986404419,106.99769592285156,1.1102230246251565e-16,1.3966450691223145,10.288971900939941
23.751944444444447,86.42000000000002,233.0,1.6403926610946655,188.85421752929688,-0.0011382749071344733,1.054092526435852,11.050650596618652
23.751944444444447,86.42027777777778,233.0,4.924236297607422,256.4321594238281,-0.009106199257075787,2.330686330795288,10.066299438476562
23.751944444444447,86.42055555555557,229.0,9.7782564163208,274.0351257324219,-0.005691374186426401,4.157397270202637,9.460088729858398
23.751944444444447,86.42083333333335,223.0,12.717194557189941,282.4125671386719,-0.004553099628537893,5.258737564086914,9.220168113708496
23.751944444444447,86.42111111111112,216.0,11.422282218933105,286.2668151855469,0.0011382749071344733,4.618802070617676,9.298881530761719
23.751944444444447,86.4213888888889,211.0,6.108575820922852,278.6900329589844,0.004553099628537893,2.8284270763397217,9.85792350769043
23.751944444444447,86.42166666666668,209.0,2.31486439704895,180.0,0.007967923767864704,1.5947444438934326,10.742097854614258
23.751944444444447,86.42194444444445,211.0,5.786923408508301,139.2756805419922,0.0022765498142689466,2.4545247554779053,9.751908302307129
23.751944444444447,86.42222222222223,214.0,5.893638610839844,160.02479553222656,-0.005691374186426401,2.671292304992676,9.695292472839355
23.751944444444447,86.42250000000001,214.0,6.470980644226074,195.7859649658203,-0.005691374186426401,2.8674416542053223,9.589723587036133
23.751944444444447,86.42277777777778,212.0,7.170790672302246,216.5569305419922,-0.0022765498142689466,3.046957492828369,9.487737655639648
23.751944444444447,86.42305555555556,209.0,6.821223735809326,227.47731018066406,0.0011382749071344733,3.034777879714966,9.54521369934082
23.751944444444447,86.42333333333335,207.0,5.2611823081970215,208.60012817382812,0.0011382749071344733,2.403700828552246,9.819796562194824
23.751944444444447,86.42361111111111,207.0,5.631548881530762,190.30052185058594,-0.003414824604988098,2.528846025466919,9.771214485168457
23.751944444444447,86.4238888888889,206.0,7.811152458190918,219.98995971679688,-0.005691374186426401,3.3370349407196045,9.460288047790527
23.75166666666667,86.4163888888889,218.0,4.307967185974121,24.180326461791992,-0.004553099628537893,2.042752981185913,9.921701431274414
23.75166666666667,86.41666666666667,218.0,4.5685319900512695,343.9887390136719,-0.004553099628537893,1.9436506032943726,9.906901359558105
23.75166666666667,86.41694444444445,216.0,2.3692140579223633,12.302896499633789,0.005691374186426401,1.8121674060821533,10.609264373779297
23.75166666666667,86.41722222222224,218.0,4.74287223815918,106.99769592285156,0.0011382749071344733,2.309401035308838,9.957242012023926
23.75166666666667,86.4175,221.0,6.483141899108887,132.52268981933594,-0.003414824604988098,2.948110818862915,9.682097434997559
23.75166666666667,86.41777777777779,222.0,7.34591007232666,151.39987182617188,0.004553099628537893,3.3333332538604736,9.58286190032959
23.75166666666667,86.41805555555557,224.0,9.336723327636719,149.37643432617188,0.0022765498142689466,4.109609127044678,9.344335556030273
23.75166666666667,86.41833333333334,227.0,10.821159362792969,141.48977661132812,0.003414824604988098,4.594682693481445,9.169000625610352
23.75166666666667,86.41861111111112,231.0,8.571399688720703,146.24380493164062,-0.003414824604988098,3.8005847930908203,9.353116035461426
23.75166666666667,86.4188888888889,232.0,4.910464763641357,188.85421752929688,-0.0022765498142689466,2.4845199584960938,9.847031593322754
23.75166666666667,86.41916666666667,230.0,3.432037830352783,216.01568603515625,0.003414824604988098,1.6996731758117676,10.153767585754395
23.75166666666667,86.41944444444445,230.0,2.8802506923675537,118.82117462158203,0.004553099628537893,1.3698698282241821,10.330657958984375
23.75166666666667,86.41972222222223,233.0,3.6502485275268555,104.68241882324219,-0.003414824604988098,1.4740554094314575,10.16940689086914
23.75166666666667,86.42000000000002,234.0,1.0101343393325806,270.0,-0.004553099628537893,1.154700517654419,11.585165023803711
23.75166666666667,86.42027777777778,232.0,8.017727851867676,290.1442565917969,-0.004553099628537893,3.744955539703369,9.638933181762695
23.75166666666667,86.42055555555557,227.0,14.339923858642578,296.2802429199219,-0.005691374186426401,6.359594821929932,9.129368782043457
23.75166666666667,86.42083333333335,220.0,16.211313247680664,301.89361572265625,-0.005691374186426401,6.892472267150879,9.018770217895508
23.75166666666667,86.42111111111112,213.0,11.198424339294434,310.7979736328125,0.0022765498142689466,5.013561725616455,9.355786323547363
23.75166666666667,86.4213888888889,211.0,2.95463490486145,340.0247802734375,0.0,2.58198881149292,10.61121940612793
23.75166666666667,86.42166666666668,212.0,3.3303771018981934,114.63288116455078,-0.0022765498142689466,1.8856180906295776,10.394462585449219
23.75166666666667,86.42194444444445,214.0,4.64743709564209,119.81971740722656,-0.003414824604988098,2.054804563522339,9.983412742614746
23.75166666666667,86.42222222222223,216.0,2.450753927230835,124.52000427246094,-0.005691374186426401,1.4142135381698608,10.577557563781738
23.75166666666667,86.42250000000001,216.0,1.7755566835403442,238.5594940185547,-0.004553099628537893,1.257078766822815,10.874764442443848
23.75166666666667,86.42277777777778,215.0,4.924236297607422,256.4321594238281,-0.009106199257075787,2.1829869747161865,9.838388442993164
23.75166666666667,86.42305555555556,211.0,5.217365741729736,246.52001953125,0.0,2.2333056926727295,9.77461051940918
23.75166666666667,86.42333333333335,209.0,3.574545383453369,205.04818725585938,0.0022765498142689466,1.5713484287261963,10.163554191589355
23.75166666666667,86.42361111111111,209.0,3.7347676753997803,187.76187133789062,0.0,1.6850833892822266,10.148921012878418
23.75166666666667,86.4238888888889,209.0,6.124725341796875,224.29409790039062,-0.006829649209976196,2.8674416542053223,9.69318675994873
23.75166666666667,86.42416666666668,205.0,9.714818000793457,235.47999572753906,-0.0011382749071344733,4.058218479156494,9.260086059570312
23.751388888888894,86.41611111111112,214.0,4.5685319900512695,16.01126480102539,5.551115123125783e-17,2.282515287399292,9.854053497314453
23.751388888888894,86.4163888888889,215.0,6.2339186668396,2.3127310276031494,-0.004553099628537893,2.6988794803619385,9.593937873840332
23.751388888888894,86.41666666666667,214.0,5.364965438842773,8.094966888427734,0.003414824604988098,2.58198881149292,9.798718452453613
23.751388888888894,86.41694444444445,215.0,4.897218704223633,67.82506561279297,0.004553099628537893,2.51415753364563,9.94302749633789
23.751388888888894,86.41722222222224,219.0,7.317078590393066,95.4193344116211,-0.0011382749071344733,2.935521125793457,9.586942672729492
23.751388888888894,86.4175,223.0,7.70786190032959,109.18025207519531,-0.0022765498142689466,3.2923405170440674,9.572040557861328
23.751388888888894,86.41777777777779,227.0,7.868791103363037,130.05169677734375,-0.006829649209976196,3.499559164047241,9.568703651428223
23.751388888888894,86.41805555555557,229.0,9.474014282226562,138.6719970703125,-1.1102230246251565e-16,4.163331985473633,9.368810653686523
23.751388888888894,86.41833333333334,233.0,9.156779289245605,141.02586364746094,-0.005691374186426401,3.918931484222412,9.359126091003418
23.751388888888894,86.41861111111112,235.0,5.464808940887451,158.3704833984375,-0.005691374186426401,2.7888667583465576,9.808891296386719
23.751388888888894,86.4188888888889,235.0,4.1030731201171875,217.91455078125,-0.006829649209976196,1.987615942955017,10.016961097717285
23.751388888888894,86.41916666666667,232.0,4.148559093475342,232.18946838378906,0.0011382749071344733,1.7497795820236206,9.954648971557617
23.751388888888894,86.41944444444445,231.0,2.0541701316833496,142.08544921875,0.003414824604988098,1.196703314781189,10.678516387939453
23.751388888888894,86.41972222222223,233.0,2.523963689804077,90.0,-0.0011382749071344733,1.257078766822815,10.577091217041016
23.751388888888894,86.42000000000002,234.0,3.883143663406372,302.41094970703125,-0.007967923767864704,2.108185052871704,10.29815673828125
23.751388888888894,86.42027777777778,230.0,13.412556648254395,295.0743103027344,-0.005691374186426401,6.164413928985596,9.18050765991211
23.751388888888894,86.42055555555557,222.0,19.51429557800293,300.8829040527344,-0.005691374186426401,8.3725004196167,8.86269474029541
23.751388888888894,86.42083333333335,212.0,17.96384048461914,310.416259765625,0.007967923767864704,7.673909664154053,8.953352928161621
23.751388888888894,86.42111111111112,207.0,10.920897483825684,334.274169921875,0.007967923767864704,5.137612342834473,9.40887451171875
23.751388888888894,86.4213888888889,208.0,7.66541051864624,29.423921585083008,0.0022765498142689466,3.5935471057891846,9.671131134033203
23.751388888888894,86.42166666666668,212.0,6.9827880859375,55.8695182800293,-0.006829649209976196,3.0951974391937256,9.667888641357422
23.751388888888894,86.42194444444445,214.0,4.555778503417969,56.0787467956543,-0.003414824604988098,2.1829869747161865,10.021888732910156
23.751388888888894,86.42222222222223,215.0,2.95463490486145,19.97521209716797,-0.0022765498142689466,1.448711633682251,10.402924537658691
23.751388888888894,86.42250000000001,215.0,3.892144203186035,333.0296936035156,-0.004553099628537893,1.6996731758117676,10.086324691772461
23.751388888888894,86.42277777777778,213.0,4.488232612609863,308.1691589355469,5.551115123125783e-17,1.9309052228927612,9.908430099487305
23.751388888888894,86.42305555555556,211.0,2.566009759902954,280.3932189941406,0.0022765498142689466,1.5713484287261963,10.442950248718262
23.751388888888894,86.42333333333335,211.0,1.6403926610946655,188.85421752929688,-0.0022765498142689466,0.9428090453147888,10.887320518493652
23.751388888888894,86.42361111111111,211.0,2.3692140579223633,192.3029022216797,-0.0022765498142689466,1.054092526435852,10.549721717834473
23.751388888888894,86.4238888888889,210.0,4.219244003295898,236.7734832763672,-0.0011382749071344733,1.987615942955017,10.029273986816406
23.751388888888894,86.42416666666668,208.0,7.554168224334717,248.5438995361328,-0.006829649209976196,3.1622776985168457,9.505873680114746
23.751388888888894,86.42444444444445,203.0,8.482076644897461,239.00119018554688,0.0022765498142689466,3.6514837741851807,9.433676719665527
23.751111111111115,86.41611111111112,212.0,4.281691074371338,346.3786315917969,-0.0022765498142689466,2.1140329837799072,9.958317756652832
23.751111111111115,86.4163888888889,210.0,5.631548881530762,349.6994934082031,0.006829649209976196,2.4494898319244385,9.743550300598145
23.751111111111115,86.41666666666667,211.0,6.141522407531738,37.91454315185547,0.003414824604988098,2.766644239425659,9.719249725341797
23.751111111111115,86.41694444444445,215.0,8.017727851867676,69.85575103759766,-0.0022765498142689466,3.4029762744903564,9.51046371459961
23.751111111111115,86.41722222222224,219.0,8.234429359436035,77.08723449707031,-0.0022765498142689466,3.399346351623535,9.535304069519043
23.751111111111115,86.4175,223.0,9.119930267333984,81.30997467041016,-0.0011382749071344733,3.7712361812591553,9.466413497924805
23.751111111111115,86.41777777777779,228.0,9.288278579711914,94.25247192382812,-0.003414824604988098,4.039924144744873,9.456171989440918
23.751111111111115,86.41805555555557,232.0,8.017727851867676,110.14424896240234,-0.0011382749071344733,3.3259177207946777,9.580080032348633
23.751111111111115,86.41833333333334,236.0,4.315837860107422,118.82117462158203,-0.009106199257075787,2.1314806938171387,10.143634796142578
23.751111111111115,86.41861111111112,236.0,0.5051064491271973,270.0,-0.003414824604988098,1.0304020643234253,12.204621315002441
23.751111111111115,86.4188888888889,235.0,2.8613502979278564,284.0420227050781,-0.003414824604988098,1.2862040996551514,10.382399559020996
23.751111111111115,86.41916666666667,233.0,2.566009759902954,259.6067810058594,-1.1102230246251565e-16,1.2472190856933594,10.445464134216309
23.751111111111115,86.41944444444445,232.0,1.185113549232483,167.6970977783203,0.0022765498142689466,0.6849349141120911,11.25709342956543
23.751111111111115,86.41972222222223,233.0,0.34267765283584595,47.4773063659668,-0.0022765498142689466,0.9558139443397522,12.625650405883789
23.751111111111115,86.42000000000002,232.0,6.317302227020264,293.6819763183594,-0.003414824604988098,2.8846123218536377,9.872857093811035
23.751111111111115,86.42027777777778,227.0,16.637784957885742,286.5035400390625,-0.007967923767864704,7.025526523590088,9.016066551208496
23.751111111111115,86.42055555555557,214.0,20.59624481201172,288.17657470703125,0.014797573909163475,8.761588096618652,8.850651741027832
23.751111111111115,86.42083333333335,206.0,14.226860046386719,297.5404968261719,0.009106199257075787,6.355710983276367,9.226275444030762
23.751111111111115,86.42111111111112,202.0,6.08259916305542,335.5653076171875,0.012521023862063885,3.1894888877868652,10.013400077819824
23.751111111111115,86.4213888888889,204.0,7.4744672775268555,44.87425231933594,0.004553099628537893,3.265986442565918,9.702059745788574
23.751111111111115,86.42166666666668,208.0,9.054667472839355,56.0787467956543,0.0022765498142689466,3.744955539703369,9.416121482849121
23.751111111111115,86.42194444444445,212.0,6.124725341796875,44.294090270996094,-0.003414824604988098,2.7261877059936523,9.744917869567871
23.751111111111115,86.42222222222223,213.0,4.622196197509766,0.0,-0.003414824604988098,2.096440315246582,9.976913452148438
23.751111111111115,86.42250000000001,212.0,5.16119384765625,340.0247802734375,0.0,2.1829869747161865,9.816482543945312
23.751111111111115,86.42277777777778,211.0,3.6914548873901367,340.0247802734375,0.0011382749071344733,1.8121674060821533,10.099504470825195
23.751111111111115,86.42305555555556,211.0,1.185113549232483,12.302896499633789,-0.0011382749071344733,1.054092526435852,11.188262939453125
23.751111111111115,86.42333333333335,211.0,1.1112383604049683,114.63288116455078,0.0022765498142689466,0.6285393834114075,11.229568481445312
23.751111111111115,86.42361111111111,212.0,1.185113549232483,192.3029022216797,-0.003414824604988098,0.6666666865348816,11.187190055847168
23.751111111111115,86.4238888888889,211.0,3.5477097034454346,238.5594940185547,-0.0022765498142689466,1.498970866203308,10.155970573425293
23.751111111111115,86.42416666666668,208.0,6.406434535980225,239.7328643798828,0.003414824604988098,2.793290138244629,9.649867057800293
23.751111111111115,86.42444444444445,205.0,7.137692928314209,224.74996948242188,0.004553099628537893,3.2126293182373047,9.621232032775879
23.750833333333336,86.41583333333334,210.0,3.574545383453369,334.9518127441406,0.0011382749071344733,1.8525924682617188,10.12075138092041
23.750833333333336,86.41611111111112,210.0,5.353154182434082,334.9518127441406,-0.004553099628537893,2.309401035308838,9.76417064666748
23.750833333333336,86.4163888888889,208.0,5.012292861938477,345.4457092285156,0.0011382749071344733,2.3147406578063965,9.892419815063477
23.750833333333336,86.41666666666667,208.0,6.821223735809326,47.4773063659668,0.006829649209976196,3.0225489139556885,9.65066146850586
23.750833333333336,86.41694444444445,213.0,9.778355598449707,63.53438186645508,-0.0022765498142689466,4.027681827545166,9.352890968322754
23.750833333333336,86.41722222222224,217.0,9.270780563354492,66.65701293945312,-5.551115123125783e-17,3.9157800674438477,9.464305877685547
23.750833333333336,86.4175,221.0,10.02662467956543,71.33172607421875,0.003414824604988098,4.112612247467041,9.421534538269043
23.750833333333336,86.41777777777779,227.0,11.422282218933105,73.73318481445312,-0.0011382749071344733,4.548775672912598,9.295989036560059
23.750833333333336,86.41805555555557,234.0,8.502586364746094,66.07128143310547,-0.014797573909163475,3.7712361812591553,9.569326400756836
23.750833333333336,86.41833333333334,235.0,4.622771263122559,25.856706619262695,-0.004553099628537893,2.393406629562378,10.120332717895508
23.750833333333336,86.41861111111112,235.0,4.5685319900512695,343.9887390136719,-0.005691374186426401,2.054804563522339,10.043926239013672
23.750833333333336,86.4188888888889,233.0,3.2615230083465576,337.2467956542969,0.0022765498142689466,1.632993221282959,10.296278953552246
23.750833333333336,86.41916666666667,233.0,0.739273190498352,340.0247802734375,0.0,0.9938079714775085,11.743143081665039
23.750833333333336,86.41944444444445,233.0,0.34267765283584595,227.47731018066406,-0.0011382749071344733,0.4157397150993347,12.56264877319336
23.750833333333336,86.41972222222223,233.0,1.0101343393325806,270.0,-0.003414824604988098,0.6849349141120911,11.616982460021973
23.750833333333336,86.42000000000002,231.0,6.791064739227295,268.0546875,-0.0011382749071344733,2.943920373916626,9.86892318725586
23.750833333333336,86.42027777777778,225.0,17.379810333251953,269.2599792480469,-0.0011382749071344733,7.549016952514648,9.024258613586426
23.750833333333336,86.42055555555557,214.0,20.54106330871582,270.6181335449219,0.0011382749071344733,8.774260520935059,8.886754989624023
23.750833333333336,86.42083333333335,204.0,12.206814765930176,273.2135925292969,0.012521023862063885,5.237565994262695,9.395472526550293
23.750833333333336,86.42111111111112,202.0,2.8802506923675537,298.8211669921875,0.0011382749071344733,1.6996731758117676,10.757237434387207
23.750833333333336,86.4213888888889,202.0,4.827740669250488,51.52283477783203,0.005691374186426401,2.282515287399292,10.131224632263184
23.750833333333336,86.42166666666668,206.0,8.649896621704102,54.22547149658203,-0.0022765498142689466,3.5935471057891846,9.460253715515137
23.750833333333336,86.42194444444445,210.0,7.66541051864624,29.423921585083008,-0.007967923767864704,3.55208158493042,9.530404090881348
23.750833333333336,86.42222222222223,210.0,7.635156631469727,354.3387145996094,-0.004553099628537893,3.359159231185913,9.492772102355957
23.750833333333336,86.42250000000001,209.0,6.93267822265625,355.8421325683594,-0.0011382749071344733,3.126943826675415,9.540204048156738
23.750833333333336,86.42277777777778,209.0,4.731696605682373,21.887372970581055,-2.7755575615628914e-17,2.4241583347320557,9.8609619140625
23.750833333333336,86.42305555555556,210.0,3.3303771018981934,65.36711883544922,0.0022765498142689466,1.7497795820236206,10.14730453491211
23.750833333333336,86.42333333333335,212.0,1.7824501991271973,97.46372985839844,-0.003414824604988098,0.8164966106414795,10.730875015258789
23.750833333333336,86.42361111111111,212.0,0.46321484446525574,180.0,0.0,0.4157397150993347,12.087651252746582
23.750833333333336,86.4238888888889,212.0,2.0541701316833496,217.91455078125,-0.0022765498142689466,1.3425606489181519,10.665635108947754
23.750833333333336,86.42416666666668,211.0,5.140386581420898,216.01568603515625,-0.0022765498142689466,2.403700828552246,9.85238265991211
23.750833333333336,86.42444444444445,209.0,6.796605110168457,221.73867797851562,-0.0011382749071344733,2.9101779460906982,9.681961059570312
23.75055555555556,86.41583333333334,208.0,6.462792873382568,315.5379333496094,-2.7755575615628914e-17,2.905932664871216,9.54869556427002
23.75055555555556,86.41611111111112,206.0,6.810611724853516,336.046630859375,0.0011382749071344733,2.8588178157806396,9.53188705444336
23.75055555555556,86.4163888888889,205.0,5.776169300079346,357.5024719238281,0.0022765498142689466,2.671292304992676,9.754328727722168
23.75055555555556,86.41666666666667,206.0,7.158829689025879,47.4773063659668,0.0022765498142689466,3.2317864894866943,9.608063697814941
23.75055555555556,86.41694444444445,210.0,10.219285011291504,64.78318786621094,0.0022765498142689466,4.268749713897705,9.320448875427246
23.75055555555556,86.41722222222224,215.0,9.902605056762695,65.36711883544922,-2.7755575615628914e-17,4.049081802368164,9.418248176574707
23.75055555555556,86.4175,220.0,9.986989974975586,61.17882537841797,-0.004553099628537893,4.21051025390625,9.456377983093262
23.75055555555556,86.41777777777779,224.0,11.683830261230469,54.09565734863281,1.1102230246251565e-16,5.159193992614746,9.314506530761719
23.75055555555556,86.41805555555557,229.0,11.14748477935791,38.78128433227539,-0.004553099628537893,4.760952472686768,9.347517967224121
23.75055555555556,86.41833333333334,231.0,8.506224632263184,18.917102813720703,-0.003414824604988098,3.858612298965454,9.57380485534668
23.75055555555556,86.41861111111112,231.0,5.364965438842773,8.094966888427734,0.0022765498142689466,2.6666667461395264,9.965853691101074
23.75055555555556,86.4188888888889,231.0,2.765655279159546,33.19530487060547,0.004553099628537893,1.6629588603973389,10.559516906738281
23.75055555555556,86.41916666666667,233.0,1.584174633026123,73.00230407714844,-0.0022765498142689466,0.8314794301986694,11.090126991271973
23.75055555555556,86.41944444444445,233.0,0.5051064491271973,270.0,-0.0011382749071344733,0.31426969170570374,12.286284446716309
23.75055555555556,86.41972222222223,232.0,1.0101343393325806,270.0,0.004553099628537893,0.8314794301986694,11.71760082244873
23.75055555555556,86.42000000000002,233.0,6.538027763366699,270.0,-0.012521023862063885,3.197221040725708,9.9859619140625
23.75055555555556,86.42027777777778,227.0,18.305368423461914,272.1007995605469,-0.012521023862063885,7.861454486846924,9.020465850830078
23.75055555555556,86.42055555555557,214.0,21.26845932006836,274.76568603515625,0.0011382749071344733,9.097551345825195,8.872308731079102
23.75055555555556,86.42083333333335,205.0,12.354647636413574,279.5611267089844,0.0011382749071344733,5.279824256896973,9.381302833557129
23.75055555555556,86.42111111111112,201.0,3.883143663406372,302.41094970703125,0.004553099628537893,1.7497795820236206,10.437726020812988
23.75055555555556,86.4213888888889,201.0,3.835294246673584,15.248879432678223,0.0,2.1487865447998047,10.336381912231445
23.75055555555556,86.42166666666668,202.0,8.156272888183594,25.504314422607422,0.0022765498142689466,3.9377877712249756,9.501747131347656
23.75055555555556,86.42194444444445,205.0,10.546784400939941,12.302896499633789,-0.007967923767864704,4.573136806488037,9.202274322509766
23.75055555555556,86.42222222222223,204.0,9.863919258117676,1.4526578187942505,0.0022765498142689466,4.4721360206604,9.241521835327148
23.75055555555556,86.42250000000001,204.0,7.35251522064209,19.97521209716797,0.004553099628537893,3.5276684761047363,9.49567699432373
23.75055555555556,86.42277777777778,206.0,6.406434535980225,59.73286056518555,0.005691374186426401,3.010270595550537,9.569915771484375
23.75055555555556,86.42305555555556,210.0,5.121767520904541,79.60678100585938,-0.0022765498142689466,2.1140329837799072,9.722272872924805
23.75055555555556,86.42333333333335,212.0,1.7755566835403442,58.55949401855469,-0.003414824604988098,0.9428090453147888,10.730822563171387
23.75055555555556,86.42361111111111,212.0,1.3894023895263672,0.0,-0.0022765498142689466,0.6849349141120911,10.975305557250977
23.75055555555556,86.4238888888889,212.0,1.0550845861434937,28.600126266479492,0.0,0.8314794301986694,11.317376136779785
23.75055555555556,86.42416666666668,213.0,1.2836486101150513,280.3932189941406,-0.006829649209976196,1.2862040996551514,11.239458084106445
23.75055555555556,86.42444444444445,212.0,5.5580902099609375,274.76568603515625,-0.011382748372852802,2.4944381713867188,9.903645515441895
23.750277777777782,86.41555555555557,209.0,6.821223735809326,312.522705078125,-0.003414824604988098,2.8674416542053223,9.50400161743164
23.750277777777782,86.41583333333334,205.0,7.584200382232666,307.3876647949219,0.0022765498142689466,3.126943826675415,9.386750221252441
23.750277777777782,86.41611111111112,202.0,5.189964771270752,327.7354431152344,0.006829649209976196,2.309401035308838,9.786919593811035
23.750277777777782,86.4163888888889,202.0,3.835294246673584,15.248879432678223,0.003414824604988098,1.8724777698516846,10.137260437011719
23.750277777777782,86.41666666666667,203.0,6.514632701873779,62.600563049316406,0.007967923767864704,2.8284270763397217,9.674070358276367
23.750277777777782,86.41694444444445,208.0,9.723384857177734,72.1405258178711,0.0011382749071344733,3.9471821784973145,9.348088264465332
23.750277777777782,86.41722222222224,213.0,8.810519218444824,58.55949401855469,-0.0022765498142689466,3.887301206588745,9.52487850189209
23.750277777777782,86.4175,216.0,9.80523681640625,41.540409088134766,-2.7755575615628914e-17,4.216370105743408,9.477720260620117
23.750277777777782,86.41777777777779,220.0,11.798587799072266,39.27735900878906,-0.003414824604988098,5.166368007659912,9.326443672180176
23.750277777777782,86.41805555555557,223.0,11.629762649536133,32.37377166748047,0.0011382749071344733,5.094174861907959,9.350069999694824
23.750277777777782,86.41833333333334,226.0,10.296133041381836,32.26454544067383,-0.0011382749071344733,4.433319568634033,9.453417778015137
23.750277777777782,86.41861111111112,229.0,7.158829689025879,47.4773063659668,-0.0022765498142689466,3.5935471057891846,9.778914451599121
23.750277777777782,86.4188888888889,231.0,4.265336513519287,71.02203369140625,-5.551115123125783e-17,2.042752981185913,10.255982398986816
23.750277777777782,86.41916666666667,233.0,2.0719950199127197,77.08723449707031,-0.003414824604988098,0.916245698928833,10.96818733215332
23.750277777777782,86.41944444444445,233.0,0.34267765283584595,312.522705078125,0.0,0.4714045226573944,12.816685676574707
23.750277777777782,86.41972222222223,233.0,3.5477097034454346,301.44049072265625,-0.004553099628537893,2.4494898319244385,10.577677726745605
23.750277777777782,86.42000000000002,231.0,10.776633262634277,303.5173645019531,-0.009106199257075787,5.05525016784668,9.560365676879883
23.750277777777782,86.42027777777778,225.0,20.756399154663086,293.24395751953125,-0.015935847535729408,9.02397346496582,8.929587364196777
23.750277777777782,86.42055555555557,211.0,21.688655853271484,289.5975036621094,0.0022765498142689466,9.222891807556152,8.863517761230469
23.750277777777782,86.42083333333335,202.0,11.291871070861816,295.16009521484375,0.009106199257075787,4.954110622406006,9.460966110229492
23.750277777777782,86.42111111111112,200.0,3.7640745639801025,312.522705078125,0.0011382749071344733,1.8257418870925903,10.43964672088623
23.750277777777782,86.4213888888889,199.0,2.8411924839019775,333.63446044921875,0.0022765498142689466,1.498970866203308,10.603182792663574
23.750277777777782,86.42166666666668,198.0,4.649475574493408,353.7768249511719,0.003414824604988098,2.586766004562378,10.04093074798584
23.750277777777782,86.42194444444445,197.0,6.031810283660889,16.978662490844727,0.012521023862063885,2.922877073287964,9.753055572509766
23.750277777777782,86.42222222222223,199.0,5.126501560211182,47.4773063659668,0.006829649209976196,3.0912060737609863,9.898820877075195
23.750277777777782,86.42250000000001,201.0,5.7936625480651855,87.71670532226562,0.011382748372852802,2.7125678062438965,9.740035057067871
23.750277777777782,86.42277777777778,206.0,7.051016807556152,93.74776458740234,5.551115123125783e-17,2.793290138244629,9.48300552368164
23.750277777777782,86.42305555555556,210.0,4.837155342102051,81.76089477539062,-0.004553099628537893,2.054804563522339,9.79328727722168
23.750277777777782,86.42333333333335,211.0,1.789013385772705,25.048185348510742,-0.0022765498142689466,0.9558139443397522,10.737893104553223
23.750277777777782,86.42361111111111,210.0,1.6403926610946655,8.854219436645508,0.004553099628537893,0.8164966106414795,10.82268238067627
23.750277777777782,86.4238888888889,211.0,1.789013385772705,25.048185348510742,0.0,0.9938079714775085,10.803080558776855
23.750277777777782,86.42416666666668,211.0,3.432037830352783,323.98431396484375,-0.0011382749071344733,1.6996731758117676,10.27507209777832
23.750000000000004,86.41555555555557,206.0,6.50866174697876,324.5811767578125,-0.0022765498142689466,2.9101779460906982,9.54198932647705
23.750000000000004,86.41583333333334,203.0,5.646697521209717,302.1067199707031,0.0022765498142689466,2.499382734298706,9.652771949768066
23.750000000000004,86.41611111111112,201.0,2.112485885620117,303.2265319824219,0.003414824604988098,1.196703314781189,10.638459205627441
23.750000000000004,86.4163888888889,201.0,2.283597707748413,95.81810760498047,0.004553099628537893,1.2272623777389526,10.597211837768555
23.750000000000004,86.41666666666667,203.0,5.5580902099609375,94.76567840576172,0.004553099628537893,2.330686330795288,9.772542953491211
23.750000000000004,86.41694444444445,207.0,7.094127655029297,73.00230407714844,5.551115123125783e-17,3.1778554916381836,9.610503196716309
23.750000000000004,86.41722222222224,211.0,7.272238731384277,31.20750617980957,-0.007967923767864704,3.5206620693206787,9.671159744262695
23.750000000000004,86.4175,211.0,10.371781349182129,18.245746612548828,0.0022765498142689466,4.760952472686768,9.386998176574707
23.750000000000004,86.41777777777779,214.0,13.545952796936035,27.219432830810547,-0.0011382749071344733,5.908771514892578,9.171623229980469
23.750000000000004,86.41805555555557,218.0,14.129777908325195,23.749616622924805,-0.006829649209976196,6.342099189758301,9.16480827331543
23.750000000000004,86.41833333333334,220.0,14.690581321716309,30.29197120666504,0.0011382749071344733,6.471208572387695,9.137042045593262
23.750000000000004,86.41861111111112,226.0,14.382118225097656,44.81355667114258,-0.007967923767864704,6.377042293548584,9.152785301208496
23.750000000000004,86.4188888888889,231.0,9.506871223449707,47.4773063659668,-0.011382748372852802,4.653420448303223,9.567914009094238
23.750000000000004,86.41916666666667,232.0,5.04067325592041,23.56569480895996,-0.0022765498142689466,2.7125678062438965,10.216285705566406
23.750000000000004,86.41944444444445,233.0,6.18551778793335,345.8753356933594,-0.009106199257075787,3.3370349407196045,10.052815437316895
23.750000000000004,86.41972222222223,232.0,11.82185173034668,322.3574523925781,-0.015935847535729408,5.56665563583374,9.46483039855957
23.750000000000004,86.42000000000002,225.0,18.782575607299805,314.53082275390625,-0.004553099628537893,8.345916748046875,9.043434143066406
23.750000000000004,86.42027777777778,217.0,24.090343475341797,307.93646240234375,-0.007967923767864704,10.635371208190918,8.788375854492188
23.750000000000004,86.42055555555557,205.0,20.587278366088867,307.06103515625,0.004553099628537893,9.309493064880371,8.912956237792969
23.750000000000004,86.42083333333335,200.0,9.511734962463379,322.7650146484375,0.0011382749071344733,4.786813259124756,9.607455253601074
23.750000000000004,86.42111111111112,199.0,4.0031232833862305,349.107666015625,-0.0011382749071344733,2.0608041286468506,10.340206146240234
23.750000000000004,86.4213888888889,199.0,2.4357128143310547,328.79248046875,-0.004553099628537893,1.2472190856933594,10.722514152526855
23.750000000000004,86.42166666666668,197.0,0.5051064491271973,270.0,0.003414824604988098,1.3333333730697632,12.237313270568848
23.750000000000004,86.42194444444445,197.0,4.488232612609863,128.16917419433594,0.007967923767864704,2.282515287399292,10.03464126586914
23.750000000000004,86.42222222222223,200.0,7.983924388885498,125.20032501220703,0.005691374186426401,3.2923405170440674,9.444656372070312
23.750000000000004,86.42250000000001,205.0,7.650447845458984,124.87517547607422,-0.005691374186426401,3.1426968574523926,9.46029281616211
23.750000000000004,86.42277777777778,207.0,4.897218704223633,112.17493438720703,8.326672684688674e-17,2.4845199584960938,9.86075496673584
23.750000000000004,86.42305555555556,209.0,3.165930986404419,73.00230407714844,-0.0011382749071344733,1.4907119274139404,10.240704536437988
23.750000000000004,86.42333333333335,210.0,1.7755566835403442,58.55949401855469,-0.0011382749071344733,1.0999438762664795,10.778366088867188
23.750000000000004,86.42361111111111,210.0,1.7755566835403442,121.44050598144531,0.003414824604988098,1.1331154108047485,10.783007621765137
23.750000000000004,86.4238888888889,211.0,1.6403926610946655,171.14578247070312,2.7755575615628914e-17,0.9938079714775085,10.931694030761719
23.750000000000004,86.42416666666668,210.0,3.845804214477539,259.6067810058594,0.0011382749071344733,1.8121674060821533,10.203680038452148
23.749722222222225,86.41527777777779,203.0,4.5685319900512695,16.01126480102539,0.0022765498142689466,2.108185052871704,9.921157836914062
23.749722222222225,86.41555555555557,203.0,3.574545383453369,334.9518127441406,0.0011382749071344733,1.7638342380523682,10.102630615234375
23.749722222222225,86.41583333333334,202.0,2.5493571758270264,296.9978332519531,0.0011382749071344733,1.4229165315628052,10.392698287963867
23.749722222222225,86.41611111111112,201.0,0.739273190498352,199.97520446777344,0.003414824604988098,0.7370277047157288,11.618168830871582
23.749722222222225,86.4163888888889,202.0,3.3303771018981934,114.63288116455078,0.0022765498142689466,1.3425606489181519,10.14080810546875
23.749722222222225,86.41666666666667,205.0,3.7899327278137207,93.4985580444336,-0.005691374186426401,1.7916128635406494,10.074446678161621
23.749722222222225,86.41694444444445,206.0,3.8149051666259766,31.927413940429688,-0.0022765498142689466,2.4944381713867188,10.150337219238281
23.749722222222225,86.41722222222224,206.0,7.147124767303467,357.98541259765625,2.7755575615628914e-17,3.281071901321411,9.606700897216797
23.749722222222225,86.4175,205.0,9.439936637878418,4.561872959136963,0.004553099628537893,4.348974704742432,9.409049034118652
23.749722222222225,86.41777777777779,206.0,11.957342147827148,20.722448348999023,0.006829649209976196,5.456902027130127,9.242718696594238
23.749722222222225,86.41805555555557,209.0,13.77526569366455,19.97521209716797,0.0022765498142689466,6.106058597564697,9.15867805480957
23.749722222222225,86.41833333333334,211.0,15.744078636169434,28.993404388427734,0.007967923767864704,7.083278656005859,9.064997673034668
23.749722222222225,86.41861111111112,217.0,18.46576690673828,40.301971435546875,0.004553099628537893,8.010795593261719,8.926056861877441
23.749722222222225,86.4188888888889,225.0,16.82635498046875,32.63622283935547,-0.009106199257075787,7.42534875869751,9.046916961669922
23.749722222222225,86.41916666666667,229.0,14.203156471252441,8.009058952331543,-0.01707412302494049,6.640690326690674,9.250113487243652
23.749722222222225,86.41944444444445,227.0,15.427536964416504,345.1925964355469,-0.006829649209976196,7.13018274307251,9.201091766357422
23.749722222222225,86.41972222222223,223.0,18.202362060546875,329.3764343261719,-0.004553099628537893,7.930251598358154,9.069815635681152
23.749722222222225,86.42000000000002,216.0,21.484474182128906,315.1257629394531,-0.0011382749071344733,9.616086959838867,8.91771125793457
23.749722222222225,86.42027777777778,206.0,23.230772018432617,307.74493408203125,0.004553099628537893,10.130019187927246,8.814850807189941
23.749722222222225,86.42055555555557,196.0,16.28114128112793,316.03167724609375,0.015935847535729408,7.5979204177856445,9.124714851379395
23.749722222222225,86.42083333333335,195.0,7.88912296295166,352.6896057128906,0.004553099628537893,3.9471821784973145,9.745834350585938
23.749722222222225,86.42111111111112,196.0,5.4581451416015625,13.33594036102295,0.0011382749071344733,2.5724081993103027,9.981029510498047
23.749722222222225,86.4213888888889,197.0,3.551293134689331,12.302896499633789,-0.0022765498142689466,1.6996731758117676,10.311999320983887
23.749722222222225,86.42166666666668,197.0,3.7899327278137207,93.4985580444336,0.004553099628537893,2.4944381713867188,10.203782081604004
23.749722222222225,86.42194444444445,201.0,8.062148094177246,122.8357162475586,-0.003414824604988098,3.4960293769836426,9.438044548034668
23.749722222222225,86.42222222222223,204.0,7.868791103363037,130.05169677734375,-0.0011382749071344733,3.3370349407196045,9.45974349975586
23.749722222222225,86.42250000000001,207.0,4.219244003295898,123.22651672363281,-0.004553099628537893,2.309401035308838,10.067673683166504
23.749722222222225,86.42277777777778,208.0,1.7824501991271973,82.53627014160156,-0.004553099628537893,1.1331154108047485,10.893481254577637
23.749722222222225,86.42305555555556,208.0,2.3755056858062744,73.00230407714844,0.0022765498142689466,1.2472190856933594,10.563545227050781
23.749722222222225,86.42333333333335,209.0,3.2878224849700928,94.0351333618164,0.004553099628537893,1.3966450691223145,10.211328506469727
23.749722222222225,86.42361111111111,212.0,3.3303771018981934,114.63288116455078,-0.004553099628537893,1.3698698282241821,10.212509155273438
23.749722222222225,86.4238888888889,213.0,1.6403926610946655,188.85421752929688,-0.004553099628537893,1.0657403469085693,10.99316120147705
23.749722222222225,86.42416666666668,212.0,5.121767520904541,259.6067810058594,-0.006829649209976196,2.249828577041626,9.9741792678833
23.74944444444445,86.41527777777779,202.0,3.0706160068511963,41.099910736083984,-0.0022765498142689466,1.4907119274139404,10.265501022338867
23.74944444444445,86.41555555555557,202.0,1.3894023895263672,0.0,-2.7755575615628914e-17,0.6666666865348816,10.988748550415039
23.74944444444445,86.41583333333334,202.0,0.0,90.0,0.0,0.6666666865348816,13.565729141235352
23.74944444444445,86.41611111111112,202.0,1.3836336135864258,146.8046875,0.0011382749071344733,0.6285393834114075,10.919875144958496
23.74944444444445,86.4163888888889,203.0,2.3755056858062744,106.99769592285156,-0.0011382749071344733,1.154700517654419,10.40169906616211
23.74944444444445,86.41666666666667,204.0,1.7755566835403442,58.55949401855469,0.0,1.1331154108047485,10.747437477111816
23.74944444444445,86.41694444444445,204.0,3.162396192550659,331.3998718261719,-0.0011382749071344733,1.5947444438934326,10.241250038146973
23.74944444444445,86.41722222222224,202.0,4.862653732299805,328.79248046875,0.004553099628537893,2.1314806938171387,9.88800048828125
23.74944444444445,86.4175,201.0,4.858734607696533,357.0275573730469,0.005691374186426401,2.3147406578063965,9.96938705444336
23.74944444444445,86.41777777777779,202.0,6.19621467590332,21.432926177978516,0.0022765498142689466,2.905932664871216,9.805888175964355
23.74944444444445,86.41805555555557,203.0,7.748694896697998,26.970293045043945,0.005691374186426401,3.4676637649536133,9.659096717834473
23.74944444444445,86.41833333333334,205.0,10.49437427520752,38.22187423706055,0.007967923767864704,4.771313667297363,9.422773361206055
23.74944444444445,86.41861111111112,210.0,14.708695411682129,39.64973831176758,0.0022765498142689466,6.674069881439209,9.135173797607422
23.74944444444445,86.4188888888889,215.0,17.260465621948242,22.522552490234375,-0.0011382749071344733,7.973722457885742,9.015685081481934
23.74944444444445,86.41916666666667,217.0,19.388874053955078,2.153388023376465,-0.0011382749071344733,8.806563377380371,8.931253433227539
23.74944444444445,86.41944444444445,217.0,19.689767837524414,349.352294921875,-0.007967923767864704,8.906926155090332,8.948904037475586
23.74944444444445,86.41972222222223,213.0,17.543888092041016,337.0201110839844,0.0022765498142689466,8.041558265686035,9.09744930267334
23.74944444444445,86.42000000000002,209.0,17.588043212890625,312.522705078125,-0.005691374186426401,7.852026462554932,9.09565258026123
23.74944444444445,86.42027777777778,199.0,18.01946258544922,296.57489013671875,0.009106199257075787,7.77460241317749,9.029257774353027
23.74944444444445,86.42055555555557,192.0,9.384931564331055,304.2313537597656,0.011382748372852802,4.597369194030762,9.616864204406738
23.74944444444445,86.42083333333335,192.0,3.9971587657928467,22.24040985107422,0.004553099628537893,1.8856180906295776,10.354175567626953
23.74944444444445,86.42111111111112,194.0,3.7671732902526855,37.04991149902344,-0.0011382749071344733,1.7638342380523682,10.294219970703125
23.74944444444445,86.4213888888889,194.0,3.4227399826049805,47.4773063659668,0.006829649209976196,1.4907119274139404,10.315387725830078
23.74944444444445,86.42166666666668,197.0,7.374231338500977,81.01512908935547,0.0022765498142689466,3.010270595550537,9.521841049194336
23.74944444444445,86.42194444444445,203.0,9.01696491241455,90.0,-0.006829649209976196,3.675074577331543,9.324104309082031
23.74944444444445,86.42222222222223,207.0,3.845804214477539,79.60678100585938,-0.010244473814964294,2.3778815269470215,10.187003135681152
23.74944444444445,86.42250000000001,207.0,3.4790728092193604,355.8421325683594,-0.006829649209976196,2.108185052871704,10.275753021240234
23.74944444444445,86.42277777777778,206.0,4.731696605682373,21.887372970581055,0.0011382749071344733,2.2607767581939697,9.94190788269043
23.74944444444445,86.42305555555556,208.0,4.64743709564209,60.18027877807617,-0.0022765498142689466,2.2607767581939697,9.932217597961426
23.74944444444445,86.42333333333335,210.0,3.9551517963409424,73.00230407714844,-0.0022765498142689466,1.8121674060821533,10.081141471862793
23.74944444444445,86.42361111111111,212.0,3.41029953956604,41.73867416381836,-0.004553099628537893,1.832491397857666,10.252727508544922
23.74944444444445,86.4238888888889,213.0,4.281691074371338,346.3786315917969,-0.009106199257075787,2.096440315246582,10.098020553588867
23.74916666666667,86.41527777777779,201.0,2.3755056858062744,73.00230407714844,-0.0022765498142689466,1.154700517654419,10.462014198303223
23.74916666666667,86.41555555555557,201.0,1.0279349088668823,47.4773063659668,0.0022765498142689466,0.4969039857387543,11.235305786132812
23.74916666666667,86.41583333333334,202.0,1.515005350112915,90.0,2.7755575615628914e-17,0.6666666865348816,10.797783851623535
23.74916666666667,86.41611111111112,203.0,1.4410357475280762,118.82117462158203,-0.0022765498142689466,0.6666666865348816,10.830178260803223
23.74916666666667,86.4163888888889,203.0,1.1112383604049683,114.63288116455078,0.0022765498142689466,0.6285393834114075,11.105636596679688
23.74916666666667,86.41666666666667,204.0,1.0550845861434937,331.3998718261719,-0.003414824604988098,0.916245698928833,11.196494102478027
23.74916666666667,86.41694444444445,203.0,3.808784008026123,307.3876647949219,-0.0022765498142689466,1.632993221282959,9.962475776672363
23.74916666666667,86.41722222222224,201.0,3.7640745639801025,312.522705078125,-5.551115123125783e-17,1.5947444438934326,10.03131103515625
23.74916666666667,86.4175,200.0,2.0988173484802246,353.0917053222656,0.0011382749071344733,1.0657403469085693,10.680150032043457
23.74916666666667,86.41777777777779,200.0,2.4357128143310547,31.20750617980957,0.003414824604988098,1.154700517654419,10.604728698730469
23.74916666666667,86.41805555555557,201.0,3.7640745639801025,47.4773063659668,0.0022765498142689466,1.6178021430969238,10.251733779907227
23.74916666666667,86.41833333333334,203.0,5.844771862030029,50.81430435180664,0.0011382749071344733,2.7532248497009277,9.896305084228516
23.74916666666667,86.41861111111112,205.0,8.246006965637207,33.19530487060547,0.003414824604988098,4.076430320739746,9.629913330078125
23.74916666666667,86.4188888888889,207.0,11.713576316833496,6.102085590362549,5.551115123125783e-17,5.606433868408203,9.339719772338867
23.74916666666667,86.41916666666667,206.0,15.489965438842773,352.6896057128906,0.003414824604988098,7.020252704620361,9.100190162658691
23.74916666666667,86.41944444444445,204.0,15.865220069885254,354.6602783203125,0.011382748372852802,7.119786262512207,9.107719421386719
23.74916666666667,86.41972222222223,205.0,12.904030799865723,351.1457824707031,-0.0011382749071344733,6.12825870513916,9.33633804321289
23.74916666666667,86.42000000000002,203.0,11.799447059631348,314.1571960449219,-0.0011382749071344733,5.533288478851318,9.414847373962402
23.74916666666667,86.42027777777778,197.0,13.363811492919922,288.86273193359375,2.7755575615628914e-17,5.830951690673828,9.235259056091309
23.74916666666667,86.42055555555557,191.0,6.776853084564209,291.9743957519531,0.006829649209976196,3.1778554916381836,9.838088035583496
23.74916666666667,86.42083333333335,191.0,3.0980255603790283,34.757442474365234,0.0011382749071344733,1.4229165315628052,10.514322280883789
23.74916666666667,86.42111111111112,193.0,3.7640745639801025,47.4773063659668,-0.0022765498142689466,1.6178021430969238,10.22555923461914
23.74916666666667,86.4213888888889,194.0,3.883143663406372,57.58903503417969,-0.0011382749071344733,1.7638342380523682,10.148252487182617
23.74916666666667,86.42166666666668,196.0,7.70786190032959,70.81974792480469,0.003414824604988098,3.3333332538604736,9.457594871520996
23.74916666666667,86.42194444444445,201.0,9.341259956359863,62.16575241088867,-0.0022765498142689466,3.9094693660736084,9.28010082244873
23.74916666666667,86.42222222222223,205.0,6.630087852478027,13.152094841003418,-0.011382748372852802,3.265986442565918,9.638385772705078
23.74916666666667,86.42250000000001,202.0,8.506224632263184,341.0828857421875,0.004553099628537893,3.774508476257324,9.382331848144531
23.74916666666667,86.42277777777778,202.0,8.801870346069336,19.97521209716797,0.0022765498142689466,3.928370952606201,9.33261775970459
23.74916666666667,86.42305555555556,206.0,9.473037719726562,43.3817253112793,-0.004553099628537893,4.189935207366943,9.24205493927002
23.74916666666667,86.42333333333335,209.0,6.948971748352051,30.419776916503906,-0.007967923767864704,3.2126293182373047,9.555024147033691
23.74916666666667,86.42361111111111,209.0,6.6909260749816895,2.153388023376465,-0.0022765498142689466,3.119037628173828,9.625686645507812
23.74916666666667,86.4238888888889,208.0,7.521421909332275,348.4447021484375,0.0011382749071344733,3.2126293182373047,9.58499813079834
23.748888888888892,86.41583333333334,202.0,1.7824501991271973,82.53627014160156,2.7755575615628914e-17,0.7370277047157288,10.622708320617676
23.748888888888892,86.41611111111112,203.0,1.4410357475280762,61.17882537841797,-0.0011382749071344733,0.6849349141120911,10.819809913635254
23.748888888888892,86.4163888888889,204.0,1.3894023895263672,0.0,-0.005691374186426401,0.916245698928833,10.860417366027832
23.748888888888892,86.41666666666667,203.0,3.41029953956604,318.2613220214844,-0.0022765498142689466,1.5475987195968628,9.978718757629395
23.748888888888892,86.41694444444445,201.0,4.445918083190918,312.522705078125,-5.551115123125783e-17,1.7916128635406494,9.73652172088623
23.748888888888892,86.41722222222224,199.0,2.7311923503875732,319.6980285644531,0.004553099628537893,1.3333333730697632,10.253833770751953
23.748888888888892,86.4175,199.0,1.185113549232483,12.302896499633789,0.0022765498142689466,0.6849349141120911,11.127724647521973
23.748888888888892,86.41777777777779,200.0,1.3836336135864258,33.19530487060547,-0.0022765498142689466,0.6666666865348816,11.02747917175293
23.748888888888892,86.41805555555557,200.0,2.7393646240234375,47.4773063659668,0.0022765498142689466,1.257078766822815,10.417263984680176
23.748888888888892,86.41833333333334,202.0,4.105141639709473,47.4773063659668,-0.0022765498142689466,1.7708196640014648,10.098358154296875
23.748888888888892,86.41861111111112,203.0,4.127801418304443,17.781978607177734,-0.0022765498142689466,2.054804563522339,10.18084716796875
23.748888888888892,86.4188888888889,202.0,6.08259916305542,335.5653076171875,0.0022765498142689466,2.9101779460906982,9.867387771606445
23.748888888888892,86.41916666666667,199.0,8.30709171295166,329.1212463378906,0.009106199257075787,3.7843081951141357,9.60770034790039
23.748888888888892,86.41944444444445,198.0,8.087621688842773,354.6602783203125,0.005691374186426401,3.7712361812591553,9.666521072387695
23.748888888888892,86.41972222222223,199.0,7.700132369995117,9.381563186645508,0.003414824604988098,3.399346351623535,9.72514533996582
23.748888888888892,86.42000000000002,200.0,7.1436944007873535,320.72265625,-0.006829649209976196,3.4676637649536133,9.784821510314941
23.748888888888892,86.42027777777778,195.0,10.491180419921875,287.7951354980469,0.0011382749071344733,4.4081854820251465,9.347393989562988
23.748888888888892,86.42055555555557,190.0,6.461338520050049,290.9122619628906,0.004553099628537893,2.9101779460906982,9.761992454528809
23.748888888888892,86.42083333333335,189.0,2.95463490486145,19.97521209716797,0.004553099628537893,1.448711633682251,10.459478378295898
23.748888888888892,86.42111111111112,191.0,4.429569721221924,43.06578063964844,-0.0011382749071344733,1.8525924682617188,9.98691463470459
23.748888888888892,86.4213888888889,192.0,4.827740669250488,51.52283477783203,0.003414824604988098,2.054804563522339,9.878486633300781
23.748888888888892,86.42166666666668,195.0,6.648736000061035,56.298583984375,-0.0011382749071344733,2.922877073287964,9.5713472366333
23.748888888888892,86.42194444444445,198.0,8.144486427307129,40.301971435546875,-0.0022765498142689466,3.685138702392578,9.392212867736816
23.748888888888892,86.42222222222223,200.0,8.056842803955078,1.784499168395996,-0.004553099628537893,3.5935471057891846,9.41989517211914
23.748888888888892,86.42250000000001,198.0,8.07849407196045,340.0247802734375,5.551115123125783e-17,3.654863119125366,9.419005393981934
23.748888888888892,86.42277777777778,196.0,7.596282005310059,31.927413940429688,0.013659298419952393,3.6817870140075684,9.473553657531738
23.748888888888892,86.42305555555556,201.0,9.541543960571289,49.508819580078125,0.0022765498142689466,4.192880630493164,9.236164093017578
23.748888888888892,86.42333333333335,204.0,7.434278964996338,26.05023765563965,0.0,3.2126293182373047,9.50128173828125
23.748888888888892,86.42361111111111,205.0,6.457665920257568,0.0,-0.0011382749071344733,2.922877073287964,9.689798355102539
23.748888888888892,86.4238888888889,204.0,5.905412673950195,347.6971130371094,0.003414824604988098,2.6666667461395264,9.865876197814941
23.748611111111114,86.4163888888889,202.0,3.1017966270446777,345.8753356933594,-0.0011382749071344733,1.3146843910217285,10.072997093200684
23.748611111111114,86.41666666666667,201.0,3.41029953956604,318.2613220214844,-5.551115123125783e-17,1.5234787464141846,9.969890594482422
23.748611111111114,86.41694444444445,199.0,2.2216413021087646,294.63287353515625,0.005691374186426401,1.2272623777389526,10.39444351196289
23.748611111111114,86.41722222222224,199.0,0.6853308081626892,227.47731018066406,0.0011382749071344733,0.6849349141120911,11.571757316589355
23.748611111111114,86.4175,199.0,0.739273190498352,160.02479553222656,0.0011382749071344733,0.4969039857387543,11.507797241210938
23.748611111111114,86.41777777777779,199.0,0.34267765283584595,132.52268981933594,0.0022765498142689466,0.4969039857387543,12.306882858276367
23.748611111111114,86.41805555555557,199.0,1.2836486101150513,79.60678100585938,0.003414824604988098,0.8748897910118103,11.03891658782959
23.748611111111114,86.41833333333334,200.0,2.2216413021087646,65.36711883544922,0.003414824604988098,1.1331154108047485,10.562710762023926
23.748611111111114,86.41861111111112,201.0,1.4783002138137817,19.97521209716797,0.0011382749071344733,0.8164966106414795,11.051545143127441
23.748611111111114,86.4188888888889,201.0,4.113659858703613,293.1690673828125,-0.0022765498142689466,2.042752981185913,10.100454330444336
23.748611111111114,86.41916666666667,198.0,5.9977192878723145,292.62860107421875,-0.0011382749071344733,2.4944381713867188,9.775214195251465
23.748611111111114,86.41944444444445,195.0,3.2615230083465576,337.2467956542969,0.007967923767864704,1.6178021430969238,10.417261123657227
23.748611111111114,86.41972222222223,196.0,3.8149051666259766,31.927413940429688,0.0022765498142689466,1.7284832000732422,10.270317077636719
23.748611111111114,86.42000000000002,197.0,3.41029953956604,318.2613220214844,-0.0011382749071344733,2.0,10.373977661132812
23.748611111111114,86.42027777777778,194.0,8.354818344116211,277.9105224609375,-0.0011382749071344733,3.5276684761047363,9.439860343933105
23.748611111111114,86.42055555555557,189.0,5.7936625480651855,272.2832946777344,0.006829649209976196,2.51415753364563,9.753629684448242
23.748611111111114,86.42083333333335,188.0,0.46321484446525574,0.0,0.004553099628537893,0.8164966106414795,12.218976974487305
23.748611111111114,86.42111111111112,189.0,2.8802506923675537,61.17882537841797,0.003414824604988098,1.2272623777389526,10.345958709716797
23.748611111111114,86.4213888888889,191.0,4.315837860107422,61.17882537841797,5.551115123125783e-17,1.8257418870925903,9.933564186096191
23.748611111111114,86.42166666666668,193.0,4.786378860473633,47.4773063659668,-5.551115123125783e-17,2.2607767581939697,9.85279369354248
23.748611111111114,86.42194444444445,194.0,5.583623886108398,29.73429298400879,0.0022765498142689466,2.528846025466919,9.728278160095215
23.748611111111114,86.42222222222223,195.0,4.5685319900512695,16.01126480102539,0.0022765498142689466,2.4393887519836426,9.949810028076172
23.748611111111114,86.42250000000001,194.0,1.185113549232483,12.302896499633789,0.010244473814964294,2.0608041286468506,11.306112289428711
23.748611111111114,86.42277777777778,195.0,4.629415988922119,101.51863861083984,0.010244473814964294,2.298684597015381,9.939094543457031
23.748611111111114,86.42305555555556,200.0,5.5580902099609375,85.23432159423828,-0.003414824604988098,2.58198881149292,9.760719299316406
23.748611111111114,86.42333333333335,201.0,3.4227399826049805,47.4773063659668,0.003414824604988098,1.6178021430969238,10.278244972229004
23.748611111111114,86.42361111111111,202.0,2.822591543197632,10.300520896911621,0.0022765498142689466,1.4229165315628052,10.538453102111816
23.74833333333334,86.41722222222224,200.0,2.0988173484802246,173.09170532226562,-2.7755575615628914e-17,0.9938079714775085,10.429265022277832
23.74833333333334,86.4175,200.0,2.558522939682007,174.33871459960938,0.0011382749071344733,1.1331154108047485,10.219745635986328
23.74833333333334,86.41777777777779,200.0,2.558522939682007,185.66128540039062,0.0011382749071344733,1.1331154108047485,10.225930213928223
23.74833333333334,86.41805555555557,200.0,1.919797658920288,164.75111389160156,0.0011382749071344733,0.9428090453147888,10.54171085357666
23.74833333333334,86.41833333333334,201.0,1.7128982543945312,132.52268981933594,-0.0022765498142689466,0.8164965510368347,10.706501007080078
23.74833333333334,86.41861111111112,201.0,0.739273190498352,160.02479553222656,0.0011382749071344733,0.4714045226573944,11.611940383911133
23.74833333333334,86.4188888888889,201.0,4.291714191436768,266.9122009277344,-0.005691374186426401,1.9116278886795044,9.914861679077148
23.74833333333334,86.41916666666667,196.0,5.7936625480651855,267.7167053222656,0.009106199257075787,2.4241583347320557,9.661144256591797
23.74833333333334,86.41944444444445,195.0,1.4410357475280762,241.17881774902344,0.0022765498142689466,1.1331154108047485,11.084371566772461
23.74833333333334,86.41972222222223,195.0,1.898866057395935,111.45610809326172,0.005691374186426401,0.8748897910118103,10.822943687438965
23.74833333333334,86.42000000000002,197.0,1.584174633026123,253.00230407714844,-0.005691374186426401,1.2272623777389526,11.007797241210938
23.74833333333334,86.42027777777778,194.0,7.095602989196777,262.5362548828125,-5.551115123125783e-17,2.935521125793457,9.490524291992188
23.74833333333334,86.42055555555557,190.0,5.528800010681152,253.00230407714844,0.003414824604988098,2.4241583347320557,9.708352088928223
23.74833333333334,86.42083333333335,189.0,1.789013385772705,205.04818725585938,0.0011382749071344733,0.8314794301986694,10.795621871948242
23.74833333333334,86.42111111111112,189.0,1.7755566835403442,121.44050598144531,0.0022765498142689466,0.9428090453147888,10.772672653198242
23.74833333333334,86.4213888888889,190.0,3.027895212173462,90.0,0.003414824604988098,1.3146843910217285,10.23790168762207
23.74833333333334,86.42166666666668,192.0,2.3755056858062744,73.00230407714844,-0.0011382749071344733,1.154700517654419,10.505645751953125
23.74833333333334,86.42194444444445,192.0,2.566009759902954,79.60678100585938,0.005691374186426401,1.3425606489181519,10.458989143371582
23.74833333333334,86.42222222222223,194.0,4.897218704223633,112.17493438720703,0.004553099628537893,2.51415753364563,9.831066131591797
23.74833333333334,86.42250000000001,197.0,6.141522407531738,142.08544921875,2.7755575615628914e-17,2.6434171199798584,9.609990119934082
23.74833333333334,86.42277777777778,199.0,5.189964771270752,147.73545837402344,-0.003414824604988098,2.4545247554779053,9.784355163574219
23.74833333333334,86.42305555555556,200.0,2.8802506923675537,118.82117462158203,-2.7755575615628914e-17,1.8121674060821533,10.39865779876709
23.74833333333334,86.42333333333335,201.0,1.7824501991271973,82.53627014160156,-2.7755575615628914e-17,0.7370277047157288,10.937681198120117
23.74833333333334,86.42361111111111,202.0,1.185113549232483,347.6971130371094,-0.003414824604988098,0.8748897910118103,11.43887710571289
23.74805555555556,86.41777777777779,202.0,1.789013385772705,205.04818725585938,-0.003414824604988098,0.8748897910118103,10.561650276184082
23.74805555555556,86.41805555555557,201.0,1.0550845861434937,208.60012817382812,0.0,0.6666666865348816,11.09585189819336
23.74805555555556,86.41833333333334,201.0,1.1112383604049683,114.63288116455078,0.0011382749071344733,0.5665577054023743,11.071785926818848
23.74805555555556,86.41861111111112,202.0,0.739273190498352,160.02479553222656,-0.003414824604988098,0.4714045226573944,11.52456283569336
23.74805555555556,86.4188888888889,201.0,4.113659858703613,246.83094787597656,-0.0011382749071344733,1.9436506032943726,9.856085777282715
23.74805555555556,86.41916666666667,198.0,5.746016979217529,241.17881774902344,0.0011382749071344733,2.4088315963745117,9.560791969299316
23.74805555555556,86.41944444444445,196.0,3.162396192550659,208.60012817382812,0.004553099628537893,1.5234787464141846,10.188043594360352
23.74805555555556,86.41972222222223,197.0,1.4783002138137817,160.02479553222656,-0.003414824604988098,0.9558139443397522,10.969743728637695
23.74805555555556,86.42000000000002,197.0,1.7824501991271973,262.5362548828125,-0.003414824604988098,1.0999438762664795,10.798552513122559
23.74805555555556,86.42027777777778,195.0,6.056450366973877,265.6298522949219,-0.003414824604988098,2.538591146469116,9.576281547546387
23.74805555555556,86.42055555555557,191.0,5.121767520904541,259.6067810058594,0.0022765498142689466,2.211083173751831,9.729811668395996
23.74805555555556,86.42083333333335,190.0,1.3704655170440674,227.47731018066406,0.0,0.6666666865348816,11.022217750549316
23.74805555555556,86.42111111111112,190.0,1.3704655170440674,132.52268981933594,2.7755575615628914e-17,0.6666666865348816,11.000267028808594
23.74805555555556,86.4213888888889,191.0,2.6881842613220215,110.14424896240234,-0.0011382749071344733,1.196703314781189,10.326812744140625
23.74805555555556,86.42166666666668,192.0,2.2216413021087646,114.63288116455078,0.0011382749071344733,0.9938079714775085,10.53933334350586
23.74805555555556,86.42194444444445,193.0,3.4772493839263916,109.42852783203125,0.0011382749071344733,1.498970866203308,10.117371559143066
23.74805555555556,86.42222222222223,196.0,7.271103858947754,104.68241882324219,0.0,2.973130702972412,9.393451690673828
23.74805555555556,86.42250000000001,201.0,5.217365741729736,113.47997283935547,-0.011382748372852802,2.393406629562378,9.737340927124023
23.74805555555556,86.42277777777778,201.0,0.9263691902160645,180.0,-0.004553099628537893,1.154700517654419,11.486869812011719
23.74805555555556,86.42305555555556,200.0,0.6853308081626892,47.4773063659668,0.0011382749071344733,0.7370277047157288,11.839722633361816
23.74805555555556,86.42333333333335,201.0,1.717559576034546,36.01567840576172,-0.0022765498142689466,0.9428090453147888,11.013916969299316
23.74805555555556,86.42361111111111,201.0,3.7671732902526855,322.9500732421875,-0.003414824604988098,1.9688938856124878,10.344457626342773
23.74777777777778,86.41833333333334,201.0,1.1112383604049683,65.36711883544922,0.0011382749071344733,0.5665577054023743,11.049612998962402
23.74777777777778,86.41861111111112,202.0,0.6853308081626892,47.4773063659668,-0.0022765498142689466,0.4714045226573944,11.558818817138672
23.74777777777778,86.4188888888889,202.0,2.283597707748413,264.181884765625,-0.004553099628537893,1.2272623777389526,10.389130592346191
23.74777777777778,86.41916666666667,200.0,4.113659858703613,246.83094787597656,-0.0022765498142689466,1.7708196640014648,9.831933975219727
23.74777777777778,86.41944444444445,198.0,3.129276990890503,233.73443603515625,0.0,1.3333333730697632,10.133509635925293
23.74777777777778,86.41972222222223,197.0,1.7824501991271973,262.5362548828125,-2.7755575615628914e-17,1.0999438762664795,10.723349571228027
23.74777777777778,86.42000000000002,196.0,2.5493571758270264,296.9978332519531,0.0,1.0999438762664795,10.391676902770996
23.74777777777778,86.42027777777778,195.0,5.121767520904541,280.3932189941406,-0.004553099628537893,2.1829869747161865,9.709793090820312
23.74777777777778,86.42055555555557,191.0,5.333616256713867,277.4637451171875,0.003414824604988098,2.309401035308838,9.668150901794434
23.74777777777778,86.42083333333335,190.0,1.7128982543945312,312.522705078125,-0.0011382749071344733,0.9428090453147888,10.789958953857422
23.74777777777778,86.42111111111112,190.0,1.7755566835403442,58.55949401855469,0.0,0.9428090453147888,10.738088607788086
23.74777777777778,86.4213888888889,191.0,3.027895212173462,90.0,0.0011382749071344733,1.2862040996551514,10.203672409057617
23.74777777777778,86.42166666666668,193.0,2.3755056858062744,106.99769592285156,-0.003414824604988098,1.054092526435852,10.46247673034668
23.74777777777778,86.42194444444445,193.0,3.0629920959472656,98.69002532958984,0.004553099628537893,1.3698698282241821,10.2272367477417
23.74777777777778,86.42222222222223,196.0,6.822000503540039,84.18189239501953,5.551115123125783e-17,2.8284270763397217,9.435994148254395
23.74777777777778,86.42250000000001,200.0,4.436622142791748,65.36711883544922,-0.004553099628537893,2.165954351425171,9.882784843444824
23.74777777777778,86.42277777777778,200.0,2.5252227783203125,336.4342956542969,-0.0022765498142689466,1.0657403469085693,10.485921859741211
23.74777777777778,86.42305555555556,199.0,2.558522939682007,354.3387145996094,0.0022765498142689466,1.3333333730697632,10.558143615722656
23.74777777777778,86.42333333333335,200.0,3.7347676753997803,352.2381286621094,-0.004553099628537893,1.8525924682617188,10.305904388427734
23.747500000000002,86.4188888888889,201.0,1.7128982543945312,312.522705078125,-0.0011382749071344733,0.7856742143630981,10.654947280883789
23.747500000000002,86.41916666666667,200.0,2.283597707748413,275.818115234375,-5.551115123125783e-17,1.0999438762664795,10.389477729797363
23.747500000000002,86.41944444444445,199.0,3.0629920959472656,261.3099670410156,-0.0022765498142689466,1.257078766822815,10.120177268981934
23.747500000000002,86.41972222222223,197.0,3.531358242034912,270.0,0.0,1.4142135381698608,10.00776195526123
23.747500000000002,86.42000000000002,195.0,2.8613502979278564,284.0420227050781,0.0022765498142689466,1.165343165397644,10.25330924987793
23.747500000000002,86.42027777777778,194.0,4.629415988922119,281.5186462402344,-0.0011382749071344733,2.0608041286468506,9.799626350402832
23.747500000000002,86.42055555555557,191.0,6.194447994232178,282.9127502441406,-0.0011382749071344733,2.6010444164276123,9.517864227294922
23.747500000000002,86.42083333333335,188.0,3.0706160068511963,318.90008544921875,0.005691374186426401,1.4740554094314575,10.216324806213379
23.747500000000002,86.42111111111112,189.0,3.4227399826049805,47.4773063659668,0.0,1.4740554094314575,10.097161293029785
23.747500000000002,86.4213888888889,191.0,4.265336513519287,71.02203369140625,-0.0011382749071344733,1.8257418870925903,9.875340461730957
23.747500000000002,86.42166666666668,193.0,3.0629920959472656,81.30997467041016,-0.0022765498142689466,1.3333333730697632,10.216197967529297
23.747500000000002,86.42194444444445,194.0,3.0629920959472656,98.69002532958984,-0.0011382749071344733,1.5234787464141846,10.225850105285645
23.747500000000002,86.42222222222223,195.0,5.293695449829102,92.50048828125,0.006829649209976196,2.298684597015381,9.683659553527832
23.747500000000002,86.42250000000001,199.0,3.0070974826812744,67.37140655517578,-0.005691374186426401,1.5947444438934326,10.269597053527832
23.747500000000002,86.42277777777778,198.0,2.1094541549682617,331.3998718261719,0.003414824604988098,0.9558139443397522,10.683792114257812
23.747500000000002,86.42305555555556,198.0,2.5252227783203125,336.4342956542969,-0.0011382749071344733,1.2862040996551514,10.620229721069336
23.747500000000002,86.42333333333335,197.0,5.47377872467041,323.2737121582031,0.0011382749071344733,2.819683790206909,9.996456146240234
23.747222222222227,86.41972222222223,197.0,3.531358242034912,270.0,0.0,1.4142135381698608,9.986303329467773
23.747222222222227,86.42000000000002,195.0,2.8613502979278564,255.95797729492188,0.0022765498142689466,1.165343165397644,10.237247467041016
23.747222222222227,86.42027777777778,194.0,4.629415988922119,258.4813537597656,-0.0022765498142689466,1.949992060661316,9.793258666992188
23.747222222222227,86.42055555555557,190.0,6.822000503540039,264.181884765625,0.004553099628537893,2.7888667583465576,9.425728797912598
23.747222222222227,86.42083333333335,187.0,3.2878224849700928,274.0351257324219,0.005691374186426401,1.7497795820236206,10.163252830505371
23.747222222222227,86.42111111111112,187.0,2.7393646240234375,47.4773063659668,0.005691374186426401,1.3966450691223145,10.341397285461426
23.747222222222227,86.4213888888889,190.0,5.229490756988525,54.958740234375,-0.003414824604988098,2.1140329837799072,9.690994262695312
23.747222222222227,86.42166666666668,192.0,4.979940414428711,59.315452575683594,-0.0011382749071344733,2.165954351425171,9.742175102233887
23.747222222222227,86.42194444444445,194.0,4.629415988922119,78.48136138916016,0.0,1.987615942955017,9.815057754516602
23.747222222222227,86.42222222222223,197.0,4.291714191436768,86.91218566894531,-0.005691374186426401,1.9116278886795044,9.890254974365234
23.747222222222227,86.42250000000001,198.0,1.7128982543945312,47.4773063659668,-0.0011382749071344733,1.196703314781189,10.830860137939453
23.747222222222227,86.42277777777778,198.0,2.4357128143310547,328.79248046875,-0.003414824604988098,1.154700517654419,10.5527925491333
23.747222222222227,86.42305555555556,197.0,3.432037830352783,323.98431396484375,-0.0011382749071344733,1.5713484287261963,10.347031593322754
23.747222222222227,86.42333333333335,196.0,8.317090034484863,305.49908447265625,-0.007967923767864704,3.9157800674438477,9.623703956604004
23.74694444444445,86.42027777777778,195.0,4.761790752410889,244.1033172607422,-0.0022765498142689466,2.096440315246582,9.750890731811523
23.74694444444445,86.42055555555557,192.0,7.240716934204102,249.51345825195312,-0.0022765498142689466,2.943920373916626,9.362872123718262
23.74694444444445,86.42083333333335,188.0,5.217365741729736,246.52001953125,0.004553099628537893,2.211083173751831,9.707573890686035
23.74694444444445,86.42111111111112,187.0,0.7922387719154358,286.9976806640625,0.0011382749071344733,1.3333333730697632,11.596293449401855
23.74694444444445,86.4213888888889,187.0,4.148559093475342,52.18946838378906,0.005691374186426401,1.8856180906295776,9.936503410339355
23.74694444444445,86.42166666666668,190.0,6.317302227020264,66.31803131103516,0.0011382749071344733,2.629368782043457,9.509223937988281
23.74694444444445,86.42194444444445,193.0,6.008760929107666,74.40530395507812,0.0011382749071344733,2.4845199584960938,9.549712181091309
23.74694444444445,86.42222222222223,196.0,3.9854736328125,62.34391784667969,-0.0022765498142689466,1.6996731758117676,9.953205108642578
23.74694444444445,86.42250000000001,197.0,2.777172803878784,0.0,-0.003414824604988098,1.3146843910217285,10.333441734313965
23.74694444444445,86.42277777777778,196.0,3.892144203186035,333.0296936035156,-2.7755575615628914e-17,1.6629588603973389,10.074427604675293
23.74694444444445,86.42305555555556,195.0,4.475470542907715,325.7245788574219,-0.0011382749071344733,1.9116278886795044,10.080155372619629
23.74666666666667,86.42083333333335,190.0,5.836845874786377,251.55767822265625,-0.0011382749071344733,2.330686330795288,9.587650299072266
23.74666666666667,86.42111111111112,187.0,3.4772493839263916,250.57147216796875,0.003414824604988098,1.5234787464141846,10.11490535736084
23.74666666666667,86.4213888888889,186.0,2.019641160964966,90.0,0.006829649209976196,1.2272623777389526,10.655855178833008
23.74666666666667,86.42166666666668,189.0,6.554133892059326,85.9648666381836,0.0022765498142689466,2.624669313430786,9.464046478271484
23.74666666666667,86.42194444444445,193.0,5.830079078674316,83.17888641357422,-0.0022765498142689466,2.4088315963745117,9.563554763793945
23.74666666666667,86.42222222222223,195.0,2.789794921875,54.50091552734375,-0.0022765498142689466,1.3425606489181519,10.286334037780762
23.74666666666667,86.42250000000001,195.0,2.6561105251312256,343.4378967285156,0.0,1.196703314781189,10.347569465637207
23.74666666666667,86.42277777777778,194.0,2.765655279159546,326.8046875,0.0011382749071344733,1.257078766822815,10.380818367004395
23.74666666666667,86.42305555555556,193.0,1.1112383604049683,294.63287353515625,0.003414824604988098,1.3333333730697632,11.433582305908203
23.74638888888889,86.42166666666668,189.0,5.293695449829102,92.50048828125,0.0022765498142689466,2.266230821609497,9.655038833618164
23.74638888888889,86.42194444444445,193.0,5.224344253540039,74.61746215820312,-0.005691374186426401,2.199887752532959,9.643549919128418
23.74638888888889,86.42222222222223,194.0,2.392256498336792,39.27735900878906,-0.0011382749071344733,1.165343165397644,10.404672622680664
23.74638888888889,86.42250000000001,194.0,1.4783002138137817,340.0247802734375,-0.0011382749071344733,0.7370277047157288,10.891712188720703
23.74638888888889,86.42277777777778,193.0,0.0,90.0,0.004553099628537893,0.7370277047157288,13.646056175231934
23.74638888888889,86.42305555555556,194.0,2.7311923503875732,139.69802856445312,0.0011382749071344733,1.4740554094314575,10.45979118347168
